column number,1,2,3,4,5,6,7,8,9,10,11,12,13,14,15,16,17,18,19,20,21,22,23,24,25,26,27,28,29,30,31,32,33,34,35,36,37,38,39,40,41,42,43,44,45,46,47,48,49,50,51,52,53,54,55,56,57,58,59,60,61,62,63,64,65,66,67,68,69,70,71,72,73,74
units,1,text,text,text,text,1,cSt,m,text,m,1,text,m,1,text,m,1,text,m,1,text,m,m,m,m,m,m,kg,kg,kg,kg,m,kPa,s,text,text,1,Hz,RPM,g,cm/s,g-s,g-s,m/s,m/s/s,s,g-s,m/s,g,g,g,g,1,cm/s,g-s,g-s,m/s,m/s/s,g-s,g-s,m/s,mm,mm,rad,rad,text,url,text,text,text,text,text,1,text
Column Name,Event No ,Event Id,Researcher,Test,Struct,Nscale,Visc  ,Water  ,Mat L1,H L1 ,Dr L1,Mat L2,H L2 ,Dr L2,Mat L3,H L3 ,Dr_L3,Mat_L4,H_L4 ,Dr_L4,Curvedsurf,W ,L ,T ,H ,H_Cm ,H_Cd  ,M_Struct  ,M_Deck ,M_Col  ,M_Foot ,Embed ,Q ,T_Fb ,Modification,Motion,Amp,IF ,RPM,PBA,PBV,CAV5  ,CAVstd ,Ia_s ,SIR ,cCAV5 ,cCAVstd  ,cIa ,PGA_s 1  ,PGA_s 2  ,PGA_s 3  ,PGA_s 4  ,Acc No,PGV_s ,CAV5_s,CAVstd_s  ,Ia_s ,SIR_s  ,cCAV5_s ,cCAVstd_s  ,cIa_s  ,Set  ,cSet  ,Rot  ,cRot ,References,Project url,BMA File,SMA File,SMA Sensor,DOI,Container,ESN,Comments
,1,T6-30-01-A,SHD01,T6-30,A,55,20,1.1,Nevada Sand,18,0.86,Nevada Sand,6,0.4,Monterey Sand,2,0.86,none,none,none,no,6,9,0.7,6,2.1,3.9,334414,183013,N/A,151401,0.7,80,0.21,none,Step Wave,9,4000,76.4,0.15,10.77,0.03,0.02,0.02,0.04,0.03,0.02,0.02,Out of Range or Broken,0.11,0.13,N/A,2,20.67,0.1,0.08,0.09,0.1,0.1,0.08,0.09,2.5,2.5,0.00057,1.00057,SHD01 Data Report.pdf,https://www.designsafe-ci.org/data/browser/public/nees.public/NEES-2006-0224.groups/,T6-30-01-BMA.dat,T6-30-01-SMA.dat,"A18, A29, A34",N/A,"Flexible Shear Beam Container (1651 mm x 787 mm, Inner Dimensions, Model Scale)",1,SHD01 experienced saturation issues with draining before testing
,2,T6-30-01-B,SHD01,T6-30,B,55,20,1.1,Nevada Sand,18,0.86,Nevada Sand,6,0.4,Monterey Sand,2,0.86,none,none,none,no,12,18,0.7,6,2.1,4.1,1321018,715413,N/A,605605,0.7,80,0.26,none,Step Wave,9,4000,76.4,0.15,10.77,0.03,0.02,0.02,0.04,0.03,0.02,0.02,Out of Range or Broken,0.11,0.13,N/A,2,20.67,0.1,0.08,0.09,0.1,0.1,0.08,0.09,2.2,2.2,-0.00045,0.99955,SHD01 Data Report.pdf,https://www.designsafe-ci.org/data/browser/public/nees.public/NEES-2006-0224.groups/,T6-30-01-BMA.dat,T6-30-01-SMA.dat,"A18, A29, A34",N/A,"Flexible Shear Beam Container (1651 mm x 787 mm, Inner Dimensions, Model Scale)",1,SHD01 experienced saturation issues with draining before testing
,3,T6-30-01-C,SHD01,T6-30,C,55,20,1.1,Nevada Sand,18,0.86,Nevada Sand,6,0.4,Monterey Sand,2,0.86,none,none,none,no,6,9,0.7,10.2,4.2,9,550701,399300,N/A,151401,0.7,130,0.33,none,Step Wave,9,4000,76.4,0.15,10.77,0.03,0.02,0.02,0.04,0.03,0.02,0.02,Out of Range or Broken,0.11,0.13,N/A,2,20.67,0.1,0.08,0.09,0.1,0.1,0.08,0.09,0.6,0.6,0.00045,1.00045,SHD01 Data Report.pdf,https://www.designsafe-ci.org/data/browser/public/nees.public/NEES-2006-0224.groups/,T6-30-01-BMA.dat,T6-30-01-SMA.dat,"A18, A29, A34",N/A,"Flexible Shear Beam Container (1651 mm x 787 mm, Inner Dimensions, Model Scale)",1,SHD01 experienced saturation issues with draining before testing
,4,T6-30-01-FF,SHD01,T6-30,FF,55,20,1.1,Nevada Sand,18,0.86,Nevada Sand,6,0.3,Monterey Sand,2,0.86,none,none,none,no,N/A - FF,N/A - FF,N/A - FF,N/A - FF,N/A - FF,N/A - FF,N/A - FF,N/A - FF,N/A - FF,N/A - FF,N/A - FF,N/A - FF,N/A - FF,N/A - FF,Moderate Step Wave,9,4000,76.4,0.15,10.77,0.03,0.02,0.02,0.04,0.03,0.02,0.02,Out of Range or Broken,0.11,0.13,N/A,2,20.67,0.1,0.08,0.09,0.1,0.1,0.08,0.09,-0.7,-0.7,N/A - FF,#VALUE!,SHD01 Data Report.pdf,https://www.designsafe-ci.org/data/browser/public/nees.public/NEES-2006-0224.groups/,T6-30-01-BMA.dat,T6-30-01-SMA.dat,"A18, A29, A34",N/A,"Flexible Shear Beam Container (1651 mm x 787 mm, Inner Dimensions, Model Scale)",1,SHD01 experienced saturation issues with draining before testing
,5,T6-30-02-A,SHD01,T6-30,A,55,20,1.1,Nevada Sand,18,0.86,Nevada Sand,6,0.4,Monterey Sand,2,0.86,none,none,none,no,6,9,0.7,6,2.1,3.9,334414,183013,N/A,151401,0.7,80,0.21,none,Small Port Island,0.35,2750,76.9,0.05,5.73,0.06,0.01,0.02,0,0.09,0.03,0.03,0.09,0.08,0.1,N/A,2,16.31,0.27,0.14,0.15,0.02,0.37,0.21,0.24,2.3,4.8,-0.00042,0.99958,SHD01 Data Report.pdf,https://www.designsafe-ci.org/data/browser/public/nees.public/NEES-2006-0224.groups/,T6-30-02-BMA.dat,T6-30-02-SMA.dat,"A18, A29, A34",N/A,"Flexible Shear Beam Container (1651 mm x 787 mm, Inner Dimensions, Model Scale)",2,SHD01 experienced saturation issues with draining before testing
,6,T6-30-02-B,SHD01,T6-30,B,55,20,1.1,Nevada Sand,18,0.86,Nevada Sand,6,0.4,Monterey Sand,2,0.86,none,none,none,no,12,18,0.7,6,2.1,4.1,1321018,715413,N/A,605605,0.7,80,0.26,none,Small Port Island,0.35,2750,76.9,0.05,5.73,0.06,0.01,0.02,0,0.09,0.03,0.03,0.09,0.08,0.1,N/A,2,16.31,0.27,0.14,0.15,0.02,0.37,0.21,0.24,3,5.3,-0.00071,0.99929,SHD01 Data Report.pdf,https://www.designsafe-ci.org/data/browser/public/nees.public/NEES-2006-0224.groups/,T6-30-02-BMA.dat,T6-30-02-SMA.dat,"A18, A29, A34",N/A,"Flexible Shear Beam Container (1651 mm x 787 mm, Inner Dimensions, Model Scale)",2,SHD01 experienced saturation issues with draining before testing
,7,T6-30-02-C,SHD01,T6-30,C,55,20,1.1,Nevada Sand,18,0.86,Nevada Sand,6,0.4,Monterey Sand,2,0.86,none,none,none,no,6,9,0.7,10.2,4.2,9,550701,399300,N/A,151401,0.7,130,0.33,none,Small Port Island,0.35,2750,76.9,0.05,5.73,0.06,0.01,0.02,0,0.09,0.03,0.03,0.09,0.08,0.1,N/A,2,16.31,0.27,0.14,0.15,0.02,0.37,0.21,0.24,3.8,4.4,0.00019,1.00019,SHD01 Data Report.pdf,https://www.designsafe-ci.org/data/browser/public/nees.public/NEES-2006-0224.groups/,T6-30-02-BMA.dat,T6-30-02-SMA.dat,"A18, A29, A34",N/A,"Flexible Shear Beam Container (1651 mm x 787 mm, Inner Dimensions, Model Scale)",2,SHD01 experienced saturation issues with draining before testing
,8,T6-30-02-FF,SHD01,T6-30,FF,55,20,1.1,Nevada Sand,18,0.86,Nevada Sand,6,0.3,Monterey Sand,2,0.86,none,none,none,no,N/A - FF,N/A - FF,N/A - FF,N/A - FF,N/A - FF,N/A - FF,N/A - FF,N/A - FF,N/A - FF,N/A - FF,N/A - FF,N/A - FF,N/A - FF,N/A - FF,Small Port Island,0.35,2750,76.9,0.05,5.73,0.06,0.01,0.02,0,0.09,0.03,0.03,0.09,0.08,0.1,N/A,2,16.31,0.27,0.14,0.15,0.02,0.37,0.21,0.24,4.4,3.8,N/A - FF,#VALUE!,SHD01 Data Report.pdf,https://www.designsafe-ci.org/data/browser/public/nees.public/NEES-2006-0224.groups/,T6-30-02-BMA.dat,T6-30-02-SMA.dat,"A18, A29, A34",N/A,"Flexible Shear Beam Container (1651 mm x 787 mm, Inner Dimensions, Model Scale)",2,SHD01 experienced saturation issues with draining before testing
,9,T6-30-03-A,SHD01,T6-30,A,55,20,1.1,Nevada Sand,18,0.86,Nevada Sand,6,0.4,Monterey Sand,2,0.86,none,none,none,no,6,9,0.7,6,2.1,3.9,334414,183013,N/A,151401,0.7,80,0.21,none,Moderate Port Island,1.7,2750,75.9,0.19,21.45,0.35,0.27,0.33,0.05,0.44,0.3,0.36,0.26,0.27,0.28,N/A,2,47.96,0.99,0.77,1.41,0.18,1.36,0.98,1.65,80,84.8,0.00388,1.00388,SHD01 Data Report.pdf,https://www.designsafe-ci.org/data/browser/public/nees.public/NEES-2006-0224.groups/,T6-30-03-BMA.dat,T6-30-03-SMA.dat,"A18, A29, A34",N/A,"Flexible Shear Beam Container (1651 mm x 787 mm, Inner Dimensions, Model Scale)",3,SHD01 experienced saturation issues with draining before testing
,10,T6-30-03-B,SHD01,T6-30,B,55,20,1.1,Nevada Sand,18,0.86,Nevada Sand,6,0.4,Monterey Sand,2,0.86,none,none,none,no,12,18,0.7,6,2.1,4.1,1321018,715413,N/A,605605,0.7,80,0.26,none,Moderate Port Island,1.7,2750,75.9,0.19,21.45,0.35,0.27,0.33,0.05,0.44,0.3,0.36,0.26,0.27,0.28,N/A,2,47.96,0.99,0.77,1.41,0.18,1.36,0.98,1.65,95.4,100.6,0.00306,1.00306,SHD01 Data Report.pdf,https://www.designsafe-ci.org/data/browser/public/nees.public/NEES-2006-0224.groups/,T6-30-03-BMA.dat,T6-30-03-SMA.dat,"A18, A29, A34",N/A,"Flexible Shear Beam Container (1651 mm x 787 mm, Inner Dimensions, Model Scale)",3,SHD01 experienced saturation issues with draining before testing
,11,T6-30-03-C,SHD01,T6-30,C,55,20,1.1,Nevada Sand,18,0.86,Nevada Sand,6,0.4,Monterey Sand,2,0.86,none,none,none,no,6,9,0.7,10.2,4.2,9,550701,399300,N/A,151401,0.7,130,0.33,none,Moderate Port Island,1.7,2750,75.9,0.19,21.45,0.35,0.27,0.33,0.05,0.44,0.3,0.36,0.26,0.27,0.28,N/A,2,47.96,0.99,0.77,1.41,0.18,1.36,0.98,1.65,104.6,109,-0.00357,0.99643,SHD01 Data Report.pdf,https://www.designsafe-ci.org/data/browser/public/nees.public/NEES-2006-0224.groups/,T6-30-03-BMA.dat,T6-30-03-SMA.dat,"A18, A29, A34",N/A,"Flexible Shear Beam Container (1651 mm x 787 mm, Inner Dimensions, Model Scale)",3,SHD01 experienced saturation issues with draining before testing
,12,T6-30-03-FF,SHD01,T6-30,FF,55,20,1.1,Nevada Sand,18,0.86,Nevada Sand,6,0.3,Monterey Sand,2,0.86,none,none,none,no,N/A - FF,N/A - FF,N/A - FF,N/A - FF,N/A - FF,N/A - FF,N/A - FF,N/A - FF,N/A - FF,N/A - FF,N/A - FF,N/A - FF,N/A - FF,N/A - FF,Moderate Port Island,1.7,2750,75.9,0.19,21.45,0.35,0.27,0.33,0.05,0.44,0.3,0.36,0.26,0.27,0.28,N/A,2,47.96,0.99,0.77,1.41,0.18,1.36,0.98,1.65,79.4,83.2,N/A - FF,#VALUE!,SHD01 Data Report.pdf,https://www.designsafe-ci.org/data/browser/public/nees.public/NEES-2006-0224.groups/,T6-30-03-BMA.dat,T6-30-03-SMA.dat,"A18, A29, A34",N/A,"Flexible Shear Beam Container (1651 mm x 787 mm, Inner Dimensions, Model Scale)",3,SHD01 experienced saturation issues with draining before testing
,13,T6-30-04-A,SHD01,T6-30,A,55,20,1.1,Nevada Sand,18,0.86,Nevada Sand,6,0.4,Monterey Sand,2,0.86,none,none,none,no,6,9,0.7,6,2.1,3.9,334414,183013,N/A,151401,0.7,80,0.21,none,Large Port Island,5.1,2750,75.9,0.5,52.45,1.37,1.23,3.93,0.57,1.81,1.53,4.29,0.46,0.57,0.55,N/A,2,98.19,1.95,1.58,4.56,0.6,3.31,2.56,6.21,592.9,677.7,0.02091,0.02494,SHD01 Data Report.pdf,https://www.designsafe-ci.org/data/browser/public/nees.public/NEES-2006-0224.groups/,T6-30-04-BMA.dat,T6-30-04-SMA.dat,"A18, A29, A34",N/A,"Flexible Shear Beam Container (1651 mm x 787 mm, Inner Dimensions, Model Scale)",4,SHD01 experienced saturation issues with draining before testing
,14,T6-30-04-B,SHD01,T6-30,B,55,20,1.1,Nevada Sand,18,0.86,Nevada Sand,6,0.4,Monterey Sand,2,0.86,none,none,none,no,12,18,0.7,6,2.1,4.1,1321018,715413,N/A,605605,0.7,80,0.26,none,Large Port Island,5.1,2750,75.9,0.5,52.45,1.37,1.23,3.93,0.57,1.81,1.53,4.29,0.46,0.57,0.55,N/A,2,98.19,1.95,1.58,4.56,0.6,3.31,2.56,6.21,547.7,648.3,0.00865,0.01055,SHD01 Data Report.pdf,https://www.designsafe-ci.org/data/browser/public/nees.public/NEES-2006-0224.groups/,T6-30-04-BMA.dat,T6-30-04-SMA.dat,"A18, A29, A34",N/A,"Flexible Shear Beam Container (1651 mm x 787 mm, Inner Dimensions, Model Scale)",4,SHD01 experienced saturation issues with draining before testing
,15,T6-30-04-C,SHD01,T6-30,C,55,20,1.1,Nevada Sand,18,0.86,Nevada Sand,6,0.4,Monterey Sand,2,0.86,none,none,none,no,6,9,0.7,10.2,4.2,9,550701,399300,N/A,151401,0.7,130,0.33,none,Large Port Island,5.1,2750,75.9,0.5,52.45,1.37,1.23,3.93,0.57,1.81,1.53,4.29,0.46,0.57,0.55,N/A,2,98.19,1.95,1.58,4.56,0.6,3.31,2.56,6.21,667.5,776.4,-0.00177,-0.0047,SHD01 Data Report.pdf,https://www.designsafe-ci.org/data/browser/public/nees.public/NEES-2006-0224.groups/,T6-30-04-BMA.dat,T6-30-04-SMA.dat,"A18, A29, A34",N/A,"Flexible Shear Beam Container (1651 mm x 787 mm, Inner Dimensions, Model Scale)",4,SHD01 experienced saturation issues with draining before testing
,16,T6-30-04-FF,SHD01,T6-30,FF,55,20,1.1,Nevada Sand,18,0.86,Nevada Sand,6,0.3,Monterey Sand,2,0.86,none,none,none,no,N/A - FF,N/A - FF,N/A - FF,N/A - FF,N/A - FF,N/A - FF,N/A - FF,N/A - FF,N/A - FF,N/A - FF,N/A - FF,N/A - FF,N/A - FF,N/A - FF,Large Port Island,5.1,2750,75.9,0.5,52.45,1.37,1.23,3.93,0.57,1.81,1.53,4.29,0.46,0.57,0.55,N/A,2,98.19,1.95,1.58,4.56,0.6,3.31,2.56,6.21,235.1,318.3,N/A - FF,N/A - FF,SHD01 Data Report.pdf,https://www.designsafe-ci.org/data/browser/public/nees.public/NEES-2006-0224.groups/,T6-30-04-BMA.dat,T6-30-04-SMA.dat,"A18, A29, A34",N/A,"Flexible Shear Beam Container (1651 mm x 787 mm, Inner Dimensions, Model Scale)",4,SHD01 experienced saturation issues with draining before testing
,17,T3-30-01-A,SHD02,T3-30,A,55,22,1.1,Nevada Sand,21,0.9,Nevada Sand,3,0.3,Monterey Sand,2,0.9,none,none,none,no,6,9,0.7,6,2.1,3.9,334414,183013,N/A,151401,0.7,80,0.21,none,Step Wave,0.9,4000,75.4,0,0.32,0,0,0,0,0,0,0,0.03,0.02,N/A,N/A,1,1.03,0.02,0,0.01,0,0.02,0,0.01,1.5,1.5,-0.00026,-0.00026,SHD02 Data Report.pdf,https://www.designsafe-ci.org/data/browser/public/nees.public/NEES-2006-0224.groups/,T3-30-01-BMA.dat,T3-30-01-SMA.dat,"A14, A26",N/A,"Flexible Shear Beam Container (1651 mm x 787 mm, Inner Dimensions, Model Scale)",1,
,18,T3-30-01-B,SHD02,T3-30,B,55,22,1.1,Nevada Sand,21,0.9,Nevada Sand,3,0.3,Monterey Sand,2,0.9,none,none,none,no,12,18,0.7,6,2.1,4.1,1321018,715413,N/A,605605,0.7,80,0.26,none,Step Wave,0.9,4000,75.4,0,0.32,0,0,0,0,0,0,0,0.03,0.02,N/A,N/A,1,1.03,0.02,0,0.01,0,0.02,0,0.01,0.8,0.8,0.00004,0.00004,SHD02 Data Report.pdf,https://www.designsafe-ci.org/data/browser/public/nees.public/NEES-2006-0224.groups/,T3-30-01-BMA.dat,T3-30-01-SMA.dat,"A14, A26",N/A,"Flexible Shear Beam Container (1651 mm x 787 mm, Inner Dimensions, Model Scale)",1,
,19,T3-30-01-C,SHD02,T3-30,C,55,22,1.1,Nevada Sand,21,0.9,Nevada Sand,3,0.3,Monterey Sand,2,0.9,none,none,none,no,6,9,0.7,10.2,4.2,9,550701,399300,N/A,151401,0.7,130,0.33,none,Step Wave,0.9,4000,75.4,0,0.32,0,0,0,0,0,0,0,0.03,0.02,N/A,N/A,1,1.03,0.02,0,0.01,0,0.02,0,0.01,-0.1,-0.1,-0.00002,-0.00002,SHD02 Data Report.pdf,https://www.designsafe-ci.org/data/browser/public/nees.public/NEES-2006-0224.groups/,T3-30-01-BMA.dat,T3-30-01-SMA.dat,"A14, A26",N/A,"Flexible Shear Beam Container (1651 mm x 787 mm, Inner Dimensions, Model Scale)",1,
,20,T3-30-01-FF,SHD02,T3-30,FF,55,22,1.1,Nevada Sand,21,0.9,Nevada Sand,3,0.3,Monterey Sand,2,0.9,none,none,none,no,N/A - FF,N/A - FF,N/A - FF,N/A - FF,N/A - FF,N/A - FF,N/A - FF,N/A - FF,N/A - FF,N/A - FF,N/A - FF,N/A - FF,N/A - FF,N/A - FF,Step Wave,0.9,4000,75.4,0,0.32,0,0,0,0,0,0,0,0.03,0.02,N/A,N/A,1,1.03,0.02,0,0.01,0,0.02,0,0.01,0.3,0.3,N/A - FF,N/A - FF,SHD02 Data Report.pdf,https://www.designsafe-ci.org/data/browser/public/nees.public/NEES-2006-0224.groups/,T3-30-01-BMA.dat,T3-30-01-SMA.dat,"A14, A26",N/A,"Flexible Shear Beam Container (1651 mm x 787 mm, Inner Dimensions, Model Scale)",1,
,21,T3-30-02-A,SHD02,T3-30,A,55,22,1.1,Nevada Sand,21,0.9,Nevada Sand,3,0.3,Monterey Sand,2,0.9,none,none,none,no,6,9,0.7,6,2.1,3.9,334414,183013,N/A,151401,0.7,80,0.21,none,Small Port Island,0.5,2750,75.3,0.04,6.61,0.08,0.01,0.02,0,0.08,0.01,0.02,0.07,0.04,N/A,N/A,1,12.43,0.16,0.08,0.07,0.01,0.18,0.08,0.08,2.1,3.5,0.00007,-0.00019,SHD02 Data Report.pdf,https://www.designsafe-ci.org/data/browser/public/nees.public/NEES-2006-0224.groups/,T3-30-02-BMA.dat,T3-30-02-SMA.dat,"A14, A26",N/A,"Flexible Shear Beam Container (1651 mm x 787 mm, Inner Dimensions, Model Scale)",2,
,22,T3-30-02-B,SHD02,T3-30,B,55,22,1.1,Nevada Sand,21,0.9,Nevada Sand,3,0.3,Monterey Sand,2,0.9,none,none,none,no,12,18,0.7,6,2.1,4.1,1321018,715413,N/A,605605,0.7,80,0.26,none,Small Port Island,0.5,2750,75.3,0.04,6.61,0.08,0.01,0.02,0,0.08,0.01,0.02,0.07,0.04,N/A,N/A,1,12.43,0.16,0.08,0.07,0.01,0.18,0.08,0.08,4.8,5.6,0.00005,0.00009,SHD02 Data Report.pdf,https://www.designsafe-ci.org/data/browser/public/nees.public/NEES-2006-0224.groups/,T3-30-02-BMA.dat,T3-30-02-SMA.dat,"A14, A26",N/A,"Flexible Shear Beam Container (1651 mm x 787 mm, Inner Dimensions, Model Scale)",2,
,23,T3-30-02-C,SHD02,T3-30,C,55,22,1.1,Nevada Sand,21,0.9,Nevada Sand,3,0.3,Monterey Sand,2,0.9,none,none,none,no,6,9,0.7,10.2,4.2,9,550701,399300,N/A,151401,0.7,130,0.33,none,Small Port Island,0.5,2750,75.3,0.04,6.61,0.08,0.01,0.02,0,0.08,0.01,0.02,0.07,0.04,N/A,N/A,1,12.43,0.16,0.08,0.07,0.01,0.18,0.08,0.08,-2.7,-2.8,0.00009,0.00007,SHD02 Data Report.pdf,https://www.designsafe-ci.org/data/browser/public/nees.public/NEES-2006-0224.groups/,T3-30-02-BMA.dat,T3-30-02-SMA.dat,"A14, A26",N/A,"Flexible Shear Beam Container (1651 mm x 787 mm, Inner Dimensions, Model Scale)",2,
,24,T3-30-02-FF,SHD02,T3-30,FF,55,22,1.1,Nevada Sand,21,0.9,Nevada Sand,3,0.3,Monterey Sand,2,0.9,none,none,none,no,N/A - FF,N/A - FF,N/A - FF,N/A - FF,N/A - FF,N/A - FF,N/A - FF,N/A - FF,N/A - FF,N/A - FF,N/A - FF,N/A - FF,N/A - FF,N/A - FF,Small Port Island,0.5,2750,75.3,0.04,6.61,0.08,0.01,0.02,0,0.08,0.01,0.02,0.07,0.04,N/A,N/A,1,12.43,0.16,0.08,0.07,0.01,0.18,0.08,0.08,1.5,1.7,N/A - FF,N/A - FF,SHD02 Data Report.pdf,https://www.designsafe-ci.org/data/browser/public/nees.public/NEES-2006-0224.groups/,T3-30-02-BMA.dat,T3-30-02-SMA.dat,"A14, A26",N/A,"Flexible Shear Beam Container (1651 mm x 787 mm, Inner Dimensions, Model Scale)",2,
,25,T3-30-03-A,SHD02,T3-30,A,55,22,1.1,Nevada Sand,21,0.9,Nevada Sand,3,0.3,Monterey Sand,2,0.9,none,none,none,no,6,9,0.7,6,2.1,3.9,334414,183013,N/A,151401,0.7,80,0.21,none,Moderate Port Island,1.7,2750,75,0.15,24.48,0.43,0.34,0.46,0.07,0.5,0.35,0.48,0.11,0.38,N/A,N/A,1,19.79,0.53,0.42,0.49,0.06,0.71,0.51,0.58,283.7,287.2,0.00248,0.00229,SHD02 Data Report.pdf,https://www.designsafe-ci.org/data/browser/public/nees.public/NEES-2006-0224.groups/,T3-30-03-BMA.dat,T3-30-03-SMA.dat,"A14, A26",N/A,"Flexible Shear Beam Container (1651 mm x 787 mm, Inner Dimensions, Model Scale)",3,
,26,T3-30-03-B,SHD02,T3-30,B,55,22,1.1,Nevada Sand,21,0.9,Nevada Sand,3,0.3,Monterey Sand,2,0.9,none,none,none,no,12,18,0.7,6,2.1,4.1,1321018,715413,N/A,605605,0.7,80,0.26,none,Moderate Port Island,1.7,2750,75,0.15,24.48,0.43,0.34,0.46,0.07,0.5,0.35,0.48,0.11,0.38,N/A,N/A,1,19.79,0.53,0.42,0.49,0.06,0.71,0.51,0.58,202,207.6,-0.00154,-0.00145,SHD02 Data Report.pdf,https://www.designsafe-ci.org/data/browser/public/nees.public/NEES-2006-0224.groups/,T3-30-03-BMA.dat,T3-30-03-SMA.dat,"A14, A26",N/A,"Flexible Shear Beam Container (1651 mm x 787 mm, Inner Dimensions, Model Scale)",3,
,27,T3-30-03-C,SHD02,T3-30,C,55,22,1.1,Nevada Sand,21,0.9,Nevada Sand,3,0.3,Monterey Sand,2,0.9,none,none,none,no,6,9,0.7,10.2,4.2,9,550701,399300,N/A,151401,0.7,130,0.33,none,Moderate Port Island,1.7,2750,75,0.15,24.48,0.43,0.34,0.46,0.07,0.5,0.35,0.48,0.11,0.38,N/A,N/A,1,19.79,0.53,0.42,0.49,0.06,0.71,0.51,0.58,169.9,167,0.00829,0.00836,SHD02 Data Report.pdf,https://www.designsafe-ci.org/data/browser/public/nees.public/NEES-2006-0224.groups/,T3-30-03-BMA.dat,T3-30-03-SMA.dat,"A14, A26",N/A,"Flexible Shear Beam Container (1651 mm x 787 mm, Inner Dimensions, Model Scale)",3,
,28,T3-30-03-FF,SHD02,T3-30,FF,55,22,1.1,Nevada Sand,21,0.9,Nevada Sand,3,0.3,Monterey Sand,2,0.9,none,none,none,no,N/A - FF,N/A - FF,N/A - FF,N/A - FF,N/A - FF,N/A - FF,N/A - FF,N/A - FF,N/A - FF,N/A - FF,N/A - FF,N/A - FF,N/A - FF,N/A - FF,Moderate Port Island,1.7,2750,75,0.15,24.48,0.43,0.34,0.46,0.07,0.5,0.35,0.48,0.11,0.38,N/A,N/A,1,19.79,0.53,0.42,0.49,0.06,0.71,0.51,0.58,180,181.7,N/A - FF,N/A - FF,SHD02 Data Report.pdf,https://www.designsafe-ci.org/data/browser/public/nees.public/NEES-2006-0224.groups/,T3-30-03-BMA.dat,T3-30-03-SMA.dat,"A14, A26",N/A,"Flexible Shear Beam Container (1651 mm x 787 mm, Inner Dimensions, Model Scale)",3,
,29,T3-30-04-A,SHD02,T3-30,A,55,22,1.1,Nevada Sand,21,0.9,Nevada Sand,3,0.3,Monterey Sand,2,0.9,none,none,none,no,6,9,0.7,6,2.1,3.9,334414,183013,N/A,151401,0.7,80,0.21,none,Large Port Island,5.1,2750,75.6,0.5,56.35,1.41,1.27,4.24,0.62,1.91,1.62,4.71,0.92,0.8,N/A,N/A,1,66.43,1.33,1.12,3.57,0.5,2.04,1.62,4.15,500,787.2,0.00231,0.0046,SHD02 Data Report.pdf,https://www.designsafe-ci.org/data/browser/public/nees.public/NEES-2006-0224.groups/,T3-30-04-BMA.dat,T3-30-04-SMA.dat,"A14, A26",N/A,"Flexible Shear Beam Container (1651 mm x 787 mm, Inner Dimensions, Model Scale)",4,
,30,T3-30-04-B,SHD02,T3-30,B,55,22,1.1,Nevada Sand,21,0.9,Nevada Sand,3,0.3,Monterey Sand,2,0.9,none,none,none,no,12,18,0.7,6,2.1,4.1,1321018,715413,N/A,605605,0.7,80,0.26,none,Large Port Island,5.1,2750,75.6,0.5,56.35,1.41,1.27,4.24,0.62,1.91,1.62,4.71,0.92,0.8,N/A,N/A,1,66.43,1.33,1.12,3.57,0.5,2.04,1.62,4.15,459.4,667,0.00175,0.0003,SHD02 Data Report.pdf,https://www.designsafe-ci.org/data/browser/public/nees.public/NEES-2006-0224.groups/,T3-30-04-BMA.dat,T3-30-04-SMA.dat,"A14, A26",N/A,"Flexible Shear Beam Container (1651 mm x 787 mm, Inner Dimensions, Model Scale)",4,
,31,T3-30-04-C,SHD02,T3-30,C,55,22,1.1,Nevada Sand,21,0.9,Nevada Sand,3,0.3,Monterey Sand,2,0.9,none,none,none,no,6,9,0.7,10.2,4.2,9,550701,399300,N/A,151401,0.7,130,0.33,none,Large Port Island,5.1,2750,75.6,0.5,56.35,1.41,1.27,4.24,0.62,1.91,1.62,4.71,0.92,0.8,N/A,N/A,1,66.43,1.33,1.12,3.57,0.5,2.04,1.62,4.15,474.7,641.8,0.01104,0.0194,SHD02 Data Report.pdf,https://www.designsafe-ci.org/data/browser/public/nees.public/NEES-2006-0224.groups/,T3-30-04-BMA.dat,T3-30-04-SMA.dat,"A14, A26",N/A,"Flexible Shear Beam Container (1651 mm x 787 mm, Inner Dimensions, Model Scale)",4,
,32,T3-30-04-FF,SHD02,T3-30,FF,55,22,1.1,Nevada Sand,21,0.9,Nevada Sand,3,0.3,Monterey Sand,2,0.9,none,none,none,no,N/A - FF,N/A - FF,N/A - FF,N/A - FF,N/A - FF,N/A - FF,N/A - FF,N/A - FF,N/A - FF,N/A - FF,N/A - FF,N/A - FF,N/A - FF,N/A - FF,Large Port Island,5.1,2750,75.6,0.5,56.35,1.41,1.27,4.24,0.62,1.91,1.62,4.71,0.92,0.8,N/A,N/A,1,66.43,1.33,1.12,3.57,0.5,2.04,1.62,4.15,286.1,467.8,N/A - FF,N/A - FF,SHD02 Data Report.pdf,https://www.designsafe-ci.org/data/browser/public/nees.public/NEES-2006-0224.groups/,T3-30-04-BMA.dat,T3-30-04-SMA.dat,"A14, A26",N/A,"Flexible Shear Beam Container (1651 mm x 787 mm, Inner Dimensions, Model Scale)",4,
,33,T3-50-SILT-01-A,SHD03,T3-50-SILT,A,55,22,1.1,Nevada Sand,21,0.9,Nevada Sand,3,0.5,Silt,0.8,N/A,Monterey Sand,1.2,0.85,no,6,9,0.7,6,2.1,3.9,334414,183013,N/A,151401,0.7,80,0.21,none,Step Wave,0.9,4000,75.4,0.01,0.64,0,0,0,0,0,0,0,0.07,0.04,N/A,N/A,2,1.23,0.08,0,0.06,0,0.08,0,0.06,-1.2,-1.2,-0.00014,-0.00014,SHD03 Data Report.pdf,https://www.designsafe-ci.org/data/browser/public/nees.public/NEES-2006-0224.groups/,T3-50-SILT-01-BMA.dat,T3-50-SILT-01-SMA.dat,"A15, A27",N/A,"Flexible Shear Beam Container (1651 mm x 787 mm, Inner Dimensions, Model Scale)",1,
,34,T3-50-SILT-01-B,SHD03,T3-50-SILT,B,55,22,1.1,Nevada Sand,21,0.9,Nevada Sand,3,0.5,Silt,0.8,N/A,Monterey Sand,1.2,0.85,no,12,18,0.7,6,2.1,4.1,1321018,715413,N/A,605605,0.7,80,0.26,none,Step Wave,0.9,4000,75.4,0.01,0.64,0,0,0,0,0,0,0,0.07,0.04,N/A,N/A,2,1.23,0.08,0,0.06,0,0.08,0,0.06,-1.2,-1.2,0.00004,0.00004,SHD03 Data Report.pdf,https://www.designsafe-ci.org/data/browser/public/nees.public/NEES-2006-0224.groups/,T3-50-SILT-01-BMA.dat,T3-50-SILT-01-SMA.dat,"A15, A27",N/A,"Flexible Shear Beam Container (1651 mm x 787 mm, Inner Dimensions, Model Scale)",1,
,35,T3-50-SILT-01-C,SHD03,T3-50-SILT,C,55,22,1.1,Nevada Sand,21,0.9,Nevada Sand,3,0.5,Silt,0.8,N/A,Monterey Sand,1.2,0.85,no,6,9,0.7,10.2,4.2,9,550701,399300,N/A,151401,0.7,130,0.33,none,Step Wave,0.9,4000,75.4,0.01,0.64,0,0,0,0,0,0,0,0.07,0.04,N/A,N/A,2,1.23,0.08,0,0.06,0,0.08,0,0.06,-1.3,-1.3,0.00003,0.00003,SHD03 Data Report.pdf,https://www.designsafe-ci.org/data/browser/public/nees.public/NEES-2006-0224.groups/,T3-50-SILT-01-BMA.dat,T3-50-SILT-01-SMA.dat,"A15, A27",N/A,"Flexible Shear Beam Container (1651 mm x 787 mm, Inner Dimensions, Model Scale)",1,
,36,T3-50-SILT-01-FF,SHD03,T3-50-SILT,FF,55,22,1.1,Nevada Sand,21,0.9,Nevada Sand,3,0.5,Silt,0.8,N/A,Monterey Sand,1.2,0.85,no,N/A - FF,N/A - FF,N/A - FF,N/A - FF,N/A - FF,N/A - FF,N/A - FF,N/A - FF,N/A - FF,N/A - FF,N/A - FF,N/A - FF,N/A - FF,N/A - FF,Step Wave,0.9,4000,75.4,0.01,0.64,0,0,0,0,0,0,0,0.07,0.04,N/A,N/A,2,1.23,0.08,0,0.06,0,0.08,0,0.06,-1.6,-1.6,N/A - FF,N/A - FF,SHD03 Data Report.pdf,https://www.designsafe-ci.org/data/browser/public/nees.public/NEES-2006-0224.groups/,T3-50-SILT-01-BMA.dat,T3-50-SILT-01-SMA.dat,"A15, A27",N/A,"Flexible Shear Beam Container (1651 mm x 787 mm, Inner Dimensions, Model Scale)",1,
,37,T3-50-SILT-02-A,SHD03,T3-50-SILT,A,55,22,1.1,Nevada Sand,21,0.9,Nevada Sand,3,0.5,Silt,0.8,N/A,Monterey Sand,1.2,0.85,no,6,9,0.7,6,2.1,3.9,334414,183013,N/A,151401,0.7,80,0.21,none,Small Port Island,0.5,2750,75.5,0.04,7.1,0.08,0.02,0.02,0,0.08,0.02,0.03,0.09,0.08,N/A,N/A,2,17.71,0.31,0.18,0.19,0.02,0.39,0.18,0.25,4.1,2.8,-0.00003,-0.00018,SHD03 Data Report.pdf,https://www.designsafe-ci.org/data/browser/public/nees.public/NEES-2006-0224.groups/,T3-50-SILT-02-BMA.dat,T3-50-SILT-02-SMA.dat,"A15, A27",N/A,"Flexible Shear Beam Container (1651 mm x 787 mm, Inner Dimensions, Model Scale)",2,
,38,T3-50-SILT-02-B,SHD03,T3-50-SILT,B,55,22,1.1,Nevada Sand,21,0.9,Nevada Sand,3,0.5,Silt,0.8,N/A,Monterey Sand,1.2,0.85,no,12,18,0.7,6,2.1,4.1,1321018,715413,N/A,605605,0.7,80,0.26,none,Small Port Island,0.5,2750,75.5,0.04,7.1,0.08,0.02,0.02,0,0.08,0.02,0.03,0.09,0.08,N/A,N/A,2,17.71,0.31,0.18,0.19,0.02,0.39,0.18,0.25,5.6,4.3,0.00011,0.00015,SHD03 Data Report.pdf,https://www.designsafe-ci.org/data/browser/public/nees.public/NEES-2006-0224.groups/,T3-50-SILT-02-BMA.dat,T3-50-SILT-02-SMA.dat,"A15, A27",N/A,"Flexible Shear Beam Container (1651 mm x 787 mm, Inner Dimensions, Model Scale)",2,
,39,T3-50-SILT-02-C,SHD03,T3-50-SILT,C,55,22,1.1,Nevada Sand,21,0.9,Nevada Sand,3,0.5,Silt,0.8,N/A,Monterey Sand,1.2,0.85,no,6,9,0.7,10.2,4.2,9,550701,399300,N/A,151401,0.7,130,0.33,none,Small Port Island,0.5,2750,75.5,0.04,7.1,0.08,0.02,0.02,0,0.08,0.02,0.03,0.09,0.08,N/A,N/A,2,17.71,0.31,0.18,0.19,0.02,0.39,0.18,0.25,-7.7,-9.1,0.00385,0.00388,SHD03 Data Report.pdf,https://www.designsafe-ci.org/data/browser/public/nees.public/NEES-2006-0224.groups/,T3-50-SILT-02-BMA.dat,T3-50-SILT-02-SMA.dat,"A15, A27",N/A,"Flexible Shear Beam Container (1651 mm x 787 mm, Inner Dimensions, Model Scale)",2,
,40,T3-50-SILT-02-FF,SHD03,T3-50-SILT,FF,55,22,1.1,Nevada Sand,21,0.9,Nevada Sand,3,0.5,Silt,0.8,N/A,Monterey Sand,1.2,0.85,no,N/A - FF,N/A - FF,N/A - FF,N/A - FF,N/A - FF,N/A - FF,N/A - FF,N/A - FF,N/A - FF,N/A - FF,N/A - FF,N/A - FF,N/A - FF,N/A - FF,Small Port Island,0.5,2750,75.5,0.04,7.1,0.08,0.02,0.02,0,0.08,0.02,0.03,0.09,0.08,N/A,N/A,2,17.71,0.31,0.18,0.19,0.02,0.39,0.18,0.25,4.5,2.9,N/A - FF,N/A - FF,SHD03 Data Report.pdf,https://www.designsafe-ci.org/data/browser/public/nees.public/NEES-2006-0224.groups/,T3-50-SILT-02-BMA.dat,T3-50-SILT-02-SMA.dat,"A15, A27",N/A,"Flexible Shear Beam Container (1651 mm x 787 mm, Inner Dimensions, Model Scale)",2,
,41,T3-50-SILT-03-A,SHD03,T3-50-SILT,A,55,22,1.1,Nevada Sand,21,0.9,Nevada Sand,3,0.5,Silt,0.8,N/A,Monterey Sand,1.2,0.85,no,6,9,0.7,6,2.1,3.9,334414,183013,N/A,151401,0.7,80,0.21,none,Moderate Port Island,1.7,2750,75.5,0.17,25.08,0.43,0.34,0.44,0.07,0.51,0.36,0.46,0.29,0.27,N/A,N/A,2,50.62,0.87,0.76,1.67,0.21,1.26,0.94,1.92,123,125.9,0.00139,0.00121,SHD03 Data Report.pdf,https://www.designsafe-ci.org/data/browser/public/nees.public/NEES-2006-0224.groups/,T3-50-SILT-03-BMA.dat,T3-50-SILT-03-SMA.dat,"A15, A27",N/A,"Flexible Shear Beam Container (1651 mm x 787 mm, Inner Dimensions, Model Scale)",3,
,42,T3-50-SILT-03-B,SHD03,T3-50-SILT,B,55,22,1.1,Nevada Sand,21,0.9,Nevada Sand,3,0.5,Silt,0.8,N/A,Monterey Sand,1.2,0.85,no,12,18,0.7,6,2.1,4.1,1321018,715413,N/A,605605,0.7,80,0.26,none,Moderate Port Island,1.7,2750,75.5,0.17,25.08,0.43,0.34,0.44,0.07,0.51,0.36,0.46,0.29,0.27,N/A,N/A,2,50.62,0.87,0.76,1.67,0.21,1.26,0.94,1.92,116.3,120.6,0.00048,0.00063,SHD03 Data Report.pdf,https://www.designsafe-ci.org/data/browser/public/nees.public/NEES-2006-0224.groups/,T3-50-SILT-03-BMA.dat,T3-50-SILT-03-SMA.dat,"A15, A27",N/A,"Flexible Shear Beam Container (1651 mm x 787 mm, Inner Dimensions, Model Scale)",3,
,43,T3-50-SILT-03-C,SHD03,T3-50-SILT,C,55,22,1.1,Nevada Sand,21,0.9,Nevada Sand,3,0.5,Silt,0.8,N/A,Monterey Sand,1.2,0.85,no,6,9,0.7,10.2,4.2,9,550701,399300,N/A,151401,0.7,130,0.33,none,Moderate Port Island,1.7,2750,75.5,0.17,25.08,0.43,0.34,0.44,0.07,0.51,0.36,0.46,0.29,0.27,N/A,N/A,2,50.62,0.87,0.76,1.67,0.21,1.26,0.94,1.92,133.3,124.2,0.00532,0.0092,SHD03 Data Report.pdf,https://www.designsafe-ci.org/data/browser/public/nees.public/NEES-2006-0224.groups/,T3-50-SILT-03-BMA.dat,T3-50-SILT-03-SMA.dat,"A15, A27",N/A,"Flexible Shear Beam Container (1651 mm x 787 mm, Inner Dimensions, Model Scale)",3,
,44,T3-50-SILT-03-FF,SHD03,T3-50-SILT,FF,55,22,1.1,Nevada Sand,21,0.9,Nevada Sand,3,0.5,Silt,0.8,N/A,Monterey Sand,1.2,0.85,no,N/A - FF,N/A - FF,N/A - FF,N/A - FF,N/A - FF,N/A - FF,N/A - FF,N/A - FF,N/A - FF,N/A - FF,N/A - FF,N/A - FF,N/A - FF,N/A - FF,Moderate Port Island,1.7,2750,75.5,0.17,25.08,0.43,0.34,0.44,0.07,0.51,0.36,0.46,0.29,0.27,N/A,N/A,2,50.62,0.87,0.76,1.67,0.21,1.26,0.94,1.92,83.7,86.6,N/A - FF,N/A - FF,SHD03 Data Report.pdf,https://www.designsafe-ci.org/data/browser/public/nees.public/NEES-2006-0224.groups/,T3-50-SILT-03-BMA.dat,T3-50-SILT-03-SMA.dat,"A15, A27",N/A,"Flexible Shear Beam Container (1651 mm x 787 mm, Inner Dimensions, Model Scale)",3,
,45,T3-50-SILT-04-A,SHD03,T3-50-SILT,A,55,22,1.1,Nevada Sand,21,0.9,Nevada Sand,3,0.5,Silt,0.8,N/A,Monterey Sand,1.2,0.85,no,6,9,0.7,6,2.1,3.9,334414,183013,N/A,151401,0.7,80,0.21,none,Large Port Island,5.1,2750,75.3,0.45,53.57,1.37,1.23,4.18,0.61,1.89,1.59,4.64,0.67,1.07,N/A,N/A,2,170.28,2.51,2.4,11.41,1.65,3.78,3.33,13.32,419.7,545.6,0.0086,0.00981,SHD03 Data Report.pdf,https://www.designsafe-ci.org/data/browser/public/nees.public/NEES-2006-0224.groups/,T3-50-SILT-04-BMA.dat,T3-50-SILT-04-SMA.dat,"A15, A27",N/A,"Flexible Shear Beam Container (1651 mm x 787 mm, Inner Dimensions, Model Scale)",4,
,46,T3-50-SILT-04-B,SHD03,T3-50-SILT,B,55,22,1.1,Nevada Sand,21,0.9,Nevada Sand,3,0.5,Silt,0.8,N/A,Monterey Sand,1.2,0.85,no,12,18,0.7,6,2.1,4.1,1321018,715413,N/A,605605,0.7,80,0.26,none,Large Port Island,5.1,2750,75.3,0.45,53.57,1.37,1.23,4.18,0.61,1.89,1.59,4.64,0.67,1.07,N/A,N/A,2,170.28,2.51,2.4,11.41,1.65,3.78,3.33,13.32,378.5,499.1,0.00771,0.00834,SHD03 Data Report.pdf,https://www.designsafe-ci.org/data/browser/public/nees.public/NEES-2006-0224.groups/,T3-50-SILT-04-BMA.dat,T3-50-SILT-04-SMA.dat,"A15, A27",N/A,"Flexible Shear Beam Container (1651 mm x 787 mm, Inner Dimensions, Model Scale)",4,
,47,T3-50-SILT-04-C,SHD03,T3-50-SILT,C,55,22,1.1,Nevada Sand,21,0.9,Nevada Sand,3,0.5,Silt,0.8,N/A,Monterey Sand,1.2,0.85,no,6,9,0.7,10.2,4.2,9,550701,399300,N/A,151401,0.7,130,0.33,none,Large Port Island,5.1,2750,75.3,0.45,53.57,1.37,1.23,4.18,0.61,1.89,1.59,4.64,0.67,1.07,N/A,N/A,2,170.28,2.51,2.4,11.41,1.65,3.78,3.33,13.32,534.4,658.6,0.00455,0.01374,SHD03 Data Report.pdf,https://www.designsafe-ci.org/data/browser/public/nees.public/NEES-2006-0224.groups/,T3-50-SILT-04-BMA.dat,T3-50-SILT-04-SMA.dat,"A15, A27",N/A,"Flexible Shear Beam Container (1651 mm x 787 mm, Inner Dimensions, Model Scale)",4,
,48,T3-50-SILT-04-FF,SHD03,T3-50-SILT,FF,55,22,1.1,Nevada Sand,21,0.9,Nevada Sand,3,0.5,Silt,0.8,N/A,Monterey Sand,1.2,0.85,no,N/A - FF,N/A - FF,N/A - FF,N/A - FF,N/A - FF,N/A - FF,N/A - FF,N/A - FF,N/A - FF,N/A - FF,N/A - FF,N/A - FF,N/A - FF,N/A - FF,Large Port Island,5.1,2750,75.3,0.45,53.57,1.37,1.23,4.18,0.61,1.89,1.59,4.64,0.67,1.07,N/A,N/A,2,170.28,2.51,2.4,11.41,1.65,3.78,3.33,13.32,166,252.6,N/A - FF,N/A - FF,SHD03 Data Report.pdf,https://www.designsafe-ci.org/data/browser/public/nees.public/NEES-2006-0224.groups/,T3-50-SILT-04-BMA.dat,T3-50-SILT-04-SMA.dat,"A15, A27",N/A,"Flexible Shear Beam Container (1651 mm x 787 mm, Inner Dimensions, Model Scale)",4,
,49,T3-50-01-A,SHD04,T3-50,A,55,22,1.1,Nevada Sand,21,0.9,Nevada Sand,3,0.5,Monterey Sand,2,0.85,none,none,none,no,6,9,0.7,6,2.1,3.9,334414,183013,N/A,151401,0.7,80,0.21,none,Small Port Island,0.5,2750,76.6,0.04,N/A,N/A,N/A,N/A,N/A,0,0,0,N/A,N/A,N/A,N/A,N/A,N/A,N/A,N/A,N/A,N/A,0,0,0,0,0,0,0,SHD04 Data Report.pdf,https://www.designsafe-ci.org/data/browser/public/nees.public/NEES-2006-0224.groups/,#VALUE!,#VALUE!,"A11, A21",N/A,"Flexible Shear Beam Container (1651 mm x 787 mm, Inner Dimensions, Model Scale)",1,
,50,T3-50-01-A_SW,SHD04,T3-50,A_SW,55,22,1.1,Nevada Sand,21,0.9,Nevada Sand,3,0.5,Monterey Sand,2,0.85,none,none,none,no,6,9,0.7,6,2.1,3.9,334414,183013,N/A,151401,0.7,80,0.21,Structural Wall,Small Port Island,0.5,2750,76.6,0.04,N/A,N/A,N/A,N/A,N/A,0,0,0,N/A,N/A,N/A,N/A,N/A,N/A,N/A,N/A,N/A,N/A,0,0,0,0,0,0,0,SHD04 Data Report.pdf,https://www.designsafe-ci.org/data/browser/public/nees.public/NEES-2006-0224.groups/,#VALUE!,#VALUE!,"A11, A21",N/A,"Flexible Shear Beam Container (1651 mm x 787 mm, Inner Dimensions, Model Scale)",1,
,51,T3-50-01-A_WB,SHD04,T3-50,A_WB,55,22,1.1,Nevada Sand,21,0.9,Nevada Sand,3,0.5,Monterey Sand,2,0.85,none,none,none,no,6,9,0.7,6,2.1,3.9,334414,183013,N/A,151401,0.7,80,0.21,Water Barrier,Small Port Island,0.5,2750,76.6,0.04,N/A,N/A,N/A,N/A,N/A,0,0,0,N/A,N/A,N/A,N/A,N/A,N/A,N/A,N/A,N/A,N/A,0,0,0,0,0,0,0,SHD04 Data Report.pdf,https://www.designsafe-ci.org/data/browser/public/nees.public/NEES-2006-0224.groups/,#VALUE!,#VALUE!,"A11, A21",N/A,"Flexible Shear Beam Container (1651 mm x 787 mm, Inner Dimensions, Model Scale)",1,
,52,T3-50-01-FF,SHD04,T3-50,FF,55,22,1.1,Nevada Sand,21,0.9,Nevada Sand,3,0.5,Monterey Sand,2,0.85,none,none,none,no,N/A - FF,N/A - FF,N/A - FF,N/A - FF,N/A - FF,N/A - FF,N/A - FF,N/A - FF,N/A - FF,N/A - FF,N/A - FF,N/A - FF,N/A - FF,N/A - FF,Small Port Island,0.5,2750,76.6,0.04,N/A,N/A,N/A,N/A,N/A,0,0,0,N/A,N/A,N/A,N/A,N/A,N/A,N/A,N/A,N/A,N/A,0,0,0,0,0,N/A - FF,N/A - FF,SHD04 Data Report.pdf,https://www.designsafe-ci.org/data/browser/public/nees.public/NEES-2006-0224.groups/,#VALUE!,#VALUE!,"A11, A21",N/A,"Flexible Shear Beam Container (1651 mm x 787 mm, Inner Dimensions, Model Scale)",1,
,53,T3-50-02-A,SHD04,T3-50,A,55,22,1.1,Nevada Sand,21,0.9,Nevada Sand,3,0.5,Monterey Sand,2,0.85,none,none,none,no,6,9,0.7,6,2.1,3.9,334414,183013,N/A,151401,0.7,80,0.21,none,Moderate Port Island,1.7,2750,76,0.15,22.31,0.37,0.28,0.33,0.05,0.37,0.28,0.33,Out of Range or Broken,0.15,N/A,N/A,2,30.26,0.65,0.44,0.58,0.08,0.65,0.44,0.58,108.4,108.4,0.00041,0.00041,SHD04 Data Report.pdf,https://www.designsafe-ci.org/data/browser/public/nees.public/NEES-2006-0224.groups/,T3-50-02-BMA.dat,T3-50-02-SMA.dat,"A11, A21",N/A,"Flexible Shear Beam Container (1651 mm x 787 mm, Inner Dimensions, Model Scale)",2,
,54,T3-50-02-A_SW,SHD04,T3-50,A_SW,55,22,1.1,Nevada Sand,21,0.9,Nevada Sand,3,0.5,Monterey Sand,2,0.85,none,none,none,no,6,9,0.7,6,2.1,3.9,334414,183013,N/A,151401,0.7,80,0.21,Structural Wall,Moderate Port Island,1.7,2750,76,0.15,22.31,0.37,0.28,0.33,0.05,0.37,0.28,0.33,Out of Range or Broken,0.15,N/A,N/A,2,30.26,0.65,0.44,0.58,0.08,0.65,0.44,0.58,50.1,50.1,0.00125,0.00125,SHD04 Data Report.pdf,https://www.designsafe-ci.org/data/browser/public/nees.public/NEES-2006-0224.groups/,T3-50-02-BMA.dat,T3-50-02-SMA.dat,"A11, A21",N/A,"Flexible Shear Beam Container (1651 mm x 787 mm, Inner Dimensions, Model Scale)",2,
,55,T3-50-02-A_WB,SHD04,T3-50,A_WB,55,22,1.1,Nevada Sand,21,0.9,Nevada Sand,3,0.5,Monterey Sand,2,0.85,none,none,none,no,6,9,0.7,6,2.1,3.9,334414,183013,N/A,151401,0.7,80,0.21,Water Barrier,Moderate Port Island,1.7,2750,76,0.15,22.31,0.37,0.28,0.33,0.05,0.37,0.28,0.33,Out of Range or Broken,0.15,N/A,N/A,2,30.26,0.65,0.44,0.58,0.08,0.65,0.44,0.58,93.8,93.8,-0.00312,-0.00312,SHD04 Data Report.pdf,https://www.designsafe-ci.org/data/browser/public/nees.public/NEES-2006-0224.groups/,T3-50-02-BMA.dat,T3-50-02-SMA.dat,"A11, A21",N/A,"Flexible Shear Beam Container (1651 mm x 787 mm, Inner Dimensions, Model Scale)",2,
,56,T3-50-02-FF,SHD04,T3-50,FF,55,22,1.1,Nevada Sand,21,0.9,Nevada Sand,3,0.5,Monterey Sand,2,0.85,none,none,none,no,N/A - FF,N/A - FF,N/A - FF,N/A - FF,N/A - FF,N/A - FF,N/A - FF,N/A - FF,N/A - FF,N/A - FF,N/A - FF,N/A - FF,N/A - FF,N/A - FF,Moderate Port Island,1.7,2750,76,0.15,22.31,0.37,0.28,0.33,0.05,0.37,0.28,0.33,Out of Range or Broken,0.15,N/A,N/A,2,30.26,0.65,0.44,0.58,0.08,0.65,0.44,0.58,109.2,109.2,N/A - FF,N/A - FF,SHD04 Data Report.pdf,https://www.designsafe-ci.org/data/browser/public/nees.public/NEES-2006-0224.groups/,T3-50-02-BMA.dat,T3-50-02-SMA.dat,"A11, A21",N/A,"Flexible Shear Beam Container (1651 mm x 787 mm, Inner Dimensions, Model Scale)",2,
,57,T3-50-03-A,SHD04,T3-50,A,55,22,1.1,Nevada Sand,21,0.9,Nevada Sand,3,0.5,Monterey Sand,2,0.85,none,none,none,no,6,9,0.7,6,2.1,3.9,334414,183013,N/A,151401,0.7,80,0.21,none,Chi-Chi TCU078,0.28,11000,76.1,0.13,14.62,0.88,0.62,0.57,0.02,1.24,0.89,0.89,0.19,0.16,N/A,N/A,2,22.42,1.74,1.26,1.52,0.05,2.39,1.7,2.1,34.2,142.6,0.00077,0.00118,SHD04 Data Report.pdf,https://www.designsafe-ci.org/data/browser/public/nees.public/NEES-2006-0224.groups/,T3-50-03-BMA.dat,T3-50-03-SMA.dat,"A11, A21",N/A,"Flexible Shear Beam Container (1651 mm x 787 mm, Inner Dimensions, Model Scale)",3,
,58,T3-50-03-A_SW,SHD04,T3-50,A_SW,55,22,1.1,Nevada Sand,21,0.9,Nevada Sand,3,0.5,Monterey Sand,2,0.85,none,none,none,no,6,9,0.7,6,2.1,3.9,334414,183013,N/A,151401,0.7,80,0.21,Structural Wall,Chi-Chi TCU078,0.28,11000,76.1,0.13,14.62,0.88,0.62,0.57,0.02,1.24,0.89,0.89,0.19,0.16,N/A,N/A,2,22.42,1.74,1.26,1.52,0.05,2.39,1.7,2.1,15.9,66,0.00054,0.0018,SHD04 Data Report.pdf,https://www.designsafe-ci.org/data/browser/public/nees.public/NEES-2006-0224.groups/,T3-50-03-BMA.dat,T3-50-03-SMA.dat,"A11, A21",N/A,"Flexible Shear Beam Container (1651 mm x 787 mm, Inner Dimensions, Model Scale)",3,
,59,T3-50-03-A_WB,SHD04,T3-50,A_WB,55,22,1.1,Nevada Sand,21,0.9,Nevada Sand,3,0.5,Monterey Sand,2,0.85,none,none,none,no,6,9,0.7,6,2.1,3.9,334414,183013,N/A,151401,0.7,80,0.21,Water Barrier,Chi-Chi TCU078,0.28,11000,76.1,0.13,14.62,0.88,0.62,0.57,0.02,1.24,0.89,0.89,0.19,0.16,N/A,N/A,2,22.42,1.74,1.26,1.52,0.05,2.39,1.7,2.1,33.7,127.6,-0.00251,-0.00564,SHD04 Data Report.pdf,https://www.designsafe-ci.org/data/browser/public/nees.public/NEES-2006-0224.groups/,T3-50-03-BMA.dat,T3-50-03-SMA.dat,"A11, A21",N/A,"Flexible Shear Beam Container (1651 mm x 787 mm, Inner Dimensions, Model Scale)",3,
,60,T3-50-03-FF,SHD04,T3-50,FF,55,22,1.1,Nevada Sand,21,0.9,Nevada Sand,3,0.5,Monterey Sand,2,0.85,none,none,none,no,N/A - FF,N/A - FF,N/A - FF,N/A - FF,N/A - FF,N/A - FF,N/A - FF,N/A - FF,N/A - FF,N/A - FF,N/A - FF,N/A - FF,N/A - FF,N/A - FF,Chi-Chi TCU078,0.28,11000,76.1,0.13,14.62,0.88,0.62,0.57,0.02,1.24,0.89,0.89,0.19,0.16,N/A,N/A,2,22.42,1.74,1.26,1.52,0.05,2.39,1.7,2.1,75.9,185.1,N/A - FF,N/A - FF,SHD04 Data Report.pdf,https://www.designsafe-ci.org/data/browser/public/nees.public/NEES-2006-0224.groups/,T3-50-03-BMA.dat,T3-50-03-SMA.dat,"A11, A21",N/A,"Flexible Shear Beam Container (1651 mm x 787 mm, Inner Dimensions, Model Scale)",3,
,61,T3-50-04-A,SHD04,T3-50,A,55,22,1.1,Nevada Sand,21,0.9,Nevada Sand,3,0.5,Monterey Sand,2,0.85,none,none,none,no,6,9,0.7,6,2.1,3.9,334414,183013,N/A,151401,0.7,80,0.21,none,Large Port Island,5.1,2750,76.4,0.38,49.73,1.22,1.08,2.82,0.36,2.46,1.97,3.72,1.92,1.6,N/A,N/A,2,71.26,1.55,1.23,5.23,0.54,3.94,2.93,7.33,201.7,344.3,-0.0002,0.00098,SHD04 Data Report.pdf,https://www.designsafe-ci.org/data/browser/public/nees.public/NEES-2006-0224.groups/,T3-50-04-BMA.dat,T3-50-04-SMA.dat,"A11, A21",N/A,"Flexible Shear Beam Container (1651 mm x 787 mm, Inner Dimensions, Model Scale)",4,
,62,T3-50-04-A_SW,SHD04,T3-50,A_SW,55,22,1.1,Nevada Sand,21,0.9,Nevada Sand,3,0.5,Monterey Sand,2,0.85,none,none,none,no,6,9,0.7,6,2.1,3.9,334414,183013,N/A,151401,0.7,80,0.21,Structural Wall,Large Port Island,5.1,2750,76.4,0.38,49.73,1.22,1.08,2.82,0.36,2.46,1.97,3.72,1.92,1.6,N/A,N/A,2,71.26,1.55,1.23,5.23,0.54,3.94,2.93,7.33,155.7,221.7,0.00159,0.00339,SHD04 Data Report.pdf,https://www.designsafe-ci.org/data/browser/public/nees.public/NEES-2006-0224.groups/,T3-50-04-BMA.dat,T3-50-04-SMA.dat,"A11, A21",N/A,"Flexible Shear Beam Container (1651 mm x 787 mm, Inner Dimensions, Model Scale)",4,
,63,T3-50-04-A_WB,SHD04,T3-50,A_WB,55,22,1.1,Nevada Sand,21,0.9,Nevada Sand,3,0.5,Monterey Sand,2,0.85,none,none,none,no,6,9,0.7,6,2.1,3.9,334414,183013,N/A,151401,0.7,80,0.21,Water Barrier,Large Port Island,5.1,2750,76.4,0.38,49.73,1.22,1.08,2.82,0.36,2.46,1.97,3.72,1.92,1.6,N/A,N/A,2,71.26,1.55,1.23,5.23,0.54,3.94,2.93,7.33,202.5,330.1,-0.00252,-0.00816,SHD04 Data Report.pdf,https://www.designsafe-ci.org/data/browser/public/nees.public/NEES-2006-0224.groups/,T3-50-04-BMA.dat,T3-50-04-SMA.dat,"A11, A21",N/A,"Flexible Shear Beam Container (1651 mm x 787 mm, Inner Dimensions, Model Scale)",4,
,64,T3-50-04-FF,SHD04,T3-50,FF,55,22,1.1,Nevada Sand,21,0.9,Nevada Sand,3,0.5,Monterey Sand,2,0.85,none,none,none,no,N/A - FF,N/A - FF,N/A - FF,N/A - FF,N/A - FF,N/A - FF,N/A - FF,N/A - FF,N/A - FF,N/A - FF,N/A - FF,N/A - FF,N/A - FF,N/A - FF,Large Port Island,5.1,2750,76.4,0.38,49.73,1.22,1.08,2.82,0.36,2.46,1.97,3.72,1.92,1.6,N/A,N/A,2,71.26,1.55,1.23,5.23,0.54,3.94,2.93,7.33,145.6,330.6,N/A - FF,N/A - FF,SHD04 Data Report.pdf,https://www.designsafe-ci.org/data/browser/public/nees.public/NEES-2006-0224.groups/,T3-50-04-BMA.dat,T3-50-04-SMA.dat,"A11, A21",N/A,"Flexible Shear Beam Container (1651 mm x 787 mm, Inner Dimensions, Model Scale)",4,
,65,T3-50-05-A,SHD04,T3-50,A,55,22,1.1,Nevada Sand,21,0.9,Nevada Sand,3,0.5,Monterey Sand,2,0.85,none,none,none,no,6,9,0.7,6,2.1,3.9,334414,183013,N/A,151401,0.7,80,0.21,none,Large Port Island,7,2750,76,0.66,62.91,1.54,1.41,4.15,0.52,4,3.39,7.86,1.64,1.73,N/A,N/A,2,79.33,2.02,1.7,8.87,0.92,5.97,4.63,16.2,168.7,513,-0.00047,0.00051,SHD04 Data Report.pdf,https://www.designsafe-ci.org/data/browser/public/nees.public/NEES-2006-0224.groups/,T3-50-05-BMA.dat,T3-50-05-SMA.dat,"A11, A21",N/A,"Flexible Shear Beam Container (1651 mm x 787 mm, Inner Dimensions, Model Scale)",5,
,66,T3-50-05-A_SW,SHD04,T3-50,A_SW,55,22,1.1,Nevada Sand,21,0.9,Nevada Sand,3,0.5,Monterey Sand,2,0.85,none,none,none,no,6,9,0.7,6,2.1,3.9,334414,183013,N/A,151401,0.7,80,0.21,Structural Wall,Large Port Island,7,2750,76,0.66,62.91,1.54,1.41,4.15,0.52,4,3.39,7.86,1.64,1.73,N/A,N/A,2,79.33,2.02,1.7,8.87,0.92,5.97,4.63,16.2,138.4,360.1,0.00131,0.00469,SHD04 Data Report.pdf,https://www.designsafe-ci.org/data/browser/public/nees.public/NEES-2006-0224.groups/,T3-50-05-BMA.dat,T3-50-05-SMA.dat,"A11, A21",N/A,"Flexible Shear Beam Container (1651 mm x 787 mm, Inner Dimensions, Model Scale)",5,
,67,T3-50-05-A_WB,SHD04,T3-50,A_WB,55,22,1.1,Nevada Sand,21,0.9,Nevada Sand,3,0.5,Monterey Sand,2,0.85,none,none,none,no,6,9,0.7,6,2.1,3.9,334414,183013,N/A,151401,0.7,80,0.21,Water Barrier,Large Port Island,7,2750,76,0.66,62.91,1.54,1.41,4.15,0.52,4,3.39,7.86,1.64,1.73,N/A,N/A,2,79.33,2.02,1.7,8.87,0.92,5.97,4.63,16.2,194.1,524.2,-0.00584,-0.01399,SHD04 Data Report.pdf,https://www.designsafe-ci.org/data/browser/public/nees.public/NEES-2006-0224.groups/,T3-50-05-BMA.dat,T3-50-05-SMA.dat,"A11, A21",N/A,"Flexible Shear Beam Container (1651 mm x 787 mm, Inner Dimensions, Model Scale)",5,
,68,T3-50-05-FF,SHD04,T3-50,FF,55,22,1.1,Nevada Sand,21,0.9,Nevada Sand,3,0.5,Monterey Sand,2,0.85,none,none,none,no,N/A - FF,N/A - FF,N/A - FF,N/A - FF,N/A - FF,N/A - FF,N/A - FF,N/A - FF,N/A - FF,N/A - FF,N/A - FF,N/A - FF,N/A - FF,N/A - FF,Large Port Island,7,2750,76,0.66,62.91,1.54,1.41,4.15,0.52,4,3.39,7.86,1.64,1.73,N/A,N/A,2,79.33,2.02,1.7,8.87,0.92,5.97,4.63,16.2,135.9,466.5,N/A - FF,N/A - FF,SHD04 Data Report.pdf,https://www.designsafe-ci.org/data/browser/public/nees.public/NEES-2006-0224.groups/,T3-50-05-BMA.dat,T3-50-05-SMA.dat,"A11, A21",N/A,"Flexible Shear Beam Container (1651 mm x 787 mm, Inner Dimensions, Model Scale)",5,
,69,T3.9-50-01-J_SC,JDA01,T3.9-50,J_SC,55,11,-0.7,Nevada Sand,16.8,0.8,Nevada Sand,3.9,0.5,Aquarium Gravel,2.8,0.9,none,none,none,yes,7.5,7.5,1.4,14.9,10.5,13.5,1031691,792943,28117,210631,0,179,0.87,none,Step Wave,1,4000,75.1,0.01,0.77,0,0,0,0,0,0,0,0.01,0.01,N/A,N/A,2,1.4,0,0,0,0,0,0,0,0,0,0,0,JDA01 Data Report.pdf,https://www.designsafe-ci.org/data/browser/public/nees.public/NEES-2008-0565.groups/,T3.9-50-01-BMA.dat,T3.9-50-01-SMA.dat,"GHAN7, GHAN8",10.4231/D3C53F17M,"Flexible Shear Beam Container (1651 mm x 787 mm, Inner Dimensions, Model Scale)",1,The surface layer was split down the center of the container (in the shaking direction) with nevada sand and aquarium gravel as different surface layer materials
,70,T3.9-50-01-J_SF,JDA01,T3.9-50,J_SF,55,11,-0.7,Nevada Sand,16.8,0.8,Nevada Sand,3.9,0.5,Nevada Sand,2.8,0.8,none,none,none,yes,7.5,7.5,1.4,14.9,10.5,13.5,1031691,792943,28117,210631,0,179,0.87,none,Step Wave,1,4000,75.1,0.01,0.77,0,0,0,0,0,0,0,0.01,0.01,N/A,N/A,2,1.4,0,0,0,0,0,0,0,0,0,0,0,JDA01 Data Report.pdf,https://www.designsafe-ci.org/data/browser/public/nees.public/NEES-2008-0565.groups/,T3.9-50-01-BMA.dat,T3.9-50-01-SMA.dat,"GHAN7, GHAN8",10.4231/D3C53F17M,"Flexible Shear Beam Container (1651 mm x 787 mm, Inner Dimensions, Model Scale)",1,The surface layer was split down the center of the container (in the shaking direction) with nevada sand and aquarium gravel as different surface layer materials
,71,T3.9-50-01-J_C,JDA01,T3.9-50,J_C,55,11,-0.7,Nevada Sand,16.8,0.8,Nevada Sand,3.9,0.5,Aquarium Gravel,2.8,0.9,none,none,none,yes,7.5,7.5,1.4,14.9,10.5,13.5,1031691,792943,28117,210631,1.4,179,0.87,none,Step Wave,1,4000,75.1,0.01,0.77,0,0,0,0,0,0,0,0.01,0.01,N/A,N/A,2,1.4,0,0,0,0,0,0,0,0,0,0,0,JDA01 Data Report.pdf,https://www.designsafe-ci.org/data/browser/public/nees.public/NEES-2008-0565.groups/,T3.9-50-01-BMA.dat,T3.9-50-01-SMA.dat,"GHAN7, GHAN8",10.4231/D3C53F17M,"Flexible Shear Beam Container (1651 mm x 787 mm, Inner Dimensions, Model Scale)",1,The surface layer was split down the center of the container (in the shaking direction) with nevada sand and aquarium gravel as different surface layer materials
,72,T3.9-50-01-J_E,JDA01,T3.9-50,J_E,55,11,-0.7,Nevada Sand,16.8,0.8,Nevada Sand,3.9,0.5,Nevada Sand,2.8,0.8,none,none,none,yes,7.5,7.5,1.4,14.9,10.5,13.5,1031691,792943,28117,210631,1.4,179,0.87,none,Step Wave,1,4000,75.1,0.01,0.77,0,0,0,0,0,0,0,0.01,0.01,N/A,N/A,2,1.4,0,0,0,0,0,0,0,0,0,0,0,JDA01 Data Report.pdf,https://www.designsafe-ci.org/data/browser/public/nees.public/NEES-2008-0565.groups/,T3.9-50-01-BMA.dat,T3.9-50-01-SMA.dat,"GHAN7, GHAN8",10.4231/D3C53F17M,"Flexible Shear Beam Container (1651 mm x 787 mm, Inner Dimensions, Model Scale)",1,The surface layer was split down the center of the container (in the shaking direction) with nevada sand and aquarium gravel as different surface layer materials
,73,T3.9-50-01-J_CP,JDA01,T3.9-50,J_CP,55,11,-0.7,Nevada Sand,16.8,0.8,Nevada Sand,3.9,0.5,Aquarium Gravel,2.8,0.9,none,none,none,yes,7.5,7.5,1.4,14.9,10.5,13.5,1031691,792943,28117,210631,1.4,179,0.87,Unattached Piles,Step Wave,1,4000,75.1,0.01,0.77,0,0,0,0,0,0,0,0.01,0.01,N/A,N/A,2,1.4,0,0,0,0,0,0,0,0,0,0,0,JDA01 Data Report.pdf,https://www.designsafe-ci.org/data/browser/public/nees.public/NEES-2008-0565.groups/,T3.9-50-01-BMA.dat,T3.9-50-01-SMA.dat,"GHAN7, GHAN8",10.4231/D3C53F17M,"Flexible Shear Beam Container (1651 mm x 787 mm, Inner Dimensions, Model Scale)",1,The surface layer was split down the center of the container (in the shaking direction) with nevada sand and aquarium gravel as different surface layer materials
,74,T3.9-50-01-J_PF,JDA01,T3.9-50,J_PF,55,11,-0.7,Nevada Sand,16.8,0.8,Nevada Sand,3.9,0.5,Nevada Sand,2.8,0.8,none,none,none,yes,7.5,7.5,1.4,14.9,10.5,13.5,1031691,792943,28117,210631,1.4,179,0.87,Unattached Piles,Step Wave,1,4000,75.1,0.01,0.77,0,0,0,0,0,0,0,0.01,0.01,N/A,N/A,2,1.4,0,0,0,0,0,0,0,0,0,0,0,JDA01 Data Report.pdf,https://www.designsafe-ci.org/data/browser/public/nees.public/NEES-2008-0565.groups/,T3.9-50-01-BMA.dat,T3.9-50-01-SMA.dat,"GHAN7, GHAN8",10.4231/D3C53F17M,"Flexible Shear Beam Container (1651 mm x 787 mm, Inner Dimensions, Model Scale)",1,The surface layer was split down the center of the container (in the shaking direction) with nevada sand and aquarium gravel as different surface layer materials
,75,T3.9-50-01-FF_F,JDA01,T3.9-50,FF_F,55,11,-0.7,Nevada Sand,16.8,0.8,Nevada Sand,3.9,0.5,Nevada Sand,2.8,0.8,none,none,none,yes,N/A - FF,N/A - FF,N/A - FF,N/A - FF,N/A - FF,N/A - FF,N/A - FF,N/A - FF,N/A - FF,N/A - FF,N/A - FF,N/A - FF,N/A - FF,N/A - FF,Step Wave,1,4000,75.1,0.01,0.77,0,0,0,0,0,0,0,0.01,0.01,N/A,N/A,2,1.4,0,0,0,0,0,0,0,0,0,N/A - FF,N/A - FF,JDA01 Data Report.pdf,https://www.designsafe-ci.org/data/browser/public/nees.public/NEES-2008-0565.groups/,T3.9-50-01-BMA.dat,T3.9-50-01-SMA.dat,"GHAN7, GHAN8",10.4231/D3C53F17M,"Flexible Shear Beam Container (1651 mm x 787 mm, Inner Dimensions, Model Scale)",1,The surface layer was split down the center of the container (in the shaking direction) with nevada sand and aquarium gravel as different surface layer materials
,76,T3.9-50-01-FF_C,JDA01,T3.9-50,FF_C,55,11,-0.7,Nevada Sand,16.8,0.8,Nevada Sand,3.9,0.5,Aquarium Gravel,2.8,0.9,none,none,none,yes,N/A - FF,N/A - FF,N/A - FF,N/A - FF,N/A - FF,N/A - FF,N/A - FF,N/A - FF,N/A - FF,N/A - FF,N/A - FF,N/A - FF,N/A - FF,N/A - FF,Step Wave,1,4000,75.1,0.01,0.77,0,0,0,0,0,0,0,0.01,0.01,N/A,N/A,2,1.4,0,0,0,0,0,0,0,0,0,N/A - FF,N/A - FF,JDA01 Data Report.pdf,https://www.designsafe-ci.org/data/browser/public/nees.public/NEES-2008-0565.groups/,T3.9-50-01-BMA.dat,T3.9-50-01-SMA.dat,"GHAN7, GHAN8",10.4231/D3C53F17M,"Flexible Shear Beam Container (1651 mm x 787 mm, Inner Dimensions, Model Scale)",1,The surface layer was split down the center of the container (in the shaking direction) with nevada sand and aquarium gravel as different surface layer materials
,77,T3.9-50-02-J_SC,JDA01,T3.9-50,J_SC,55,11,-0.7,Nevada Sand,16.8,0.8,Nevada Sand,3.9,0.5,Aquarium Gravel,2.8,0.9,none,none,none,yes,7.5,7.5,1.4,14.9,10.5,13.5,1031691,792943,28117,210631,0,179,0.87,none,Small Port Island,0.5,2750,76.6,0.05,6.89,0.08,0.01,0.02,0,0.08,0.01,0.02,0.06,0.06,N/A,N/A,2,11.58,0.16,0.09,0.07,0.01,0.17,0.09,0.07,8,8,0.00037,0.00037,JDA01 Data Report.pdf,https://www.designsafe-ci.org/data/browser/public/nees.public/NEES-2008-0565.groups/,T3.9-50-02-BMA.dat,T3.9-50-02-SMA.dat,"GHAN7, GHAN8",10.4231/D3C53F17M,"Flexible Shear Beam Container (1651 mm x 787 mm, Inner Dimensions, Model Scale)",2,The surface layer was split down the center of the container (in the shaking direction) with nevada sand and aquarium gravel as different surface layer materials
,78,T3.9-50-02-J_SF,JDA01,T3.9-50,J_SF,55,11,-0.7,Nevada Sand,16.8,0.8,Nevada Sand,3.9,0.5,Nevada Sand,2.8,0.8,none,none,none,yes,7.5,7.5,1.4,14.9,10.5,13.5,1031691,792943,28117,210631,0,179,0.87,none,Small Port Island,0.5,2750,76.6,0.05,6.89,0.08,0.01,0.02,0,0.08,0.01,0.02,0.06,0.06,N/A,N/A,2,11.58,0.16,0.09,0.07,0.01,0.17,0.09,0.07,6,6,-0.00051,-0.00051,JDA01 Data Report.pdf,https://www.designsafe-ci.org/data/browser/public/nees.public/NEES-2008-0565.groups/,T3.9-50-02-BMA.dat,T3.9-50-02-SMA.dat,"GHAN7, GHAN8",10.4231/D3C53F17M,"Flexible Shear Beam Container (1651 mm x 787 mm, Inner Dimensions, Model Scale)",2,The surface layer was split down the center of the container (in the shaking direction) with nevada sand and aquarium gravel as different surface layer materials
,79,T3.9-50-02-J_C,JDA01,T3.9-50,J_C,55,11,-0.7,Nevada Sand,16.8,0.8,Nevada Sand,3.9,0.5,Aquarium Gravel,2.8,0.9,none,none,none,yes,7.5,7.5,1.4,14.9,10.5,13.5,1031691,792943,28117,210631,1.4,179,0.87,none,Small Port Island,0.5,2750,76.6,0.05,6.89,0.08,0.01,0.02,0,0.08,0.01,0.02,0.06,0.06,N/A,N/A,2,11.58,0.16,0.09,0.07,0.01,0.17,0.09,0.07,5.3,5.3,-0.0005,-0.0005,JDA01 Data Report.pdf,https://www.designsafe-ci.org/data/browser/public/nees.public/NEES-2008-0565.groups/,T3.9-50-02-BMA.dat,T3.9-50-02-SMA.dat,"GHAN7, GHAN8",10.4231/D3C53F17M,"Flexible Shear Beam Container (1651 mm x 787 mm, Inner Dimensions, Model Scale)",2,The surface layer was split down the center of the container (in the shaking direction) with nevada sand and aquarium gravel as different surface layer materials
,80,T3.9-50-02-J_E,JDA01,T3.9-50,J_E,55,11,-0.7,Nevada Sand,16.8,0.8,Nevada Sand,3.9,0.5,Nevada Sand,2.8,0.8,none,none,none,yes,7.5,7.5,1.4,14.9,10.5,13.5,1031691,792943,28117,210631,1.4,179,0.87,none,Small Port Island,0.5,2750,76.6,0.05,6.89,0.08,0.01,0.02,0,0.08,0.01,0.02,0.06,0.06,N/A,N/A,2,11.58,0.16,0.09,0.07,0.01,0.17,0.09,0.07,4.8,4.8,-0.00047,-0.00047,JDA01 Data Report.pdf,https://www.designsafe-ci.org/data/browser/public/nees.public/NEES-2008-0565.groups/,T3.9-50-02-BMA.dat,T3.9-50-02-SMA.dat,"GHAN7, GHAN8",10.4231/D3C53F17M,"Flexible Shear Beam Container (1651 mm x 787 mm, Inner Dimensions, Model Scale)",2,The surface layer was split down the center of the container (in the shaking direction) with nevada sand and aquarium gravel as different surface layer materials
,81,T3.9-50-02-J_CP,JDA01,T3.9-50,J_CP,55,11,-0.7,Nevada Sand,16.8,0.8,Nevada Sand,3.9,0.5,Aquarium Gravel,2.8,0.9,none,none,none,yes,7.5,7.5,1.4,14.9,10.5,13.5,1031691,792943,28117,210631,1.4,179,0.87,Unattached Piles,Small Port Island,0.5,2750,76.6,0.05,6.89,0.08,0.01,0.02,0,0.08,0.01,0.02,0.06,0.06,N/A,N/A,2,11.58,0.16,0.09,0.07,0.01,0.17,0.09,0.07,1.1,1.1,0.00005,0.00005,JDA01 Data Report.pdf,https://www.designsafe-ci.org/data/browser/public/nees.public/NEES-2008-0565.groups/,T3.9-50-02-BMA.dat,T3.9-50-02-SMA.dat,"GHAN7, GHAN8",10.4231/D3C53F17M,"Flexible Shear Beam Container (1651 mm x 787 mm, Inner Dimensions, Model Scale)",2,The surface layer was split down the center of the container (in the shaking direction) with nevada sand and aquarium gravel as different surface layer materials
,82,T3.9-50-02-J_PF,JDA01,T3.9-50,J_PF,55,11,-0.7,Nevada Sand,16.8,0.8,Nevada Sand,3.9,0.5,Nevada Sand,2.8,0.8,none,none,none,yes,7.5,7.5,1.4,14.9,10.5,13.5,1031691,792943,28117,210631,1.4,179,0.87,Unattached Piles,Small Port Island,0.5,2750,76.6,0.05,6.89,0.08,0.01,0.02,0,0.08,0.01,0.02,0.06,0.06,N/A,N/A,2,11.58,0.16,0.09,0.07,0.01,0.17,0.09,0.07,4.2,4.2,-0.00176,-0.00176,JDA01 Data Report.pdf,https://www.designsafe-ci.org/data/browser/public/nees.public/NEES-2008-0565.groups/,T3.9-50-02-BMA.dat,T3.9-50-02-SMA.dat,"GHAN7, GHAN8",10.4231/D3C53F17M,"Flexible Shear Beam Container (1651 mm x 787 mm, Inner Dimensions, Model Scale)",2,The surface layer was split down the center of the container (in the shaking direction) with nevada sand and aquarium gravel as different surface layer materials
,83,T3.9-50-02-FF_F,JDA01,T3.9-50,FF_F,55,11,-0.7,Nevada Sand,16.8,0.8,Nevada Sand,3.9,0.5,Nevada Sand,2.8,0.8,none,none,none,yes,N/A - FF,N/A - FF,N/A - FF,N/A - FF,N/A - FF,N/A - FF,N/A - FF,N/A - FF,N/A - FF,N/A - FF,N/A - FF,N/A - FF,N/A - FF,N/A - FF,Small Port Island,0.5,2750,76.6,0.05,6.89,0.08,0.01,0.02,0,0.08,0.01,0.02,0.06,0.06,N/A,N/A,2,11.58,0.16,0.09,0.07,0.01,0.17,0.09,0.07,1.6,1.6,N/A - FF,N/A - FF,JDA01 Data Report.pdf,https://www.designsafe-ci.org/data/browser/public/nees.public/NEES-2008-0565.groups/,T3.9-50-02-BMA.dat,T3.9-50-02-SMA.dat,"GHAN7, GHAN8",10.4231/D3C53F17M,"Flexible Shear Beam Container (1651 mm x 787 mm, Inner Dimensions, Model Scale)",2,The surface layer was split down the center of the container (in the shaking direction) with nevada sand and aquarium gravel as different surface layer materials
,84,T3.9-50-02-FF_C,JDA01,T3.9-50,FF_C,55,11,-0.7,Nevada Sand,16.8,0.8,Nevada Sand,3.9,0.5,Aquarium Gravel,2.8,0.9,none,none,none,yes,N/A - FF,N/A - FF,N/A - FF,N/A - FF,N/A - FF,N/A - FF,N/A - FF,N/A - FF,N/A - FF,N/A - FF,N/A - FF,N/A - FF,N/A - FF,N/A - FF,Small Port Island,0.5,2750,76.6,0.05,6.89,0.08,0.01,0.02,0,0.08,0.01,0.02,0.06,0.06,N/A,N/A,2,11.58,0.16,0.09,0.07,0.01,0.17,0.09,0.07,2.5,2.5,N/A - FF,N/A - FF,JDA01 Data Report.pdf,https://www.designsafe-ci.org/data/browser/public/nees.public/NEES-2008-0565.groups/,T3.9-50-02-BMA.dat,T3.9-50-02-SMA.dat,"GHAN7, GHAN8",10.4231/D3C53F17M,"Flexible Shear Beam Container (1651 mm x 787 mm, Inner Dimensions, Model Scale)",2,The surface layer was split down the center of the container (in the shaking direction) with nevada sand and aquarium gravel as different surface layer materials
,85,T3.9-50-03-J_SC,JDA01,T3.9-50,J_SC,55,11,-0.7,Nevada Sand,16.8,0.8,Nevada Sand,3.9,0.5,Aquarium Gravel,2.8,0.9,none,none,none,yes,7.5,7.5,1.4,14.9,10.5,13.5,1031691,792943,28117,210631,0,179,0.87,none,Moderate Port Island,1.5,2750,76.4,0.16,20.78,0.35,0.26,0.31,0.05,0.43,0.28,0.33,Drift,0.17,N/A,N/A,2,28.61,0.57,0.45,0.63,0.08,0.73,0.54,0.7,107.7,115.7,-0.00221,-0.00184,JDA01 Data Report.pdf,https://www.designsafe-ci.org/data/browser/public/nees.public/NEES-2008-0565.groups/,T3.9-50-03-BMA.dat,T3.9-50-03-SMA.dat,"GHAN7, GHAN8",10.4231/D3C53F17M,"Flexible Shear Beam Container (1651 mm x 787 mm, Inner Dimensions, Model Scale)",3,The surface layer was split down the center of the container (in the shaking direction) with nevada sand and aquarium gravel as different surface layer materials
,86,T3.9-50-03-J_SF,JDA01,T3.9-50,J_SF,55,11,-0.7,Nevada Sand,16.8,0.8,Nevada Sand,3.9,0.5,Nevada Sand,2.8,0.8,none,none,none,yes,7.5,7.5,1.4,14.9,10.5,13.5,1031691,792943,28117,210631,0,179,0.87,none,Moderate Port Island,1.5,2750,76.4,0.16,20.78,0.35,0.26,0.31,0.05,0.43,0.28,0.33,Drift,0.17,N/A,N/A,2,28.61,0.57,0.45,0.63,0.08,0.73,0.54,0.7,112,118,-0.0023,-0.00281,JDA01 Data Report.pdf,https://www.designsafe-ci.org/data/browser/public/nees.public/NEES-2008-0565.groups/,T3.9-50-03-BMA.dat,T3.9-50-03-SMA.dat,"GHAN7, GHAN8",10.4231/D3C53F17M,"Flexible Shear Beam Container (1651 mm x 787 mm, Inner Dimensions, Model Scale)",3,The surface layer was split down the center of the container (in the shaking direction) with nevada sand and aquarium gravel as different surface layer materials
,87,T3.9-50-03-J_C,JDA01,T3.9-50,J_C,55,11,-0.7,Nevada Sand,16.8,0.8,Nevada Sand,3.9,0.5,Aquarium Gravel,2.8,0.9,none,none,none,yes,7.5,7.5,1.4,14.9,10.5,13.5,1031691,792943,28117,210631,1.4,179,0.87,none,Moderate Port Island,1.5,2750,76.4,0.16,20.78,0.35,0.26,0.31,0.05,0.43,0.28,0.33,Drift,0.17,N/A,N/A,2,28.61,0.57,0.45,0.63,0.08,0.73,0.54,0.7,80.3,85.7,-0.00112,-0.00161,JDA01 Data Report.pdf,https://www.designsafe-ci.org/data/browser/public/nees.public/NEES-2008-0565.groups/,T3.9-50-03-BMA.dat,T3.9-50-03-SMA.dat,"GHAN7, GHAN8",10.4231/D3C53F17M,"Flexible Shear Beam Container (1651 mm x 787 mm, Inner Dimensions, Model Scale)",3,The surface layer was split down the center of the container (in the shaking direction) with nevada sand and aquarium gravel as different surface layer materials
,88,T3.9-50-03-J_E,JDA01,T3.9-50,J_E,55,11,-0.7,Nevada Sand,16.8,0.8,Nevada Sand,3.9,0.5,Nevada Sand,2.8,0.8,none,none,none,yes,7.5,7.5,1.4,14.9,10.5,13.5,1031691,792943,28117,210631,1.4,179,0.87,none,Moderate Port Island,1.5,2750,76.4,0.16,20.78,0.35,0.26,0.31,0.05,0.43,0.28,0.33,Drift,0.17,N/A,N/A,2,28.61,0.57,0.45,0.63,0.08,0.73,0.54,0.7,70.6,75.4,-0.00909,-0.00955,JDA01 Data Report.pdf,https://www.designsafe-ci.org/data/browser/public/nees.public/NEES-2008-0565.groups/,T3.9-50-03-BMA.dat,T3.9-50-03-SMA.dat,"GHAN7, GHAN8",10.4231/D3C53F17M,"Flexible Shear Beam Container (1651 mm x 787 mm, Inner Dimensions, Model Scale)",3,The surface layer was split down the center of the container (in the shaking direction) with nevada sand and aquarium gravel as different surface layer materials
,89,T3.9-50-03-J_CP,JDA01,T3.9-50,J_CP,55,11,-0.7,Nevada Sand,16.8,0.8,Nevada Sand,3.9,0.5,Aquarium Gravel,2.8,0.9,none,none,none,yes,7.5,7.5,1.4,14.9,10.5,13.5,1031691,792943,28117,210631,1.4,179,0.87,Unattached Piles,Moderate Port Island,1.5,2750,76.4,0.16,20.78,0.35,0.26,0.31,0.05,0.43,0.28,0.33,Drift,0.17,N/A,N/A,2,28.61,0.57,0.45,0.63,0.08,0.73,0.54,0.7,5.2,6.3,0.00488,0.00493,JDA01 Data Report.pdf,https://www.designsafe-ci.org/data/browser/public/nees.public/NEES-2008-0565.groups/,T3.9-50-03-BMA.dat,T3.9-50-03-SMA.dat,"GHAN7, GHAN8",10.4231/D3C53F17M,"Flexible Shear Beam Container (1651 mm x 787 mm, Inner Dimensions, Model Scale)",3,The surface layer was split down the center of the container (in the shaking direction) with nevada sand and aquarium gravel as different surface layer materials
,90,T3.9-50-03-J_PF,JDA01,T3.9-50,J_PF,55,11,-0.7,Nevada Sand,16.8,0.8,Nevada Sand,3.9,0.5,Nevada Sand,2.8,0.8,none,none,none,yes,7.5,7.5,1.4,14.9,10.5,13.5,1031691,792943,28117,210631,1.4,179,0.87,Unattached Piles,Moderate Port Island,1.5,2750,76.4,0.16,20.78,0.35,0.26,0.31,0.05,0.43,0.28,0.33,Drift,0.17,N/A,N/A,2,28.61,0.57,0.45,0.63,0.08,0.73,0.54,0.7,69,73.3,-0.00294,-0.00469,JDA01 Data Report.pdf,https://www.designsafe-ci.org/data/browser/public/nees.public/NEES-2008-0565.groups/,T3.9-50-03-BMA.dat,T3.9-50-03-SMA.dat,"GHAN7, GHAN8",10.4231/D3C53F17M,"Flexible Shear Beam Container (1651 mm x 787 mm, Inner Dimensions, Model Scale)",3,The surface layer was split down the center of the container (in the shaking direction) with nevada sand and aquarium gravel as different surface layer materials
,91,T3.9-50-03-FF_F,JDA01,T3.9-50,FF_F,55,11,-0.7,Nevada Sand,16.8,0.8,Nevada Sand,3.9,0.5,Nevada Sand,2.8,0.8,none,none,none,yes,N/A - FF,N/A - FF,N/A - FF,N/A - FF,N/A - FF,N/A - FF,N/A - FF,N/A - FF,N/A - FF,N/A - FF,N/A - FF,N/A - FF,N/A - FF,N/A - FF,Moderate Port Island,1.5,2750,76.4,0.16,20.78,0.35,0.26,0.31,0.05,0.43,0.28,0.33,Drift,0.17,N/A,N/A,2,28.61,0.57,0.45,0.63,0.08,0.73,0.54,0.7,58,59.5,N/A - FF,N/A - FF,JDA01 Data Report.pdf,https://www.designsafe-ci.org/data/browser/public/nees.public/NEES-2008-0565.groups/,T3.9-50-03-BMA.dat,T3.9-50-03-SMA.dat,"GHAN7, GHAN8",10.4231/D3C53F17M,"Flexible Shear Beam Container (1651 mm x 787 mm, Inner Dimensions, Model Scale)",3,The surface layer was split down the center of the container (in the shaking direction) with nevada sand and aquarium gravel as different surface layer materials
,92,T3.9-50-03-FF_C,JDA01,T3.9-50,FF_C,55,11,-0.7,Nevada Sand,16.8,0.8,Nevada Sand,3.9,0.5,Aquarium Gravel,2.8,0.9,none,none,none,yes,N/A - FF,N/A - FF,N/A - FF,N/A - FF,N/A - FF,N/A - FF,N/A - FF,N/A - FF,N/A - FF,N/A - FF,N/A - FF,N/A - FF,N/A - FF,N/A - FF,Moderate Port Island,1.5,2750,76.4,0.16,20.78,0.35,0.26,0.31,0.05,0.43,0.28,0.33,Drift,0.17,N/A,N/A,2,28.61,0.57,0.45,0.63,0.08,0.73,0.54,0.7,31.2,33.7,N/A - FF,N/A - FF,JDA01 Data Report.pdf,https://www.designsafe-ci.org/data/browser/public/nees.public/NEES-2008-0565.groups/,T3.9-50-03-BMA.dat,T3.9-50-03-SMA.dat,"GHAN7, GHAN8",10.4231/D3C53F17M,"Flexible Shear Beam Container (1651 mm x 787 mm, Inner Dimensions, Model Scale)",3,The surface layer was split down the center of the container (in the shaking direction) with nevada sand and aquarium gravel as different surface layer materials
,93,T3.9-50-04-J_SC,JDA01,T3.9-50,J_SC,55,11,-0.7,Nevada Sand,16.8,0.8,Nevada Sand,3.9,0.5,Aquarium Gravel,2.8,0.9,none,none,none,yes,7.5,7.5,1.4,14.9,10.5,13.5,1031691,792943,28117,210631,0,179,0.87,none,Step Wave,1,4000,76.4,N/A,N/A,N/A,N/A,N/A,N/A,0.43,0.28,0.33,N/A,N/A,N/A,N/A,N/A,N/A,N/A,N/A,N/A,N/A,0.73,0.54,0.7,0,115.7,0,-0.00184,JDA01 Data Report.pdf,https://www.designsafe-ci.org/data/browser/public/nees.public/NEES-2008-0565.groups/,#VALUE!,#VALUE!,"GHAN7, GHAN8",10.4231/D3C53F17M,"Flexible Shear Beam Container (1651 mm x 787 mm, Inner Dimensions, Model Scale)",4,The surface layer was split down the center of the container (in the shaking direction) with nevada sand and aquarium gravel as different surface layer materials
,94,T3.9-50-04-J_SF,JDA01,T3.9-50,J_SF,55,11,-0.7,Nevada Sand,16.8,0.8,Nevada Sand,3.9,0.5,Nevada Sand,2.8,0.8,none,none,none,yes,7.5,7.5,1.4,14.9,10.5,13.5,1031691,792943,28117,210631,0,179,0.87,none,Step Wave,1,4000,76.4,N/A,N/A,N/A,N/A,N/A,N/A,0.43,0.28,0.33,N/A,N/A,N/A,N/A,N/A,N/A,N/A,N/A,N/A,N/A,0.73,0.54,0.7,0,118,0,-0.00281,JDA01 Data Report.pdf,https://www.designsafe-ci.org/data/browser/public/nees.public/NEES-2008-0565.groups/,#VALUE!,#VALUE!,"GHAN7, GHAN8",10.4231/D3C53F17M,"Flexible Shear Beam Container (1651 mm x 787 mm, Inner Dimensions, Model Scale)",4,The surface layer was split down the center of the container (in the shaking direction) with nevada sand and aquarium gravel as different surface layer materials
,95,T3.9-50-04-J_C,JDA01,T3.9-50,J_C,55,11,-0.7,Nevada Sand,16.8,0.8,Nevada Sand,3.9,0.5,Aquarium Gravel,2.8,0.9,none,none,none,yes,7.5,7.5,1.4,14.9,10.5,13.5,1031691,792943,28117,210631,1.4,179,0.87,none,Step Wave,1,4000,76.4,N/A,N/A,N/A,N/A,N/A,N/A,0.43,0.28,0.33,N/A,N/A,N/A,N/A,N/A,N/A,N/A,N/A,N/A,N/A,0.73,0.54,0.7,0,85.7,0,-0.00161,JDA01 Data Report.pdf,https://www.designsafe-ci.org/data/browser/public/nees.public/NEES-2008-0565.groups/,#VALUE!,#VALUE!,"GHAN7, GHAN8",10.4231/D3C53F17M,"Flexible Shear Beam Container (1651 mm x 787 mm, Inner Dimensions, Model Scale)",4,The surface layer was split down the center of the container (in the shaking direction) with nevada sand and aquarium gravel as different surface layer materials
,96,T3.9-50-04-J_E,JDA01,T3.9-50,J_E,55,11,-0.7,Nevada Sand,16.8,0.8,Nevada Sand,3.9,0.5,Nevada Sand,2.8,0.8,none,none,none,yes,7.5,7.5,1.4,14.9,10.5,13.5,1031691,792943,28117,210631,1.4,179,0.87,none,Step Wave,1,4000,76.4,N/A,N/A,N/A,N/A,N/A,N/A,0.43,0.28,0.33,N/A,N/A,N/A,N/A,N/A,N/A,N/A,N/A,N/A,N/A,0.73,0.54,0.7,0,75.4,0,-0.00955,JDA01 Data Report.pdf,https://www.designsafe-ci.org/data/browser/public/nees.public/NEES-2008-0565.groups/,#VALUE!,#VALUE!,"GHAN7, GHAN8",10.4231/D3C53F17M,"Flexible Shear Beam Container (1651 mm x 787 mm, Inner Dimensions, Model Scale)",4,The surface layer was split down the center of the container (in the shaking direction) with nevada sand and aquarium gravel as different surface layer materials
,97,T3.9-50-04-J_CP,JDA01,T3.9-50,J_CP,55,11,-0.7,Nevada Sand,16.8,0.8,Nevada Sand,3.9,0.5,Aquarium Gravel,2.8,0.9,none,none,none,yes,7.5,7.5,1.4,14.9,10.5,13.5,1031691,792943,28117,210631,1.4,179,0.87,Unattached Piles,Step Wave,1,4000,76.4,N/A,N/A,N/A,N/A,N/A,N/A,0.43,0.28,0.33,N/A,N/A,N/A,N/A,N/A,N/A,N/A,N/A,N/A,N/A,0.73,0.54,0.7,0,6.3,0,0.00493,JDA01 Data Report.pdf,https://www.designsafe-ci.org/data/browser/public/nees.public/NEES-2008-0565.groups/,#VALUE!,#VALUE!,"GHAN7, GHAN8",10.4231/D3C53F17M,"Flexible Shear Beam Container (1651 mm x 787 mm, Inner Dimensions, Model Scale)",4,The surface layer was split down the center of the container (in the shaking direction) with nevada sand and aquarium gravel as different surface layer materials
,98,T3.9-50-04-J_PF,JDA01,T3.9-50,J_PF,55,11,-0.7,Nevada Sand,16.8,0.8,Nevada Sand,3.9,0.5,Nevada Sand,2.8,0.8,none,none,none,yes,7.5,7.5,1.4,14.9,10.5,13.5,1031691,792943,28117,210631,1.4,179,0.87,Unattached Piles,Step Wave,1,4000,76.4,N/A,N/A,N/A,N/A,N/A,N/A,0.43,0.28,0.33,N/A,N/A,N/A,N/A,N/A,N/A,N/A,N/A,N/A,N/A,0.73,0.54,0.7,0,73.3,0,-0.00469,JDA01 Data Report.pdf,https://www.designsafe-ci.org/data/browser/public/nees.public/NEES-2008-0565.groups/,#VALUE!,#VALUE!,"GHAN7, GHAN8",10.4231/D3C53F17M,"Flexible Shear Beam Container (1651 mm x 787 mm, Inner Dimensions, Model Scale)",4,The surface layer was split down the center of the container (in the shaking direction) with nevada sand and aquarium gravel as different surface layer materials
,99,T3.9-50-04-FF_F,JDA01,T3.9-50,FF_F,55,11,-0.7,Nevada Sand,16.8,0.8,Nevada Sand,3.9,0.5,Nevada Sand,2.8,0.8,none,none,none,yes,N/A - FF,N/A - FF,N/A - FF,N/A - FF,N/A - FF,N/A - FF,N/A - FF,N/A - FF,N/A - FF,N/A - FF,N/A - FF,N/A - FF,N/A - FF,N/A - FF,Step Wave,1,4000,76.4,N/A,N/A,N/A,N/A,N/A,N/A,0.43,0.28,0.33,N/A,N/A,N/A,N/A,N/A,N/A,N/A,N/A,N/A,N/A,0.73,0.54,0.7,0,59.5,N/A - FF,N/A - FF,JDA01 Data Report.pdf,https://www.designsafe-ci.org/data/browser/public/nees.public/NEES-2008-0565.groups/,#VALUE!,#VALUE!,"GHAN7, GHAN8",10.4231/D3C53F17M,"Flexible Shear Beam Container (1651 mm x 787 mm, Inner Dimensions, Model Scale)",4,The surface layer was split down the center of the container (in the shaking direction) with nevada sand and aquarium gravel as different surface layer materials
,100,T3.9-50-04-FF_C,JDA01,T3.9-50,FF_C,55,11,-0.7,Nevada Sand,16.8,0.8,Nevada Sand,3.9,0.5,Aquarium Gravel,2.8,0.9,none,none,none,yes,N/A - FF,N/A - FF,N/A - FF,N/A - FF,N/A - FF,N/A - FF,N/A - FF,N/A - FF,N/A - FF,N/A - FF,N/A - FF,N/A - FF,N/A - FF,N/A - FF,Step Wave,1,4000,76.4,N/A,N/A,N/A,N/A,N/A,N/A,0.43,0.28,0.33,N/A,N/A,N/A,N/A,N/A,N/A,N/A,N/A,N/A,N/A,0.73,0.54,0.7,0,33.7,N/A - FF,N/A - FF,JDA01 Data Report.pdf,https://www.designsafe-ci.org/data/browser/public/nees.public/NEES-2008-0565.groups/,#VALUE!,#VALUE!,"GHAN7, GHAN8",10.4231/D3C53F17M,"Flexible Shear Beam Container (1651 mm x 787 mm, Inner Dimensions, Model Scale)",4,The surface layer was split down the center of the container (in the shaking direction) with nevada sand and aquarium gravel as different surface layer materials
,101,T3.9-50-05-J_SC,JDA01,T3.9-50,J_SC,55,11,-0.7,Nevada Sand,16.8,0.8,Nevada Sand,3.9,0.5,Aquarium Gravel,2.8,0.9,none,none,none,yes,7.5,7.5,1.4,14.9,10.5,13.5,1031691,792943,28117,210631,0,179,0.87,none,Step Wave,1,4000,76.7,N/A,N/A,N/A,N/A,N/A,N/A,0.43,0.28,0.33,N/A,N/A,N/A,N/A,N/A,N/A,N/A,N/A,N/A,N/A,0.73,0.54,0.7,0,115.7,0,-0.00184,JDA01 Data Report.pdf,https://www.designsafe-ci.org/data/browser/public/nees.public/NEES-2008-0565.groups/,#VALUE!,#VALUE!,"GHAN7, GHAN8",10.4231/D3C53F17M,"Flexible Shear Beam Container (1651 mm x 787 mm, Inner Dimensions, Model Scale)",5,The surface layer was split down the center of the container (in the shaking direction) with nevada sand and aquarium gravel as different surface layer materials
,102,T3.9-50-05-J_SF,JDA01,T3.9-50,J_SF,55,11,-0.7,Nevada Sand,16.8,0.8,Nevada Sand,3.9,0.5,Nevada Sand,2.8,0.8,none,none,none,yes,7.5,7.5,1.4,14.9,10.5,13.5,1031691,792943,28117,210631,0,179,0.87,none,Step Wave,1,4000,76.7,N/A,N/A,N/A,N/A,N/A,N/A,0.43,0.28,0.33,N/A,N/A,N/A,N/A,N/A,N/A,N/A,N/A,N/A,N/A,0.73,0.54,0.7,0,118,0,-0.00281,JDA01 Data Report.pdf,https://www.designsafe-ci.org/data/browser/public/nees.public/NEES-2008-0565.groups/,#VALUE!,#VALUE!,"GHAN7, GHAN8",10.4231/D3C53F17M,"Flexible Shear Beam Container (1651 mm x 787 mm, Inner Dimensions, Model Scale)",5,The surface layer was split down the center of the container (in the shaking direction) with nevada sand and aquarium gravel as different surface layer materials
,103,T3.9-50-05-J_C,JDA01,T3.9-50,J_C,55,11,-0.7,Nevada Sand,16.8,0.8,Nevada Sand,3.9,0.5,Aquarium Gravel,2.8,0.9,none,none,none,yes,7.5,7.5,1.4,14.9,10.5,13.5,1031691,792943,28117,210631,1.4,179,0.87,none,Step Wave,1,4000,76.7,N/A,N/A,N/A,N/A,N/A,N/A,0.43,0.28,0.33,N/A,N/A,N/A,N/A,N/A,N/A,N/A,N/A,N/A,N/A,0.73,0.54,0.7,0,85.7,0,-0.00161,JDA01 Data Report.pdf,https://www.designsafe-ci.org/data/browser/public/nees.public/NEES-2008-0565.groups/,#VALUE!,#VALUE!,"GHAN7, GHAN8",10.4231/D3C53F17M,"Flexible Shear Beam Container (1651 mm x 787 mm, Inner Dimensions, Model Scale)",5,The surface layer was split down the center of the container (in the shaking direction) with nevada sand and aquarium gravel as different surface layer materials
,104,T3.9-50-05-J_E,JDA01,T3.9-50,J_E,55,11,-0.7,Nevada Sand,16.8,0.8,Nevada Sand,3.9,0.5,Nevada Sand,2.8,0.8,none,none,none,yes,7.5,7.5,1.4,14.9,10.5,13.5,1031691,792943,28117,210631,1.4,179,0.87,none,Step Wave,1,4000,76.7,N/A,N/A,N/A,N/A,N/A,N/A,0.43,0.28,0.33,N/A,N/A,N/A,N/A,N/A,N/A,N/A,N/A,N/A,N/A,0.73,0.54,0.7,0,75.4,0,-0.00955,JDA01 Data Report.pdf,https://www.designsafe-ci.org/data/browser/public/nees.public/NEES-2008-0565.groups/,#VALUE!,#VALUE!,"GHAN7, GHAN8",10.4231/D3C53F17M,"Flexible Shear Beam Container (1651 mm x 787 mm, Inner Dimensions, Model Scale)",5,The surface layer was split down the center of the container (in the shaking direction) with nevada sand and aquarium gravel as different surface layer materials
,105,T3.9-50-05-J_CP,JDA01,T3.9-50,J_CP,55,11,-0.7,Nevada Sand,16.8,0.8,Nevada Sand,3.9,0.5,Aquarium Gravel,2.8,0.9,none,none,none,yes,7.5,7.5,1.4,14.9,10.5,13.5,1031691,792943,28117,210631,1.4,179,0.87,Unattached Piles,Step Wave,1,4000,76.7,N/A,N/A,N/A,N/A,N/A,N/A,0.43,0.28,0.33,N/A,N/A,N/A,N/A,N/A,N/A,N/A,N/A,N/A,N/A,0.73,0.54,0.7,0,6.3,0,0.00493,JDA01 Data Report.pdf,https://www.designsafe-ci.org/data/browser/public/nees.public/NEES-2008-0565.groups/,#VALUE!,#VALUE!,"GHAN7, GHAN8",10.4231/D3C53F17M,"Flexible Shear Beam Container (1651 mm x 787 mm, Inner Dimensions, Model Scale)",5,The surface layer was split down the center of the container (in the shaking direction) with nevada sand and aquarium gravel as different surface layer materials
,106,T3.9-50-05-J_PF,JDA01,T3.9-50,J_PF,55,11,-0.7,Nevada Sand,16.8,0.8,Nevada Sand,3.9,0.5,Nevada Sand,2.8,0.8,none,none,none,yes,7.5,7.5,1.4,14.9,10.5,13.5,1031691,792943,28117,210631,1.4,179,0.87,Unattached Piles,Step Wave,1,4000,76.7,N/A,N/A,N/A,N/A,N/A,N/A,0.43,0.28,0.33,N/A,N/A,N/A,N/A,N/A,N/A,N/A,N/A,N/A,N/A,0.73,0.54,0.7,0,73.3,0,-0.00469,JDA01 Data Report.pdf,https://www.designsafe-ci.org/data/browser/public/nees.public/NEES-2008-0565.groups/,#VALUE!,#VALUE!,"GHAN7, GHAN8",10.4231/D3C53F17M,"Flexible Shear Beam Container (1651 mm x 787 mm, Inner Dimensions, Model Scale)",5,The surface layer was split down the center of the container (in the shaking direction) with nevada sand and aquarium gravel as different surface layer materials
,107,T3.9-50-05-FF_F,JDA01,T3.9-50,FF_F,55,11,-0.7,Nevada Sand,16.8,0.8,Nevada Sand,3.9,0.5,Nevada Sand,2.8,0.8,none,none,none,yes,N/A - FF,N/A - FF,N/A - FF,N/A - FF,N/A - FF,N/A - FF,N/A - FF,N/A - FF,N/A - FF,N/A - FF,N/A - FF,N/A - FF,N/A - FF,N/A - FF,Step Wave,1,4000,76.7,N/A,N/A,N/A,N/A,N/A,N/A,0.43,0.28,0.33,N/A,N/A,N/A,N/A,N/A,N/A,N/A,N/A,N/A,N/A,0.73,0.54,0.7,0,59.5,N/A - FF,N/A - FF,JDA01 Data Report.pdf,https://www.designsafe-ci.org/data/browser/public/nees.public/NEES-2008-0565.groups/,#VALUE!,#VALUE!,"GHAN7, GHAN8",10.4231/D3C53F17M,"Flexible Shear Beam Container (1651 mm x 787 mm, Inner Dimensions, Model Scale)",5,The surface layer was split down the center of the container (in the shaking direction) with nevada sand and aquarium gravel as different surface layer materials
,108,T3.9-50-05-FF_C,JDA01,T3.9-50,FF_C,55,11,-0.7,Nevada Sand,16.8,0.8,Nevada Sand,3.9,0.5,Aquarium Gravel,2.8,0.9,none,none,none,yes,N/A - FF,N/A - FF,N/A - FF,N/A - FF,N/A - FF,N/A - FF,N/A - FF,N/A - FF,N/A - FF,N/A - FF,N/A - FF,N/A - FF,N/A - FF,N/A - FF,Step Wave,1,4000,76.7,N/A,N/A,N/A,N/A,N/A,N/A,0.43,0.28,0.33,N/A,N/A,N/A,N/A,N/A,N/A,N/A,N/A,N/A,N/A,0.73,0.54,0.7,0,33.7,N/A - FF,N/A - FF,JDA01 Data Report.pdf,https://www.designsafe-ci.org/data/browser/public/nees.public/NEES-2008-0565.groups/,#VALUE!,#VALUE!,"GHAN7, GHAN8",10.4231/D3C53F17M,"Flexible Shear Beam Container (1651 mm x 787 mm, Inner Dimensions, Model Scale)",5,The surface layer was split down the center of the container (in the shaking direction) with nevada sand and aquarium gravel as different surface layer materials
,109,T3.9-50-06-J_SC,JDA01,T3.9-50,J_SC,55,11,-0.7,Nevada Sand,16.8,0.8,Nevada Sand,3.9,0.5,Aquarium Gravel,2.8,0.9,none,none,none,yes,7.5,7.5,1.4,14.9,10.5,13.5,1031691,792943,28117,210631,0,179,0.87,none,Moderate Port Island,1.5,2750,76.5,0.19,22.74,0.38,0.29,0.39,0.06,0.81,0.56,0.72,0.23,0.22,N/A,N/A,2,33.49,0.66,0.56,0.86,0.13,1.4,1.1,1.56,59.2,174.9,-0.00078,-0.00262,JDA01 Data Report.pdf,https://www.designsafe-ci.org/data/browser/public/nees.public/NEES-2008-0565.groups/,T3.9-50-06-BMA.dat,T3.9-50-06-SMA.dat,"GHAN7, GHAN8",10.4231/D3C53F17M,"Flexible Shear Beam Container (1651 mm x 787 mm, Inner Dimensions, Model Scale)",6,The surface layer was split down the center of the container (in the shaking direction) with nevada sand and aquarium gravel as different surface layer materials
,110,T3.9-50-06-J_SF,JDA01,T3.9-50,J_SF,55,11,-0.7,Nevada Sand,16.8,0.8,Nevada Sand,3.9,0.5,Nevada Sand,2.8,0.8,none,none,none,yes,7.5,7.5,1.4,14.9,10.5,13.5,1031691,792943,28117,210631,0,179,0.87,none,Moderate Port Island,1.5,2750,76.5,0.19,22.74,0.38,0.29,0.39,0.06,0.81,0.56,0.72,0.23,0.22,N/A,N/A,2,33.49,0.66,0.56,0.86,0.13,1.4,1.1,1.56,78.8,196.8,-0.0017,-0.00451,JDA01 Data Report.pdf,https://www.designsafe-ci.org/data/browser/public/nees.public/NEES-2008-0565.groups/,T3.9-50-06-BMA.dat,T3.9-50-06-SMA.dat,"GHAN7, GHAN8",10.4231/D3C53F17M,"Flexible Shear Beam Container (1651 mm x 787 mm, Inner Dimensions, Model Scale)",6,The surface layer was split down the center of the container (in the shaking direction) with nevada sand and aquarium gravel as different surface layer materials
,111,T3.9-50-06-J_C,JDA01,T3.9-50,J_C,55,11,-0.7,Nevada Sand,16.8,0.8,Nevada Sand,3.9,0.5,Aquarium Gravel,2.8,0.9,none,none,none,yes,7.5,7.5,1.4,14.9,10.5,13.5,1031691,792943,28117,210631,1.4,179,0.87,none,Moderate Port Island,1.5,2750,76.5,0.19,22.74,0.38,0.29,0.39,0.06,0.81,0.56,0.72,0.23,0.22,N/A,N/A,2,33.49,0.66,0.56,0.86,0.13,1.4,1.1,1.56,49,134.7,0.00172,0.0001,JDA01 Data Report.pdf,https://www.designsafe-ci.org/data/browser/public/nees.public/NEES-2008-0565.groups/,T3.9-50-06-BMA.dat,T3.9-50-06-SMA.dat,"GHAN7, GHAN8",10.4231/D3C53F17M,"Flexible Shear Beam Container (1651 mm x 787 mm, Inner Dimensions, Model Scale)",6,The surface layer was split down the center of the container (in the shaking direction) with nevada sand and aquarium gravel as different surface layer materials
,112,T3.9-50-06-J_E,JDA01,T3.9-50,J_E,55,11,-0.7,Nevada Sand,16.8,0.8,Nevada Sand,3.9,0.5,Nevada Sand,2.8,0.8,none,none,none,yes,7.5,7.5,1.4,14.9,10.5,13.5,1031691,792943,28117,210631,1.4,179,0.87,none,Moderate Port Island,1.5,2750,76.5,0.19,22.74,0.38,0.29,0.39,0.06,0.81,0.56,0.72,0.23,0.22,N/A,N/A,2,33.49,0.66,0.56,0.86,0.13,1.4,1.1,1.56,41.4,116.8,-0.00472,-0.01427,JDA01 Data Report.pdf,https://www.designsafe-ci.org/data/browser/public/nees.public/NEES-2008-0565.groups/,T3.9-50-06-BMA.dat,T3.9-50-06-SMA.dat,"GHAN7, GHAN8",10.4231/D3C53F17M,"Flexible Shear Beam Container (1651 mm x 787 mm, Inner Dimensions, Model Scale)",6,The surface layer was split down the center of the container (in the shaking direction) with nevada sand and aquarium gravel as different surface layer materials
,113,T3.9-50-06-J_CP,JDA01,T3.9-50,J_CP,55,11,-0.7,Nevada Sand,16.8,0.8,Nevada Sand,3.9,0.5,Aquarium Gravel,2.8,0.9,none,none,none,yes,7.5,7.5,1.4,14.9,10.5,13.5,1031691,792943,28117,210631,1.4,179,0.87,Unattached Piles,Moderate Port Island,1.5,2750,76.5,0.19,22.74,0.38,0.29,0.39,0.06,0.81,0.56,0.72,0.23,0.22,N/A,N/A,2,33.49,0.66,0.56,0.86,0.13,1.4,1.1,1.56,11.2,17.5,0.00251,0.00744,JDA01 Data Report.pdf,https://www.designsafe-ci.org/data/browser/public/nees.public/NEES-2008-0565.groups/,T3.9-50-06-BMA.dat,T3.9-50-06-SMA.dat,"GHAN7, GHAN8",10.4231/D3C53F17M,"Flexible Shear Beam Container (1651 mm x 787 mm, Inner Dimensions, Model Scale)",6,The surface layer was split down the center of the container (in the shaking direction) with nevada sand and aquarium gravel as different surface layer materials
,114,T3.9-50-06-J_PF,JDA01,T3.9-50,J_PF,55,11,-0.7,Nevada Sand,16.8,0.8,Nevada Sand,3.9,0.5,Nevada Sand,2.8,0.8,none,none,none,yes,7.5,7.5,1.4,14.9,10.5,13.5,1031691,792943,28117,210631,1.4,179,0.87,Unattached Piles,Moderate Port Island,1.5,2750,76.5,0.19,22.74,0.38,0.29,0.39,0.06,0.81,0.56,0.72,0.23,0.22,N/A,N/A,2,33.49,0.66,0.56,0.86,0.13,1.4,1.1,1.56,53.8,127.1,-0.00195,-0.00664,JDA01 Data Report.pdf,https://www.designsafe-ci.org/data/browser/public/nees.public/NEES-2008-0565.groups/,T3.9-50-06-BMA.dat,T3.9-50-06-SMA.dat,"GHAN7, GHAN8",10.4231/D3C53F17M,"Flexible Shear Beam Container (1651 mm x 787 mm, Inner Dimensions, Model Scale)",6,The surface layer was split down the center of the container (in the shaking direction) with nevada sand and aquarium gravel as different surface layer materials
,115,T3.9-50-06-FF_F,JDA01,T3.9-50,FF_F,55,11,-0.7,Nevada Sand,16.8,0.8,Nevada Sand,3.9,0.5,Nevada Sand,2.8,0.8,none,none,none,yes,N/A - FF,N/A - FF,N/A - FF,N/A - FF,N/A - FF,N/A - FF,N/A - FF,N/A - FF,N/A - FF,N/A - FF,N/A - FF,N/A - FF,N/A - FF,N/A - FF,Moderate Port Island,1.5,2750,76.5,0.19,22.74,0.38,0.29,0.39,0.06,0.81,0.56,0.72,0.23,0.22,N/A,N/A,2,33.49,0.66,0.56,0.86,0.13,1.4,1.1,1.56,35.8,95.3,N/A - FF,N/A - FF,JDA01 Data Report.pdf,https://www.designsafe-ci.org/data/browser/public/nees.public/NEES-2008-0565.groups/,T3.9-50-06-BMA.dat,T3.9-50-06-SMA.dat,"GHAN7, GHAN8",10.4231/D3C53F17M,"Flexible Shear Beam Container (1651 mm x 787 mm, Inner Dimensions, Model Scale)",6,The surface layer was split down the center of the container (in the shaking direction) with nevada sand and aquarium gravel as different surface layer materials
,116,T3.9-50-06-FF_C,JDA01,T3.9-50,FF_C,55,11,-0.7,Nevada Sand,16.8,0.8,Nevada Sand,3.9,0.5,Aquarium Gravel,2.8,0.9,none,none,none,yes,N/A - FF,N/A - FF,N/A - FF,N/A - FF,N/A - FF,N/A - FF,N/A - FF,N/A - FF,N/A - FF,N/A - FF,N/A - FF,N/A - FF,N/A - FF,N/A - FF,Moderate Port Island,1.5,2750,76.5,0.19,22.74,0.38,0.29,0.39,0.06,0.81,0.56,0.72,0.23,0.22,N/A,N/A,2,33.49,0.66,0.56,0.86,0.13,1.4,1.1,1.56,19.8,53.5,N/A - FF,N/A - FF,JDA01 Data Report.pdf,https://www.designsafe-ci.org/data/browser/public/nees.public/NEES-2008-0565.groups/,T3.9-50-06-BMA.dat,T3.9-50-06-SMA.dat,"GHAN7, GHAN8",10.4231/D3C53F17M,"Flexible Shear Beam Container (1651 mm x 787 mm, Inner Dimensions, Model Scale)",6,The surface layer was split down the center of the container (in the shaking direction) with nevada sand and aquarium gravel as different surface layer materials
,117,T3.9-50-07-J_SC,JDA01,T3.9-50,J_SC,55,11,-0.7,Nevada Sand,16.8,0.8,Nevada Sand,3.9,0.5,Aquarium Gravel,2.8,0.9,none,none,none,yes,7.5,7.5,1.4,14.9,10.5,13.5,1031691,792943,28117,210631,0,179,0.87,none,Large Port Island,5.1,2750,76.5,0.55,49.07,1.32,1.18,3.82,0.57,2.13,1.74,4.55,1.52,0.89,N/A,N/A,2,69.33,1.79,1.4,5.49,0.67,3.19,2.5,7.05,434.5,609.4,-0.01429,-0.01691,JDA01 Data Report.pdf,https://www.designsafe-ci.org/data/browser/public/nees.public/NEES-2008-0565.groups/,T3.9-50-07-BMA.dat,T3.9-50-07-SMA.dat,"GHAN7, GHAN8",10.4231/D3C53F17M,"Flexible Shear Beam Container (1651 mm x 787 mm, Inner Dimensions, Model Scale)",7,The surface layer was split down the center of the container (in the shaking direction) with nevada sand and aquarium gravel as different surface layer materials
,118,T3.9-50-07-J_SF,JDA01,T3.9-50,J_SF,55,11,-0.7,Nevada Sand,16.8,0.8,Nevada Sand,3.9,0.5,Nevada Sand,2.8,0.8,none,none,none,yes,7.5,7.5,1.4,14.9,10.5,13.5,1031691,792943,28117,210631,0,179,0.87,none,Large Port Island,5.1,2750,76.5,0.55,49.07,1.32,1.18,3.82,0.57,2.13,1.74,4.55,1.52,0.89,N/A,N/A,2,69.33,1.79,1.4,5.49,0.67,3.19,2.5,7.05,447.4,644.2,-0.01278,-0.01729,JDA01 Data Report.pdf,https://www.designsafe-ci.org/data/browser/public/nees.public/NEES-2008-0565.groups/,T3.9-50-07-BMA.dat,T3.9-50-07-SMA.dat,"GHAN7, GHAN8",10.4231/D3C53F17M,"Flexible Shear Beam Container (1651 mm x 787 mm, Inner Dimensions, Model Scale)",7,The surface layer was split down the center of the container (in the shaking direction) with nevada sand and aquarium gravel as different surface layer materials
,119,T3.9-50-07-J_C,JDA01,T3.9-50,J_C,55,11,-0.7,Nevada Sand,16.8,0.8,Nevada Sand,3.9,0.5,Aquarium Gravel,2.8,0.9,none,none,none,yes,7.5,7.5,1.4,14.9,10.5,13.5,1031691,792943,28117,210631,1.4,179,0.87,none,Large Port Island,5.1,2750,76.5,0.55,49.07,1.32,1.18,3.82,0.57,2.13,1.74,4.55,1.52,0.89,N/A,N/A,2,69.33,1.79,1.4,5.49,0.67,3.19,2.5,7.05,392.5,527.2,0.00016,0.00026,JDA01 Data Report.pdf,https://www.designsafe-ci.org/data/browser/public/nees.public/NEES-2008-0565.groups/,T3.9-50-07-BMA.dat,T3.9-50-07-SMA.dat,"GHAN7, GHAN8",10.4231/D3C53F17M,"Flexible Shear Beam Container (1651 mm x 787 mm, Inner Dimensions, Model Scale)",7,The surface layer was split down the center of the container (in the shaking direction) with nevada sand and aquarium gravel as different surface layer materials
,120,T3.9-50-07-J_E,JDA01,T3.9-50,J_E,55,11,-0.7,Nevada Sand,16.8,0.8,Nevada Sand,3.9,0.5,Nevada Sand,2.8,0.8,none,none,none,yes,7.5,7.5,1.4,14.9,10.5,13.5,1031691,792943,28117,210631,1.4,179,0.87,none,Large Port Island,5.1,2750,76.5,0.55,49.07,1.32,1.18,3.82,0.57,2.13,1.74,4.55,1.52,0.89,N/A,N/A,2,69.33,1.79,1.4,5.49,0.67,3.19,2.5,7.05,301.8,418.6,-0.03963,-0.0539,JDA01 Data Report.pdf,https://www.designsafe-ci.org/data/browser/public/nees.public/NEES-2008-0565.groups/,T3.9-50-07-BMA.dat,T3.9-50-07-SMA.dat,"GHAN7, GHAN8",10.4231/D3C53F17M,"Flexible Shear Beam Container (1651 mm x 787 mm, Inner Dimensions, Model Scale)",7,The surface layer was split down the center of the container (in the shaking direction) with nevada sand and aquarium gravel as different surface layer materials
,121,T3.9-50-07-J_CP,JDA01,T3.9-50,J_CP,55,11,-0.7,Nevada Sand,16.8,0.8,Nevada Sand,3.9,0.5,Aquarium Gravel,2.8,0.9,none,none,none,yes,7.5,7.5,1.4,14.9,10.5,13.5,1031691,792943,28117,210631,1.4,179,0.87,Unattached Piles,Large Port Island,5.1,2750,76.5,0.55,49.07,1.32,1.18,3.82,0.57,2.13,1.74,4.55,1.52,0.89,N/A,N/A,2,69.33,1.79,1.4,5.49,0.67,3.19,2.5,7.05,142.1,159.5,0.03131,0.03875,JDA01 Data Report.pdf,https://www.designsafe-ci.org/data/browser/public/nees.public/NEES-2008-0565.groups/,T3.9-50-07-BMA.dat,T3.9-50-07-SMA.dat,"GHAN7, GHAN8",10.4231/D3C53F17M,"Flexible Shear Beam Container (1651 mm x 787 mm, Inner Dimensions, Model Scale)",7,The surface layer was split down the center of the container (in the shaking direction) with nevada sand and aquarium gravel as different surface layer materials
,122,T3.9-50-07-J_PF,JDA01,T3.9-50,J_PF,55,11,-0.7,Nevada Sand,16.8,0.8,Nevada Sand,3.9,0.5,Nevada Sand,2.8,0.8,none,none,none,yes,7.5,7.5,1.4,14.9,10.5,13.5,1031691,792943,28117,210631,1.4,179,0.87,Unattached Piles,Large Port Island,5.1,2750,76.5,0.55,49.07,1.32,1.18,3.82,0.57,2.13,1.74,4.55,1.52,0.89,N/A,N/A,2,69.33,1.79,1.4,5.49,0.67,3.19,2.5,7.05,364.2,491.3,-0.00313,-0.00977,JDA01 Data Report.pdf,https://www.designsafe-ci.org/data/browser/public/nees.public/NEES-2008-0565.groups/,T3.9-50-07-BMA.dat,T3.9-50-07-SMA.dat,"GHAN7, GHAN8",10.4231/D3C53F17M,"Flexible Shear Beam Container (1651 mm x 787 mm, Inner Dimensions, Model Scale)",7,The surface layer was split down the center of the container (in the shaking direction) with nevada sand and aquarium gravel as different surface layer materials
,123,T3.9-50-07-FF_F,JDA01,T3.9-50,FF_F,55,11,-0.7,Nevada Sand,16.8,0.8,Nevada Sand,3.9,0.5,Nevada Sand,2.8,0.8,none,none,none,yes,N/A - FF,N/A - FF,N/A - FF,N/A - FF,N/A - FF,N/A - FF,N/A - FF,N/A - FF,N/A - FF,N/A - FF,N/A - FF,N/A - FF,N/A - FF,N/A - FF,Large Port Island,5.1,2750,76.5,0.55,49.07,1.32,1.18,3.82,0.57,2.13,1.74,4.55,1.52,0.89,N/A,N/A,2,69.33,1.79,1.4,5.49,0.67,3.19,2.5,7.05,108,203.4,N/A - FF,N/A - FF,JDA01 Data Report.pdf,https://www.designsafe-ci.org/data/browser/public/nees.public/NEES-2008-0565.groups/,T3.9-50-07-BMA.dat,T3.9-50-07-SMA.dat,"GHAN7, GHAN8",10.4231/D3C53F17M,"Flexible Shear Beam Container (1651 mm x 787 mm, Inner Dimensions, Model Scale)",7,The surface layer was split down the center of the container (in the shaking direction) with nevada sand and aquarium gravel as different surface layer materials
,124,T3.9-50-07-FF_C,JDA01,T3.9-50,FF_C,55,11,-0.7,Nevada Sand,16.8,0.8,Nevada Sand,3.9,0.5,Aquarium Gravel,2.8,0.9,none,none,none,yes,N/A - FF,N/A - FF,N/A - FF,N/A - FF,N/A - FF,N/A - FF,N/A - FF,N/A - FF,N/A - FF,N/A - FF,N/A - FF,N/A - FF,N/A - FF,N/A - FF,Large Port Island,5.1,2750,76.5,0.55,49.07,1.32,1.18,3.82,0.57,2.13,1.74,4.55,1.52,0.89,N/A,N/A,2,69.33,1.79,1.4,5.49,0.67,3.19,2.5,7.05,83.5,137,N/A - FF,N/A - FF,JDA01 Data Report.pdf,https://www.designsafe-ci.org/data/browser/public/nees.public/NEES-2008-0565.groups/,T3.9-50-07-BMA.dat,T3.9-50-07-SMA.dat,"GHAN7, GHAN8",10.4231/D3C53F17M,"Flexible Shear Beam Container (1651 mm x 787 mm, Inner Dimensions, Model Scale)",7,The surface layer was split down the center of the container (in the shaking direction) with nevada sand and aquarium gravel as different surface layer materials
,125,T3.9-50-08-J_SC,JDA01,T3.9-50,J_SC,55,11,-0.7,Nevada Sand,16.8,0.8,Nevada Sand,3.9,0.5,Aquarium Gravel,2.8,0.9,none,none,none,yes,7.5,7.5,1.4,14.9,10.5,13.5,1031691,792943,28117,210631,0,179,0.87,none,Step Wave,1,4000,76.6,N/A,N/A,N/A,N/A,N/A,N/A,2.13,1.74,4.55,N/A,N/A,N/A,N/A,N/A,N/A,N/A,N/A,N/A,N/A,3.19,2.5,7.05,0,609.4,0,-0.01691,JDA01 Data Report.pdf,https://www.designsafe-ci.org/data/browser/public/nees.public/NEES-2008-0565.groups/,#VALUE!,#VALUE!,"GHAN7, GHAN8",10.4231/D3C53F17M,"Flexible Shear Beam Container (1651 mm x 787 mm, Inner Dimensions, Model Scale)",8,The surface layer was split down the center of the container (in the shaking direction) with nevada sand and aquarium gravel as different surface layer materials
,126,T3.9-50-08-J_SF,JDA01,T3.9-50,J_SF,55,11,-0.7,Nevada Sand,16.8,0.8,Nevada Sand,3.9,0.5,Nevada Sand,2.8,0.8,none,none,none,yes,7.5,7.5,1.4,14.9,10.5,13.5,1031691,792943,28117,210631,0,179,0.87,none,Step Wave,1,4000,76.6,N/A,N/A,N/A,N/A,N/A,N/A,2.13,1.74,4.55,N/A,N/A,N/A,N/A,N/A,N/A,N/A,N/A,N/A,N/A,3.19,2.5,7.05,0,644.2,0,-0.01729,JDA01 Data Report.pdf,https://www.designsafe-ci.org/data/browser/public/nees.public/NEES-2008-0565.groups/,#VALUE!,#VALUE!,"GHAN7, GHAN8",10.4231/D3C53F17M,"Flexible Shear Beam Container (1651 mm x 787 mm, Inner Dimensions, Model Scale)",8,The surface layer was split down the center of the container (in the shaking direction) with nevada sand and aquarium gravel as different surface layer materials
,127,T3.9-50-08-J_C,JDA01,T3.9-50,J_C,55,11,-0.7,Nevada Sand,16.8,0.8,Nevada Sand,3.9,0.5,Aquarium Gravel,2.8,0.9,none,none,none,yes,7.5,7.5,1.4,14.9,10.5,13.5,1031691,792943,28117,210631,1.4,179,0.87,none,Step Wave,1,4000,76.6,N/A,N/A,N/A,N/A,N/A,N/A,2.13,1.74,4.55,N/A,N/A,N/A,N/A,N/A,N/A,N/A,N/A,N/A,N/A,3.19,2.5,7.05,0,527.2,0,0.00026,JDA01 Data Report.pdf,https://www.designsafe-ci.org/data/browser/public/nees.public/NEES-2008-0565.groups/,#VALUE!,#VALUE!,"GHAN7, GHAN8",10.4231/D3C53F17M,"Flexible Shear Beam Container (1651 mm x 787 mm, Inner Dimensions, Model Scale)",8,The surface layer was split down the center of the container (in the shaking direction) with nevada sand and aquarium gravel as different surface layer materials
,128,T3.9-50-08-J_E,JDA01,T3.9-50,J_E,55,11,-0.7,Nevada Sand,16.8,0.8,Nevada Sand,3.9,0.5,Nevada Sand,2.8,0.8,none,none,none,yes,7.5,7.5,1.4,14.9,10.5,13.5,1031691,792943,28117,210631,1.4,179,0.87,none,Step Wave,1,4000,76.6,N/A,N/A,N/A,N/A,N/A,N/A,2.13,1.74,4.55,N/A,N/A,N/A,N/A,N/A,N/A,N/A,N/A,N/A,N/A,3.19,2.5,7.05,0,418.6,0,-0.0539,JDA01 Data Report.pdf,https://www.designsafe-ci.org/data/browser/public/nees.public/NEES-2008-0565.groups/,#VALUE!,#VALUE!,"GHAN7, GHAN8",10.4231/D3C53F17M,"Flexible Shear Beam Container (1651 mm x 787 mm, Inner Dimensions, Model Scale)",8,The surface layer was split down the center of the container (in the shaking direction) with nevada sand and aquarium gravel as different surface layer materials
,129,T3.9-50-08-J_CP,JDA01,T3.9-50,J_CP,55,11,-0.7,Nevada Sand,16.8,0.8,Nevada Sand,3.9,0.5,Aquarium Gravel,2.8,0.9,none,none,none,yes,7.5,7.5,1.4,14.9,10.5,13.5,1031691,792943,28117,210631,1.4,179,0.87,Unattached Piles,Step Wave,1,4000,76.6,N/A,N/A,N/A,N/A,N/A,N/A,2.13,1.74,4.55,N/A,N/A,N/A,N/A,N/A,N/A,N/A,N/A,N/A,N/A,3.19,2.5,7.05,0,159.5,0,0.03875,JDA01 Data Report.pdf,https://www.designsafe-ci.org/data/browser/public/nees.public/NEES-2008-0565.groups/,#VALUE!,#VALUE!,"GHAN7, GHAN8",10.4231/D3C53F17M,"Flexible Shear Beam Container (1651 mm x 787 mm, Inner Dimensions, Model Scale)",8,The surface layer was split down the center of the container (in the shaking direction) with nevada sand and aquarium gravel as different surface layer materials
,130,T3.9-50-08-J_PF,JDA01,T3.9-50,J_PF,55,11,-0.7,Nevada Sand,16.8,0.8,Nevada Sand,3.9,0.5,Nevada Sand,2.8,0.8,none,none,none,yes,7.5,7.5,1.4,14.9,10.5,13.5,1031691,792943,28117,210631,1.4,179,0.87,Unattached Piles,Step Wave,1,4000,76.6,N/A,N/A,N/A,N/A,N/A,N/A,2.13,1.74,4.55,N/A,N/A,N/A,N/A,N/A,N/A,N/A,N/A,N/A,N/A,3.19,2.5,7.05,0,491.3,0,-0.00977,JDA01 Data Report.pdf,https://www.designsafe-ci.org/data/browser/public/nees.public/NEES-2008-0565.groups/,#VALUE!,#VALUE!,"GHAN7, GHAN8",10.4231/D3C53F17M,"Flexible Shear Beam Container (1651 mm x 787 mm, Inner Dimensions, Model Scale)",8,The surface layer was split down the center of the container (in the shaking direction) with nevada sand and aquarium gravel as different surface layer materials
,131,T3.9-50-08-FF_F,JDA01,T3.9-50,FF_F,55,11,-0.7,Nevada Sand,16.8,0.8,Nevada Sand,3.9,0.5,Nevada Sand,2.8,0.8,none,none,none,yes,N/A - FF,N/A - FF,N/A - FF,N/A - FF,N/A - FF,N/A - FF,N/A - FF,N/A - FF,N/A - FF,N/A - FF,N/A - FF,N/A - FF,N/A - FF,N/A - FF,Step Wave,1,4000,76.6,N/A,N/A,N/A,N/A,N/A,N/A,2.13,1.74,4.55,N/A,N/A,N/A,N/A,N/A,N/A,N/A,N/A,N/A,N/A,3.19,2.5,7.05,0,203.4,N/A - FF,N/A - FF,JDA01 Data Report.pdf,https://www.designsafe-ci.org/data/browser/public/nees.public/NEES-2008-0565.groups/,#VALUE!,#VALUE!,"GHAN7, GHAN8",10.4231/D3C53F17M,"Flexible Shear Beam Container (1651 mm x 787 mm, Inner Dimensions, Model Scale)",8,The surface layer was split down the center of the container (in the shaking direction) with nevada sand and aquarium gravel as different surface layer materials
,132,T3.9-50-08-FF_C,JDA01,T3.9-50,FF_C,55,11,-0.7,Nevada Sand,16.8,0.8,Nevada Sand,3.9,0.5,Aquarium Gravel,2.8,0.9,none,none,none,yes,N/A - FF,N/A - FF,N/A - FF,N/A - FF,N/A - FF,N/A - FF,N/A - FF,N/A - FF,N/A - FF,N/A - FF,N/A - FF,N/A - FF,N/A - FF,N/A - FF,Step Wave,1,4000,76.6,N/A,N/A,N/A,N/A,N/A,N/A,2.13,1.74,4.55,N/A,N/A,N/A,N/A,N/A,N/A,N/A,N/A,N/A,N/A,3.19,2.5,7.05,0,137,N/A - FF,N/A - FF,JDA01 Data Report.pdf,https://www.designsafe-ci.org/data/browser/public/nees.public/NEES-2008-0565.groups/,#VALUE!,#VALUE!,"GHAN7, GHAN8",10.4231/D3C53F17M,"Flexible Shear Beam Container (1651 mm x 787 mm, Inner Dimensions, Model Scale)",8,The surface layer was split down the center of the container (in the shaking direction) with nevada sand and aquarium gravel as different surface layer materials
,133,T3.9-50-09-J_SC,JDA01,T3.9-50,J_SC,55,11,-0.7,Nevada Sand,16.8,0.8,Nevada Sand,3.9,0.5,Aquarium Gravel,2.8,0.9,none,none,none,yes,7.5,7.5,1.4,14.9,10.5,13.5,1031691,792943,28117,210631,0,179,0.87,none,Step Wave,1,4000,76.6,0.01,0.63,0,0,0,0,2.14,1.74,4.55,Out of Range or Broken,0.01,N/A,N/A,2,0.94,0,0,0,0,3.19,2.5,7.05,0,609.4,0,-0.01691,JDA01 Data Report.pdf,https://www.designsafe-ci.org/data/browser/public/nees.public/NEES-2008-0565.groups/,T3.9-50-09-BMA.dat,T3.9-50-09-SMA.dat,"GHAN7, GHAN8",10.4231/D3C53F17M,"Flexible Shear Beam Container (1651 mm x 787 mm, Inner Dimensions, Model Scale)",9,The surface layer was split down the center of the container (in the shaking direction) with nevada sand and aquarium gravel as different surface layer materials
,134,T3.9-50-09-J_SF,JDA01,T3.9-50,J_SF,55,11,-0.7,Nevada Sand,16.8,0.8,Nevada Sand,3.9,0.5,Nevada Sand,2.8,0.8,none,none,none,yes,7.5,7.5,1.4,14.9,10.5,13.5,1031691,792943,28117,210631,0,179,0.87,none,Step Wave,1,4000,76.6,0.01,0.63,0,0,0,0,2.14,1.74,4.55,Out of Range or Broken,0.01,N/A,N/A,2,0.94,0,0,0,0,3.19,2.5,7.05,0,644.2,0,-0.01729,JDA01 Data Report.pdf,https://www.designsafe-ci.org/data/browser/public/nees.public/NEES-2008-0565.groups/,T3.9-50-09-BMA.dat,T3.9-50-09-SMA.dat,"GHAN7, GHAN8",10.4231/D3C53F17M,"Flexible Shear Beam Container (1651 mm x 787 mm, Inner Dimensions, Model Scale)",9,The surface layer was split down the center of the container (in the shaking direction) with nevada sand and aquarium gravel as different surface layer materials
,135,T3.9-50-09-J_C,JDA01,T3.9-50,J_C,55,11,-0.7,Nevada Sand,16.8,0.8,Nevada Sand,3.9,0.5,Aquarium Gravel,2.8,0.9,none,none,none,yes,7.5,7.5,1.4,14.9,10.5,13.5,1031691,792943,28117,210631,1.4,179,0.87,none,Step Wave,1,4000,76.6,0.01,0.63,0,0,0,0,2.14,1.74,4.55,Out of Range or Broken,0.01,N/A,N/A,2,0.94,0,0,0,0,3.19,2.5,7.05,0,527.2,0,0.00026,JDA01 Data Report.pdf,https://www.designsafe-ci.org/data/browser/public/nees.public/NEES-2008-0565.groups/,T3.9-50-09-BMA.dat,T3.9-50-09-SMA.dat,"GHAN7, GHAN8",10.4231/D3C53F17M,"Flexible Shear Beam Container (1651 mm x 787 mm, Inner Dimensions, Model Scale)",9,The surface layer was split down the center of the container (in the shaking direction) with nevada sand and aquarium gravel as different surface layer materials
,136,T3.9-50-09-J_E,JDA01,T3.9-50,J_E,55,11,-0.7,Nevada Sand,16.8,0.8,Nevada Sand,3.9,0.5,Nevada Sand,2.8,0.8,none,none,none,yes,7.5,7.5,1.4,14.9,10.5,13.5,1031691,792943,28117,210631,1.4,179,0.87,none,Step Wave,1,4000,76.6,0.01,0.63,0,0,0,0,2.14,1.74,4.55,Out of Range or Broken,0.01,N/A,N/A,2,0.94,0,0,0,0,3.19,2.5,7.05,0,418.6,0,-0.0539,JDA01 Data Report.pdf,https://www.designsafe-ci.org/data/browser/public/nees.public/NEES-2008-0565.groups/,T3.9-50-09-BMA.dat,T3.9-50-09-SMA.dat,"GHAN7, GHAN8",10.4231/D3C53F17M,"Flexible Shear Beam Container (1651 mm x 787 mm, Inner Dimensions, Model Scale)",9,The surface layer was split down the center of the container (in the shaking direction) with nevada sand and aquarium gravel as different surface layer materials
,137,T3.9-50-09-J_CP,JDA01,T3.9-50,J_CP,55,11,-0.7,Nevada Sand,16.8,0.8,Nevada Sand,3.9,0.5,Aquarium Gravel,2.8,0.9,none,none,none,yes,7.5,7.5,1.4,14.9,10.5,13.5,1031691,792943,28117,210631,1.4,179,0.87,Unattached Piles,Step Wave,1,4000,76.6,0.01,0.63,0,0,0,0,2.14,1.74,4.55,Out of Range or Broken,0.01,N/A,N/A,2,0.94,0,0,0,0,3.19,2.5,7.05,0,159.5,0,0.03875,JDA01 Data Report.pdf,https://www.designsafe-ci.org/data/browser/public/nees.public/NEES-2008-0565.groups/,T3.9-50-09-BMA.dat,T3.9-50-09-SMA.dat,"GHAN7, GHAN8",10.4231/D3C53F17M,"Flexible Shear Beam Container (1651 mm x 787 mm, Inner Dimensions, Model Scale)",9,The surface layer was split down the center of the container (in the shaking direction) with nevada sand and aquarium gravel as different surface layer materials
,138,T3.9-50-09-J_PF,JDA01,T3.9-50,J_PF,55,11,-0.7,Nevada Sand,16.8,0.8,Nevada Sand,3.9,0.5,Nevada Sand,2.8,0.8,none,none,none,yes,7.5,7.5,1.4,14.9,10.5,13.5,1031691,792943,28117,210631,1.4,179,0.87,Unattached Piles,Step Wave,1,4000,76.6,0.01,0.63,0,0,0,0,2.14,1.74,4.55,Out of Range or Broken,0.01,N/A,N/A,2,0.94,0,0,0,0,3.19,2.5,7.05,0,491.3,0,-0.00977,JDA01 Data Report.pdf,https://www.designsafe-ci.org/data/browser/public/nees.public/NEES-2008-0565.groups/,T3.9-50-09-BMA.dat,T3.9-50-09-SMA.dat,"GHAN7, GHAN8",10.4231/D3C53F17M,"Flexible Shear Beam Container (1651 mm x 787 mm, Inner Dimensions, Model Scale)",9,The surface layer was split down the center of the container (in the shaking direction) with nevada sand and aquarium gravel as different surface layer materials
,139,T3.9-50-09-FF_F,JDA01,T3.9-50,FF_F,55,11,-0.7,Nevada Sand,16.8,0.8,Nevada Sand,3.9,0.5,Nevada Sand,2.8,0.8,none,none,none,yes,N/A - FF,N/A - FF,N/A - FF,N/A - FF,N/A - FF,N/A - FF,N/A - FF,N/A - FF,N/A - FF,N/A - FF,N/A - FF,N/A - FF,N/A - FF,N/A - FF,Step Wave,1,4000,76.6,0.01,0.63,0,0,0,0,2.14,1.74,4.55,Out of Range or Broken,0.01,N/A,N/A,2,0.94,0,0,0,0,3.19,2.5,7.05,0,203.4,N/A - FF,N/A - FF,JDA01 Data Report.pdf,https://www.designsafe-ci.org/data/browser/public/nees.public/NEES-2008-0565.groups/,T3.9-50-09-BMA.dat,T3.9-50-09-SMA.dat,"GHAN7, GHAN8",10.4231/D3C53F17M,"Flexible Shear Beam Container (1651 mm x 787 mm, Inner Dimensions, Model Scale)",9,The surface layer was split down the center of the container (in the shaking direction) with nevada sand and aquarium gravel as different surface layer materials
,140,T3.9-50-09-FF_C,JDA01,T3.9-50,FF_C,55,11,-0.7,Nevada Sand,16.8,0.8,Nevada Sand,3.9,0.5,Aquarium Gravel,2.8,0.9,none,none,none,yes,N/A - FF,N/A - FF,N/A - FF,N/A - FF,N/A - FF,N/A - FF,N/A - FF,N/A - FF,N/A - FF,N/A - FF,N/A - FF,N/A - FF,N/A - FF,N/A - FF,Step Wave,1,4000,76.6,0.01,0.63,0,0,0,0,2.14,1.74,4.55,Out of Range or Broken,0.01,N/A,N/A,2,0.94,0,0,0,0,3.19,2.5,7.05,0,137,N/A - FF,N/A - FF,JDA01 Data Report.pdf,https://www.designsafe-ci.org/data/browser/public/nees.public/NEES-2008-0565.groups/,T3.9-50-09-BMA.dat,T3.9-50-09-SMA.dat,"GHAN7, GHAN8",10.4231/D3C53F17M,"Flexible Shear Beam Container (1651 mm x 787 mm, Inner Dimensions, Model Scale)",9,The surface layer was split down the center of the container (in the shaking direction) with nevada sand and aquarium gravel as different surface layer materials
,141,T3.9-50-10-J_SC,JDA01,T3.9-50,J_SC,55,11,-0.7,Nevada Sand,16.8,0.8,Nevada Sand,3.9,0.5,Aquarium Gravel,2.8,0.9,none,none,none,yes,7.5,7.5,1.4,14.9,10.5,13.5,1031691,792943,28117,210631,0,179,0.87,none,Moderate Port Island,1.5,2750,76.6,0.17,21.57,0.35,0.25,0.33,0.05,2.49,1.99,4.88,Out of Range or Broken,0.21,N/A,N/A,2,30.43,0.58,0.47,0.7,0.1,3.77,2.97,7.76,44.8,654.1,-0.00108,-0.01798,JDA01 Data Report.pdf,https://www.designsafe-ci.org/data/browser/public/nees.public/NEES-2008-0565.groups/,T3.9-50-10-BMA.dat,T3.9-50-10-SMA.dat,"GHAN7, GHAN8",10.4231/D3C53F17M,"Flexible Shear Beam Container (1651 mm x 787 mm, Inner Dimensions, Model Scale)",10,The surface layer was split down the center of the container (in the shaking direction) with nevada sand and aquarium gravel as different surface layer materials
,142,T3.9-50-10-J_SF,JDA01,T3.9-50,J_SF,55,11,-0.7,Nevada Sand,16.8,0.8,Nevada Sand,3.9,0.5,Nevada Sand,2.8,0.8,none,none,none,yes,7.5,7.5,1.4,14.9,10.5,13.5,1031691,792943,28117,210631,0,179,0.87,none,Moderate Port Island,1.5,2750,76.6,0.17,21.57,0.35,0.25,0.33,0.05,2.49,1.99,4.88,Out of Range or Broken,0.21,N/A,N/A,2,30.43,0.58,0.47,0.7,0.1,3.77,2.97,7.76,60.9,705.2,-0.00167,-0.01896,JDA01 Data Report.pdf,https://www.designsafe-ci.org/data/browser/public/nees.public/NEES-2008-0565.groups/,T3.9-50-10-BMA.dat,T3.9-50-10-SMA.dat,"GHAN7, GHAN8",10.4231/D3C53F17M,"Flexible Shear Beam Container (1651 mm x 787 mm, Inner Dimensions, Model Scale)",10,The surface layer was split down the center of the container (in the shaking direction) with nevada sand and aquarium gravel as different surface layer materials
,143,T3.9-50-10-J_C,JDA01,T3.9-50,J_C,55,11,-0.7,Nevada Sand,16.8,0.8,Nevada Sand,3.9,0.5,Aquarium Gravel,2.8,0.9,none,none,none,yes,7.5,7.5,1.4,14.9,10.5,13.5,1031691,792943,28117,210631,1.4,179,0.87,none,Moderate Port Island,1.5,2750,76.6,0.17,21.57,0.35,0.25,0.33,0.05,2.49,1.99,4.88,Out of Range or Broken,0.21,N/A,N/A,2,30.43,0.58,0.47,0.7,0.1,3.77,2.97,7.76,34.2,561.3,0.00075,0.00101,JDA01 Data Report.pdf,https://www.designsafe-ci.org/data/browser/public/nees.public/NEES-2008-0565.groups/,T3.9-50-10-BMA.dat,T3.9-50-10-SMA.dat,"GHAN7, GHAN8",10.4231/D3C53F17M,"Flexible Shear Beam Container (1651 mm x 787 mm, Inner Dimensions, Model Scale)",10,The surface layer was split down the center of the container (in the shaking direction) with nevada sand and aquarium gravel as different surface layer materials
,144,T3.9-50-10-J_E,JDA01,T3.9-50,J_E,55,11,-0.7,Nevada Sand,16.8,0.8,Nevada Sand,3.9,0.5,Nevada Sand,2.8,0.8,none,none,none,yes,7.5,7.5,1.4,14.9,10.5,13.5,1031691,792943,28117,210631,1.4,179,0.87,none,Moderate Port Island,1.5,2750,76.6,0.17,21.57,0.35,0.25,0.33,0.05,2.49,1.99,4.88,Out of Range or Broken,0.21,N/A,N/A,2,30.43,0.58,0.47,0.7,0.1,3.77,2.97,7.76,35.1,453.7,-0.00577,-0.05967,JDA01 Data Report.pdf,https://www.designsafe-ci.org/data/browser/public/nees.public/NEES-2008-0565.groups/,T3.9-50-10-BMA.dat,T3.9-50-10-SMA.dat,"GHAN7, GHAN8",10.4231/D3C53F17M,"Flexible Shear Beam Container (1651 mm x 787 mm, Inner Dimensions, Model Scale)",10,The surface layer was split down the center of the container (in the shaking direction) with nevada sand and aquarium gravel as different surface layer materials
,145,T3.9-50-10-J_CP,JDA01,T3.9-50,J_CP,55,11,-0.7,Nevada Sand,16.8,0.8,Nevada Sand,3.9,0.5,Aquarium Gravel,2.8,0.9,none,none,none,yes,7.5,7.5,1.4,14.9,10.5,13.5,1031691,792943,28117,210631,1.4,179,0.87,Unattached Piles,Moderate Port Island,1.5,2750,76.6,0.17,21.57,0.35,0.25,0.33,0.05,2.49,1.99,4.88,Out of Range or Broken,0.21,N/A,N/A,2,30.43,0.58,0.47,0.7,0.1,3.77,2.97,7.76,13.4,172.9,-0.00008,0.03867,JDA01 Data Report.pdf,https://www.designsafe-ci.org/data/browser/public/nees.public/NEES-2008-0565.groups/,T3.9-50-10-BMA.dat,T3.9-50-10-SMA.dat,"GHAN7, GHAN8",10.4231/D3C53F17M,"Flexible Shear Beam Container (1651 mm x 787 mm, Inner Dimensions, Model Scale)",10,The surface layer was split down the center of the container (in the shaking direction) with nevada sand and aquarium gravel as different surface layer materials
,146,T3.9-50-10-J_PF,JDA01,T3.9-50,J_PF,55,11,-0.7,Nevada Sand,16.8,0.8,Nevada Sand,3.9,0.5,Nevada Sand,2.8,0.8,none,none,none,yes,7.5,7.5,1.4,14.9,10.5,13.5,1031691,792943,28117,210631,1.4,179,0.87,Unattached Piles,Moderate Port Island,1.5,2750,76.6,0.17,21.57,0.35,0.25,0.33,0.05,2.49,1.99,4.88,Out of Range or Broken,0.21,N/A,N/A,2,30.43,0.58,0.47,0.7,0.1,3.77,2.97,7.76,48.9,540.1,-0.0019,-0.01166,JDA01 Data Report.pdf,https://www.designsafe-ci.org/data/browser/public/nees.public/NEES-2008-0565.groups/,T3.9-50-10-BMA.dat,T3.9-50-10-SMA.dat,"GHAN7, GHAN8",10.4231/D3C53F17M,"Flexible Shear Beam Container (1651 mm x 787 mm, Inner Dimensions, Model Scale)",10,The surface layer was split down the center of the container (in the shaking direction) with nevada sand and aquarium gravel as different surface layer materials
,147,T3.9-50-10-FF_F,JDA01,T3.9-50,FF_F,55,11,-0.7,Nevada Sand,16.8,0.8,Nevada Sand,3.9,0.5,Nevada Sand,2.8,0.8,none,none,none,yes,N/A - FF,N/A - FF,N/A - FF,N/A - FF,N/A - FF,N/A - FF,N/A - FF,N/A - FF,N/A - FF,N/A - FF,N/A - FF,N/A - FF,N/A - FF,N/A - FF,Moderate Port Island,1.5,2750,76.6,0.17,21.57,0.35,0.25,0.33,0.05,2.49,1.99,4.88,Out of Range or Broken,0.21,N/A,N/A,2,30.43,0.58,0.47,0.7,0.1,3.77,2.97,7.76,46.8,250.1,N/A - FF,N/A - FF,JDA01 Data Report.pdf,https://www.designsafe-ci.org/data/browser/public/nees.public/NEES-2008-0565.groups/,T3.9-50-10-BMA.dat,T3.9-50-10-SMA.dat,"GHAN7, GHAN8",10.4231/D3C53F17M,"Flexible Shear Beam Container (1651 mm x 787 mm, Inner Dimensions, Model Scale)",10,The surface layer was split down the center of the container (in the shaking direction) with nevada sand and aquarium gravel as different surface layer materials
,148,T3.9-50-10-FF_C,JDA01,T3.9-50,FF_C,55,11,-0.7,Nevada Sand,16.8,0.8,Nevada Sand,3.9,0.5,Aquarium Gravel,2.8,0.9,none,none,none,yes,N/A - FF,N/A - FF,N/A - FF,N/A - FF,N/A - FF,N/A - FF,N/A - FF,N/A - FF,N/A - FF,N/A - FF,N/A - FF,N/A - FF,N/A - FF,N/A - FF,Moderate Port Island,1.5,2750,76.6,0.17,21.57,0.35,0.25,0.33,0.05,2.49,1.99,4.88,Out of Range or Broken,0.21,N/A,N/A,2,30.43,0.58,0.47,0.7,0.1,3.77,2.97,7.76,21.6,158.6,N/A - FF,N/A - FF,JDA01 Data Report.pdf,https://www.designsafe-ci.org/data/browser/public/nees.public/NEES-2008-0565.groups/,T3.9-50-10-BMA.dat,T3.9-50-10-SMA.dat,"GHAN7, GHAN8",10.4231/D3C53F17M,"Flexible Shear Beam Container (1651 mm x 787 mm, Inner Dimensions, Model Scale)",10,The surface layer was split down the center of the container (in the shaking direction) with nevada sand and aquarium gravel as different surface layer materials
,149,T3.9-50-11-J_SC,JDA01,T3.9-50,J_SC,55,11,-0.7,Nevada Sand,16.8,0.8,Nevada Sand,3.9,0.5,Aquarium Gravel,2.8,0.9,none,none,none,yes,7.5,7.5,1.4,14.9,10.5,13.5,1031691,792943,28117,210631,0,179,0.87,none,Large Port Island,5.1,2750,76.3,0.5,47.69,1.23,1.08,3.21,0.46,3.72,3.07,8.09,Out of Range or Broken,0.79,N/A,N/A,2,63.56,1.52,1.35,5.17,0.65,5.29,4.32,12.93,243.2,897.3,-0.01691,-0.03489,JDA01 Data Report.pdf,https://www.designsafe-ci.org/data/browser/public/nees.public/NEES-2008-0565.groups/,T3.9-50-11-BMA.dat,T3.9-50-11-SMA.dat,"GHAN7, GHAN8",10.4231/D3C53F17M,"Flexible Shear Beam Container (1651 mm x 787 mm, Inner Dimensions, Model Scale)",11,The surface layer was split down the center of the container (in the shaking direction) with nevada sand and aquarium gravel as different surface layer materials
,150,T3.9-50-11-J_SF,JDA01,T3.9-50,J_SF,55,11,-0.7,Nevada Sand,16.8,0.8,Nevada Sand,3.9,0.5,Nevada Sand,2.8,0.8,none,none,none,yes,7.5,7.5,1.4,14.9,10.5,13.5,1031691,792943,28117,210631,0,179,0.87,none,Large Port Island,5.1,2750,76.3,0.5,47.69,1.23,1.08,3.21,0.46,3.72,3.07,8.09,Out of Range or Broken,0.79,N/A,N/A,2,63.56,1.52,1.35,5.17,0.65,5.29,4.32,12.93,280.7,985.9,-0.01548,-0.03444,JDA01 Data Report.pdf,https://www.designsafe-ci.org/data/browser/public/nees.public/NEES-2008-0565.groups/,T3.9-50-11-BMA.dat,T3.9-50-11-SMA.dat,"GHAN7, GHAN8",10.4231/D3C53F17M,"Flexible Shear Beam Container (1651 mm x 787 mm, Inner Dimensions, Model Scale)",11,The surface layer was split down the center of the container (in the shaking direction) with nevada sand and aquarium gravel as different surface layer materials
,151,T3.9-50-11-J_C,JDA01,T3.9-50,J_C,55,11,-0.7,Nevada Sand,16.8,0.8,Nevada Sand,3.9,0.5,Aquarium Gravel,2.8,0.9,none,none,none,yes,7.5,7.5,1.4,14.9,10.5,13.5,1031691,792943,28117,210631,1.4,179,0.87,none,Large Port Island,5.1,2750,76.3,0.5,47.69,1.23,1.08,3.21,0.46,3.72,3.07,8.09,Out of Range or Broken,0.79,N/A,N/A,2,63.56,1.52,1.35,5.17,0.65,5.29,4.32,12.93,202.2,763.6,0.00138,0.00239,JDA01 Data Report.pdf,https://www.designsafe-ci.org/data/browser/public/nees.public/NEES-2008-0565.groups/,T3.9-50-11-BMA.dat,T3.9-50-11-SMA.dat,"GHAN7, GHAN8",10.4231/D3C53F17M,"Flexible Shear Beam Container (1651 mm x 787 mm, Inner Dimensions, Model Scale)",11,The surface layer was split down the center of the container (in the shaking direction) with nevada sand and aquarium gravel as different surface layer materials
,152,T3.9-50-11-J_E,JDA01,T3.9-50,J_E,55,11,-0.7,Nevada Sand,16.8,0.8,Nevada Sand,3.9,0.5,Nevada Sand,2.8,0.8,none,none,none,yes,7.5,7.5,1.4,14.9,10.5,13.5,1031691,792943,28117,210631,1.4,179,0.87,none,Large Port Island,5.1,2750,76.3,0.5,47.69,1.23,1.08,3.21,0.46,3.72,3.07,8.09,Out of Range or Broken,0.79,N/A,N/A,2,63.56,1.52,1.35,5.17,0.65,5.29,4.32,12.93,168.5,622.2,-0.03113,-0.09081,JDA01 Data Report.pdf,https://www.designsafe-ci.org/data/browser/public/nees.public/NEES-2008-0565.groups/,T3.9-50-11-BMA.dat,T3.9-50-11-SMA.dat,"GHAN7, GHAN8",10.4231/D3C53F17M,"Flexible Shear Beam Container (1651 mm x 787 mm, Inner Dimensions, Model Scale)",11,The surface layer was split down the center of the container (in the shaking direction) with nevada sand and aquarium gravel as different surface layer materials
,153,T3.9-50-11-J_CP,JDA01,T3.9-50,J_CP,55,11,-0.7,Nevada Sand,16.8,0.8,Nevada Sand,3.9,0.5,Aquarium Gravel,2.8,0.9,none,none,none,yes,7.5,7.5,1.4,14.9,10.5,13.5,1031691,792943,28117,210631,1.4,179,0.87,Unattached Piles,Large Port Island,5.1,2750,76.3,0.5,47.69,1.23,1.08,3.21,0.46,3.72,3.07,8.09,Out of Range or Broken,0.79,N/A,N/A,2,63.56,1.52,1.35,5.17,0.65,5.29,4.32,12.93,67.6,240.5,0.0283,0.06697,JDA01 Data Report.pdf,https://www.designsafe-ci.org/data/browser/public/nees.public/NEES-2008-0565.groups/,T3.9-50-11-BMA.dat,T3.9-50-11-SMA.dat,"GHAN7, GHAN8",10.4231/D3C53F17M,"Flexible Shear Beam Container (1651 mm x 787 mm, Inner Dimensions, Model Scale)",11,The surface layer was split down the center of the container (in the shaking direction) with nevada sand and aquarium gravel as different surface layer materials
,154,T3.9-50-11-J_PF,JDA01,T3.9-50,J_PF,55,11,-0.7,Nevada Sand,16.8,0.8,Nevada Sand,3.9,0.5,Nevada Sand,2.8,0.8,none,none,none,yes,7.5,7.5,1.4,14.9,10.5,13.5,1031691,792943,28117,210631,1.4,179,0.87,Unattached Piles,Large Port Island,5.1,2750,76.3,0.5,47.69,1.23,1.08,3.21,0.46,3.72,3.07,8.09,Out of Range or Broken,0.79,N/A,N/A,2,63.56,1.52,1.35,5.17,0.65,5.29,4.32,12.93,309.7,849.8,0.01534,0.00368,JDA01 Data Report.pdf,https://www.designsafe-ci.org/data/browser/public/nees.public/NEES-2008-0565.groups/,T3.9-50-11-BMA.dat,T3.9-50-11-SMA.dat,"GHAN7, GHAN8",10.4231/D3C53F17M,"Flexible Shear Beam Container (1651 mm x 787 mm, Inner Dimensions, Model Scale)",11,The surface layer was split down the center of the container (in the shaking direction) with nevada sand and aquarium gravel as different surface layer materials
,155,T3.9-50-11-FF_F,JDA01,T3.9-50,FF_F,55,11,-0.7,Nevada Sand,16.8,0.8,Nevada Sand,3.9,0.5,Nevada Sand,2.8,0.8,none,none,none,yes,N/A - FF,N/A - FF,N/A - FF,N/A - FF,N/A - FF,N/A - FF,N/A - FF,N/A - FF,N/A - FF,N/A - FF,N/A - FF,N/A - FF,N/A - FF,N/A - FF,Large Port Island,5.1,2750,76.3,0.5,47.69,1.23,1.08,3.21,0.46,3.72,3.07,8.09,Out of Range or Broken,0.79,N/A,N/A,2,63.56,1.52,1.35,5.17,0.65,5.29,4.32,12.93,76.7,326.8,N/A - FF,N/A - FF,JDA01 Data Report.pdf,https://www.designsafe-ci.org/data/browser/public/nees.public/NEES-2008-0565.groups/,T3.9-50-11-BMA.dat,T3.9-50-11-SMA.dat,"GHAN7, GHAN8",10.4231/D3C53F17M,"Flexible Shear Beam Container (1651 mm x 787 mm, Inner Dimensions, Model Scale)",11,The surface layer was split down the center of the container (in the shaking direction) with nevada sand and aquarium gravel as different surface layer materials
,156,T3.9-50-11-FF_C,JDA01,T3.9-50,FF_C,55,11,-0.7,Nevada Sand,16.8,0.8,Nevada Sand,3.9,0.5,Aquarium Gravel,2.8,0.9,none,none,none,yes,N/A - FF,N/A - FF,N/A - FF,N/A - FF,N/A - FF,N/A - FF,N/A - FF,N/A - FF,N/A - FF,N/A - FF,N/A - FF,N/A - FF,N/A - FF,N/A - FF,Large Port Island,5.1,2750,76.3,0.5,47.69,1.23,1.08,3.21,0.46,3.72,3.07,8.09,Out of Range or Broken,0.79,N/A,N/A,2,63.56,1.52,1.35,5.17,0.65,5.29,4.32,12.93,31.6,190.3,N/A - FF,N/A - FF,JDA01 Data Report.pdf,https://www.designsafe-ci.org/data/browser/public/nees.public/NEES-2008-0565.groups/,T3.9-50-11-BMA.dat,T3.9-50-11-SMA.dat,"GHAN7, GHAN8",10.4231/D3C53F17M,"Flexible Shear Beam Container (1651 mm x 787 mm, Inner Dimensions, Model Scale)",11,The surface layer was split down the center of the container (in the shaking direction) with nevada sand and aquarium gravel as different surface layer materials
,157,T2.5-55-01-J,JDA02a,T2.5-55,J,55,11,0,Nevada Sand,20.7,0.8,Nevada Sand,2.5,0.55,Nevada Sand,2.6,0.8,none,none,none,yes,7.5,7.5,1.4,14.9,10.5,13.5,1048163,793609,N/A,N/A,1.4,182,0.87,none,Step Wave,1,4000,76.6,0,0.6,0,0,0,0,0,0,0,0.01,Out of Range or Broken,N/A,N/A,1,0.92,0,0,0.01,0,0,0,0.01,0,0,0,0,JDA02 Data Report.pdf,https://www.designsafe-ci.org/data/browser/public/nees.public/NEES-2008-0565.groups/,T2.5-55-01-BMA.dat,T2.5-55-01-SMA.dat,"GHAN6, GHAN7",10.4231/D37D2Q74Z,"Flexible Shear Beam Container (1651 mm x 787 mm, Inner Dimensions, Model Scale)",1,Phase 1: J and J_IM structures embedded in a surface layer over a liquefiable layer
,158,T2.5-55-01-J_IM,JDA02a,T2.5-55,J_IM,55,11,0,Nevada Sand,20.7,0.8,Nevada Sand,2.5,0.55,Nevada Sand,2.6,0.8,none,none,none,yes,7.5,7.5,1.4,16.4,12.3,14.3,1547288,1279424,N/A,N/A,1.4,269,1.1,none,Step Wave,1,4000,76.6,0,0.6,0,0,0,0,0,0,0,0.01,Out of Range or Broken,N/A,N/A,1,0.92,0,0,0.01,0,0,0,0.01,0,0,0,0,JDA02 Data Report.pdf,https://www.designsafe-ci.org/data/browser/public/nees.public/NEES-2008-0565.groups/,T2.5-55-01-BMA.dat,T2.5-55-01-SMA.dat,"GHAN6, GHAN7",10.4231/D37D2Q74Z,"Flexible Shear Beam Container (1651 mm x 787 mm, Inner Dimensions, Model Scale)",1,Phase 1: J and J_IM structures embedded in a surface layer over a liquefiable layer
,159,T2.5-55-01-J_EP,JDA02a,T2.5-55,J_EP,55,11,0,Nevada Sand,20.7,0.8,Nevada Sand,2.5,0.55,Nevada Sand,2.6,0.8,none,none,none,yes,7.5,7.5,2.1,14.9,10.5,13.5,1064800,793609,N/A,N/A,2.1,185,0.87,Unattached Piles,Step Wave,1,4000,76.6,0,0.6,0,0,0,0,0,0,0,0.01,Out of Range or Broken,N/A,N/A,1,0.92,0,0,0.01,0,0,0,0.01,0,0,0,0,JDA02 Data Report.pdf,https://www.designsafe-ci.org/data/browser/public/nees.public/NEES-2008-0565.groups/,T2.5-55-01-BMA.dat,T2.5-55-01-SMA.dat,"GHAN6, GHAN7",10.4231/D37D2Q74Z,"Flexible Shear Beam Container (1651 mm x 787 mm, Inner Dimensions, Model Scale)",1,Phase 1: J and J_IM structures embedded in a surface layer over a liquefiable layer
,160,T2.5-55-01-J_CP,JDA02a,T2.5-55,J_CP,55,11,0,Nevada Sand,20.7,0.8,Nevada Sand,2.5,0.55,Nevada Sand,2.6,0.8,none,none,none,yes,7.5,7.5,2.1,14.9,10.5,13.5,1064800,793609,N/A,N/A,2.1,185,0.87,Unattached Piles,Step Wave,1,4000,76.6,0,0.6,0,0,0,0,0,0,0,0.01,Out of Range or Broken,N/A,N/A,1,0.92,0,0,0.01,0,0,0,0.01,0,0,0,0,JDA02 Data Report.pdf,https://www.designsafe-ci.org/data/browser/public/nees.public/NEES-2008-0565.groups/,T2.5-55-01-BMA.dat,T2.5-55-01-SMA.dat,"GHAN6, GHAN7",10.4231/D37D2Q74Z,"Flexible Shear Beam Container (1651 mm x 787 mm, Inner Dimensions, Model Scale)",1,Phase 1: J and J_IM structures embedded in a surface layer over a liquefiable layer
,161,T2.5-55-01-FF,JDA02a,T2.5-55,FF,55,11,0,Nevada Sand,20.7,0.8,Nevada Sand,2.5,0.55,Nevada Sand,2.6,0.8,none,none,none,yes,N/A - FF,N/A - FF,N/A - FF,N/A - FF,N/A - FF,N/A - FF,N/A - FF,N/A - FF,N/A - FF,N/A - FF,N/A - FF,N/A - FF,N/A - FF,N/A - FF,Step Wave,1,4000,76.6,0,0.6,0,0,0,0,0,0,0,0.01,Out of Range or Broken,N/A,N/A,1,0.92,0,0,0.01,0,0,0,0.01,0,0,N/A - FF,N/A - FF,JDA02 Data Report.pdf,https://www.designsafe-ci.org/data/browser/public/nees.public/NEES-2008-0565.groups/,T2.5-55-01-BMA.dat,T2.5-55-01-SMA.dat,"GHAN6, GHAN7",10.4231/D37D2Q74Z,"Flexible Shear Beam Container (1651 mm x 787 mm, Inner Dimensions, Model Scale)",1,Phase 1: J and J_IM structures embedded in a surface layer over a liquefiable layer
,162,T2.5-55-02-J,JDA02a,T2.5-55,J,55,11,0,Nevada Sand,20.7,0.8,Nevada Sand,2.5,0.55,Nevada Sand,2.6,0.8,none,none,none,yes,7.5,7.5,1.4,14.9,10.5,13.5,1048163,793609,N/A,N/A,1.4,182,0.87,none,Small Port Island,0.5,2750,76.7,0.04,6.57,0.11,0.01,0.04,0,0.11,0.01,0.04,0.06,Out of Range or Broken,N/A,N/A,1,10.75,0.29,0.07,0.1,0,0.29,0.07,0.1,4.4,4.4,0.00032,0.00032,JDA02 Data Report.pdf,https://www.designsafe-ci.org/data/browser/public/nees.public/NEES-2008-0565.groups/,T2.5-55-02-BMA.dat,T2.5-55-02-SMA.dat,"GHAN6, GHAN7",10.4231/D37D2Q74Z,"Flexible Shear Beam Container (1651 mm x 787 mm, Inner Dimensions, Model Scale)",2,Phase 1: J and J_IM structures embedded in a surface layer over a liquefiable layer
,163,T2.5-55-02-J_IM,JDA02a,T2.5-55,J_IM,55,11,0,Nevada Sand,20.7,0.8,Nevada Sand,2.5,0.55,Nevada Sand,2.6,0.8,none,none,none,yes,7.5,7.5,1.4,16.4,12.3,14.3,1547288,1279424,N/A,N/A,1.4,269,1.1,none,Small Port Island,0.5,2750,76.7,0.04,6.57,0.11,0.01,0.04,0,0.11,0.01,0.04,0.06,Out of Range or Broken,N/A,N/A,1,10.75,0.29,0.07,0.1,0,0.29,0.07,0.1,8.8,8.8,-0.00039,-0.00039,JDA02 Data Report.pdf,https://www.designsafe-ci.org/data/browser/public/nees.public/NEES-2008-0565.groups/,T2.5-55-02-BMA.dat,T2.5-55-02-SMA.dat,"GHAN6, GHAN7",10.4231/D37D2Q74Z,"Flexible Shear Beam Container (1651 mm x 787 mm, Inner Dimensions, Model Scale)",2,Phase 1: J and J_IM structures embedded in a surface layer over a liquefiable layer
,164,T2.5-55-02-J_EP,JDA02a,T2.5-55,J_EP,55,11,0,Nevada Sand,20.7,0.8,Nevada Sand,2.5,0.55,Nevada Sand,2.6,0.8,none,none,none,yes,7.5,7.5,2.1,14.9,10.5,13.5,1064800,793609,N/A,N/A,2.1,185,0.87,Unattached Piles,Small Port Island,0.5,2750,76.7,0.04,6.57,0.11,0.01,0.04,0,0.11,0.01,0.04,0.06,Out of Range or Broken,N/A,N/A,1,10.75,0.29,0.07,0.1,0,0.29,0.07,0.1,1.2,1.2,0.00004,0.00004,JDA02 Data Report.pdf,https://www.designsafe-ci.org/data/browser/public/nees.public/NEES-2008-0565.groups/,T2.5-55-02-BMA.dat,T2.5-55-02-SMA.dat,"GHAN6, GHAN7",10.4231/D37D2Q74Z,"Flexible Shear Beam Container (1651 mm x 787 mm, Inner Dimensions, Model Scale)",2,Phase 1: J and J_IM structures embedded in a surface layer over a liquefiable layer
,165,T2.5-55-02-J_CP,JDA02a,T2.5-55,J_CP,55,11,0,Nevada Sand,20.7,0.8,Nevada Sand,2.5,0.55,Nevada Sand,2.6,0.8,none,none,none,yes,7.5,7.5,2.1,14.9,10.5,13.5,1064800,793609,N/A,N/A,2.1,185,0.87,Unattached Piles,Small Port Island,0.5,2750,76.7,0.04,6.57,0.11,0.01,0.04,0,0.11,0.01,0.04,0.06,Out of Range or Broken,N/A,N/A,1,10.75,0.29,0.07,0.1,0,0.29,0.07,0.1,0.8,0.8,0.0004,0.0004,JDA02 Data Report.pdf,https://www.designsafe-ci.org/data/browser/public/nees.public/NEES-2008-0565.groups/,T2.5-55-02-BMA.dat,T2.5-55-02-SMA.dat,"GHAN6, GHAN7",10.4231/D37D2Q74Z,"Flexible Shear Beam Container (1651 mm x 787 mm, Inner Dimensions, Model Scale)",2,Phase 1: J and J_IM structures embedded in a surface layer over a liquefiable layer
,166,T2.5-55-02-FF,JDA02a,T2.5-55,FF,55,11,0,Nevada Sand,20.7,0.8,Nevada Sand,2.5,0.55,Nevada Sand,2.6,0.8,none,none,none,yes,N/A - FF,N/A - FF,N/A - FF,N/A - FF,N/A - FF,N/A - FF,N/A - FF,N/A - FF,N/A - FF,N/A - FF,N/A - FF,N/A - FF,N/A - FF,N/A - FF,Small Port Island,0.5,2750,76.7,0.04,6.57,0.11,0.01,0.04,0,0.11,0.01,0.04,0.06,Out of Range or Broken,N/A,N/A,1,10.75,0.29,0.07,0.1,0,0.29,0.07,0.1,3.3,3.3,N/A - FF,N/A - FF,JDA02 Data Report.pdf,https://www.designsafe-ci.org/data/browser/public/nees.public/NEES-2008-0565.groups/,T2.5-55-02-BMA.dat,T2.5-55-02-SMA.dat,"GHAN6, GHAN7",10.4231/D37D2Q74Z,"Flexible Shear Beam Container (1651 mm x 787 mm, Inner Dimensions, Model Scale)",2,Phase 1: J and J_IM structures embedded in a surface layer over a liquefiable layer
,167,T2.5-55-03-J,JDA02a,T2.5-55,J,55,11,0,Nevada Sand,20.7,0.8,Nevada Sand,2.5,0.55,Nevada Sand,2.6,0.8,none,none,none,yes,7.5,7.5,1.4,14.9,10.5,13.5,1048163,793609,N/A,N/A,1.4,182,0.87,none,Moderate Port Island,1.5,2750,76.7,0.18,19.84,0.35,0.24,0.33,0.05,0.47,0.25,0.36,0.27,Drift,N/A,N/A,1,30.27,1.5,0.46,0.9,0.06,1.79,0.52,1,59,63.4,0.0011,0.00142,JDA02 Data Report.pdf,https://www.designsafe-ci.org/data/browser/public/nees.public/NEES-2008-0565.groups/,T2.5-55-03-BMA.dat,T2.5-55-03-SMA.dat,"GHAN6, GHAN7",10.4231/D37D2Q74Z,"Flexible Shear Beam Container (1651 mm x 787 mm, Inner Dimensions, Model Scale)",3,Phase 1: J and J_IM structures embedded in a surface layer over a liquefiable layer
,168,T2.5-55-03-J_IM,JDA02a,T2.5-55,J_IM,55,11,0,Nevada Sand,20.7,0.8,Nevada Sand,2.5,0.55,Nevada Sand,2.6,0.8,none,none,none,yes,7.5,7.5,1.4,16.4,12.3,14.3,1547288,1279424,N/A,N/A,1.4,269,1.1,none,Moderate Port Island,1.5,2750,76.7,0.18,19.84,0.35,0.24,0.33,0.05,0.47,0.25,0.36,0.27,Drift,N/A,N/A,1,30.27,1.5,0.46,0.9,0.06,1.79,0.52,1,87.7,96.6,0.00035,-0.00004,JDA02 Data Report.pdf,https://www.designsafe-ci.org/data/browser/public/nees.public/NEES-2008-0565.groups/,T2.5-55-03-BMA.dat,T2.5-55-03-SMA.dat,"GHAN6, GHAN7",10.4231/D37D2Q74Z,"Flexible Shear Beam Container (1651 mm x 787 mm, Inner Dimensions, Model Scale)",3,Phase 1: J and J_IM structures embedded in a surface layer over a liquefiable layer
,169,T2.5-55-03-J_EP,JDA02a,T2.5-55,J_EP,55,11,0,Nevada Sand,20.7,0.8,Nevada Sand,2.5,0.55,Nevada Sand,2.6,0.8,none,none,none,yes,7.5,7.5,2.1,14.9,10.5,13.5,1064800,793609,N/A,N/A,2.1,185,0.87,Unattached Piles,Moderate Port Island,1.5,2750,76.7,0.18,19.84,0.35,0.24,0.33,0.05,0.47,0.25,0.36,0.27,Drift,N/A,N/A,1,30.27,1.5,0.46,0.9,0.06,1.79,0.52,1,34,35.2,-0.00057,-0.00053,JDA02 Data Report.pdf,https://www.designsafe-ci.org/data/browser/public/nees.public/NEES-2008-0565.groups/,T2.5-55-03-BMA.dat,T2.5-55-03-SMA.dat,"GHAN6, GHAN7",10.4231/D37D2Q74Z,"Flexible Shear Beam Container (1651 mm x 787 mm, Inner Dimensions, Model Scale)",3,Phase 1: J and J_IM structures embedded in a surface layer over a liquefiable layer
,170,T2.5-55-03-J_CP,JDA02a,T2.5-55,J_CP,55,11,0,Nevada Sand,20.7,0.8,Nevada Sand,2.5,0.55,Nevada Sand,2.6,0.8,none,none,none,yes,7.5,7.5,2.1,14.9,10.5,13.5,1064800,793609,N/A,N/A,2.1,185,0.87,Unattached Piles,Moderate Port Island,1.5,2750,76.7,0.18,19.84,0.35,0.24,0.33,0.05,0.47,0.25,0.36,0.27,Drift,N/A,N/A,1,30.27,1.5,0.46,0.9,0.06,1.79,0.52,1,28.3,29.1,-0.00042,-0.00002,JDA02 Data Report.pdf,https://www.designsafe-ci.org/data/browser/public/nees.public/NEES-2008-0565.groups/,T2.5-55-03-BMA.dat,T2.5-55-03-SMA.dat,"GHAN6, GHAN7",10.4231/D37D2Q74Z,"Flexible Shear Beam Container (1651 mm x 787 mm, Inner Dimensions, Model Scale)",3,Phase 1: J and J_IM structures embedded in a surface layer over a liquefiable layer
,171,T2.5-55-03-FF,JDA02a,T2.5-55,FF,55,11,0,Nevada Sand,20.7,0.8,Nevada Sand,2.5,0.55,Nevada Sand,2.6,0.8,none,none,none,yes,N/A - FF,N/A - FF,N/A - FF,N/A - FF,N/A - FF,N/A - FF,N/A - FF,N/A - FF,N/A - FF,N/A - FF,N/A - FF,N/A - FF,N/A - FF,N/A - FF,Moderate Port Island,1.5,2750,76.7,0.18,19.84,0.35,0.24,0.33,0.05,0.47,0.25,0.36,0.27,Drift,N/A,N/A,1,30.27,1.5,0.46,0.9,0.06,1.79,0.52,1,93.8,97.1,N/A - FF,N/A - FF,JDA02 Data Report.pdf,https://www.designsafe-ci.org/data/browser/public/nees.public/NEES-2008-0565.groups/,T2.5-55-03-BMA.dat,T2.5-55-03-SMA.dat,"GHAN6, GHAN7",10.4231/D37D2Q74Z,"Flexible Shear Beam Container (1651 mm x 787 mm, Inner Dimensions, Model Scale)",3,Phase 1: J and J_IM structures embedded in a surface layer over a liquefiable layer
,172,T2.5-55-04-J,JDA02a,T2.5-55,J,55,11,0,Nevada Sand,20.7,0.8,Nevada Sand,2.5,0.55,Nevada Sand,2.6,0.8,none,none,none,yes,7.5,7.5,1.4,14.9,10.5,13.5,1048163,793609,N/A,N/A,1.4,182,0.87,none,Small Port Island,0.5,2750,76.4,0.04,7.01,0.09,0.01,0.02,0,0.55,0.25,0.38,0.07,Drift,N/A,N/A,1,10.77,0.18,0.07,0.07,0.01,1.97,0.59,1.07,0,63.4,-0.00007,0.00136,JDA02 Data Report.pdf,https://www.designsafe-ci.org/data/browser/public/nees.public/NEES-2008-0565.groups/,T2.5-55-04-BMA.dat,T2.5-55-04-SMA.dat,"GHAN6, GHAN7",10.4231/D37D2Q74Z,"Flexible Shear Beam Container (1651 mm x 787 mm, Inner Dimensions, Model Scale)",4,Phase 1: J and J_IM structures embedded in a surface layer over a liquefiable layer
,173,T2.5-55-04-J_IM,JDA02a,T2.5-55,J_IM,55,11,0,Nevada Sand,20.7,0.8,Nevada Sand,2.5,0.55,Nevada Sand,2.6,0.8,none,none,none,yes,7.5,7.5,1.4,16.4,12.3,14.3,1547288,1279424,N/A,N/A,1.4,269,1.1,none,Small Port Island,0.5,2750,76.4,0.04,7.01,0.09,0.01,0.02,0,0.55,0.25,0.38,0.07,Drift,N/A,N/A,1,10.77,0.18,0.07,0.07,0.01,1.97,0.59,1.07,0.4,97,0.00029,0.00025,JDA02 Data Report.pdf,https://www.designsafe-ci.org/data/browser/public/nees.public/NEES-2008-0565.groups/,T2.5-55-04-BMA.dat,T2.5-55-04-SMA.dat,"GHAN6, GHAN7",10.4231/D37D2Q74Z,"Flexible Shear Beam Container (1651 mm x 787 mm, Inner Dimensions, Model Scale)",4,Phase 1: J and J_IM structures embedded in a surface layer over a liquefiable layer
,174,T2.5-55-04-J_EP,JDA02a,T2.5-55,J_EP,55,11,0,Nevada Sand,20.7,0.8,Nevada Sand,2.5,0.55,Nevada Sand,2.6,0.8,none,none,none,yes,7.5,7.5,2.1,14.9,10.5,13.5,1064800,793609,N/A,N/A,2.1,185,0.87,Unattached Piles,Small Port Island,0.5,2750,76.4,0.04,7.01,0.09,0.01,0.02,0,0.55,0.25,0.38,0.07,Drift,N/A,N/A,1,10.77,0.18,0.07,0.07,0.01,1.97,0.59,1.07,0.5,35.7,-0.00007,-0.0006,JDA02 Data Report.pdf,https://www.designsafe-ci.org/data/browser/public/nees.public/NEES-2008-0565.groups/,T2.5-55-04-BMA.dat,T2.5-55-04-SMA.dat,"GHAN6, GHAN7",10.4231/D37D2Q74Z,"Flexible Shear Beam Container (1651 mm x 787 mm, Inner Dimensions, Model Scale)",4,Phase 1: J and J_IM structures embedded in a surface layer over a liquefiable layer
,175,T2.5-55-04-J_CP,JDA02a,T2.5-55,J_CP,55,11,0,Nevada Sand,20.7,0.8,Nevada Sand,2.5,0.55,Nevada Sand,2.6,0.8,none,none,none,yes,7.5,7.5,2.1,14.9,10.5,13.5,1064800,793609,N/A,N/A,2.1,185,0.87,Unattached Piles,Small Port Island,0.5,2750,76.4,0.04,7.01,0.09,0.01,0.02,0,0.55,0.25,0.38,0.07,Drift,N/A,N/A,1,10.77,0.18,0.07,0.07,0.01,1.97,0.59,1.07,-1,28.1,0,-0.00002,JDA02 Data Report.pdf,https://www.designsafe-ci.org/data/browser/public/nees.public/NEES-2008-0565.groups/,T2.5-55-04-BMA.dat,T2.5-55-04-SMA.dat,"GHAN6, GHAN7",10.4231/D37D2Q74Z,"Flexible Shear Beam Container (1651 mm x 787 mm, Inner Dimensions, Model Scale)",4,Phase 1: J and J_IM structures embedded in a surface layer over a liquefiable layer
,176,T2.5-55-04-FF,JDA02a,T2.5-55,FF,55,11,0,Nevada Sand,20.7,0.8,Nevada Sand,2.5,0.55,Nevada Sand,2.6,0.8,none,none,none,yes,N/A - FF,N/A - FF,N/A - FF,N/A - FF,N/A - FF,N/A - FF,N/A - FF,N/A - FF,N/A - FF,N/A - FF,N/A - FF,N/A - FF,N/A - FF,N/A - FF,Small Port Island,0.5,2750,76.4,0.04,7.01,0.09,0.01,0.02,0,0.55,0.25,0.38,0.07,Drift,N/A,N/A,1,10.77,0.18,0.07,0.07,0.01,1.97,0.59,1.07,-0.9,96.3,N/A - FF,N/A - FF,JDA02 Data Report.pdf,https://www.designsafe-ci.org/data/browser/public/nees.public/NEES-2008-0565.groups/,T2.5-55-04-BMA.dat,T2.5-55-04-SMA.dat,"GHAN6, GHAN7",10.4231/D37D2Q74Z,"Flexible Shear Beam Container (1651 mm x 787 mm, Inner Dimensions, Model Scale)",4,Phase 1: J and J_IM structures embedded in a surface layer over a liquefiable layer
,177,T2.5-55-05-J,JDA02a,T2.5-55,J,55,11,0,Nevada Sand,20.7,0.8,Nevada Sand,2.5,0.55,Nevada Sand,2.6,0.8,none,none,none,yes,7.5,7.5,1.4,14.9,10.5,13.5,1048163,793609,N/A,N/A,1.4,182,0.87,none,Step Wave,1,4000,76.6,0,0.73,0,0,0,0,0.55,0.25,0.39,0.01,Out of Range or Broken,N/A,N/A,1,1,0,0,0.01,0,1.97,0.59,1.08,0,63.4,0,0.00136,JDA02 Data Report.pdf,https://www.designsafe-ci.org/data/browser/public/nees.public/NEES-2008-0565.groups/,T2.5-55-05-BMA.dat,T2.5-55-05-SMA.dat,"GHAN6, GHAN7",10.4231/D37D2Q74Z,"Flexible Shear Beam Container (1651 mm x 787 mm, Inner Dimensions, Model Scale)",5,Phase 1: J and J_IM structures embedded in a surface layer over a liquefiable layer
,178,T2.5-55-05-J_IM,JDA02a,T2.5-55,J_IM,55,11,0,Nevada Sand,20.7,0.8,Nevada Sand,2.5,0.55,Nevada Sand,2.6,0.8,none,none,none,yes,7.5,7.5,1.4,16.4,12.3,14.3,1547288,1279424,N/A,N/A,1.4,269,1.1,none,Step Wave,1,4000,76.6,0,0.73,0,0,0,0,0.55,0.25,0.39,0.01,Out of Range or Broken,N/A,N/A,1,1,0,0,0.01,0,1.97,0.59,1.08,0,97,0,0.00025,JDA02 Data Report.pdf,https://www.designsafe-ci.org/data/browser/public/nees.public/NEES-2008-0565.groups/,T2.5-55-05-BMA.dat,T2.5-55-05-SMA.dat,"GHAN6, GHAN7",10.4231/D37D2Q74Z,"Flexible Shear Beam Container (1651 mm x 787 mm, Inner Dimensions, Model Scale)",5,Phase 1: J and J_IM structures embedded in a surface layer over a liquefiable layer
,179,T2.5-55-05-J_EP,JDA02a,T2.5-55,J_EP,55,11,0,Nevada Sand,20.7,0.8,Nevada Sand,2.5,0.55,Nevada Sand,2.6,0.8,none,none,none,yes,7.5,7.5,2.1,14.9,10.5,13.5,1064800,793609,N/A,N/A,2.1,185,0.87,Unattached Piles,Step Wave,1,4000,76.6,0,0.73,0,0,0,0,0.55,0.25,0.39,0.01,Out of Range or Broken,N/A,N/A,1,1,0,0,0.01,0,1.97,0.59,1.08,0,35.7,0,-0.0006,JDA02 Data Report.pdf,https://www.designsafe-ci.org/data/browser/public/nees.public/NEES-2008-0565.groups/,T2.5-55-05-BMA.dat,T2.5-55-05-SMA.dat,"GHAN6, GHAN7",10.4231/D37D2Q74Z,"Flexible Shear Beam Container (1651 mm x 787 mm, Inner Dimensions, Model Scale)",5,Phase 1: J and J_IM structures embedded in a surface layer over a liquefiable layer
,180,T2.5-55-05-J_CP,JDA02a,T2.5-55,J_CP,55,11,0,Nevada Sand,20.7,0.8,Nevada Sand,2.5,0.55,Nevada Sand,2.6,0.8,none,none,none,yes,7.5,7.5,2.1,14.9,10.5,13.5,1064800,793609,N/A,N/A,2.1,185,0.87,Unattached Piles,Step Wave,1,4000,76.6,0,0.73,0,0,0,0,0.55,0.25,0.39,0.01,Out of Range or Broken,N/A,N/A,1,1,0,0,0.01,0,1.97,0.59,1.08,0,28.1,0,-0.00002,JDA02 Data Report.pdf,https://www.designsafe-ci.org/data/browser/public/nees.public/NEES-2008-0565.groups/,T2.5-55-05-BMA.dat,T2.5-55-05-SMA.dat,"GHAN6, GHAN7",10.4231/D37D2Q74Z,"Flexible Shear Beam Container (1651 mm x 787 mm, Inner Dimensions, Model Scale)",5,Phase 1: J and J_IM structures embedded in a surface layer over a liquefiable layer
,181,T2.5-55-05-FF,JDA02a,T2.5-55,FF,55,11,0,Nevada Sand,20.7,0.8,Nevada Sand,2.5,0.55,Nevada Sand,2.6,0.8,none,none,none,yes,N/A - FF,N/A - FF,N/A - FF,N/A - FF,N/A - FF,N/A - FF,N/A - FF,N/A - FF,N/A - FF,N/A - FF,N/A - FF,N/A - FF,N/A - FF,N/A - FF,Step Wave,1,4000,76.6,0,0.73,0,0,0,0,0.55,0.25,0.39,0.01,Out of Range or Broken,N/A,N/A,1,1,0,0,0.01,0,1.97,0.59,1.08,0,96.3,N/A - FF,N/A - FF,JDA02 Data Report.pdf,https://www.designsafe-ci.org/data/browser/public/nees.public/NEES-2008-0565.groups/,T2.5-55-05-BMA.dat,T2.5-55-05-SMA.dat,"GHAN6, GHAN7",10.4231/D37D2Q74Z,"Flexible Shear Beam Container (1651 mm x 787 mm, Inner Dimensions, Model Scale)",5,Phase 1: J and J_IM structures embedded in a surface layer over a liquefiable layer
,182,T2.5-55-06-J,JDA02a,T2.5-55,J,55,11,0,Nevada Sand,20.7,0.8,Nevada Sand,2.5,0.55,Nevada Sand,2.6,0.8,none,none,none,yes,7.5,7.5,1.4,14.9,10.5,13.5,1048163,793609,N/A,N/A,1.4,182,0.87,none,Moderate Port Island,1.5,2750,76.3,0.2,19.88,0.34,0.24,0.33,0.05,0.9,0.49,0.71,0.27,Out of Range or Broken,N/A,N/A,1,29.9,0.64,0.46,0.79,0.1,2.61,1.05,1.86,42.8,106.2,0.00007,0.00142,JDA02 Data Report.pdf,https://www.designsafe-ci.org/data/browser/public/nees.public/NEES-2008-0565.groups/,T2.5-55-06-BMA.dat,T2.5-55-06-SMA.dat,"GHAN6, GHAN7",10.4231/D37D2Q74Z,"Flexible Shear Beam Container (1651 mm x 787 mm, Inner Dimensions, Model Scale)",6,Phase 1: J and J_IM structures embedded in a surface layer over a liquefiable layer
,183,T2.5-55-06-J_IM,JDA02a,T2.5-55,J_IM,55,11,0,Nevada Sand,20.7,0.8,Nevada Sand,2.5,0.55,Nevada Sand,2.6,0.8,none,none,none,yes,7.5,7.5,1.4,16.4,12.3,14.3,1547288,1279424,N/A,N/A,1.4,269,1.1,none,Moderate Port Island,1.5,2750,76.3,0.2,19.88,0.34,0.24,0.33,0.05,0.9,0.49,0.71,0.27,Out of Range or Broken,N/A,N/A,1,29.9,0.64,0.46,0.79,0.1,2.61,1.05,1.86,59.7,156.7,0.00126,0.0015,JDA02 Data Report.pdf,https://www.designsafe-ci.org/data/browser/public/nees.public/NEES-2008-0565.groups/,T2.5-55-06-BMA.dat,T2.5-55-06-SMA.dat,"GHAN6, GHAN7",10.4231/D37D2Q74Z,"Flexible Shear Beam Container (1651 mm x 787 mm, Inner Dimensions, Model Scale)",6,Phase 1: J and J_IM structures embedded in a surface layer over a liquefiable layer
,184,T2.5-55-06-J_EP,JDA02a,T2.5-55,J_EP,55,11,0,Nevada Sand,20.7,0.8,Nevada Sand,2.5,0.55,Nevada Sand,2.6,0.8,none,none,none,yes,7.5,7.5,2.1,14.9,10.5,13.5,1064800,793609,N/A,N/A,2.1,185,0.87,Unattached Piles,Moderate Port Island,1.5,2750,76.3,0.2,19.88,0.34,0.24,0.33,0.05,0.9,0.49,0.71,0.27,Out of Range or Broken,N/A,N/A,1,29.9,0.64,0.46,0.79,0.1,2.61,1.05,1.86,19.1,54.8,0.0014,0.0008,JDA02 Data Report.pdf,https://www.designsafe-ci.org/data/browser/public/nees.public/NEES-2008-0565.groups/,T2.5-55-06-BMA.dat,T2.5-55-06-SMA.dat,"GHAN6, GHAN7",10.4231/D37D2Q74Z,"Flexible Shear Beam Container (1651 mm x 787 mm, Inner Dimensions, Model Scale)",6,Phase 1: J and J_IM structures embedded in a surface layer over a liquefiable layer
,185,T2.5-55-06-J_CP,JDA02a,T2.5-55,J_CP,55,11,0,Nevada Sand,20.7,0.8,Nevada Sand,2.5,0.55,Nevada Sand,2.6,0.8,none,none,none,yes,7.5,7.5,2.1,14.9,10.5,13.5,1064800,793609,N/A,N/A,2.1,185,0.87,Unattached Piles,Moderate Port Island,1.5,2750,76.3,0.2,19.88,0.34,0.24,0.33,0.05,0.9,0.49,0.71,0.27,Out of Range or Broken,N/A,N/A,1,29.9,0.64,0.46,0.79,0.1,2.61,1.05,1.86,18.9,46.9,0.00057,0.00055,JDA02 Data Report.pdf,https://www.designsafe-ci.org/data/browser/public/nees.public/NEES-2008-0565.groups/,T2.5-55-06-BMA.dat,T2.5-55-06-SMA.dat,"GHAN6, GHAN7",10.4231/D37D2Q74Z,"Flexible Shear Beam Container (1651 mm x 787 mm, Inner Dimensions, Model Scale)",6,Phase 1: J and J_IM structures embedded in a surface layer over a liquefiable layer
,186,T2.5-55-06-FF,JDA02a,T2.5-55,FF,55,11,0,Nevada Sand,20.7,0.8,Nevada Sand,2.5,0.55,Nevada Sand,2.6,0.8,none,none,none,yes,N/A - FF,N/A - FF,N/A - FF,N/A - FF,N/A - FF,N/A - FF,N/A - FF,N/A - FF,N/A - FF,N/A - FF,N/A - FF,N/A - FF,N/A - FF,N/A - FF,Moderate Port Island,1.5,2750,76.3,0.2,19.88,0.34,0.24,0.33,0.05,0.9,0.49,0.71,0.27,Out of Range or Broken,N/A,N/A,1,29.9,0.64,0.46,0.79,0.1,2.61,1.05,1.86,54.9,151.2,N/A - FF,N/A - FF,JDA02 Data Report.pdf,https://www.designsafe-ci.org/data/browser/public/nees.public/NEES-2008-0565.groups/,T2.5-55-06-BMA.dat,T2.5-55-06-SMA.dat,"GHAN6, GHAN7",10.4231/D37D2Q74Z,"Flexible Shear Beam Container (1651 mm x 787 mm, Inner Dimensions, Model Scale)",6,Phase 1: J and J_IM structures embedded in a surface layer over a liquefiable layer
,187,T2.5-55-07-J,JDA02a,T2.5-55,J,55,11,0,Nevada Sand,20.7,0.8,Nevada Sand,2.5,0.55,Nevada Sand,2.6,0.8,none,none,none,yes,7.5,7.5,1.4,14.9,10.5,13.5,1048163,793609,N/A,N/A,1.4,182,0.87,none,Large Port Island,5.1,2750,76.5,0.6,47.18,1.26,1.09,3.77,0.49,2.15,1.58,4.48,Drift,Out of Range or Broken,N/A,N/A,1,320.1,72.95,72.49,571.13,10.85,75.56,73.54,572.99,218.6,324.8,0.00696,0.00838,JDA02 Data Report.pdf,https://www.designsafe-ci.org/data/browser/public/nees.public/NEES-2008-0565.groups/,T2.5-55-07-BMA.dat,T2.5-55-07-SMA.dat,"GHAN6, GHAN7",10.4231/D37D2Q74Z,"Flexible Shear Beam Container (1651 mm x 787 mm, Inner Dimensions, Model Scale)",7,Phase 1: J and J_IM structures embedded in a surface layer over a liquefiable layer
,188,T2.5-55-07-J_IM,JDA02a,T2.5-55,J_IM,55,11,0,Nevada Sand,20.7,0.8,Nevada Sand,2.5,0.55,Nevada Sand,2.6,0.8,none,none,none,yes,7.5,7.5,1.4,16.4,12.3,14.3,1547288,1279424,N/A,N/A,1.4,269,1.1,none,Large Port Island,5.1,2750,76.5,0.6,47.18,1.26,1.09,3.77,0.49,2.15,1.58,4.48,Drift,Out of Range or Broken,N/A,N/A,1,320.1,72.95,72.49,571.13,10.85,75.56,73.54,572.99,279.9,436.6,0.00263,0.00414,JDA02 Data Report.pdf,https://www.designsafe-ci.org/data/browser/public/nees.public/NEES-2008-0565.groups/,T2.5-55-07-BMA.dat,T2.5-55-07-SMA.dat,"GHAN6, GHAN7",10.4231/D37D2Q74Z,"Flexible Shear Beam Container (1651 mm x 787 mm, Inner Dimensions, Model Scale)",7,Phase 1: J and J_IM structures embedded in a surface layer over a liquefiable layer
,189,T2.5-55-07-J_EP,JDA02a,T2.5-55,J_EP,55,11,0,Nevada Sand,20.7,0.8,Nevada Sand,2.5,0.55,Nevada Sand,2.6,0.8,none,none,none,yes,7.5,7.5,2.1,14.9,10.5,13.5,1064800,793609,N/A,N/A,2.1,185,0.87,Unattached Piles,Large Port Island,5.1,2750,76.5,0.6,47.18,1.26,1.09,3.77,0.49,2.15,1.58,4.48,Drift,Out of Range or Broken,N/A,N/A,1,320.1,72.95,72.49,571.13,10.85,75.56,73.54,572.99,180.3,235.1,0.00584,0.00664,JDA02 Data Report.pdf,https://www.designsafe-ci.org/data/browser/public/nees.public/NEES-2008-0565.groups/,T2.5-55-07-BMA.dat,T2.5-55-07-SMA.dat,"GHAN6, GHAN7",10.4231/D37D2Q74Z,"Flexible Shear Beam Container (1651 mm x 787 mm, Inner Dimensions, Model Scale)",7,Phase 1: J and J_IM structures embedded in a surface layer over a liquefiable layer
,190,T2.5-55-07-J_CP,JDA02a,T2.5-55,J_CP,55,11,0,Nevada Sand,20.7,0.8,Nevada Sand,2.5,0.55,Nevada Sand,2.6,0.8,none,none,none,yes,7.5,7.5,2.1,14.9,10.5,13.5,1064800,793609,N/A,N/A,2.1,185,0.87,Unattached Piles,Large Port Island,5.1,2750,76.5,0.6,47.18,1.26,1.09,3.77,0.49,2.15,1.58,4.48,Drift,Out of Range or Broken,N/A,N/A,1,320.1,72.95,72.49,571.13,10.85,75.56,73.54,572.99,132.7,179.6,0.00975,0.0103,JDA02 Data Report.pdf,https://www.designsafe-ci.org/data/browser/public/nees.public/NEES-2008-0565.groups/,T2.5-55-07-BMA.dat,T2.5-55-07-SMA.dat,"GHAN6, GHAN7",10.4231/D37D2Q74Z,"Flexible Shear Beam Container (1651 mm x 787 mm, Inner Dimensions, Model Scale)",7,Phase 1: J and J_IM structures embedded in a surface layer over a liquefiable layer
,191,T2.5-55-07-FF,JDA02a,T2.5-55,FF,55,11,0,Nevada Sand,20.7,0.8,Nevada Sand,2.5,0.55,Nevada Sand,2.6,0.8,none,none,none,yes,N/A - FF,N/A - FF,N/A - FF,N/A - FF,N/A - FF,N/A - FF,N/A - FF,N/A - FF,N/A - FF,N/A - FF,N/A - FF,N/A - FF,N/A - FF,N/A - FF,Large Port Island,5.1,2750,76.5,0.6,47.18,1.26,1.09,3.77,0.49,2.15,1.58,4.48,Drift,Out of Range or Broken,N/A,N/A,1,320.1,72.95,72.49,571.13,10.85,75.56,73.54,572.99,154.5,305.7,N/A - FF,N/A - FF,JDA02 Data Report.pdf,https://www.designsafe-ci.org/data/browser/public/nees.public/NEES-2008-0565.groups/,T2.5-55-07-BMA.dat,T2.5-55-07-SMA.dat,"GHAN6, GHAN7",10.4231/D37D2Q74Z,"Flexible Shear Beam Container (1651 mm x 787 mm, Inner Dimensions, Model Scale)",7,Phase 1: J and J_IM structures embedded in a surface layer over a liquefiable layer
,192,T2.5-55-08-J,JDA02a,T2.5-55,J,55,11,0,Nevada Sand,20.7,0.8,Nevada Sand,2.5,0.55,Nevada Sand,2.6,0.8,none,none,none,yes,7.5,7.5,1.4,14.9,10.5,13.5,1048163,793609,N/A,N/A,1.4,182,0.87,none,Moderate Port Island,1.5,2750,76.6,0.19,20.73,0.35,0.23,0.32,0.05,2.5,1.81,4.8,1.14,Out of Range or Broken,N/A,N/A,1,29.42,0.64,0.41,1.6,0.25,76.21,73.95,574.59,33.7,358.6,0.00047,0.00885,JDA02 Data Report.pdf,https://www.designsafe-ci.org/data/browser/public/nees.public/NEES-2008-0565.groups/,T2.5-55-08-BMA.dat,T2.5-55-08-SMA.dat,"GHAN6, GHAN7",10.4231/D37D2Q74Z,"Flexible Shear Beam Container (1651 mm x 787 mm, Inner Dimensions, Model Scale)",8,Phase 1: J and J_IM structures embedded in a surface layer over a liquefiable layer
,193,T2.5-55-08-J_IM,JDA02a,T2.5-55,J_IM,55,11,0,Nevada Sand,20.7,0.8,Nevada Sand,2.5,0.55,Nevada Sand,2.6,0.8,none,none,none,yes,7.5,7.5,1.4,16.4,12.3,14.3,1547288,1279424,N/A,N/A,1.4,269,1.1,none,Moderate Port Island,1.5,2750,76.6,0.19,20.73,0.35,0.23,0.32,0.05,2.5,1.81,4.8,1.14,Out of Range or Broken,N/A,N/A,1,29.42,0.64,0.41,1.6,0.25,76.21,73.95,574.59,32.5,469.1,0.00175,0.00589,JDA02 Data Report.pdf,https://www.designsafe-ci.org/data/browser/public/nees.public/NEES-2008-0565.groups/,T2.5-55-08-BMA.dat,T2.5-55-08-SMA.dat,"GHAN6, GHAN7",10.4231/D37D2Q74Z,"Flexible Shear Beam Container (1651 mm x 787 mm, Inner Dimensions, Model Scale)",8,Phase 1: J and J_IM structures embedded in a surface layer over a liquefiable layer
,194,T2.5-55-08-J_EP,JDA02a,T2.5-55,J_EP,55,11,0,Nevada Sand,20.7,0.8,Nevada Sand,2.5,0.55,Nevada Sand,2.6,0.8,none,none,none,yes,7.5,7.5,2.1,14.9,10.5,13.5,1064800,793609,N/A,N/A,2.1,185,0.87,Unattached Piles,Moderate Port Island,1.5,2750,76.6,0.19,20.73,0.35,0.23,0.32,0.05,2.5,1.81,4.8,1.14,Out of Range or Broken,N/A,N/A,1,29.42,0.64,0.41,1.6,0.25,76.21,73.95,574.59,12.5,247.6,-0.00136,0.00527,JDA02 Data Report.pdf,https://www.designsafe-ci.org/data/browser/public/nees.public/NEES-2008-0565.groups/,T2.5-55-08-BMA.dat,T2.5-55-08-SMA.dat,"GHAN6, GHAN7",10.4231/D37D2Q74Z,"Flexible Shear Beam Container (1651 mm x 787 mm, Inner Dimensions, Model Scale)",8,Phase 1: J and J_IM structures embedded in a surface layer over a liquefiable layer
,195,T2.5-55-08-J_CP,JDA02a,T2.5-55,J_CP,55,11,0,Nevada Sand,20.7,0.8,Nevada Sand,2.5,0.55,Nevada Sand,2.6,0.8,none,none,none,yes,7.5,7.5,2.1,14.9,10.5,13.5,1064800,793609,N/A,N/A,2.1,185,0.87,Unattached Piles,Moderate Port Island,1.5,2750,76.6,0.19,20.73,0.35,0.23,0.32,0.05,2.5,1.81,4.8,1.14,Out of Range or Broken,N/A,N/A,1,29.42,0.64,0.41,1.6,0.25,76.21,73.95,574.59,11.4,191,-0.00059,0.00971,JDA02 Data Report.pdf,https://www.designsafe-ci.org/data/browser/public/nees.public/NEES-2008-0565.groups/,T2.5-55-08-BMA.dat,T2.5-55-08-SMA.dat,"GHAN6, GHAN7",10.4231/D37D2Q74Z,"Flexible Shear Beam Container (1651 mm x 787 mm, Inner Dimensions, Model Scale)",8,Phase 1: J and J_IM structures embedded in a surface layer over a liquefiable layer
,196,T2.5-55-08-FF,JDA02a,T2.5-55,FF,55,11,0,Nevada Sand,20.7,0.8,Nevada Sand,2.5,0.55,Nevada Sand,2.6,0.8,none,none,none,yes,N/A - FF,N/A - FF,N/A - FF,N/A - FF,N/A - FF,N/A - FF,N/A - FF,N/A - FF,N/A - FF,N/A - FF,N/A - FF,N/A - FF,N/A - FF,N/A - FF,Moderate Port Island,1.5,2750,76.6,0.19,20.73,0.35,0.23,0.32,0.05,2.5,1.81,4.8,1.14,Out of Range or Broken,N/A,N/A,1,29.42,0.64,0.41,1.6,0.25,76.21,73.95,574.59,45.1,350.9,N/A - FF,N/A - FF,JDA02 Data Report.pdf,https://www.designsafe-ci.org/data/browser/public/nees.public/NEES-2008-0565.groups/,T2.5-55-08-BMA.dat,T2.5-55-08-SMA.dat,"GHAN6, GHAN7",10.4231/D37D2Q74Z,"Flexible Shear Beam Container (1651 mm x 787 mm, Inner Dimensions, Model Scale)",8,Phase 1: J and J_IM structures embedded in a surface layer over a liquefiable layer
,197,T2.5-55-09-J,JDA02a,T2.5-55,J,55,11,0,Nevada Sand,20.7,0.8,Nevada Sand,2.5,0.55,Nevada Sand,2.6,0.8,none,none,none,yes,7.5,7.5,1.4,14.9,10.5,13.5,1048163,793609,N/A,N/A,1.4,182,0.87,none,Step Wave,1,4000,76.6,0,0.67,0,0,0,0,2.5,1.81,4.8,0.01,Out of Range or Broken,N/A,N/A,1,1.05,0,0,0,0,76.21,73.95,574.6,0,358.6,0,0.00885,JDA02 Data Report.pdf,https://www.designsafe-ci.org/data/browser/public/nees.public/NEES-2008-0565.groups/,T2.5-55-09-BMA.dat,T2.5-55-09-SMA.dat,"GHAN6, GHAN7",10.4231/D37D2Q74Z,"Flexible Shear Beam Container (1651 mm x 787 mm, Inner Dimensions, Model Scale)",9,Phase 1: J and J_IM structures embedded in a surface layer over a liquefiable layer
,198,T2.5-55-09-J_IM,JDA02a,T2.5-55,J_IM,55,11,0,Nevada Sand,20.7,0.8,Nevada Sand,2.5,0.55,Nevada Sand,2.6,0.8,none,none,none,yes,7.5,7.5,1.4,16.4,12.3,14.3,1547288,1279424,N/A,N/A,1.4,269,1.1,none,Step Wave,1,4000,76.6,0,0.67,0,0,0,0,2.5,1.81,4.8,0.01,Out of Range or Broken,N/A,N/A,1,1.05,0,0,0,0,76.21,73.95,574.6,0,469.1,0,0.00589,JDA02 Data Report.pdf,https://www.designsafe-ci.org/data/browser/public/nees.public/NEES-2008-0565.groups/,T2.5-55-09-BMA.dat,T2.5-55-09-SMA.dat,"GHAN6, GHAN7",10.4231/D37D2Q74Z,"Flexible Shear Beam Container (1651 mm x 787 mm, Inner Dimensions, Model Scale)",9,Phase 1: J and J_IM structures embedded in a surface layer over a liquefiable layer
,199,T2.5-55-09-J_EP,JDA02a,T2.5-55,J_EP,55,11,0,Nevada Sand,20.7,0.8,Nevada Sand,2.5,0.55,Nevada Sand,2.6,0.8,none,none,none,yes,7.5,7.5,2.1,14.9,10.5,13.5,1064800,793609,N/A,N/A,2.1,185,0.87,Unattached Piles,Step Wave,1,4000,76.6,0,0.67,0,0,0,0,2.5,1.81,4.8,0.01,Out of Range or Broken,N/A,N/A,1,1.05,0,0,0,0,76.21,73.95,574.6,0,247.6,0,0.00527,JDA02 Data Report.pdf,https://www.designsafe-ci.org/data/browser/public/nees.public/NEES-2008-0565.groups/,T2.5-55-09-BMA.dat,T2.5-55-09-SMA.dat,"GHAN6, GHAN7",10.4231/D37D2Q74Z,"Flexible Shear Beam Container (1651 mm x 787 mm, Inner Dimensions, Model Scale)",9,Phase 1: J and J_IM structures embedded in a surface layer over a liquefiable layer
,200,T2.5-55-09-J_CP,JDA02a,T2.5-55,J_CP,55,11,0,Nevada Sand,20.7,0.8,Nevada Sand,2.5,0.55,Nevada Sand,2.6,0.8,none,none,none,yes,7.5,7.5,2.1,14.9,10.5,13.5,1064800,793609,N/A,N/A,2.1,185,0.87,Unattached Piles,Step Wave,1,4000,76.6,0,0.67,0,0,0,0,2.5,1.81,4.8,0.01,Out of Range or Broken,N/A,N/A,1,1.05,0,0,0,0,76.21,73.95,574.6,0,191,0,0.00971,JDA02 Data Report.pdf,https://www.designsafe-ci.org/data/browser/public/nees.public/NEES-2008-0565.groups/,T2.5-55-09-BMA.dat,T2.5-55-09-SMA.dat,"GHAN6, GHAN7",10.4231/D37D2Q74Z,"Flexible Shear Beam Container (1651 mm x 787 mm, Inner Dimensions, Model Scale)",9,Phase 1: J and J_IM structures embedded in a surface layer over a liquefiable layer
,201,T2.5-55-09-FF,JDA02a,T2.5-55,FF,55,11,0,Nevada Sand,20.7,0.8,Nevada Sand,2.5,0.55,Nevada Sand,2.6,0.8,none,none,none,yes,N/A - FF,N/A - FF,N/A - FF,N/A - FF,N/A - FF,N/A - FF,N/A - FF,N/A - FF,N/A - FF,N/A - FF,N/A - FF,N/A - FF,N/A - FF,N/A - FF,Step Wave,1,4000,76.6,0,0.67,0,0,0,0,2.5,1.81,4.8,0.01,Out of Range or Broken,N/A,N/A,1,1.05,0,0,0,0,76.21,73.95,574.6,0,350.9,N/A - FF,N/A - FF,JDA02 Data Report.pdf,https://www.designsafe-ci.org/data/browser/public/nees.public/NEES-2008-0565.groups/,T2.5-55-09-BMA.dat,T2.5-55-09-SMA.dat,"GHAN6, GHAN7",10.4231/D37D2Q74Z,"Flexible Shear Beam Container (1651 mm x 787 mm, Inner Dimensions, Model Scale)",9,Phase 1: J and J_IM structures embedded in a surface layer over a liquefiable layer
,202,T2.5-55-10-J,JDA02a,T2.5-55,J,55,11,0,Nevada Sand,20.7,0.8,Nevada Sand,2.5,0.55,Nevada Sand,2.6,0.8,none,none,none,yes,7.5,7.5,1.4,14.9,10.5,13.5,1048163,793609,N/A,N/A,1.4,182,0.87,none,Moderate Chi-Chi TCU078,0.28,11000,76.5,0.12,13.46,0.61,0.35,0.35,0.01,3.12,2.16,5.15,0.17,Out of Range or Broken,N/A,N/A,1,24.76,1.4,1.03,1.22,0.04,77.61,74.98,575.82,26.8,385.4,0.00035,0.0092,JDA02 Data Report.pdf,https://www.designsafe-ci.org/data/browser/public/nees.public/NEES-2008-0565.groups/,T2.5-55-10-BMA.dat,T2.5-55-10-SMA.dat,"GHAN6, GHAN7",10.4231/D37D2Q74Z,"Flexible Shear Beam Container (1651 mm x 787 mm, Inner Dimensions, Model Scale)",10,Phase 1: J and J_IM structures embedded in a surface layer over a liquefiable layer
,203,T2.5-55-10-J_IM,JDA02a,T2.5-55,J_IM,55,11,0,Nevada Sand,20.7,0.8,Nevada Sand,2.5,0.55,Nevada Sand,2.6,0.8,none,none,none,yes,7.5,7.5,1.4,16.4,12.3,14.3,1547288,1279424,N/A,N/A,1.4,269,1.1,none,Moderate Chi-Chi TCU078,0.28,11000,76.5,0.12,13.46,0.61,0.35,0.35,0.01,3.12,2.16,5.15,0.17,Out of Range or Broken,N/A,N/A,1,24.76,1.4,1.03,1.22,0.04,77.61,74.98,575.82,28.9,498.1,-0.00205,0.00384,JDA02 Data Report.pdf,https://www.designsafe-ci.org/data/browser/public/nees.public/NEES-2008-0565.groups/,T2.5-55-10-BMA.dat,T2.5-55-10-SMA.dat,"GHAN6, GHAN7",10.4231/D37D2Q74Z,"Flexible Shear Beam Container (1651 mm x 787 mm, Inner Dimensions, Model Scale)",10,Phase 1: J and J_IM structures embedded in a surface layer over a liquefiable layer
,204,T2.5-55-10-J_EP,JDA02a,T2.5-55,J_EP,55,11,0,Nevada Sand,20.7,0.8,Nevada Sand,2.5,0.55,Nevada Sand,2.6,0.8,none,none,none,yes,7.5,7.5,2.1,14.9,10.5,13.5,1064800,793609,N/A,N/A,2.1,185,0.87,Unattached Piles,Moderate Chi-Chi TCU078,0.28,11000,76.5,0.12,13.46,0.61,0.35,0.35,0.01,3.12,2.16,5.15,0.17,Out of Range or Broken,N/A,N/A,1,24.76,1.4,1.03,1.22,0.04,77.61,74.98,575.82,14.2,261.8,0.00025,0.00552,JDA02 Data Report.pdf,https://www.designsafe-ci.org/data/browser/public/nees.public/NEES-2008-0565.groups/,T2.5-55-10-BMA.dat,T2.5-55-10-SMA.dat,"GHAN6, GHAN7",10.4231/D37D2Q74Z,"Flexible Shear Beam Container (1651 mm x 787 mm, Inner Dimensions, Model Scale)",10,Phase 1: J and J_IM structures embedded in a surface layer over a liquefiable layer
,205,T2.5-55-10-J_CP,JDA02a,T2.5-55,J_CP,55,11,0,Nevada Sand,20.7,0.8,Nevada Sand,2.5,0.55,Nevada Sand,2.6,0.8,none,none,none,yes,7.5,7.5,2.1,14.9,10.5,13.5,1064800,793609,N/A,N/A,2.1,185,0.87,Unattached Piles,Moderate Chi-Chi TCU078,0.28,11000,76.5,0.12,13.46,0.61,0.35,0.35,0.01,3.12,2.16,5.15,0.17,Out of Range or Broken,N/A,N/A,1,24.76,1.4,1.03,1.22,0.04,77.61,74.98,575.82,18.7,209.8,0.00139,0.0111,JDA02 Data Report.pdf,https://www.designsafe-ci.org/data/browser/public/nees.public/NEES-2008-0565.groups/,T2.5-55-10-BMA.dat,T2.5-55-10-SMA.dat,"GHAN6, GHAN7",10.4231/D37D2Q74Z,"Flexible Shear Beam Container (1651 mm x 787 mm, Inner Dimensions, Model Scale)",10,Phase 1: J and J_IM structures embedded in a surface layer over a liquefiable layer
,206,T2.5-55-10-FF,JDA02a,T2.5-55,FF,55,11,0,Nevada Sand,20.7,0.8,Nevada Sand,2.5,0.55,Nevada Sand,2.6,0.8,none,none,none,yes,N/A - FF,N/A - FF,N/A - FF,N/A - FF,N/A - FF,N/A - FF,N/A - FF,N/A - FF,N/A - FF,N/A - FF,N/A - FF,N/A - FF,N/A - FF,N/A - FF,Moderate Chi-Chi TCU078,0.28,11000,76.5,0.12,13.46,0.61,0.35,0.35,0.01,3.12,2.16,5.15,0.17,Out of Range or Broken,N/A,N/A,1,24.76,1.4,1.03,1.22,0.04,77.61,74.98,575.82,17.4,368.2,N/A - FF,N/A - FF,JDA02 Data Report.pdf,https://www.designsafe-ci.org/data/browser/public/nees.public/NEES-2008-0565.groups/,T2.5-55-10-BMA.dat,T2.5-55-10-SMA.dat,"GHAN6, GHAN7",10.4231/D37D2Q74Z,"Flexible Shear Beam Container (1651 mm x 787 mm, Inner Dimensions, Model Scale)",10,Phase 1: J and J_IM structures embedded in a surface layer over a liquefiable layer
,207,T2.5-55-11-J,JDA02a,T2.5-55,J,55,11,0,Nevada Sand,20.7,0.8,Nevada Sand,2.5,0.55,Nevada Sand,2.6,0.8,none,none,none,yes,7.5,7.5,1.4,14.9,10.5,13.5,1048163,793609,N/A,N/A,1.4,182,0.87,none,Large Port Island,5.1,2750,76.7,0.53,49.18,1.25,1.08,3.51,0.49,4.37,3.24,8.66,1.87,Out of Range or Broken,N/A,N/A,1,68.13,1.66,1.46,8.05,0.86,79.27,76.44,583.87,105.2,490.6,0.00334,0.01254,JDA02 Data Report.pdf,https://www.designsafe-ci.org/data/browser/public/nees.public/NEES-2008-0565.groups/,T2.5-55-11-BMA.dat,T2.5-55-11-SMA.dat,"GHAN6, GHAN7",10.4231/D37D2Q74Z,"Flexible Shear Beam Container (1651 mm x 787 mm, Inner Dimensions, Model Scale)",11,Phase 1: J and J_IM structures embedded in a surface layer over a liquefiable layer
,208,T2.5-55-11-J_IM,JDA02a,T2.5-55,J_IM,55,11,0,Nevada Sand,20.7,0.8,Nevada Sand,2.5,0.55,Nevada Sand,2.6,0.8,none,none,none,yes,7.5,7.5,1.4,16.4,12.3,14.3,1547288,1279424,N/A,N/A,1.4,269,1.1,none,Large Port Island,5.1,2750,76.7,0.53,49.18,1.25,1.08,3.51,0.49,4.37,3.24,8.66,1.87,Out of Range or Broken,N/A,N/A,1,68.13,1.66,1.46,8.05,0.86,79.27,76.44,583.87,148.2,646.2,0.00465,0.00849,JDA02 Data Report.pdf,https://www.designsafe-ci.org/data/browser/public/nees.public/NEES-2008-0565.groups/,T2.5-55-11-BMA.dat,T2.5-55-11-SMA.dat,"GHAN6, GHAN7",10.4231/D37D2Q74Z,"Flexible Shear Beam Container (1651 mm x 787 mm, Inner Dimensions, Model Scale)",11,Phase 1: J and J_IM structures embedded in a surface layer over a liquefiable layer
,209,T2.5-55-11-J_EP,JDA02a,T2.5-55,J_EP,55,11,0,Nevada Sand,20.7,0.8,Nevada Sand,2.5,0.55,Nevada Sand,2.6,0.8,none,none,none,yes,7.5,7.5,2.1,14.9,10.5,13.5,1064800,793609,N/A,N/A,2.1,185,0.87,Unattached Piles,Large Port Island,5.1,2750,76.7,0.53,49.18,1.25,1.08,3.51,0.49,4.37,3.24,8.66,1.87,Out of Range or Broken,N/A,N/A,1,68.13,1.66,1.46,8.05,0.86,79.27,76.44,583.87,57.5,319.2,0.00578,0.0113,JDA02 Data Report.pdf,https://www.designsafe-ci.org/data/browser/public/nees.public/NEES-2008-0565.groups/,T2.5-55-11-BMA.dat,T2.5-55-11-SMA.dat,"GHAN6, GHAN7",10.4231/D37D2Q74Z,"Flexible Shear Beam Container (1651 mm x 787 mm, Inner Dimensions, Model Scale)",11,Phase 1: J and J_IM structures embedded in a surface layer over a liquefiable layer
,210,T2.5-55-11-J_CP,JDA02a,T2.5-55,J_CP,55,11,0,Nevada Sand,20.7,0.8,Nevada Sand,2.5,0.55,Nevada Sand,2.6,0.8,none,none,none,yes,7.5,7.5,2.1,14.9,10.5,13.5,1064800,793609,N/A,N/A,2.1,185,0.87,Unattached Piles,Large Port Island,5.1,2750,76.7,0.53,49.18,1.25,1.08,3.51,0.49,4.37,3.24,8.66,1.87,Out of Range or Broken,N/A,N/A,1,68.13,1.66,1.46,8.05,0.86,79.27,76.44,583.87,21.3,231.1,0.0052,0.0163,JDA02 Data Report.pdf,https://www.designsafe-ci.org/data/browser/public/nees.public/NEES-2008-0565.groups/,T2.5-55-11-BMA.dat,T2.5-55-11-SMA.dat,"GHAN6, GHAN7",10.4231/D37D2Q74Z,"Flexible Shear Beam Container (1651 mm x 787 mm, Inner Dimensions, Model Scale)",11,Phase 1: J and J_IM structures embedded in a surface layer over a liquefiable layer
,211,T2.5-55-11-FF,JDA02a,T2.5-55,FF,55,11,0,Nevada Sand,20.7,0.8,Nevada Sand,2.5,0.55,Nevada Sand,2.6,0.8,none,none,none,yes,N/A - FF,N/A - FF,N/A - FF,N/A - FF,N/A - FF,N/A - FF,N/A - FF,N/A - FF,N/A - FF,N/A - FF,N/A - FF,N/A - FF,N/A - FF,N/A - FF,Large Port Island,5.1,2750,76.7,0.53,49.18,1.25,1.08,3.51,0.49,4.37,3.24,8.66,1.87,Out of Range or Broken,N/A,N/A,1,68.13,1.66,1.46,8.05,0.86,79.27,76.44,583.87,64.6,432.8,N/A - FF,N/A - FF,JDA02 Data Report.pdf,https://www.designsafe-ci.org/data/browser/public/nees.public/NEES-2008-0565.groups/,T2.5-55-11-BMA.dat,T2.5-55-11-SMA.dat,"GHAN6, GHAN7",10.4231/D37D2Q74Z,"Flexible Shear Beam Container (1651 mm x 787 mm, Inner Dimensions, Model Scale)",11,Phase 1: J and J_IM structures embedded in a surface layer over a liquefiable layer
,212,T2.5-55-12-J,JDA02a,T2.5-55,J,55,11,0,Nevada Sand,20.7,0.8,Nevada Sand,2.5,0.55,Nevada Sand,2.6,0.8,none,none,none,yes,7.5,7.5,1.4,14.9,10.5,13.5,1048163,793609,N/A,N/A,1.4,182,0.87,none,Large Port Island,6.5,2750,76.4,0.61,58,1.5,1.33,4.81,0.61,5.86,4.57,13.47,Drift,Out of Range or Broken,N/A,N/A,1,543.82,173.89,173.76,4003.64,53.31,253.17,250.19,4587.51,80.9,571.5,0.0045,0.01704,JDA02 Data Report.pdf,https://www.designsafe-ci.org/data/browser/public/nees.public/NEES-2008-0565.groups/,T2.5-55-12-BMA.dat,T2.5-55-12-SMA.dat,"GHAN6, GHAN7",10.4231/D37D2Q74Z,"Flexible Shear Beam Container (1651 mm x 787 mm, Inner Dimensions, Model Scale)",12,Phase 1: J and J_IM structures embedded in a surface layer over a liquefiable layer
,213,T2.5-55-12-J_IM,JDA02a,T2.5-55,J_IM,55,11,0,Nevada Sand,20.7,0.8,Nevada Sand,2.5,0.55,Nevada Sand,2.6,0.8,none,none,none,yes,7.5,7.5,1.4,16.4,12.3,14.3,1547288,1279424,N/A,N/A,1.4,269,1.1,none,Large Port Island,6.5,2750,76.4,0.61,58,1.5,1.33,4.81,0.61,5.86,4.57,13.47,Drift,Out of Range or Broken,N/A,N/A,1,543.82,173.89,173.76,4003.64,53.31,253.17,250.19,4587.51,132.1,778.4,0.00482,0.01331,JDA02 Data Report.pdf,https://www.designsafe-ci.org/data/browser/public/nees.public/NEES-2008-0565.groups/,T2.5-55-12-BMA.dat,T2.5-55-12-SMA.dat,"GHAN6, GHAN7",10.4231/D37D2Q74Z,"Flexible Shear Beam Container (1651 mm x 787 mm, Inner Dimensions, Model Scale)",12,Phase 1: J and J_IM structures embedded in a surface layer over a liquefiable layer
,214,T2.5-55-12-J_EP,JDA02a,T2.5-55,J_EP,55,11,0,Nevada Sand,20.7,0.8,Nevada Sand,2.5,0.55,Nevada Sand,2.6,0.8,none,none,none,yes,7.5,7.5,2.1,14.9,10.5,13.5,1064800,793609,N/A,N/A,2.1,185,0.87,Unattached Piles,Large Port Island,6.5,2750,76.4,0.61,58,1.5,1.33,4.81,0.61,5.86,4.57,13.47,Drift,Out of Range or Broken,N/A,N/A,1,543.82,173.89,173.76,4003.64,53.31,253.17,250.19,4587.51,35,354.2,-0.00008,0.01122,JDA02 Data Report.pdf,https://www.designsafe-ci.org/data/browser/public/nees.public/NEES-2008-0565.groups/,T2.5-55-12-BMA.dat,T2.5-55-12-SMA.dat,"GHAN6, GHAN7",10.4231/D37D2Q74Z,"Flexible Shear Beam Container (1651 mm x 787 mm, Inner Dimensions, Model Scale)",12,Phase 1: J and J_IM structures embedded in a surface layer over a liquefiable layer
,215,T2.5-55-12-J_CP,JDA02a,T2.5-55,J_CP,55,11,0,Nevada Sand,20.7,0.8,Nevada Sand,2.5,0.55,Nevada Sand,2.6,0.8,none,none,none,yes,7.5,7.5,2.1,14.9,10.5,13.5,1064800,793609,N/A,N/A,2.1,185,0.87,Unattached Piles,Large Port Island,6.5,2750,76.4,0.61,58,1.5,1.33,4.81,0.61,5.86,4.57,13.47,Drift,Out of Range or Broken,N/A,N/A,1,543.82,173.89,173.76,4003.64,53.31,253.17,250.19,4587.51,-4.1,227,0.00571,0.02202,JDA02 Data Report.pdf,https://www.designsafe-ci.org/data/browser/public/nees.public/NEES-2008-0565.groups/,T2.5-55-12-BMA.dat,T2.5-55-12-SMA.dat,"GHAN6, GHAN7",10.4231/D37D2Q74Z,"Flexible Shear Beam Container (1651 mm x 787 mm, Inner Dimensions, Model Scale)",12,Phase 1: J and J_IM structures embedded in a surface layer over a liquefiable layer
,216,T2.5-55-12-FF,JDA02a,T2.5-55,FF,55,11,0,Nevada Sand,20.7,0.8,Nevada Sand,2.5,0.55,Nevada Sand,2.6,0.8,none,none,none,yes,N/A - FF,N/A - FF,N/A - FF,N/A - FF,N/A - FF,N/A - FF,N/A - FF,N/A - FF,N/A - FF,N/A - FF,N/A - FF,N/A - FF,N/A - FF,N/A - FF,Large Port Island,6.5,2750,76.4,0.61,58,1.5,1.33,4.81,0.61,5.86,4.57,13.47,Drift,Out of Range or Broken,N/A,N/A,1,543.82,173.89,173.76,4003.64,53.31,253.17,250.19,4587.51,45,477.8,N/A - FF,N/A - FF,JDA02 Data Report.pdf,https://www.designsafe-ci.org/data/browser/public/nees.public/NEES-2008-0565.groups/,T2.5-55-12-BMA.dat,T2.5-55-12-SMA.dat,"GHAN6, GHAN7",10.4231/D37D2Q74Z,"Flexible Shear Beam Container (1651 mm x 787 mm, Inner Dimensions, Model Scale)",12,Phase 1: J and J_IM structures embedded in a surface layer over a liquefiable layer
,217,T2.5-55-13-J,JDA02a,T2.5-55,J,55,11,0,Nevada Sand,20.7,0.8,Nevada Sand,2.5,0.55,Nevada Sand,2.6,0.8,none,none,none,yes,7.5,7.5,1.4,14.9,10.5,13.5,1048163,793609,N/A,N/A,1.4,182,0.87,none,Moderate Chi-Chi TCU078,0.28,11000,76.8,0.12,13.4,0.67,0.39,0.38,0.01,6.54,4.96,13.85,0.19,Out of Range or Broken,N/A,N/A,1,25.72,1.53,1.11,1.4,0.05,254.7,251.3,4588.91,12.1,583.6,0.00083,0.01787,JDA02 Data Report.pdf,https://www.designsafe-ci.org/data/browser/public/nees.public/NEES-2008-0565.groups/,T2.5-55-13-BMA.dat,T2.5-55-13-SMA.dat,"GHAN6, GHAN7",10.4231/D37D2Q74Z,"Flexible Shear Beam Container (1651 mm x 787 mm, Inner Dimensions, Model Scale)",13,Phase 1: J and J_IM structures embedded in a surface layer over a liquefiable layer
,218,T2.5-55-13-J_IM,JDA02a,T2.5-55,J_IM,55,11,0,Nevada Sand,20.7,0.8,Nevada Sand,2.5,0.55,Nevada Sand,2.6,0.8,none,none,none,yes,7.5,7.5,1.4,16.4,12.3,14.3,1547288,1279424,N/A,N/A,1.4,269,1.1,none,Moderate Chi-Chi TCU078,0.28,11000,76.8,0.12,13.4,0.67,0.39,0.38,0.01,6.54,4.96,13.85,0.19,Out of Range or Broken,N/A,N/A,1,25.72,1.53,1.11,1.4,0.05,254.7,251.3,4588.91,10.1,788.5,-0.00036,0.01295,JDA02 Data Report.pdf,https://www.designsafe-ci.org/data/browser/public/nees.public/NEES-2008-0565.groups/,T2.5-55-13-BMA.dat,T2.5-55-13-SMA.dat,"GHAN6, GHAN7",10.4231/D37D2Q74Z,"Flexible Shear Beam Container (1651 mm x 787 mm, Inner Dimensions, Model Scale)",13,Phase 1: J and J_IM structures embedded in a surface layer over a liquefiable layer
,219,T2.5-55-13-J_EP,JDA02a,T2.5-55,J_EP,55,11,0,Nevada Sand,20.7,0.8,Nevada Sand,2.5,0.55,Nevada Sand,2.6,0.8,none,none,none,yes,7.5,7.5,2.1,14.9,10.5,13.5,1064800,793609,N/A,N/A,2.1,185,0.87,Unattached Piles,Moderate Chi-Chi TCU078,0.28,11000,76.8,0.12,13.4,0.67,0.39,0.38,0.01,6.54,4.96,13.85,0.19,Out of Range or Broken,N/A,N/A,1,25.72,1.53,1.11,1.4,0.05,254.7,251.3,4588.91,3.8,358,-0.00056,0.01066,JDA02 Data Report.pdf,https://www.designsafe-ci.org/data/browser/public/nees.public/NEES-2008-0565.groups/,T2.5-55-13-BMA.dat,T2.5-55-13-SMA.dat,"GHAN6, GHAN7",10.4231/D37D2Q74Z,"Flexible Shear Beam Container (1651 mm x 787 mm, Inner Dimensions, Model Scale)",13,Phase 1: J and J_IM structures embedded in a surface layer over a liquefiable layer
,220,T2.5-55-13-J_CP,JDA02a,T2.5-55,J_CP,55,11,0,Nevada Sand,20.7,0.8,Nevada Sand,2.5,0.55,Nevada Sand,2.6,0.8,none,none,none,yes,7.5,7.5,2.1,14.9,10.5,13.5,1064800,793609,N/A,N/A,2.1,185,0.87,Unattached Piles,Moderate Chi-Chi TCU078,0.28,11000,76.8,0.12,13.4,0.67,0.39,0.38,0.01,6.54,4.96,13.85,0.19,Out of Range or Broken,N/A,N/A,1,25.72,1.53,1.11,1.4,0.05,254.7,251.3,4588.91,18.1,245.1,-0.00098,0.02103,JDA02 Data Report.pdf,https://www.designsafe-ci.org/data/browser/public/nees.public/NEES-2008-0565.groups/,T2.5-55-13-BMA.dat,T2.5-55-13-SMA.dat,"GHAN6, GHAN7",10.4231/D37D2Q74Z,"Flexible Shear Beam Container (1651 mm x 787 mm, Inner Dimensions, Model Scale)",13,Phase 1: J and J_IM structures embedded in a surface layer over a liquefiable layer
,221,T2.5-55-13-FF,JDA02a,T2.5-55,FF,55,11,0,Nevada Sand,20.7,0.8,Nevada Sand,2.5,0.55,Nevada Sand,2.6,0.8,none,none,none,yes,N/A - FF,N/A - FF,N/A - FF,N/A - FF,N/A - FF,N/A - FF,N/A - FF,N/A - FF,N/A - FF,N/A - FF,N/A - FF,N/A - FF,N/A - FF,N/A - FF,Moderate Chi-Chi TCU078,0.28,11000,76.8,0.12,13.4,0.67,0.39,0.38,0.01,6.54,4.96,13.85,0.19,Out of Range or Broken,N/A,N/A,1,25.72,1.53,1.11,1.4,0.05,254.7,251.3,4588.91,3.4,481.3,N/A - FF,N/A - FF,JDA02 Data Report.pdf,https://www.designsafe-ci.org/data/browser/public/nees.public/NEES-2008-0565.groups/,T2.5-55-13-BMA.dat,T2.5-55-13-SMA.dat,"GHAN6, GHAN7",10.4231/D37D2Q74Z,"Flexible Shear Beam Container (1651 mm x 787 mm, Inner Dimensions, Model Scale)",13,Phase 1: J and J_IM structures embedded in a surface layer over a liquefiable layer
,222,T2.3-70-14-J,JDA02b,T2.3-70,J,55,11,-1.4,Nevada Sand,20.6,0.9,Nevada Sand,2.3,0.7,Nevada Sand,2.5,0.9,none,none,none,yes,7.5,7.5,1.4,14.9,10.5,13.5,1048163,793609,N/A,N/A,0,182,0.87,none,Step Wave,1,4000,76.7,0,0.77,0,0,0,0,0,0,0,0.01,Out of Range or Broken,N/A,N/A,1,1.06,0,0,0,0,0,0,0,0,0,0,0,JDA02 Data Report.pdf,https://www.designsafe-ci.org/data/browser/public/nees.public/NEES-2008-0565.groups/,T2.3-70-14-BMA.dat,T2.3-70-14-SMA.dat,"GHAN6, GHAN7",10.4231/D37D2Q74Z,"Flexible Shear Beam Container (1651 mm x 787 mm, Inner Dimensions, Model Scale)",14,Phase 2: J and J_IM structures moved to virgin location and placed on the surface after densification of the soil from Phase 1 ground motions
,223,T2.3-70-14-J_IM,JDA02b,T2.3-70,J_IM,55,11,-1.4,Nevada Sand,20.6,0.9,Nevada Sand,2.3,0.7,Nevada Sand,2.5,0.9,none,none,none,yes,7.5,7.5,1.4,16.4,12.3,14.3,1547288,1279424,N/A,N/A,0,269,1.1,none,Step Wave,1,4000,76.7,0,0.77,0,0,0,0,0,0,0,0.01,Out of Range or Broken,N/A,N/A,1,1.06,0,0,0,0,0,0,0,0,0,0,0,JDA02 Data Report.pdf,https://www.designsafe-ci.org/data/browser/public/nees.public/NEES-2008-0565.groups/,T2.3-70-14-BMA.dat,T2.3-70-14-SMA.dat,"GHAN6, GHAN7",10.4231/D37D2Q74Z,"Flexible Shear Beam Container (1651 mm x 787 mm, Inner Dimensions, Model Scale)",14,Phase 2: J and J_IM structures moved to virgin location and placed on the surface after densification of the soil from Phase 1 ground motions
,224,T2.3-70-14-J_EP,JDA02b,T2.3-70,J_EP,55,11,-1.4,Nevada Sand,20.6,0.9,Nevada Sand,2.3,0.7,Nevada Sand,2.5,0.9,none,none,none,yes,7.5,7.5,2.1,14.9,10.5,13.5,1064800,793609,N/A,N/A,2.1,185,0.87,Unattached Piles,Step Wave,1,4000,76.7,0,0.77,0,0,0,0,0,0,0,0.01,Out of Range or Broken,N/A,N/A,1,1.06,0,0,0,0,0,0,0,0,0,0,0,JDA02 Data Report.pdf,https://www.designsafe-ci.org/data/browser/public/nees.public/NEES-2008-0565.groups/,T2.3-70-14-BMA.dat,T2.3-70-14-SMA.dat,"GHAN6, GHAN7",10.4231/D37D2Q74Z,"Flexible Shear Beam Container (1651 mm x 787 mm, Inner Dimensions, Model Scale)",14,Phase 2: J and J_IM structures moved to virgin location and placed on the surface after densification of the soil from Phase 1 ground motions
,225,T2.3-70-14-J_CP,JDA02b,T2.3-70,J_CP,55,11,-1.4,Nevada Sand,20.6,0.9,Nevada Sand,2.3,0.7,Nevada Sand,2.5,0.9,none,none,none,yes,7.5,7.5,2.1,14.9,10.5,13.5,1064800,793609,N/A,N/A,2.1,185,0.87,Unattached Piles,Step Wave,1,4000,76.7,0,0.77,0,0,0,0,0,0,0,0.01,Out of Range or Broken,N/A,N/A,1,1.06,0,0,0,0,0,0,0,0,0,0,0,JDA02 Data Report.pdf,https://www.designsafe-ci.org/data/browser/public/nees.public/NEES-2008-0565.groups/,T2.3-70-14-BMA.dat,T2.3-70-14-SMA.dat,"GHAN6, GHAN7",10.4231/D37D2Q74Z,"Flexible Shear Beam Container (1651 mm x 787 mm, Inner Dimensions, Model Scale)",14,Phase 2: J and J_IM structures moved to virgin location and placed on the surface after densification of the soil from Phase 1 ground motions
,226,T2.3-70-14-FF,JDA02b,T2.3-70,FF,55,11,-1.4,Nevada Sand,20.6,0.9,Nevada Sand,2.3,0.7,Nevada Sand,2.5,0.9,none,none,none,yes,N/A - FF,N/A - FF,N/A - FF,N/A - FF,N/A - FF,N/A - FF,N/A - FF,N/A - FF,N/A - FF,N/A - FF,N/A - FF,N/A - FF,N/A - FF,N/A - FF,Step Wave,1,4000,76.7,0,0.77,0,0,0,0,0,0,0,0.01,Out of Range or Broken,N/A,N/A,1,1.06,0,0,0,0,0,0,0,0,0,N/A - FF,N/A - FF,JDA02 Data Report.pdf,https://www.designsafe-ci.org/data/browser/public/nees.public/NEES-2008-0565.groups/,T2.3-70-14-BMA.dat,T2.3-70-14-SMA.dat,"GHAN6, GHAN7",10.4231/D37D2Q74Z,"Flexible Shear Beam Container (1651 mm x 787 mm, Inner Dimensions, Model Scale)",14,Phase 2: J and J_IM structures moved to virgin location and placed on the surface after densification of the soil from Phase 1 ground motions
,227,T2.3-70-15-J,JDA02b,T2.3-70,J,55,11,-1.4,Nevada Sand,20.6,0.9,Nevada Sand,2.3,0.7,Nevada Sand,2.5,0.9,none,none,none,yes,7.5,7.5,1.4,14.9,10.5,13.5,1048163,793609,N/A,N/A,0,182,0.87,none,Small Port Island,0.5,2750,76.4,0.04,6.91,0.08,0.01,0.02,0,0.08,0.01,0.02,0.07,Out of Range or Broken,N/A,N/A,1,11.14,0.19,0.07,0.08,0.01,0.19,0.07,0.08,9.6,9.6,-0.00129,-0.00129,JDA02 Data Report.pdf,https://www.designsafe-ci.org/data/browser/public/nees.public/NEES-2008-0565.groups/,T2.3-70-15-BMA.dat,T2.3-70-15-SMA.dat,"GHAN6, GHAN7",10.4231/D37D2Q74Z,"Flexible Shear Beam Container (1651 mm x 787 mm, Inner Dimensions, Model Scale)",15,Phase 2: J and J_IM structures moved to virgin location and placed on the surface after densification of the soil from Phase 1 ground motions
,228,T2.3-70-15-J_IM,JDA02b,T2.3-70,J_IM,55,11,-1.4,Nevada Sand,20.6,0.9,Nevada Sand,2.3,0.7,Nevada Sand,2.5,0.9,none,none,none,yes,7.5,7.5,1.4,16.4,12.3,14.3,1547288,1279424,N/A,N/A,0,269,1.1,none,Small Port Island,0.5,2750,76.4,0.04,6.91,0.08,0.01,0.02,0,0.08,0.01,0.02,0.07,Out of Range or Broken,N/A,N/A,1,11.14,0.19,0.07,0.08,0.01,0.19,0.07,0.08,9,9,-0.00294,-0.00294,JDA02 Data Report.pdf,https://www.designsafe-ci.org/data/browser/public/nees.public/NEES-2008-0565.groups/,T2.3-70-15-BMA.dat,T2.3-70-15-SMA.dat,"GHAN6, GHAN7",10.4231/D37D2Q74Z,"Flexible Shear Beam Container (1651 mm x 787 mm, Inner Dimensions, Model Scale)",15,Phase 2: J and J_IM structures moved to virgin location and placed on the surface after densification of the soil from Phase 1 ground motions
,229,T2.3-70-15-J_EP,JDA02b,T2.3-70,J_EP,55,11,-1.4,Nevada Sand,20.6,0.9,Nevada Sand,2.3,0.7,Nevada Sand,2.5,0.9,none,none,none,yes,7.5,7.5,2.1,14.9,10.5,13.5,1064800,793609,N/A,N/A,2.1,185,0.87,Unattached Piles,Small Port Island,0.5,2750,76.4,0.04,6.91,0.08,0.01,0.02,0,0.08,0.01,0.02,0.07,Out of Range or Broken,N/A,N/A,1,11.14,0.19,0.07,0.08,0.01,0.19,0.07,0.08,0.9,0.9,0.00004,0.00004,JDA02 Data Report.pdf,https://www.designsafe-ci.org/data/browser/public/nees.public/NEES-2008-0565.groups/,T2.3-70-15-BMA.dat,T2.3-70-15-SMA.dat,"GHAN6, GHAN7",10.4231/D37D2Q74Z,"Flexible Shear Beam Container (1651 mm x 787 mm, Inner Dimensions, Model Scale)",15,Phase 2: J and J_IM structures moved to virgin location and placed on the surface after densification of the soil from Phase 1 ground motions
,230,T2.3-70-15-J_CP,JDA02b,T2.3-70,J_CP,55,11,-1.4,Nevada Sand,20.6,0.9,Nevada Sand,2.3,0.7,Nevada Sand,2.5,0.9,none,none,none,yes,7.5,7.5,2.1,14.9,10.5,13.5,1064800,793609,N/A,N/A,2.1,185,0.87,Unattached Piles,Small Port Island,0.5,2750,76.4,0.04,6.91,0.08,0.01,0.02,0,0.08,0.01,0.02,0.07,Out of Range or Broken,N/A,N/A,1,11.14,0.19,0.07,0.08,0.01,0.19,0.07,0.08,3.2,3.2,0.00009,0.00009,JDA02 Data Report.pdf,https://www.designsafe-ci.org/data/browser/public/nees.public/NEES-2008-0565.groups/,T2.3-70-15-BMA.dat,T2.3-70-15-SMA.dat,"GHAN6, GHAN7",10.4231/D37D2Q74Z,"Flexible Shear Beam Container (1651 mm x 787 mm, Inner Dimensions, Model Scale)",15,Phase 2: J and J_IM structures moved to virgin location and placed on the surface after densification of the soil from Phase 1 ground motions
,231,T2.3-70-15-FF,JDA02b,T2.3-70,FF,55,11,-1.4,Nevada Sand,20.6,0.9,Nevada Sand,2.3,0.7,Nevada Sand,2.5,0.9,none,none,none,yes,N/A - FF,N/A - FF,N/A - FF,N/A - FF,N/A - FF,N/A - FF,N/A - FF,N/A - FF,N/A - FF,N/A - FF,N/A - FF,N/A - FF,N/A - FF,N/A - FF,Small Port Island,0.5,2750,76.4,0.04,6.91,0.08,0.01,0.02,0,0.08,0.01,0.02,0.07,Out of Range or Broken,N/A,N/A,1,11.14,0.19,0.07,0.08,0.01,0.19,0.07,0.08,1.5,1.5,N/A - FF,N/A - FF,JDA02 Data Report.pdf,https://www.designsafe-ci.org/data/browser/public/nees.public/NEES-2008-0565.groups/,T2.3-70-15-BMA.dat,T2.3-70-15-SMA.dat,"GHAN6, GHAN7",10.4231/D37D2Q74Z,"Flexible Shear Beam Container (1651 mm x 787 mm, Inner Dimensions, Model Scale)",15,Phase 2: J and J_IM structures moved to virgin location and placed on the surface after densification of the soil from Phase 1 ground motions
,232,T2.3-70-16-J,JDA02b,T2.3-70,J,55,11,-1.4,Nevada Sand,20.6,0.9,Nevada Sand,2.3,0.7,Nevada Sand,2.5,0.9,none,none,none,yes,7.5,7.5,1.4,14.9,10.5,13.5,1048163,793609,N/A,N/A,0,182,0.87,none,Moderate Port Island,1.5,2750,76.9,0.18,18.62,0.34,0.24,0.32,0.05,0.41,0.24,0.34,0.32,Out of Range or Broken,N/A,N/A,1,32.93,0.7,0.48,0.83,0.12,0.89,0.56,0.91,35.5,45.1,-0.00067,-0.00196,JDA02 Data Report.pdf,https://www.designsafe-ci.org/data/browser/public/nees.public/NEES-2008-0565.groups/,T2.3-70-16-BMA.dat,T2.3-70-16-SMA.dat,"GHAN6, GHAN7",10.4231/D37D2Q74Z,"Flexible Shear Beam Container (1651 mm x 787 mm, Inner Dimensions, Model Scale)",16,Phase 2: J and J_IM structures moved to virgin location and placed on the surface after densification of the soil from Phase 1 ground motions
,233,T2.3-70-16-J_IM,JDA02b,T2.3-70,J_IM,55,11,-1.4,Nevada Sand,20.6,0.9,Nevada Sand,2.3,0.7,Nevada Sand,2.5,0.9,none,none,none,yes,7.5,7.5,1.4,16.4,12.3,14.3,1547288,1279424,N/A,N/A,0,269,1.1,none,Moderate Port Island,1.5,2750,76.9,0.18,18.62,0.34,0.24,0.32,0.05,0.41,0.24,0.34,0.32,Out of Range or Broken,N/A,N/A,1,32.93,0.7,0.48,0.83,0.12,0.89,0.56,0.91,49.8,58.8,-0.00002,-0.00297,JDA02 Data Report.pdf,https://www.designsafe-ci.org/data/browser/public/nees.public/NEES-2008-0565.groups/,T2.3-70-16-BMA.dat,T2.3-70-16-SMA.dat,"GHAN6, GHAN7",10.4231/D37D2Q74Z,"Flexible Shear Beam Container (1651 mm x 787 mm, Inner Dimensions, Model Scale)",16,Phase 2: J and J_IM structures moved to virgin location and placed on the surface after densification of the soil from Phase 1 ground motions
,234,T2.3-70-16-J_EP,JDA02b,T2.3-70,J_EP,55,11,-1.4,Nevada Sand,20.6,0.9,Nevada Sand,2.3,0.7,Nevada Sand,2.5,0.9,none,none,none,yes,7.5,7.5,2.1,14.9,10.5,13.5,1064800,793609,N/A,N/A,2.1,185,0.87,Unattached Piles,Moderate Port Island,1.5,2750,76.9,0.18,18.62,0.34,0.24,0.32,0.05,0.41,0.24,0.34,0.32,Out of Range or Broken,N/A,N/A,1,32.93,0.7,0.48,0.83,0.12,0.89,0.56,0.91,14.8,15.6,0.00016,0.00019,JDA02 Data Report.pdf,https://www.designsafe-ci.org/data/browser/public/nees.public/NEES-2008-0565.groups/,T2.3-70-16-BMA.dat,T2.3-70-16-SMA.dat,"GHAN6, GHAN7",10.4231/D37D2Q74Z,"Flexible Shear Beam Container (1651 mm x 787 mm, Inner Dimensions, Model Scale)",16,Phase 2: J and J_IM structures moved to virgin location and placed on the surface after densification of the soil from Phase 1 ground motions
,235,T2.3-70-16-J_CP,JDA02b,T2.3-70,J_CP,55,11,-1.4,Nevada Sand,20.6,0.9,Nevada Sand,2.3,0.7,Nevada Sand,2.5,0.9,none,none,none,yes,7.5,7.5,2.1,14.9,10.5,13.5,1064800,793609,N/A,N/A,2.1,185,0.87,Unattached Piles,Moderate Port Island,1.5,2750,76.9,0.18,18.62,0.34,0.24,0.32,0.05,0.41,0.24,0.34,0.32,Out of Range or Broken,N/A,N/A,1,32.93,0.7,0.48,0.83,0.12,0.89,0.56,0.91,15.7,18.9,-0.00021,-0.00012,JDA02 Data Report.pdf,https://www.designsafe-ci.org/data/browser/public/nees.public/NEES-2008-0565.groups/,T2.3-70-16-BMA.dat,T2.3-70-16-SMA.dat,"GHAN6, GHAN7",10.4231/D37D2Q74Z,"Flexible Shear Beam Container (1651 mm x 787 mm, Inner Dimensions, Model Scale)",16,Phase 2: J and J_IM structures moved to virgin location and placed on the surface after densification of the soil from Phase 1 ground motions
,236,T2.3-70-16-FF,JDA02b,T2.3-70,FF,55,11,-1.4,Nevada Sand,20.6,0.9,Nevada Sand,2.3,0.7,Nevada Sand,2.5,0.9,none,none,none,yes,N/A - FF,N/A - FF,N/A - FF,N/A - FF,N/A - FF,N/A - FF,N/A - FF,N/A - FF,N/A - FF,N/A - FF,N/A - FF,N/A - FF,N/A - FF,N/A - FF,Moderate Port Island,1.5,2750,76.9,0.18,18.62,0.34,0.24,0.32,0.05,0.41,0.24,0.34,0.32,Out of Range or Broken,N/A,N/A,1,32.93,0.7,0.48,0.83,0.12,0.89,0.56,0.91,31.1,32.7,N/A - FF,N/A - FF,JDA02 Data Report.pdf,https://www.designsafe-ci.org/data/browser/public/nees.public/NEES-2008-0565.groups/,T2.3-70-16-BMA.dat,T2.3-70-16-SMA.dat,"GHAN6, GHAN7",10.4231/D37D2Q74Z,"Flexible Shear Beam Container (1651 mm x 787 mm, Inner Dimensions, Model Scale)",16,Phase 2: J and J_IM structures moved to virgin location and placed on the surface after densification of the soil from Phase 1 ground motions
,237,T2.3-70-17-J,JDA02b,T2.3-70,J,55,11,-1.4,Nevada Sand,20.6,0.9,Nevada Sand,2.3,0.7,Nevada Sand,2.5,0.9,none,none,none,yes,7.5,7.5,1.4,14.9,10.5,13.5,1048163,793609,N/A,N/A,0,182,0.87,none,Small Morgan,0.2,8000,76.7,0.06,8.43,0.05,0.03,0.03,0,0.46,0.27,0.37,0.11,Out of Range or Broken,N/A,N/A,1,15.56,0.22,0.12,0.16,0.05,1.12,0.67,1.07,-0.1,45,0.00007,-0.00189,JDA02 Data Report.pdf,https://www.designsafe-ci.org/data/browser/public/nees.public/NEES-2008-0565.groups/,T2.3-70-17-BMA.dat,T2.3-70-17-SMA.dat,"GHAN6, GHAN7",10.4231/D37D2Q74Z,"Flexible Shear Beam Container (1651 mm x 787 mm, Inner Dimensions, Model Scale)",17,Phase 2: J and J_IM structures moved to virgin location and placed on the surface after densification of the soil from Phase 1 ground motions
,238,T2.3-70-17-J_IM,JDA02b,T2.3-70,J_IM,55,11,-1.4,Nevada Sand,20.6,0.9,Nevada Sand,2.3,0.7,Nevada Sand,2.5,0.9,none,none,none,yes,7.5,7.5,1.4,16.4,12.3,14.3,1547288,1279424,N/A,N/A,0,269,1.1,none,Small Morgan,0.2,8000,76.7,0.06,8.43,0.05,0.03,0.03,0,0.46,0.27,0.37,0.11,Out of Range or Broken,N/A,N/A,1,15.56,0.22,0.12,0.16,0.05,1.12,0.67,1.07,1.3,60.2,-0.00039,-0.00336,JDA02 Data Report.pdf,https://www.designsafe-ci.org/data/browser/public/nees.public/NEES-2008-0565.groups/,T2.3-70-17-BMA.dat,T2.3-70-17-SMA.dat,"GHAN6, GHAN7",10.4231/D37D2Q74Z,"Flexible Shear Beam Container (1651 mm x 787 mm, Inner Dimensions, Model Scale)",17,Phase 2: J and J_IM structures moved to virgin location and placed on the surface after densification of the soil from Phase 1 ground motions
,239,T2.3-70-17-J_EP,JDA02b,T2.3-70,J_EP,55,11,-1.4,Nevada Sand,20.6,0.9,Nevada Sand,2.3,0.7,Nevada Sand,2.5,0.9,none,none,none,yes,7.5,7.5,2.1,14.9,10.5,13.5,1064800,793609,N/A,N/A,2.1,185,0.87,Unattached Piles,Small Morgan,0.2,8000,76.7,0.06,8.43,0.05,0.03,0.03,0,0.46,0.27,0.37,0.11,Out of Range or Broken,N/A,N/A,1,15.56,0.22,0.12,0.16,0.05,1.12,0.67,1.07,-0.8,14.8,0.00035,0.00054,JDA02 Data Report.pdf,https://www.designsafe-ci.org/data/browser/public/nees.public/NEES-2008-0565.groups/,T2.3-70-17-BMA.dat,T2.3-70-17-SMA.dat,"GHAN6, GHAN7",10.4231/D37D2Q74Z,"Flexible Shear Beam Container (1651 mm x 787 mm, Inner Dimensions, Model Scale)",17,Phase 2: J and J_IM structures moved to virgin location and placed on the surface after densification of the soil from Phase 1 ground motions
,240,T2.3-70-17-J_CP,JDA02b,T2.3-70,J_CP,55,11,-1.4,Nevada Sand,20.6,0.9,Nevada Sand,2.3,0.7,Nevada Sand,2.5,0.9,none,none,none,yes,7.5,7.5,2.1,14.9,10.5,13.5,1064800,793609,N/A,N/A,2.1,185,0.87,Unattached Piles,Small Morgan,0.2,8000,76.7,0.06,8.43,0.05,0.03,0.03,0,0.46,0.27,0.37,0.11,Out of Range or Broken,N/A,N/A,1,15.56,0.22,0.12,0.16,0.05,1.12,0.67,1.07,1.3,20.2,-0.00024,-0.00036,JDA02 Data Report.pdf,https://www.designsafe-ci.org/data/browser/public/nees.public/NEES-2008-0565.groups/,T2.3-70-17-BMA.dat,T2.3-70-17-SMA.dat,"GHAN6, GHAN7",10.4231/D37D2Q74Z,"Flexible Shear Beam Container (1651 mm x 787 mm, Inner Dimensions, Model Scale)",17,Phase 2: J and J_IM structures moved to virgin location and placed on the surface after densification of the soil from Phase 1 ground motions
,241,T2.3-70-17-FF,JDA02b,T2.3-70,FF,55,11,-1.4,Nevada Sand,20.6,0.9,Nevada Sand,2.3,0.7,Nevada Sand,2.5,0.9,none,none,none,yes,N/A - FF,N/A - FF,N/A - FF,N/A - FF,N/A - FF,N/A - FF,N/A - FF,N/A - FF,N/A - FF,N/A - FF,N/A - FF,N/A - FF,N/A - FF,N/A - FF,Small Morgan,0.2,8000,76.7,0.06,8.43,0.05,0.03,0.03,0,0.46,0.27,0.37,0.11,Out of Range or Broken,N/A,N/A,1,15.56,0.22,0.12,0.16,0.05,1.12,0.67,1.07,-1.3,31.4,N/A - FF,N/A - FF,JDA02 Data Report.pdf,https://www.designsafe-ci.org/data/browser/public/nees.public/NEES-2008-0565.groups/,T2.3-70-17-BMA.dat,T2.3-70-17-SMA.dat,"GHAN6, GHAN7",10.4231/D37D2Q74Z,"Flexible Shear Beam Container (1651 mm x 787 mm, Inner Dimensions, Model Scale)",17,Phase 2: J and J_IM structures moved to virgin location and placed on the surface after densification of the soil from Phase 1 ground motions
,242,T2.3-70-18-J,JDA02b,T2.3-70,J,55,11,-1.4,Nevada Sand,20.6,0.9,Nevada Sand,2.3,0.7,Nevada Sand,2.5,0.9,none,none,none,yes,7.5,7.5,1.4,14.9,10.5,13.5,1048163,793609,N/A,N/A,0,182,0.87,none,Small Morgan Pulse,0.2,8000,76.7,0.06,10.32,0.12,0.06,0.05,0.01,0.58,0.33,0.42,0.1,Out of Range or Broken,N/A,N/A,1,13.3,0.33,0.18,0.19,0.02,1.44,0.86,1.26,2.8,47.9,-0.0001,-0.00199,JDA02 Data Report.pdf,https://www.designsafe-ci.org/data/browser/public/nees.public/NEES-2008-0565.groups/,T2.3-70-18-BMA.dat,T2.3-70-18-SMA.dat,"GHAN6, GHAN7",10.4231/D37D2Q74Z,"Flexible Shear Beam Container (1651 mm x 787 mm, Inner Dimensions, Model Scale)",18,Phase 2: J and J_IM structures moved to virgin location and placed on the surface after densification of the soil from Phase 1 ground motions
,243,T2.3-70-18-J_IM,JDA02b,T2.3-70,J_IM,55,11,-1.4,Nevada Sand,20.6,0.9,Nevada Sand,2.3,0.7,Nevada Sand,2.5,0.9,none,none,none,yes,7.5,7.5,1.4,16.4,12.3,14.3,1547288,1279424,N/A,N/A,0,269,1.1,none,Small Morgan Pulse,0.2,8000,76.7,0.06,10.32,0.12,0.06,0.05,0.01,0.58,0.33,0.42,0.1,Out of Range or Broken,N/A,N/A,1,13.3,0.33,0.18,0.19,0.02,1.44,0.86,1.26,2.2,62.4,-0.0004,-0.00376,JDA02 Data Report.pdf,https://www.designsafe-ci.org/data/browser/public/nees.public/NEES-2008-0565.groups/,T2.3-70-18-BMA.dat,T2.3-70-18-SMA.dat,"GHAN6, GHAN7",10.4231/D37D2Q74Z,"Flexible Shear Beam Container (1651 mm x 787 mm, Inner Dimensions, Model Scale)",18,Phase 2: J and J_IM structures moved to virgin location and placed on the surface after densification of the soil from Phase 1 ground motions
,244,T2.3-70-18-J_EP,JDA02b,T2.3-70,J_EP,55,11,-1.4,Nevada Sand,20.6,0.9,Nevada Sand,2.3,0.7,Nevada Sand,2.5,0.9,none,none,none,yes,7.5,7.5,2.1,14.9,10.5,13.5,1064800,793609,N/A,N/A,2.1,185,0.87,Unattached Piles,Small Morgan Pulse,0.2,8000,76.7,0.06,10.32,0.12,0.06,0.05,0.01,0.58,0.33,0.42,0.1,Out of Range or Broken,N/A,N/A,1,13.3,0.33,0.18,0.19,0.02,1.44,0.86,1.26,0.3,15.1,-0.0001,0.00044,JDA02 Data Report.pdf,https://www.designsafe-ci.org/data/browser/public/nees.public/NEES-2008-0565.groups/,T2.3-70-18-BMA.dat,T2.3-70-18-SMA.dat,"GHAN6, GHAN7",10.4231/D37D2Q74Z,"Flexible Shear Beam Container (1651 mm x 787 mm, Inner Dimensions, Model Scale)",18,Phase 2: J and J_IM structures moved to virgin location and placed on the surface after densification of the soil from Phase 1 ground motions
,245,T2.3-70-18-J_CP,JDA02b,T2.3-70,J_CP,55,11,-1.4,Nevada Sand,20.6,0.9,Nevada Sand,2.3,0.7,Nevada Sand,2.5,0.9,none,none,none,yes,7.5,7.5,2.1,14.9,10.5,13.5,1064800,793609,N/A,N/A,2.1,185,0.87,Unattached Piles,Small Morgan Pulse,0.2,8000,76.7,0.06,10.32,0.12,0.06,0.05,0.01,0.58,0.33,0.42,0.1,Out of Range or Broken,N/A,N/A,1,13.3,0.33,0.18,0.19,0.02,1.44,0.86,1.26,1.5,21.7,-0.00014,-0.0005,JDA02 Data Report.pdf,https://www.designsafe-ci.org/data/browser/public/nees.public/NEES-2008-0565.groups/,T2.3-70-18-BMA.dat,T2.3-70-18-SMA.dat,"GHAN6, GHAN7",10.4231/D37D2Q74Z,"Flexible Shear Beam Container (1651 mm x 787 mm, Inner Dimensions, Model Scale)",18,Phase 2: J and J_IM structures moved to virgin location and placed on the surface after densification of the soil from Phase 1 ground motions
,246,T2.3-70-18-FF,JDA02b,T2.3-70,FF,55,11,-1.4,Nevada Sand,20.6,0.9,Nevada Sand,2.3,0.7,Nevada Sand,2.5,0.9,none,none,none,yes,N/A - FF,N/A - FF,N/A - FF,N/A - FF,N/A - FF,N/A - FF,N/A - FF,N/A - FF,N/A - FF,N/A - FF,N/A - FF,N/A - FF,N/A - FF,N/A - FF,Small Morgan Pulse,0.2,8000,76.7,0.06,10.32,0.12,0.06,0.05,0.01,0.58,0.33,0.42,0.1,Out of Range or Broken,N/A,N/A,1,13.3,0.33,0.18,0.19,0.02,1.44,0.86,1.26,0.5,31.9,N/A - FF,N/A - FF,JDA02 Data Report.pdf,https://www.designsafe-ci.org/data/browser/public/nees.public/NEES-2008-0565.groups/,T2.3-70-18-BMA.dat,T2.3-70-18-SMA.dat,"GHAN6, GHAN7",10.4231/D37D2Q74Z,"Flexible Shear Beam Container (1651 mm x 787 mm, Inner Dimensions, Model Scale)",18,Phase 2: J and J_IM structures moved to virgin location and placed on the surface after densification of the soil from Phase 1 ground motions
,247,T2.3-70-19-J,JDA02b,T2.3-70,J,55,11,-1.4,Nevada Sand,20.6,0.9,Nevada Sand,2.3,0.7,Nevada Sand,2.5,0.9,none,none,none,yes,7.5,7.5,1.4,14.9,10.5,13.5,1048163,793609,N/A,N/A,0,182,0.87,none,Moderate Morgan Pulse,0.6,8000,76.6,0.25,32.36,0.42,0.32,0.55,0.12,1,0.65,0.97,0.35,Out of Range or Broken,N/A,N/A,1,40.65,0.89,0.7,1.61,0.34,2.33,1.56,2.86,17.9,65.8,0.00178,-0.00021,JDA02 Data Report.pdf,https://www.designsafe-ci.org/data/browser/public/nees.public/NEES-2008-0565.groups/,T2.3-70-19-BMA.dat,T2.3-70-19-SMA.dat,"GHAN6, GHAN7",10.4231/D37D2Q74Z,"Flexible Shear Beam Container (1651 mm x 787 mm, Inner Dimensions, Model Scale)",19,Phase 2: J and J_IM structures moved to virgin location and placed on the surface after densification of the soil from Phase 1 ground motions
,248,T2.3-70-19-J_IM,JDA02b,T2.3-70,J_IM,55,11,-1.4,Nevada Sand,20.6,0.9,Nevada Sand,2.3,0.7,Nevada Sand,2.5,0.9,none,none,none,yes,7.5,7.5,1.4,16.4,12.3,14.3,1547288,1279424,N/A,N/A,0,269,1.1,none,Moderate Morgan Pulse,0.6,8000,76.6,0.25,32.36,0.42,0.32,0.55,0.12,1,0.65,0.97,0.35,Out of Range or Broken,N/A,N/A,1,40.65,0.89,0.7,1.61,0.34,2.33,1.56,2.86,29.2,91.6,0.00037,-0.0034,JDA02 Data Report.pdf,https://www.designsafe-ci.org/data/browser/public/nees.public/NEES-2008-0565.groups/,T2.3-70-19-BMA.dat,T2.3-70-19-SMA.dat,"GHAN6, GHAN7",10.4231/D37D2Q74Z,"Flexible Shear Beam Container (1651 mm x 787 mm, Inner Dimensions, Model Scale)",19,Phase 2: J and J_IM structures moved to virgin location and placed on the surface after densification of the soil from Phase 1 ground motions
,249,T2.3-70-19-J_EP,JDA02b,T2.3-70,J_EP,55,11,-1.4,Nevada Sand,20.6,0.9,Nevada Sand,2.3,0.7,Nevada Sand,2.5,0.9,none,none,none,yes,7.5,7.5,2.1,14.9,10.5,13.5,1064800,793609,N/A,N/A,2.1,185,0.87,Unattached Piles,Moderate Morgan Pulse,0.6,8000,76.6,0.25,32.36,0.42,0.32,0.55,0.12,1,0.65,0.97,0.35,Out of Range or Broken,N/A,N/A,1,40.65,0.89,0.7,1.61,0.34,2.33,1.56,2.86,2.6,17.7,0.00146,0.0019,JDA02 Data Report.pdf,https://www.designsafe-ci.org/data/browser/public/nees.public/NEES-2008-0565.groups/,T2.3-70-19-BMA.dat,T2.3-70-19-SMA.dat,"GHAN6, GHAN7",10.4231/D37D2Q74Z,"Flexible Shear Beam Container (1651 mm x 787 mm, Inner Dimensions, Model Scale)",19,Phase 2: J and J_IM structures moved to virgin location and placed on the surface after densification of the soil from Phase 1 ground motions
,250,T2.3-70-19-J_CP,JDA02b,T2.3-70,J_CP,55,11,-1.4,Nevada Sand,20.6,0.9,Nevada Sand,2.3,0.7,Nevada Sand,2.5,0.9,none,none,none,yes,7.5,7.5,2.1,14.9,10.5,13.5,1064800,793609,N/A,N/A,2.1,185,0.87,Unattached Piles,Moderate Morgan Pulse,0.6,8000,76.6,0.25,32.36,0.42,0.32,0.55,0.12,1,0.65,0.97,0.35,Out of Range or Broken,N/A,N/A,1,40.65,0.89,0.7,1.61,0.34,2.33,1.56,2.86,7.2,28.9,0.00228,0.00179,JDA02 Data Report.pdf,https://www.designsafe-ci.org/data/browser/public/nees.public/NEES-2008-0565.groups/,T2.3-70-19-BMA.dat,T2.3-70-19-SMA.dat,"GHAN6, GHAN7",10.4231/D37D2Q74Z,"Flexible Shear Beam Container (1651 mm x 787 mm, Inner Dimensions, Model Scale)",19,Phase 2: J and J_IM structures moved to virgin location and placed on the surface after densification of the soil from Phase 1 ground motions
,251,T2.3-70-19-FF,JDA02b,T2.3-70,FF,55,11,-1.4,Nevada Sand,20.6,0.9,Nevada Sand,2.3,0.7,Nevada Sand,2.5,0.9,none,none,none,yes,N/A - FF,N/A - FF,N/A - FF,N/A - FF,N/A - FF,N/A - FF,N/A - FF,N/A - FF,N/A - FF,N/A - FF,N/A - FF,N/A - FF,N/A - FF,N/A - FF,Moderate Morgan Pulse,0.6,8000,76.6,0.25,32.36,0.42,0.32,0.55,0.12,1,0.65,0.97,0.35,Out of Range or Broken,N/A,N/A,1,40.65,0.89,0.7,1.61,0.34,2.33,1.56,2.86,9,40.9,N/A - FF,N/A - FF,JDA02 Data Report.pdf,https://www.designsafe-ci.org/data/browser/public/nees.public/NEES-2008-0565.groups/,T2.3-70-19-BMA.dat,T2.3-70-19-SMA.dat,"GHAN6, GHAN7",10.4231/D37D2Q74Z,"Flexible Shear Beam Container (1651 mm x 787 mm, Inner Dimensions, Model Scale)",19,Phase 2: J and J_IM structures moved to virgin location and placed on the surface after densification of the soil from Phase 1 ground motions
,252,T2.3-70-20-J,JDA02b,T2.3-70,J,55,11,-1.4,Nevada Sand,20.6,0.9,Nevada Sand,2.3,0.7,Nevada Sand,2.5,0.9,none,none,none,yes,7.5,7.5,1.4,14.9,10.5,13.5,1048163,793609,N/A,N/A,0,182,0.87,none,Large Morgan Pulse,1,8000,76.8,0.42,45.01,0.71,0.6,1.33,0.28,1.71,1.25,2.29,0.52,Out of Range or Broken,N/A,N/A,1,55.74,1.38,1.12,3.25,0.58,3.71,2.69,6.11,35.8,101.5,-0.00009,-0.00029,JDA02 Data Report.pdf,https://www.designsafe-ci.org/data/browser/public/nees.public/NEES-2008-0565.groups/,T2.3-70-20-BMA.dat,T2.3-70-20-SMA.dat,"GHAN6, GHAN7",10.4231/D37D2Q74Z,"Flexible Shear Beam Container (1651 mm x 787 mm, Inner Dimensions, Model Scale)",20,Phase 2: J and J_IM structures moved to virgin location and placed on the surface after densification of the soil from Phase 1 ground motions
,253,T2.3-70-20-J_IM,JDA02b,T2.3-70,J_IM,55,11,-1.4,Nevada Sand,20.6,0.9,Nevada Sand,2.3,0.7,Nevada Sand,2.5,0.9,none,none,none,yes,7.5,7.5,1.4,16.4,12.3,14.3,1547288,1279424,N/A,N/A,0,269,1.1,none,Large Morgan Pulse,1,8000,76.8,0.42,45.01,0.71,0.6,1.33,0.28,1.71,1.25,2.29,0.52,Out of Range or Broken,N/A,N/A,1,55.74,1.38,1.12,3.25,0.58,3.71,2.69,6.11,45.2,136.8,-0.00151,-0.00491,JDA02 Data Report.pdf,https://www.designsafe-ci.org/data/browser/public/nees.public/NEES-2008-0565.groups/,T2.3-70-20-BMA.dat,T2.3-70-20-SMA.dat,"GHAN6, GHAN7",10.4231/D37D2Q74Z,"Flexible Shear Beam Container (1651 mm x 787 mm, Inner Dimensions, Model Scale)",20,Phase 2: J and J_IM structures moved to virgin location and placed on the surface after densification of the soil from Phase 1 ground motions
,254,T2.3-70-20-J_EP,JDA02b,T2.3-70,J_EP,55,11,-1.4,Nevada Sand,20.6,0.9,Nevada Sand,2.3,0.7,Nevada Sand,2.5,0.9,none,none,none,yes,7.5,7.5,2.1,14.9,10.5,13.5,1064800,793609,N/A,N/A,2.1,185,0.87,Unattached Piles,Large Morgan Pulse,1,8000,76.8,0.42,45.01,0.71,0.6,1.33,0.28,1.71,1.25,2.29,0.52,Out of Range or Broken,N/A,N/A,1,55.74,1.38,1.12,3.25,0.58,3.71,2.69,6.11,5.8,23.6,0.00158,0.00348,JDA02 Data Report.pdf,https://www.designsafe-ci.org/data/browser/public/nees.public/NEES-2008-0565.groups/,T2.3-70-20-BMA.dat,T2.3-70-20-SMA.dat,"GHAN6, GHAN7",10.4231/D37D2Q74Z,"Flexible Shear Beam Container (1651 mm x 787 mm, Inner Dimensions, Model Scale)",20,Phase 2: J and J_IM structures moved to virgin location and placed on the surface after densification of the soil from Phase 1 ground motions
,255,T2.3-70-20-J_CP,JDA02b,T2.3-70,J_CP,55,11,-1.4,Nevada Sand,20.6,0.9,Nevada Sand,2.3,0.7,Nevada Sand,2.5,0.9,none,none,none,yes,7.5,7.5,2.1,14.9,10.5,13.5,1064800,793609,N/A,N/A,2.1,185,0.87,Unattached Piles,Large Morgan Pulse,1,8000,76.8,0.42,45.01,0.71,0.6,1.33,0.28,1.71,1.25,2.29,0.52,Out of Range or Broken,N/A,N/A,1,55.74,1.38,1.12,3.25,0.58,3.71,2.69,6.11,5.8,34.8,0.00136,0.00315,JDA02 Data Report.pdf,https://www.designsafe-ci.org/data/browser/public/nees.public/NEES-2008-0565.groups/,T2.3-70-20-BMA.dat,T2.3-70-20-SMA.dat,"GHAN6, GHAN7",10.4231/D37D2Q74Z,"Flexible Shear Beam Container (1651 mm x 787 mm, Inner Dimensions, Model Scale)",20,Phase 2: J and J_IM structures moved to virgin location and placed on the surface after densification of the soil from Phase 1 ground motions
,256,T2.3-70-20-FF,JDA02b,T2.3-70,FF,55,11,-1.4,Nevada Sand,20.6,0.9,Nevada Sand,2.3,0.7,Nevada Sand,2.5,0.9,none,none,none,yes,N/A - FF,N/A - FF,N/A - FF,N/A - FF,N/A - FF,N/A - FF,N/A - FF,N/A - FF,N/A - FF,N/A - FF,N/A - FF,N/A - FF,N/A - FF,N/A - FF,Large Morgan Pulse,1,8000,76.8,0.42,45.01,0.71,0.6,1.33,0.28,1.71,1.25,2.29,0.52,Out of Range or Broken,N/A,N/A,1,55.74,1.38,1.12,3.25,0.58,3.71,2.69,6.11,4.5,45.4,N/A - FF,N/A - FF,JDA02 Data Report.pdf,https://www.designsafe-ci.org/data/browser/public/nees.public/NEES-2008-0565.groups/,T2.3-70-20-BMA.dat,T2.3-70-20-SMA.dat,"GHAN6, GHAN7",10.4231/D37D2Q74Z,"Flexible Shear Beam Container (1651 mm x 787 mm, Inner Dimensions, Model Scale)",20,Phase 2: J and J_IM structures moved to virgin location and placed on the surface after densification of the soil from Phase 1 ground motions
,257,T2.3-70-21-J,JDA02b,T2.3-70,J,55,11,-1.4,Nevada Sand,20.6,0.9,Nevada Sand,2.3,0.7,Nevada Sand,2.5,0.9,none,none,none,yes,7.5,7.5,1.4,14.9,10.5,13.5,1048163,793609,N/A,N/A,0,182,0.87,none,Large Port Island,5.1,2750,76.5,0.55,51.21,1.18,1.03,2.96,0.39,2.89,2.28,5.25,1.05,Out of Range or Broken,N/A,N/A,1,67.18,1.8,1.63,6.53,0.84,5.51,4.32,12.64,67.1,168.6,0,-0.00029,JDA02 Data Report.pdf,https://www.designsafe-ci.org/data/browser/public/nees.public/NEES-2008-0565.groups/,T2.3-70-21-BMA.dat,T2.3-70-21-SMA.dat,"GHAN6, GHAN7",10.4231/D37D2Q74Z,"Flexible Shear Beam Container (1651 mm x 787 mm, Inner Dimensions, Model Scale)",21,Phase 2: J and J_IM structures moved to virgin location and placed on the surface after densification of the soil from Phase 1 ground motions
,258,T2.3-70-21-J_IM,JDA02b,T2.3-70,J_IM,55,11,-1.4,Nevada Sand,20.6,0.9,Nevada Sand,2.3,0.7,Nevada Sand,2.5,0.9,none,none,none,yes,7.5,7.5,1.4,16.4,12.3,14.3,1547288,1279424,N/A,N/A,0,269,1.1,none,Large Port Island,5.1,2750,76.5,0.55,51.21,1.18,1.03,2.96,0.39,2.89,2.28,5.25,1.05,Out of Range or Broken,N/A,N/A,1,67.18,1.8,1.63,6.53,0.84,5.51,4.32,12.64,70.9,207.7,0.00232,-0.00259,JDA02 Data Report.pdf,https://www.designsafe-ci.org/data/browser/public/nees.public/NEES-2008-0565.groups/,T2.3-70-21-BMA.dat,T2.3-70-21-SMA.dat,"GHAN6, GHAN7",10.4231/D37D2Q74Z,"Flexible Shear Beam Container (1651 mm x 787 mm, Inner Dimensions, Model Scale)",21,Phase 2: J and J_IM structures moved to virgin location and placed on the surface after densification of the soil from Phase 1 ground motions
,259,T2.3-70-21-J_EP,JDA02b,T2.3-70,J_EP,55,11,-1.4,Nevada Sand,20.6,0.9,Nevada Sand,2.3,0.7,Nevada Sand,2.5,0.9,none,none,none,yes,7.5,7.5,2.1,14.9,10.5,13.5,1064800,793609,N/A,N/A,2.1,185,0.87,Unattached Piles,Large Port Island,5.1,2750,76.5,0.55,51.21,1.18,1.03,2.96,0.39,2.89,2.28,5.25,1.05,Out of Range or Broken,N/A,N/A,1,67.18,1.8,1.63,6.53,0.84,5.51,4.32,12.64,11.1,34.6,-0.00004,0.00344,JDA02 Data Report.pdf,https://www.designsafe-ci.org/data/browser/public/nees.public/NEES-2008-0565.groups/,T2.3-70-21-BMA.dat,T2.3-70-21-SMA.dat,"GHAN6, GHAN7",10.4231/D37D2Q74Z,"Flexible Shear Beam Container (1651 mm x 787 mm, Inner Dimensions, Model Scale)",21,Phase 2: J and J_IM structures moved to virgin location and placed on the surface after densification of the soil from Phase 1 ground motions
,260,T2.3-70-21-J_CP,JDA02b,T2.3-70,J_CP,55,11,-1.4,Nevada Sand,20.6,0.9,Nevada Sand,2.3,0.7,Nevada Sand,2.5,0.9,none,none,none,yes,7.5,7.5,2.1,14.9,10.5,13.5,1064800,793609,N/A,N/A,2.1,185,0.87,Unattached Piles,Large Port Island,5.1,2750,76.5,0.55,51.21,1.18,1.03,2.96,0.39,2.89,2.28,5.25,1.05,Out of Range or Broken,N/A,N/A,1,67.18,1.8,1.63,6.53,0.84,5.51,4.32,12.64,0.3,35,0.00045,0.00359,JDA02 Data Report.pdf,https://www.designsafe-ci.org/data/browser/public/nees.public/NEES-2008-0565.groups/,T2.3-70-21-BMA.dat,T2.3-70-21-SMA.dat,"GHAN6, GHAN7",10.4231/D37D2Q74Z,"Flexible Shear Beam Container (1651 mm x 787 mm, Inner Dimensions, Model Scale)",21,Phase 2: J and J_IM structures moved to virgin location and placed on the surface after densification of the soil from Phase 1 ground motions
,261,T2.3-70-21-FF,JDA02b,T2.3-70,FF,55,11,-1.4,Nevada Sand,20.6,0.9,Nevada Sand,2.3,0.7,Nevada Sand,2.5,0.9,none,none,none,yes,N/A - FF,N/A - FF,N/A - FF,N/A - FF,N/A - FF,N/A - FF,N/A - FF,N/A - FF,N/A - FF,N/A - FF,N/A - FF,N/A - FF,N/A - FF,N/A - FF,Large Port Island,5.1,2750,76.5,0.55,51.21,1.18,1.03,2.96,0.39,2.89,2.28,5.25,1.05,Out of Range or Broken,N/A,N/A,1,67.18,1.8,1.63,6.53,0.84,5.51,4.32,12.64,12.5,57.9,N/A - FF,N/A - FF,JDA02 Data Report.pdf,https://www.designsafe-ci.org/data/browser/public/nees.public/NEES-2008-0565.groups/,T2.3-70-21-BMA.dat,T2.3-70-21-SMA.dat,"GHAN6, GHAN7",10.4231/D37D2Q74Z,"Flexible Shear Beam Container (1651 mm x 787 mm, Inner Dimensions, Model Scale)",21,Phase 2: J and J_IM structures moved to virgin location and placed on the surface after densification of the soil from Phase 1 ground motions
,262,T4.5-50-01-A,JDZ01,T4.5-50,A,55,21,0.7,Nevada Sand,19.4,0.9,Nevada Sand,4.5,0.5,Monterey Sand,1.9,0.85,none,none,none,yes,6,9,0.7,4.4,2.4,3.9,326627,164611,21063,140953,0.7,65,,none,Step Wave,0.9,4000,,0,0.64,0,0,0,0,0,0,0,0.01,0.01,0.01,0.01,3,0.98,0,0,0.01,0,0,0,0.01,0.1,0.1,0.00007,0.00007,JDZ01 Data Report.pdf,https://www.designsafe-ci.org/data/browser/public/nees.public/NEES-2008-0639.groups/,T4.5-50-01-BMA.dat,T4.5-50-01-SMA.dat,"SA_FF1_154, SA_FF2_154, SA_FF1_sfc, SA_FF2_sfc",10.4231/D39W08Z6N,"Flexible Shear Beam Container (1651 mm x 787 mm, Inner Dimensions, Model Scale)",1,
,263,T4.5-50-01-A_A-N,JDZ01,T4.5-50,A_A-N,55,21,0.7,Nevada Sand,19.4,0.9,Nevada Sand,4.5,0.5,Monterey Sand,1.9,0.85,none,none,none,yes,6,9,0.7,4.4,2.4,3.9,326694,164678,20198,141818,0.7,65,,Adjacent Structure,Step Wave,0.9,4000,,0,0.64,0,0,0,0,0,0,0,0.01,0.01,0.01,0.01,3,0.98,0,0,0.01,0,0,0,0.01,0.2,0.2,0.00013,0.00013,JDZ01 Data Report.pdf,https://www.designsafe-ci.org/data/browser/public/nees.public/NEES-2008-0639.groups/,T4.5-50-01-BMA.dat,T4.5-50-01-SMA.dat,"SA_FF1_154, SA_FF2_154, SA_FF1_sfc, SA_FF2_sfc",10.4231/D39W08Z6N,"Flexible Shear Beam Container (1651 mm x 787 mm, Inner Dimensions, Model Scale)",1,
,264,T4.5-50-01-A_A-S,JDZ01,T4.5-50,A_A-S,55,21,0.7,Nevada Sand,19.4,0.9,Nevada Sand,4.5,0.5,Monterey Sand,1.9,0.85,none,none,none,yes,6,9,0.7,4.4,2.4,3.9,324148,164545,20148,139456,0.7,65,,Adjacent Structure,Step Wave,0.9,4000,,0,0.64,0,0,0,0,0,0,0,0.01,0.01,0.01,0.01,3,0.98,0,0,0.01,0,0,0,0.01,-0.2,-0.2,-0.00001,-0.00001,JDZ01 Data Report.pdf,https://www.designsafe-ci.org/data/browser/public/nees.public/NEES-2008-0639.groups/,T4.5-50-01-BMA.dat,T4.5-50-01-SMA.dat,"SA_FF1_154, SA_FF2_154, SA_FF1_sfc, SA_FF2_sfc",10.4231/D39W08Z6N,"Flexible Shear Beam Container (1651 mm x 787 mm, Inner Dimensions, Model Scale)",1,
,265,T4.5-50-01-A_J-P,JDZ01,T4.5-50,A_J-P,55,21,0.7,Nevada Sand,19.4,0.9,Nevada Sand,4.5,0.5,Monterey Sand,1.9,0.85,none,none,none,yes,6,9,0.7,4.4,2.4,3.9,321736,162033,19982,139722,0.7,65,,Adjacent Structure,Step Wave,0.9,4000,,0,0.64,0,0,0,0,0,0,0,0.01,0.01,0.01,0.01,3,0.98,0,0,0.01,0,0,0,0.01,-0.1,-0.1,-0.00018,-0.00018,JDZ01 Data Report.pdf,https://www.designsafe-ci.org/data/browser/public/nees.public/NEES-2008-0639.groups/,T4.5-50-01-BMA.dat,T4.5-50-01-SMA.dat,"SA_FF1_154, SA_FF2_154, SA_FF1_sfc, SA_FF2_sfc",10.4231/D39W08Z6N,"Flexible Shear Beam Container (1651 mm x 787 mm, Inner Dimensions, Model Scale)",1,
,266,T4.5-50-01-J_A-P,JDZ01,T4.5-50,J_A-P,55,21,0.7,Nevada Sand,19.4,0.9,Nevada Sand,4.5,0.5,Monterey Sand,1.9,0.85,none,none,none,yes,7.5,7.5,1.4,14.9,10.5,13.5,1025702,637050,195324,193328,1.4,186,,"Adjacent Structure, Attached Piles",Step Wave,0.9,4000,,0,0.64,0,0,0,0,0,0,0,0.01,0.01,0.01,0.01,3,0.98,0,0,0.01,0,0,0,0.01,0.1,0.1,N/A,N/A,JDZ01 Data Report.pdf,https://www.designsafe-ci.org/data/browser/public/nees.public/NEES-2008-0639.groups/,T4.5-50-01-BMA.dat,T4.5-50-01-SMA.dat,"SA_FF1_154, SA_FF2_154, SA_FF1_sfc, SA_FF2_sfc",10.4231/D39W08Z6N,"Flexible Shear Beam Container (1651 mm x 787 mm, Inner Dimensions, Model Scale)",1,
,267,T4.5-50-01-A_J,JDZ01,T4.5-50,A_J,55,21,0.7,Nevada Sand,19.4,0.9,Nevada Sand,4.5,0.5,Monterey Sand,1.9,0.85,none,none,none,yes,6,9,0.7,4.4,2.4,3.9,325014,164162,21080,139772,0.7,65,,Adjacent Structure,Step Wave,0.9,4000,,0,0.64,0,0,0,0,0,0,0,0.01,0.01,0.01,0.01,3,0.98,0,0,0.01,0,0,0,0.01,0.4,0.4,-0.00008,-0.00008,JDZ01 Data Report.pdf,https://www.designsafe-ci.org/data/browser/public/nees.public/NEES-2008-0639.groups/,T4.5-50-01-BMA.dat,T4.5-50-01-SMA.dat,"SA_FF1_154, SA_FF2_154, SA_FF1_sfc, SA_FF2_sfc",10.4231/D39W08Z6N,"Flexible Shear Beam Container (1651 mm x 787 mm, Inner Dimensions, Model Scale)",1,
,268,T4.5-50-01-J_A,JDZ01,T4.5-50,J_A,55,21,0.7,Nevada Sand,19.4,0.9,Nevada Sand,4.5,0.5,Monterey Sand,1.9,0.85,none,none,none,yes,7.5,7.5,1.4,14.9,10.5,13.5,1026534,636551,195491,194492,1.4,186,,Adjacent Structure,Step Wave,0.9,4000,,0,0.64,0,0,0,0,0,0,0,0.01,0.01,0.01,0.01,3,0.98,0,0,0.01,0,0,0,0.01,-0.1,-0.1,-0.00004,-0.00004,JDZ01 Data Report.pdf,https://www.designsafe-ci.org/data/browser/public/nees.public/NEES-2008-0639.groups/,T4.5-50-01-BMA.dat,T4.5-50-01-SMA.dat,"SA_FF1_154, SA_FF2_154, SA_FF1_sfc, SA_FF2_sfc",10.4231/D39W08Z6N,"Flexible Shear Beam Container (1651 mm x 787 mm, Inner Dimensions, Model Scale)",1,
,269,T4.5-50-01-FF,JDZ01,T4.5-50,FF,55,21,0.7,Nevada Sand,19.4,0.9,Nevada Sand,4.5,0.5,Monterey Sand,1.9,0.85,none,none,none,yes,N/A - FF,N/A - FF,N/A - FF,N/A - FF,N/A - FF,N/A - FF,N/A - FF,N/A - FF,N/A - FF,N/A - FF,N/A - FF,N/A - FF,N/A - FF,N/A - FF,Step Wave,0.9,4000,,0,0.64,0,0,0,0,0,0,0,0.01,0.01,0.01,0.01,3,0.98,0,0,0.01,0,0,0,0.01,1.5,1.5,N/A - FF,N/A - FF,JDZ01 Data Report.pdf,https://www.designsafe-ci.org/data/browser/public/nees.public/NEES-2008-0639.groups/,T4.5-50-01-BMA.dat,T4.5-50-01-SMA.dat,"SA_FF1_154, SA_FF2_154, SA_FF1_sfc, SA_FF2_sfc",10.4231/D39W08Z6N,"Flexible Shear Beam Container (1651 mm x 787 mm, Inner Dimensions, Model Scale)",1,
,270,T4.5-50-02-A,JDZ01,T4.5-50,A,55,21,0.7,Nevada Sand,19.4,0.9,Nevada Sand,4.5,0.5,Monterey Sand,1.9,0.85,none,none,none,yes,6,9,0.7,4.4,2.4,3.9,326627,164611,21063,140953,0.7,65,,none,Step Wave,0.9,4000,,0,0.72,0,0,0,0,0,0,0,0.01,0.01,0.01,0.01,3,0.96,0,0,0.01,0,0.01,0,0.02,1.9,1.9,0.00005,0.00012,JDZ01 Data Report.pdf,https://www.designsafe-ci.org/data/browser/public/nees.public/NEES-2008-0639.groups/,T4.5-50-02-BMA.dat,T4.5-50-02-SMA.dat,"SA_FF1_154, SA_FF2_154, SA_FF1_sfc, SA_FF2_sfc",10.4231/D39W08Z6N,"Flexible Shear Beam Container (1651 mm x 787 mm, Inner Dimensions, Model Scale)",2,
,271,T4.5-50-02-A_A-N,JDZ01,T4.5-50,A_A-N,55,21,0.7,Nevada Sand,19.4,0.9,Nevada Sand,4.5,0.5,Monterey Sand,1.9,0.85,none,none,none,yes,6,9,0.7,4.4,2.4,3.9,326694,164678,20198,141818,0.7,65,,Adjacent Structure,Step Wave,0.9,4000,,0,0.72,0,0,0,0,0,0,0,0.01,0.01,0.01,0.01,3,0.96,0,0,0.01,0,0.01,0,0.02,0.3,0.6,0.00027,0.0004,JDZ01 Data Report.pdf,https://www.designsafe-ci.org/data/browser/public/nees.public/NEES-2008-0639.groups/,T4.5-50-02-BMA.dat,T4.5-50-02-SMA.dat,"SA_FF1_154, SA_FF2_154, SA_FF1_sfc, SA_FF2_sfc",10.4231/D39W08Z6N,"Flexible Shear Beam Container (1651 mm x 787 mm, Inner Dimensions, Model Scale)",2,
,272,T4.5-50-02-A_A-S,JDZ01,T4.5-50,A_A-S,55,21,0.7,Nevada Sand,19.4,0.9,Nevada Sand,4.5,0.5,Monterey Sand,1.9,0.85,none,none,none,yes,6,9,0.7,4.4,2.4,3.9,324148,164545,20148,139456,0.7,65,,Adjacent Structure,Step Wave,0.9,4000,,0,0.72,0,0,0,0,0,0,0,0.01,0.01,0.01,0.01,3,0.96,0,0,0.01,0,0.01,0,0.02,1.6,1.4,-0.00001,-0.00002,JDZ01 Data Report.pdf,https://www.designsafe-ci.org/data/browser/public/nees.public/NEES-2008-0639.groups/,T4.5-50-02-BMA.dat,T4.5-50-02-SMA.dat,"SA_FF1_154, SA_FF2_154, SA_FF1_sfc, SA_FF2_sfc",10.4231/D39W08Z6N,"Flexible Shear Beam Container (1651 mm x 787 mm, Inner Dimensions, Model Scale)",2,
,273,T4.5-50-02-A_J-P,JDZ01,T4.5-50,A_J-P,55,21,0.7,Nevada Sand,19.4,0.9,Nevada Sand,4.5,0.5,Monterey Sand,1.9,0.85,none,none,none,yes,6,9,0.7,4.4,2.4,3.9,321736,162033,19982,139722,0.7,65,,Adjacent Structure,Step Wave,0.9,4000,,0,0.72,0,0,0,0,0,0,0,0.01,0.01,0.01,0.01,3,0.96,0,0,0.01,0,0.01,0,0.02,1.4,1.4,-0.00012,-0.0003,JDZ01 Data Report.pdf,https://www.designsafe-ci.org/data/browser/public/nees.public/NEES-2008-0639.groups/,T4.5-50-02-BMA.dat,T4.5-50-02-SMA.dat,"SA_FF1_154, SA_FF2_154, SA_FF1_sfc, SA_FF2_sfc",10.4231/D39W08Z6N,"Flexible Shear Beam Container (1651 mm x 787 mm, Inner Dimensions, Model Scale)",2,
,274,T4.5-50-02-J_A-P,JDZ01,T4.5-50,J_A-P,55,21,0.7,Nevada Sand,19.4,0.9,Nevada Sand,4.5,0.5,Monterey Sand,1.9,0.85,none,none,none,yes,7.5,7.5,1.4,14.9,10.5,13.5,1025702,637050,195324,193328,1.4,186,,"Adjacent Structure, Attached Piles",Step Wave,0.9,4000,,0,0.72,0,0,0,0,0,0,0,0.01,0.01,0.01,0.01,3,0.96,0,0,0.01,0,0.01,0,0.02,0.5,0.6,N/A,N/A,JDZ01 Data Report.pdf,https://www.designsafe-ci.org/data/browser/public/nees.public/NEES-2008-0639.groups/,T4.5-50-02-BMA.dat,T4.5-50-02-SMA.dat,"SA_FF1_154, SA_FF2_154, SA_FF1_sfc, SA_FF2_sfc",10.4231/D39W08Z6N,"Flexible Shear Beam Container (1651 mm x 787 mm, Inner Dimensions, Model Scale)",2,
,275,T4.5-50-02-A_J,JDZ01,T4.5-50,A_J,55,21,0.7,Nevada Sand,19.4,0.9,Nevada Sand,4.5,0.5,Monterey Sand,1.9,0.85,none,none,none,yes,6,9,0.7,4.4,2.4,3.9,325014,164162,21080,139772,0.7,65,,Adjacent Structure,Step Wave,0.9,4000,,0,0.72,0,0,0,0,0,0,0,0.01,0.01,0.01,0.01,3,0.96,0,0,0.01,0,0.01,0,0.02,1.2,1.6,-0.00011,-0.00019,JDZ01 Data Report.pdf,https://www.designsafe-ci.org/data/browser/public/nees.public/NEES-2008-0639.groups/,T4.5-50-02-BMA.dat,T4.5-50-02-SMA.dat,"SA_FF1_154, SA_FF2_154, SA_FF1_sfc, SA_FF2_sfc",10.4231/D39W08Z6N,"Flexible Shear Beam Container (1651 mm x 787 mm, Inner Dimensions, Model Scale)",2,
,276,T4.5-50-02-J_A,JDZ01,T4.5-50,J_A,55,21,0.7,Nevada Sand,19.4,0.9,Nevada Sand,4.5,0.5,Monterey Sand,1.9,0.85,none,none,none,yes,7.5,7.5,1.4,14.9,10.5,13.5,1026534,636551,195491,194492,1.4,186,,Adjacent Structure,Step Wave,0.9,4000,,0,0.72,0,0,0,0,0,0,0,0.01,0.01,0.01,0.01,3,0.96,0,0,0.01,0,0.01,0,0.02,0.6,0.5,0.00004,-0.00001,JDZ01 Data Report.pdf,https://www.designsafe-ci.org/data/browser/public/nees.public/NEES-2008-0639.groups/,T4.5-50-02-BMA.dat,T4.5-50-02-SMA.dat,"SA_FF1_154, SA_FF2_154, SA_FF1_sfc, SA_FF2_sfc",10.4231/D39W08Z6N,"Flexible Shear Beam Container (1651 mm x 787 mm, Inner Dimensions, Model Scale)",2,
,277,T4.5-50-02-FF,JDZ01,T4.5-50,FF,55,21,0.7,Nevada Sand,19.4,0.9,Nevada Sand,4.5,0.5,Monterey Sand,1.9,0.85,none,none,none,yes,N/A - FF,N/A - FF,N/A - FF,N/A - FF,N/A - FF,N/A - FF,N/A - FF,N/A - FF,N/A - FF,N/A - FF,N/A - FF,N/A - FF,N/A - FF,N/A - FF,Step Wave,0.9,4000,,0,0.72,0,0,0,0,0,0,0,0.01,0.01,0.01,0.01,3,0.96,0,0,0.01,0,0.01,0,0.02,0.8,2.3,N/A - FF,N/A - FF,JDZ01 Data Report.pdf,https://www.designsafe-ci.org/data/browser/public/nees.public/NEES-2008-0639.groups/,T4.5-50-02-BMA.dat,T4.5-50-02-SMA.dat,"SA_FF1_154, SA_FF2_154, SA_FF1_sfc, SA_FF2_sfc",10.4231/D39W08Z6N,"Flexible Shear Beam Container (1651 mm x 787 mm, Inner Dimensions, Model Scale)",2,
,278,T4.5-50-03-A,JDZ01,T4.5-50,A,55,21,0.7,Nevada Sand,19.4,0.9,Nevada Sand,4.5,0.5,Monterey Sand,1.9,0.85,none,none,none,yes,6,9,0.7,4.4,2.4,3.9,326627,164611,21063,140953,0.7,65,,none,Small Port Island,0.5,2750,,0.04,6.86,0.07,0.01,0.02,0,0.07,0.01,0.02,0.07,0.08,0.07,0.07,3,11.6,0.16,0.08,0.07,0.01,0.16,0.08,0.09,1,2.9,-0.00033,-0.00021,JDZ01 Data Report.pdf,https://www.designsafe-ci.org/data/browser/public/nees.public/NEES-2008-0639.groups/,T4.5-50-03-BMA.dat,T4.5-50-03-SMA.dat,"SA_FF1_154, SA_FF2_154, SA_FF1_sfc, SA_FF2_sfc",10.4231/D39W08Z6N,"Flexible Shear Beam Container (1651 mm x 787 mm, Inner Dimensions, Model Scale)",3,
,279,T4.5-50-03-A_A-N,JDZ01,T4.5-50,A_A-N,55,21,0.7,Nevada Sand,19.4,0.9,Nevada Sand,4.5,0.5,Monterey Sand,1.9,0.85,none,none,none,yes,6,9,0.7,4.4,2.4,3.9,326694,164678,20198,141818,0.7,65,,Adjacent Structure,Small Port Island,0.5,2750,,0.04,6.86,0.07,0.01,0.02,0,0.07,0.01,0.02,0.07,0.08,0.07,0.07,3,11.6,0.16,0.08,0.07,0.01,0.16,0.08,0.09,1,1.6,0.00067,0.00107,JDZ01 Data Report.pdf,https://www.designsafe-ci.org/data/browser/public/nees.public/NEES-2008-0639.groups/,T4.5-50-03-BMA.dat,T4.5-50-03-SMA.dat,"SA_FF1_154, SA_FF2_154, SA_FF1_sfc, SA_FF2_sfc",10.4231/D39W08Z6N,"Flexible Shear Beam Container (1651 mm x 787 mm, Inner Dimensions, Model Scale)",3,
,280,T4.5-50-03-A_A-S,JDZ01,T4.5-50,A_A-S,55,21,0.7,Nevada Sand,19.4,0.9,Nevada Sand,4.5,0.5,Monterey Sand,1.9,0.85,none,none,none,yes,6,9,0.7,4.4,2.4,3.9,324148,164545,20148,139456,0.7,65,,Adjacent Structure,Small Port Island,0.5,2750,,0.04,6.86,0.07,0.01,0.02,0,0.07,0.01,0.02,0.07,0.08,0.07,0.07,3,11.6,0.16,0.08,0.07,0.01,0.16,0.08,0.09,3.5,4.9,0,-0.00002,JDZ01 Data Report.pdf,https://www.designsafe-ci.org/data/browser/public/nees.public/NEES-2008-0639.groups/,T4.5-50-03-BMA.dat,T4.5-50-03-SMA.dat,"SA_FF1_154, SA_FF2_154, SA_FF1_sfc, SA_FF2_sfc",10.4231/D39W08Z6N,"Flexible Shear Beam Container (1651 mm x 787 mm, Inner Dimensions, Model Scale)",3,
,281,T4.5-50-03-A_J-P,JDZ01,T4.5-50,A_J-P,55,21,0.7,Nevada Sand,19.4,0.9,Nevada Sand,4.5,0.5,Monterey Sand,1.9,0.85,none,none,none,yes,6,9,0.7,4.4,2.4,3.9,321736,162033,19982,139722,0.7,65,,Adjacent Structure,Small Port Island,0.5,2750,,0.04,6.86,0.07,0.01,0.02,0,0.07,0.01,0.02,0.07,0.08,0.07,0.07,3,11.6,0.16,0.08,0.07,0.01,0.16,0.08,0.09,5,6.4,0.00113,0.00083,JDZ01 Data Report.pdf,https://www.designsafe-ci.org/data/browser/public/nees.public/NEES-2008-0639.groups/,T4.5-50-03-BMA.dat,T4.5-50-03-SMA.dat,"SA_FF1_154, SA_FF2_154, SA_FF1_sfc, SA_FF2_sfc",10.4231/D39W08Z6N,"Flexible Shear Beam Container (1651 mm x 787 mm, Inner Dimensions, Model Scale)",3,
,282,T4.5-50-03-J_A-P,JDZ01,T4.5-50,J_A-P,55,21,0.7,Nevada Sand,19.4,0.9,Nevada Sand,4.5,0.5,Monterey Sand,1.9,0.85,none,none,none,yes,7.5,7.5,1.4,14.9,10.5,13.5,1025702,637050,195324,193328,1.4,186,,"Adjacent Structure, Attached Piles",Small Port Island,0.5,2750,,0.04,6.86,0.07,0.01,0.02,0,0.07,0.01,0.02,0.07,0.08,0.07,0.07,3,11.6,0.16,0.08,0.07,0.01,0.16,0.08,0.09,2,2.6,n/a,N/A,JDZ01 Data Report.pdf,https://www.designsafe-ci.org/data/browser/public/nees.public/NEES-2008-0639.groups/,T4.5-50-03-BMA.dat,T4.5-50-03-SMA.dat,"SA_FF1_154, SA_FF2_154, SA_FF1_sfc, SA_FF2_sfc",10.4231/D39W08Z6N,"Flexible Shear Beam Container (1651 mm x 787 mm, Inner Dimensions, Model Scale)",3,
,283,T4.5-50-03-A_J,JDZ01,T4.5-50,A_J,55,21,0.7,Nevada Sand,19.4,0.9,Nevada Sand,4.5,0.5,Monterey Sand,1.9,0.85,none,none,none,yes,6,9,0.7,4.4,2.4,3.9,325014,164162,21080,139772,0.7,65,,Adjacent Structure,Small Port Island,0.5,2750,,0.04,6.86,0.07,0.01,0.02,0,0.07,0.01,0.02,0.07,0.08,0.07,0.07,3,11.6,0.16,0.08,0.07,0.01,0.16,0.08,0.09,2,3.6,-0.00019,-0.00038,JDZ01 Data Report.pdf,https://www.designsafe-ci.org/data/browser/public/nees.public/NEES-2008-0639.groups/,T4.5-50-03-BMA.dat,T4.5-50-03-SMA.dat,"SA_FF1_154, SA_FF2_154, SA_FF1_sfc, SA_FF2_sfc",10.4231/D39W08Z6N,"Flexible Shear Beam Container (1651 mm x 787 mm, Inner Dimensions, Model Scale)",3,
,284,T4.5-50-03-J_A,JDZ01,T4.5-50,J_A,55,21,0.7,Nevada Sand,19.4,0.9,Nevada Sand,4.5,0.5,Monterey Sand,1.9,0.85,none,none,none,yes,7.5,7.5,1.4,14.9,10.5,13.5,1026534,636551,195491,194492,1.4,186,,Adjacent Structure,Small Port Island,0.5,2750,,0.04,6.86,0.07,0.01,0.02,0,0.07,0.01,0.02,0.07,0.08,0.07,0.07,3,11.6,0.16,0.08,0.07,0.01,0.16,0.08,0.09,5.5,6,-0.00033,-0.00034,JDZ01 Data Report.pdf,https://www.designsafe-ci.org/data/browser/public/nees.public/NEES-2008-0639.groups/,T4.5-50-03-BMA.dat,T4.5-50-03-SMA.dat,"SA_FF1_154, SA_FF2_154, SA_FF1_sfc, SA_FF2_sfc",10.4231/D39W08Z6N,"Flexible Shear Beam Container (1651 mm x 787 mm, Inner Dimensions, Model Scale)",3,
,285,T4.5-50-03-FF,JDZ01,T4.5-50,FF,55,21,0.7,Nevada Sand,19.4,0.9,Nevada Sand,4.5,0.5,Monterey Sand,1.9,0.85,none,none,none,yes,N/A - FF,N/A - FF,N/A - FF,N/A - FF,N/A - FF,N/A - FF,N/A - FF,N/A - FF,N/A - FF,N/A - FF,N/A - FF,N/A - FF,N/A - FF,N/A - FF,Small Port Island,0.5,2750,,0.04,6.86,0.07,0.01,0.02,0,0.07,0.01,0.02,0.07,0.08,0.07,0.07,3,11.6,0.16,0.08,0.07,0.01,0.16,0.08,0.09,1,3.3,N/A - FF,N/A - FF,JDZ01 Data Report.pdf,https://www.designsafe-ci.org/data/browser/public/nees.public/NEES-2008-0639.groups/,T4.5-50-03-BMA.dat,T4.5-50-03-SMA.dat,"SA_FF1_154, SA_FF2_154, SA_FF1_sfc, SA_FF2_sfc",10.4231/D39W08Z6N,"Flexible Shear Beam Container (1651 mm x 787 mm, Inner Dimensions, Model Scale)",3,
,286,T4.5-50-04-A,JDZ01,T4.5-50,A,55,21,0.7,Nevada Sand,19.4,0.9,Nevada Sand,4.5,0.5,Monterey Sand,1.9,0.85,none,none,none,yes,6,9,0.7,4.4,2.4,3.9,326627,164611,21063,140953,0.7,65,,none,Step Wave,0.9,4000,,0,0.56,0,0,0,0,0.07,0.01,0.02,0.01,0.01,0.02,0.01,3,0.91,0.01,0,0.02,0,0.18,0.08,0.11,0.7,3.7,0.00015,-0.00006,JDZ01 Data Report.pdf,https://www.designsafe-ci.org/data/browser/public/nees.public/NEES-2008-0639.groups/,T4.5-50-04-BMA.dat,T4.5-50-04-SMA.dat,"SA_FF1_154, SA_FF2_154, SA_FF1_sfc, SA_FF2_sfc",10.4231/D39W08Z6N,"Flexible Shear Beam Container (1651 mm x 787 mm, Inner Dimensions, Model Scale)",4,
,287,T4.5-50-04-A_A-N,JDZ01,T4.5-50,A_A-N,55,21,0.7,Nevada Sand,19.4,0.9,Nevada Sand,4.5,0.5,Monterey Sand,1.9,0.85,none,none,none,yes,6,9,0.7,4.4,2.4,3.9,326694,164678,20198,141818,0.7,65,,Adjacent Structure,Step Wave,0.9,4000,,0,0.56,0,0,0,0,0.07,0.01,0.02,0.01,0.01,0.02,0.01,3,0.91,0.01,0,0.02,0,0.18,0.08,0.11,-1.3,0.2,0.0004,0.00147,JDZ01 Data Report.pdf,https://www.designsafe-ci.org/data/browser/public/nees.public/NEES-2008-0639.groups/,T4.5-50-04-BMA.dat,T4.5-50-04-SMA.dat,"SA_FF1_154, SA_FF2_154, SA_FF1_sfc, SA_FF2_sfc",10.4231/D39W08Z6N,"Flexible Shear Beam Container (1651 mm x 787 mm, Inner Dimensions, Model Scale)",4,
,288,T4.5-50-04-A_A-S,JDZ01,T4.5-50,A_A-S,55,21,0.7,Nevada Sand,19.4,0.9,Nevada Sand,4.5,0.5,Monterey Sand,1.9,0.85,none,none,none,yes,6,9,0.7,4.4,2.4,3.9,324148,164545,20148,139456,0.7,65,,Adjacent Structure,Step Wave,0.9,4000,,0,0.56,0,0,0,0,0.07,0.01,0.02,0.01,0.01,0.02,0.01,3,0.91,0.01,0,0.02,0,0.18,0.08,0.11,0.6,5.5,-0.00007,-0.00009,JDZ01 Data Report.pdf,https://www.designsafe-ci.org/data/browser/public/nees.public/NEES-2008-0639.groups/,T4.5-50-04-BMA.dat,T4.5-50-04-SMA.dat,"SA_FF1_154, SA_FF2_154, SA_FF1_sfc, SA_FF2_sfc",10.4231/D39W08Z6N,"Flexible Shear Beam Container (1651 mm x 787 mm, Inner Dimensions, Model Scale)",4,
,289,T4.5-50-04-A_J-P,JDZ01,T4.5-50,A_J-P,55,21,0.7,Nevada Sand,19.4,0.9,Nevada Sand,4.5,0.5,Monterey Sand,1.9,0.85,none,none,none,yes,6,9,0.7,4.4,2.4,3.9,321736,162033,19982,139722,0.7,65,,Adjacent Structure,Step Wave,0.9,4000,,0,0.56,0,0,0,0,0.07,0.01,0.02,0.01,0.01,0.02,0.01,3,0.91,0.01,0,0.02,0,0.18,0.08,0.11,0.7,7.1,0.00015,0.00098,JDZ01 Data Report.pdf,https://www.designsafe-ci.org/data/browser/public/nees.public/NEES-2008-0639.groups/,T4.5-50-04-BMA.dat,T4.5-50-04-SMA.dat,"SA_FF1_154, SA_FF2_154, SA_FF1_sfc, SA_FF2_sfc",10.4231/D39W08Z6N,"Flexible Shear Beam Container (1651 mm x 787 mm, Inner Dimensions, Model Scale)",4,
,290,T4.5-50-04-J_A-P,JDZ01,T4.5-50,J_A-P,55,21,0.7,Nevada Sand,19.4,0.9,Nevada Sand,4.5,0.5,Monterey Sand,1.9,0.85,none,none,none,yes,7.5,7.5,1.4,14.9,10.5,13.5,1025702,637050,195324,193328,1.4,186,,"Adjacent Structure, Attached Piles",Step Wave,0.9,4000,,0,0.56,0,0,0,0,0.07,0.01,0.02,0.01,0.01,0.02,0.01,3,0.91,0.01,0,0.02,0,0.18,0.08,0.11,0,2.6,N/A,N/A,JDZ01 Data Report.pdf,https://www.designsafe-ci.org/data/browser/public/nees.public/NEES-2008-0639.groups/,T4.5-50-04-BMA.dat,T4.5-50-04-SMA.dat,"SA_FF1_154, SA_FF2_154, SA_FF1_sfc, SA_FF2_sfc",10.4231/D39W08Z6N,"Flexible Shear Beam Container (1651 mm x 787 mm, Inner Dimensions, Model Scale)",4,
,291,T4.5-50-04-A_J,JDZ01,T4.5-50,A_J,55,21,0.7,Nevada Sand,19.4,0.9,Nevada Sand,4.5,0.5,Monterey Sand,1.9,0.85,none,none,none,yes,6,9,0.7,4.4,2.4,3.9,325014,164162,21080,139772,0.7,65,,Adjacent Structure,Step Wave,0.9,4000,,0,0.56,0,0,0,0,0.07,0.01,0.02,0.01,0.01,0.02,0.01,3,0.91,0.01,0,0.02,0,0.18,0.08,0.11,0,3.6,0.00002,-0.00037,JDZ01 Data Report.pdf,https://www.designsafe-ci.org/data/browser/public/nees.public/NEES-2008-0639.groups/,T4.5-50-04-BMA.dat,T4.5-50-04-SMA.dat,"SA_FF1_154, SA_FF2_154, SA_FF1_sfc, SA_FF2_sfc",10.4231/D39W08Z6N,"Flexible Shear Beam Container (1651 mm x 787 mm, Inner Dimensions, Model Scale)",4,
,292,T4.5-50-04-J_A,JDZ01,T4.5-50,J_A,55,21,0.7,Nevada Sand,19.4,0.9,Nevada Sand,4.5,0.5,Monterey Sand,1.9,0.85,none,none,none,yes,7.5,7.5,1.4,14.9,10.5,13.5,1026534,636551,195491,194492,1.4,186,,Adjacent Structure,Step Wave,0.9,4000,,0,0.56,0,0,0,0,0.07,0.01,0.02,0.01,0.01,0.02,0.01,3,0.91,0.01,0,0.02,0,0.18,0.08,0.11,-0.1,5.9,0.00004,-0.00029,JDZ01 Data Report.pdf,https://www.designsafe-ci.org/data/browser/public/nees.public/NEES-2008-0639.groups/,T4.5-50-04-BMA.dat,T4.5-50-04-SMA.dat,"SA_FF1_154, SA_FF2_154, SA_FF1_sfc, SA_FF2_sfc",10.4231/D39W08Z6N,"Flexible Shear Beam Container (1651 mm x 787 mm, Inner Dimensions, Model Scale)",4,
,293,T4.5-50-04-FF,JDZ01,T4.5-50,FF,55,21,0.7,Nevada Sand,19.4,0.9,Nevada Sand,4.5,0.5,Monterey Sand,1.9,0.85,none,none,none,yes,N/A - FF,N/A - FF,N/A - FF,N/A - FF,N/A - FF,N/A - FF,N/A - FF,N/A - FF,N/A - FF,N/A - FF,N/A - FF,N/A - FF,N/A - FF,N/A - FF,Step Wave,0.9,4000,,0,0.56,0,0,0,0,0.07,0.01,0.02,0.01,0.01,0.02,0.01,3,0.91,0.01,0,0.02,0,0.18,0.08,0.11,1.3,4.5,N/A - FF,N/A - FF,JDZ01 Data Report.pdf,https://www.designsafe-ci.org/data/browser/public/nees.public/NEES-2008-0639.groups/,T4.5-50-04-BMA.dat,T4.5-50-04-SMA.dat,"SA_FF1_154, SA_FF2_154, SA_FF1_sfc, SA_FF2_sfc",10.4231/D39W08Z6N,"Flexible Shear Beam Container (1651 mm x 787 mm, Inner Dimensions, Model Scale)",4,
,294,T4.5-50-05-A,JDZ01,T4.5-50,A,55,21,0.7,Nevada Sand,19.4,0.9,Nevada Sand,4.5,0.5,Monterey Sand,1.9,0.85,none,none,none,yes,6,9,0.7,4.4,2.4,3.9,326627,164611,21063,140953,0.7,65,,none,Step Wave,0.9,4000,,0,0.69,0,0,0,0,0.07,0.01,0.02,0.02,0.01,0.02,0.01,3,0.87,0.01,0,0.01,0,0.19,0.08,0.12,1.6,5.3,0.00052,0.00046,JDZ01 Data Report.pdf,https://www.designsafe-ci.org/data/browser/public/nees.public/NEES-2008-0639.groups/,T4.5-50-05-BMA.dat,T4.5-50-05-SMA.dat,"SA_FF1_154, SA_FF2_154, SA_FF1_sfc, SA_FF2_sfc",10.4231/D39W08Z6N,"Flexible Shear Beam Container (1651 mm x 787 mm, Inner Dimensions, Model Scale)",5,
,295,T4.5-50-05-A_A-N,JDZ01,T4.5-50,A_A-N,55,21,0.7,Nevada Sand,19.4,0.9,Nevada Sand,4.5,0.5,Monterey Sand,1.9,0.85,none,none,none,yes,6,9,0.7,4.4,2.4,3.9,326694,164678,20198,141818,0.7,65,,Adjacent Structure,Step Wave,0.9,4000,,0,0.69,0,0,0,0,0.07,0.01,0.02,0.02,0.01,0.02,0.01,3,0.87,0.01,0,0.01,0,0.19,0.08,0.12,1.9,2.1,-0.00029,0.00118,JDZ01 Data Report.pdf,https://www.designsafe-ci.org/data/browser/public/nees.public/NEES-2008-0639.groups/,T4.5-50-05-BMA.dat,T4.5-50-05-SMA.dat,"SA_FF1_154, SA_FF2_154, SA_FF1_sfc, SA_FF2_sfc",10.4231/D39W08Z6N,"Flexible Shear Beam Container (1651 mm x 787 mm, Inner Dimensions, Model Scale)",5,
,296,T4.5-50-05-A_A-S,JDZ01,T4.5-50,A_A-S,55,21,0.7,Nevada Sand,19.4,0.9,Nevada Sand,4.5,0.5,Monterey Sand,1.9,0.85,none,none,none,yes,6,9,0.7,4.4,2.4,3.9,324148,164545,20148,139456,0.7,65,,Adjacent Structure,Step Wave,0.9,4000,,0,0.69,0,0,0,0,0.07,0.01,0.02,0.02,0.01,0.02,0.01,3,0.87,0.01,0,0.01,0,0.19,0.08,0.12,1,6.5,-0.0001,-0.00018,JDZ01 Data Report.pdf,https://www.designsafe-ci.org/data/browser/public/nees.public/NEES-2008-0639.groups/,T4.5-50-05-BMA.dat,T4.5-50-05-SMA.dat,"SA_FF1_154, SA_FF2_154, SA_FF1_sfc, SA_FF2_sfc",10.4231/D39W08Z6N,"Flexible Shear Beam Container (1651 mm x 787 mm, Inner Dimensions, Model Scale)",5,
,297,T4.5-50-05-A_J-P,JDZ01,T4.5-50,A_J-P,55,21,0.7,Nevada Sand,19.4,0.9,Nevada Sand,4.5,0.5,Monterey Sand,1.9,0.85,none,none,none,yes,6,9,0.7,4.4,2.4,3.9,321736,162033,19982,139722,0.7,65,,Adjacent Structure,Step Wave,0.9,4000,,0,0.69,0,0,0,0,0.07,0.01,0.02,0.02,0.01,0.02,0.01,3,0.87,0.01,0,0.01,0,0.19,0.08,0.12,2.3,9.4,-0.00022,0.00077,JDZ01 Data Report.pdf,https://www.designsafe-ci.org/data/browser/public/nees.public/NEES-2008-0639.groups/,T4.5-50-05-BMA.dat,T4.5-50-05-SMA.dat,"SA_FF1_154, SA_FF2_154, SA_FF1_sfc, SA_FF2_sfc",10.4231/D39W08Z6N,"Flexible Shear Beam Container (1651 mm x 787 mm, Inner Dimensions, Model Scale)",5,
,298,T4.5-50-05-J_A-P,JDZ01,T4.5-50,J_A-P,55,21,0.7,Nevada Sand,19.4,0.9,Nevada Sand,4.5,0.5,Monterey Sand,1.9,0.85,none,none,none,yes,7.5,7.5,1.4,14.9,10.5,13.5,1025702,637050,195324,193328,1.4,186,,"Adjacent Structure, Attached Piles",Step Wave,0.9,4000,,0,0.69,0,0,0,0,0.07,0.01,0.02,0.02,0.01,0.02,0.01,3,0.87,0.01,0,0.01,0,0.19,0.08,0.12,0.3,3,N/A,N/A,JDZ01 Data Report.pdf,https://www.designsafe-ci.org/data/browser/public/nees.public/NEES-2008-0639.groups/,T4.5-50-05-BMA.dat,T4.5-50-05-SMA.dat,"SA_FF1_154, SA_FF2_154, SA_FF1_sfc, SA_FF2_sfc",10.4231/D39W08Z6N,"Flexible Shear Beam Container (1651 mm x 787 mm, Inner Dimensions, Model Scale)",5,
,299,T4.5-50-05-A_J,JDZ01,T4.5-50,A_J,55,21,0.7,Nevada Sand,19.4,0.9,Nevada Sand,4.5,0.5,Monterey Sand,1.9,0.85,none,none,none,yes,6,9,0.7,4.4,2.4,3.9,325014,164162,21080,139772,0.7,65,,Adjacent Structure,Step Wave,0.9,4000,,0,0.69,0,0,0,0,0.07,0.01,0.02,0.02,0.01,0.02,0.01,3,0.87,0.01,0,0.01,0,0.19,0.08,0.12,0.9,4.4,-0.00002,-0.00038,JDZ01 Data Report.pdf,https://www.designsafe-ci.org/data/browser/public/nees.public/NEES-2008-0639.groups/,T4.5-50-05-BMA.dat,T4.5-50-05-SMA.dat,"SA_FF1_154, SA_FF2_154, SA_FF1_sfc, SA_FF2_sfc",10.4231/D39W08Z6N,"Flexible Shear Beam Container (1651 mm x 787 mm, Inner Dimensions, Model Scale)",5,
,300,T4.5-50-05-J_A,JDZ01,T4.5-50,J_A,55,21,0.7,Nevada Sand,19.4,0.9,Nevada Sand,4.5,0.5,Monterey Sand,1.9,0.85,none,none,none,yes,7.5,7.5,1.4,14.9,10.5,13.5,1026534,636551,195491,194492,1.4,186,,Adjacent Structure,Step Wave,0.9,4000,,0,0.69,0,0,0,0,0.07,0.01,0.02,0.02,0.01,0.02,0.01,3,0.87,0.01,0,0.01,0,0.19,0.08,0.12,0.5,6.4,0.00003,-0.00026,JDZ01 Data Report.pdf,https://www.designsafe-ci.org/data/browser/public/nees.public/NEES-2008-0639.groups/,T4.5-50-05-BMA.dat,T4.5-50-05-SMA.dat,"SA_FF1_154, SA_FF2_154, SA_FF1_sfc, SA_FF2_sfc",10.4231/D39W08Z6N,"Flexible Shear Beam Container (1651 mm x 787 mm, Inner Dimensions, Model Scale)",5,
,301,T4.5-50-05-FF,JDZ01,T4.5-50,FF,55,21,0.7,Nevada Sand,19.4,0.9,Nevada Sand,4.5,0.5,Monterey Sand,1.9,0.85,none,none,none,yes,N/A - FF,N/A - FF,N/A - FF,N/A - FF,N/A - FF,N/A - FF,N/A - FF,N/A - FF,N/A - FF,N/A - FF,N/A - FF,N/A - FF,N/A - FF,N/A - FF,Step Wave,0.9,4000,,0,0.69,0,0,0,0,0.07,0.01,0.02,0.02,0.01,0.02,0.01,3,0.87,0.01,0,0.01,0,0.19,0.08,0.12,4.4,9,N/A - FF,N/A - FF,JDZ01 Data Report.pdf,https://www.designsafe-ci.org/data/browser/public/nees.public/NEES-2008-0639.groups/,T4.5-50-05-BMA.dat,T4.5-50-05-SMA.dat,"SA_FF1_154, SA_FF2_154, SA_FF1_sfc, SA_FF2_sfc",10.4231/D39W08Z6N,"Flexible Shear Beam Container (1651 mm x 787 mm, Inner Dimensions, Model Scale)",5,
,302,T4.5-50-06-A,JDZ01,T4.5-50,A,55,21,0.7,Nevada Sand,19.4,0.9,Nevada Sand,4.5,0.5,Monterey Sand,1.9,0.85,none,none,none,yes,6,9,0.7,4.4,2.4,3.9,326627,164611,21063,140953,0.7,65,,none,Step Wave,0.9,4000,,0,0.57,0,0,0,0,0.07,0.01,0.03,0.01,0.01,0.02,0.01,3,0.86,0.01,0,0.01,0,0.2,0.08,0.13,-0.3,5,-0.00005,0.00041,JDZ01 Data Report.pdf,https://www.designsafe-ci.org/data/browser/public/nees.public/NEES-2008-0639.groups/,T4.5-50-06-BMA.dat,T4.5-50-06-SMA.dat,"SA_FF1_154, SA_FF2_154, SA_FF1_sfc, SA_FF2_sfc",10.4231/D39W08Z6N,"Flexible Shear Beam Container (1651 mm x 787 mm, Inner Dimensions, Model Scale)",6,
,303,T4.5-50-06-A_A-N,JDZ01,T4.5-50,A_A-N,55,21,0.7,Nevada Sand,19.4,0.9,Nevada Sand,4.5,0.5,Monterey Sand,1.9,0.85,none,none,none,yes,6,9,0.7,4.4,2.4,3.9,326694,164678,20198,141818,0.7,65,,Adjacent Structure,Step Wave,0.9,4000,,0,0.57,0,0,0,0,0.07,0.01,0.03,0.01,0.01,0.02,0.01,3,0.86,0.01,0,0.01,0,0.2,0.08,0.13,0.3,2.5,-0.00021,0.00096,JDZ01 Data Report.pdf,https://www.designsafe-ci.org/data/browser/public/nees.public/NEES-2008-0639.groups/,T4.5-50-06-BMA.dat,T4.5-50-06-SMA.dat,"SA_FF1_154, SA_FF2_154, SA_FF1_sfc, SA_FF2_sfc",10.4231/D39W08Z6N,"Flexible Shear Beam Container (1651 mm x 787 mm, Inner Dimensions, Model Scale)",6,
,304,T4.5-50-06-A_A-S,JDZ01,T4.5-50,A_A-S,55,21,0.7,Nevada Sand,19.4,0.9,Nevada Sand,4.5,0.5,Monterey Sand,1.9,0.85,none,none,none,yes,6,9,0.7,4.4,2.4,3.9,324148,164545,20148,139456,0.7,65,,Adjacent Structure,Step Wave,0.9,4000,,0,0.57,0,0,0,0,0.07,0.01,0.03,0.01,0.01,0.02,0.01,3,0.86,0.01,0,0.01,0,0.2,0.08,0.13,-0.1,6.4,0.00009,-0.00009,JDZ01 Data Report.pdf,https://www.designsafe-ci.org/data/browser/public/nees.public/NEES-2008-0639.groups/,T4.5-50-06-BMA.dat,T4.5-50-06-SMA.dat,"SA_FF1_154, SA_FF2_154, SA_FF1_sfc, SA_FF2_sfc",10.4231/D39W08Z6N,"Flexible Shear Beam Container (1651 mm x 787 mm, Inner Dimensions, Model Scale)",6,
,305,T4.5-50-06-A_J-P,JDZ01,T4.5-50,A_J-P,55,21,0.7,Nevada Sand,19.4,0.9,Nevada Sand,4.5,0.5,Monterey Sand,1.9,0.85,none,none,none,yes,6,9,0.7,4.4,2.4,3.9,321736,162033,19982,139722,0.7,65,,Adjacent Structure,Step Wave,0.9,4000,,0,0.57,0,0,0,0,0.07,0.01,0.03,0.01,0.01,0.02,0.01,3,0.86,0.01,0,0.01,0,0.2,0.08,0.13,-0.8,8.5,0.00008,0.00084,JDZ01 Data Report.pdf,https://www.designsafe-ci.org/data/browser/public/nees.public/NEES-2008-0639.groups/,T4.5-50-06-BMA.dat,T4.5-50-06-SMA.dat,"SA_FF1_154, SA_FF2_154, SA_FF1_sfc, SA_FF2_sfc",10.4231/D39W08Z6N,"Flexible Shear Beam Container (1651 mm x 787 mm, Inner Dimensions, Model Scale)",6,
,306,T4.5-50-06-J_A-P,JDZ01,T4.5-50,J_A-P,55,21,0.7,Nevada Sand,19.4,0.9,Nevada Sand,4.5,0.5,Monterey Sand,1.9,0.85,none,none,none,yes,7.5,7.5,1.4,14.9,10.5,13.5,1025702,637050,195324,193328,1.4,186,,"Adjacent Structure, Attached Piles",Step Wave,0.9,4000,,0,0.57,0,0,0,0,0.07,0.01,0.03,0.01,0.01,0.02,0.01,3,0.86,0.01,0,0.01,0,0.2,0.08,0.13,-0.2,2.7,N/A,N/A,JDZ01 Data Report.pdf,https://www.designsafe-ci.org/data/browser/public/nees.public/NEES-2008-0639.groups/,T4.5-50-06-BMA.dat,T4.5-50-06-SMA.dat,"SA_FF1_154, SA_FF2_154, SA_FF1_sfc, SA_FF2_sfc",10.4231/D39W08Z6N,"Flexible Shear Beam Container (1651 mm x 787 mm, Inner Dimensions, Model Scale)",6,
,307,T4.5-50-06-A_J,JDZ01,T4.5-50,A_J,55,21,0.7,Nevada Sand,19.4,0.9,Nevada Sand,4.5,0.5,Monterey Sand,1.9,0.85,none,none,none,yes,6,9,0.7,4.4,2.4,3.9,325014,164162,21080,139772,0.7,65,,Adjacent Structure,Step Wave,0.9,4000,,0,0.57,0,0,0,0,0.07,0.01,0.03,0.01,0.01,0.02,0.01,3,0.86,0.01,0,0.01,0,0.2,0.08,0.13,-0.3,4.1,0.00004,-0.00035,JDZ01 Data Report.pdf,https://www.designsafe-ci.org/data/browser/public/nees.public/NEES-2008-0639.groups/,T4.5-50-06-BMA.dat,T4.5-50-06-SMA.dat,"SA_FF1_154, SA_FF2_154, SA_FF1_sfc, SA_FF2_sfc",10.4231/D39W08Z6N,"Flexible Shear Beam Container (1651 mm x 787 mm, Inner Dimensions, Model Scale)",6,
,308,T4.5-50-06-J_A,JDZ01,T4.5-50,J_A,55,21,0.7,Nevada Sand,19.4,0.9,Nevada Sand,4.5,0.5,Monterey Sand,1.9,0.85,none,none,none,yes,7.5,7.5,1.4,14.9,10.5,13.5,1026534,636551,195491,194492,1.4,186,,Adjacent Structure,Step Wave,0.9,4000,,0,0.57,0,0,0,0,0.07,0.01,0.03,0.01,0.01,0.02,0.01,3,0.86,0.01,0,0.01,0,0.2,0.08,0.13,-0.3,6.1,0,-0.00026,JDZ01 Data Report.pdf,https://www.designsafe-ci.org/data/browser/public/nees.public/NEES-2008-0639.groups/,T4.5-50-06-BMA.dat,T4.5-50-06-SMA.dat,"SA_FF1_154, SA_FF2_154, SA_FF1_sfc, SA_FF2_sfc",10.4231/D39W08Z6N,"Flexible Shear Beam Container (1651 mm x 787 mm, Inner Dimensions, Model Scale)",6,
,309,T4.5-50-06-FF,JDZ01,T4.5-50,FF,55,21,0.7,Nevada Sand,19.4,0.9,Nevada Sand,4.5,0.5,Monterey Sand,1.9,0.85,none,none,none,yes,N/A - FF,N/A - FF,N/A - FF,N/A - FF,N/A - FF,N/A - FF,N/A - FF,N/A - FF,N/A - FF,N/A - FF,N/A - FF,N/A - FF,N/A - FF,N/A - FF,Step Wave,0.9,4000,,0,0.57,0,0,0,0,0.07,0.01,0.03,0.01,0.01,0.02,0.01,3,0.86,0.01,0,0.01,0,0.2,0.08,0.13,-0.5,8.5,N/A - FF,N/A - FF,JDZ01 Data Report.pdf,https://www.designsafe-ci.org/data/browser/public/nees.public/NEES-2008-0639.groups/,T4.5-50-06-BMA.dat,T4.5-50-06-SMA.dat,"SA_FF1_154, SA_FF2_154, SA_FF1_sfc, SA_FF2_sfc",10.4231/D39W08Z6N,"Flexible Shear Beam Container (1651 mm x 787 mm, Inner Dimensions, Model Scale)",6,
,310,T4.5-50-07-A,JDZ01,T4.5-50,A,55,21,0.7,Nevada Sand,19.4,0.9,Nevada Sand,4.5,0.5,Monterey Sand,1.9,0.85,none,none,none,yes,6,9,0.7,4.4,2.4,3.9,326627,164611,21063,140953,0.7,65,,none,Step Wave,0.9,4000,,0.01,0.41,0,0,0,0,0.07,0.01,0.03,0.02,0.01,0.02,0.01,3,0.58,0.02,0,0.01,0,0.22,0.08,0.14,0.7,5.6,0.00025,0.00066,JDZ01 Data Report.pdf,https://www.designsafe-ci.org/data/browser/public/nees.public/NEES-2008-0639.groups/,T4.5-50-07-BMA.dat,T4.5-50-07-SMA.dat,"SA_FF1_154, SA_FF2_154, SA_FF1_sfc, SA_FF2_sfc",10.4231/D39W08Z6N,"Flexible Shear Beam Container (1651 mm x 787 mm, Inner Dimensions, Model Scale)",7,
,311,T4.5-50-07-A_A-N,JDZ01,T4.5-50,A_A-N,55,21,0.7,Nevada Sand,19.4,0.9,Nevada Sand,4.5,0.5,Monterey Sand,1.9,0.85,none,none,none,yes,6,9,0.7,4.4,2.4,3.9,326694,164678,20198,141818,0.7,65,,Adjacent Structure,Step Wave,0.9,4000,,0.01,0.41,0,0,0,0,0.07,0.01,0.03,0.02,0.01,0.02,0.01,3,0.58,0.02,0,0.01,0,0.22,0.08,0.14,1.3,3.8,-0.00032,0.00064,JDZ01 Data Report.pdf,https://www.designsafe-ci.org/data/browser/public/nees.public/NEES-2008-0639.groups/,T4.5-50-07-BMA.dat,T4.5-50-07-SMA.dat,"SA_FF1_154, SA_FF2_154, SA_FF1_sfc, SA_FF2_sfc",10.4231/D39W08Z6N,"Flexible Shear Beam Container (1651 mm x 787 mm, Inner Dimensions, Model Scale)",7,
,312,T4.5-50-07-A_A-S,JDZ01,T4.5-50,A_A-S,55,21,0.7,Nevada Sand,19.4,0.9,Nevada Sand,4.5,0.5,Monterey Sand,1.9,0.85,none,none,none,yes,6,9,0.7,4.4,2.4,3.9,324148,164545,20148,139456,0.7,65,,Adjacent Structure,Step Wave,0.9,4000,,0.01,0.41,0,0,0,0,0.07,0.01,0.03,0.02,0.01,0.02,0.01,3,0.58,0.02,0,0.01,0,0.22,0.08,0.14,1.3,7.7,-0.00008,-0.00017,JDZ01 Data Report.pdf,https://www.designsafe-ci.org/data/browser/public/nees.public/NEES-2008-0639.groups/,T4.5-50-07-BMA.dat,T4.5-50-07-SMA.dat,"SA_FF1_154, SA_FF2_154, SA_FF1_sfc, SA_FF2_sfc",10.4231/D39W08Z6N,"Flexible Shear Beam Container (1651 mm x 787 mm, Inner Dimensions, Model Scale)",7,
,313,T4.5-50-07-A_J-P,JDZ01,T4.5-50,A_J-P,55,21,0.7,Nevada Sand,19.4,0.9,Nevada Sand,4.5,0.5,Monterey Sand,1.9,0.85,none,none,none,yes,6,9,0.7,4.4,2.4,3.9,321736,162033,19982,139722,0.7,65,,Adjacent Structure,Step Wave,0.9,4000,,0.01,0.41,0,0,0,0,0.07,0.01,0.03,0.02,0.01,0.02,0.01,3,0.58,0.02,0,0.01,0,0.22,0.08,0.14,1,9.5,0.00021,0.00105,JDZ01 Data Report.pdf,https://www.designsafe-ci.org/data/browser/public/nees.public/NEES-2008-0639.groups/,T4.5-50-07-BMA.dat,T4.5-50-07-SMA.dat,"SA_FF1_154, SA_FF2_154, SA_FF1_sfc, SA_FF2_sfc",10.4231/D39W08Z6N,"Flexible Shear Beam Container (1651 mm x 787 mm, Inner Dimensions, Model Scale)",7,
,314,T4.5-50-07-J_A-P,JDZ01,T4.5-50,J_A-P,55,21,0.7,Nevada Sand,19.4,0.9,Nevada Sand,4.5,0.5,Monterey Sand,1.9,0.85,none,none,none,yes,7.5,7.5,1.4,14.9,10.5,13.5,1025702,637050,195324,193328,1.4,186,,"Adjacent Structure, Attached Piles",Step Wave,0.9,4000,,0.01,0.41,0,0,0,0,0.07,0.01,0.03,0.02,0.01,0.02,0.01,3,0.58,0.02,0,0.01,0,0.22,0.08,0.14,0.2,2.9,N/A,N/A,JDZ01 Data Report.pdf,https://www.designsafe-ci.org/data/browser/public/nees.public/NEES-2008-0639.groups/,T4.5-50-07-BMA.dat,T4.5-50-07-SMA.dat,"SA_FF1_154, SA_FF2_154, SA_FF1_sfc, SA_FF2_sfc",10.4231/D39W08Z6N,"Flexible Shear Beam Container (1651 mm x 787 mm, Inner Dimensions, Model Scale)",7,
,315,T4.5-50-07-A_J,JDZ01,T4.5-50,A_J,55,21,0.7,Nevada Sand,19.4,0.9,Nevada Sand,4.5,0.5,Monterey Sand,1.9,0.85,none,none,none,yes,6,9,0.7,4.4,2.4,3.9,325014,164162,21080,139772,0.7,65,,Adjacent Structure,Step Wave,0.9,4000,,0.01,0.41,0,0,0,0,0.07,0.01,0.03,0.02,0.01,0.02,0.01,3,0.58,0.02,0,0.01,0,0.22,0.08,0.14,0.5,4.6,0.00001,-0.00034,JDZ01 Data Report.pdf,https://www.designsafe-ci.org/data/browser/public/nees.public/NEES-2008-0639.groups/,T4.5-50-07-BMA.dat,T4.5-50-07-SMA.dat,"SA_FF1_154, SA_FF2_154, SA_FF1_sfc, SA_FF2_sfc",10.4231/D39W08Z6N,"Flexible Shear Beam Container (1651 mm x 787 mm, Inner Dimensions, Model Scale)",7,
,316,T4.5-50-07-J_A,JDZ01,T4.5-50,J_A,55,21,0.7,Nevada Sand,19.4,0.9,Nevada Sand,4.5,0.5,Monterey Sand,1.9,0.85,none,none,none,yes,7.5,7.5,1.4,14.9,10.5,13.5,1026534,636551,195491,194492,1.4,186,,Adjacent Structure,Step Wave,0.9,4000,,0.01,0.41,0,0,0,0,0.07,0.01,0.03,0.02,0.01,0.02,0.01,3,0.58,0.02,0,0.01,0,0.22,0.08,0.14,0.2,6.3,0,-0.00026,JDZ01 Data Report.pdf,https://www.designsafe-ci.org/data/browser/public/nees.public/NEES-2008-0639.groups/,T4.5-50-07-BMA.dat,T4.5-50-07-SMA.dat,"SA_FF1_154, SA_FF2_154, SA_FF1_sfc, SA_FF2_sfc",10.4231/D39W08Z6N,"Flexible Shear Beam Container (1651 mm x 787 mm, Inner Dimensions, Model Scale)",7,
,317,T4.5-50-07-FF,JDZ01,T4.5-50,FF,55,21,0.7,Nevada Sand,19.4,0.9,Nevada Sand,4.5,0.5,Monterey Sand,1.9,0.85,none,none,none,yes,N/A - FF,N/A - FF,N/A - FF,N/A - FF,N/A - FF,N/A - FF,N/A - FF,N/A - FF,N/A - FF,N/A - FF,N/A - FF,N/A - FF,N/A - FF,N/A - FF,Step Wave,0.9,4000,,0.01,0.41,0,0,0,0,0.07,0.01,0.03,0.02,0.01,0.02,0.01,3,0.58,0.02,0,0.01,0,0.22,0.08,0.14,0.7,9.2,N/A - FF,N/A - FF,JDZ01 Data Report.pdf,https://www.designsafe-ci.org/data/browser/public/nees.public/NEES-2008-0639.groups/,T4.5-50-07-BMA.dat,T4.5-50-07-SMA.dat,"SA_FF1_154, SA_FF2_154, SA_FF1_sfc, SA_FF2_sfc",10.4231/D39W08Z6N,"Flexible Shear Beam Container (1651 mm x 787 mm, Inner Dimensions, Model Scale)",7,
,318,T4.5-50-08-A,JDZ01,T4.5-50,A,55,21,0.7,Nevada Sand,19.4,0.9,Nevada Sand,4.5,0.5,Monterey Sand,1.9,0.85,none,none,none,yes,6,9,0.7,4.4,2.4,3.9,326627,164611,21063,140953,0.7,65,,none,Small Port Island,0.5,2750,,0.05,6.94,0.11,0.01,0.04,0,0.18,0.02,0.07,0.07,0.07,0.07,0.07,3,11.17,0.57,0.08,0.15,0,0.79,0.16,0.29,2,7.6,0,0.00066,JDZ01 Data Report.pdf,https://www.designsafe-ci.org/data/browser/public/nees.public/NEES-2008-0639.groups/,T4.5-50-08-BMA.dat,T4.5-50-08-SMA.dat,"SA_FF1_154, SA_FF2_154, SA_FF1_sfc, SA_FF2_sfc",10.4231/D39W08Z6N,"Flexible Shear Beam Container (1651 mm x 787 mm, Inner Dimensions, Model Scale)",8,
,319,T4.5-50-08-A_A-N,JDZ01,T4.5-50,A_A-N,55,21,0.7,Nevada Sand,19.4,0.9,Nevada Sand,4.5,0.5,Monterey Sand,1.9,0.85,none,none,none,yes,6,9,0.7,4.4,2.4,3.9,326694,164678,20198,141818,0.7,65,,Adjacent Structure,Small Port Island,0.5,2750,,0.05,6.94,0.11,0.01,0.04,0,0.18,0.02,0.07,0.07,0.07,0.07,0.07,3,11.17,0.57,0.08,0.15,0,0.79,0.16,0.29,3,6.8,-0.00033,0.00031,JDZ01 Data Report.pdf,https://www.designsafe-ci.org/data/browser/public/nees.public/NEES-2008-0639.groups/,T4.5-50-08-BMA.dat,T4.5-50-08-SMA.dat,"SA_FF1_154, SA_FF2_154, SA_FF1_sfc, SA_FF2_sfc",10.4231/D39W08Z6N,"Flexible Shear Beam Container (1651 mm x 787 mm, Inner Dimensions, Model Scale)",8,
,320,T4.5-50-08-A_A-S,JDZ01,T4.5-50,A_A-S,55,21,0.7,Nevada Sand,19.4,0.9,Nevada Sand,4.5,0.5,Monterey Sand,1.9,0.85,none,none,none,yes,6,9,0.7,4.4,2.4,3.9,324148,164545,20148,139456,0.7,65,,Adjacent Structure,Small Port Island,0.5,2750,,0.05,6.94,0.11,0.01,0.04,0,0.18,0.02,0.07,0.07,0.07,0.07,0.07,3,11.17,0.57,0.08,0.15,0,0.79,0.16,0.29,1,8.7,-0.00017,-0.00034,JDZ01 Data Report.pdf,https://www.designsafe-ci.org/data/browser/public/nees.public/NEES-2008-0639.groups/,T4.5-50-08-BMA.dat,T4.5-50-08-SMA.dat,"SA_FF1_154, SA_FF2_154, SA_FF1_sfc, SA_FF2_sfc",10.4231/D39W08Z6N,"Flexible Shear Beam Container (1651 mm x 787 mm, Inner Dimensions, Model Scale)",8,
,321,T4.5-50-08-A_J-P,JDZ01,T4.5-50,A_J-P,55,21,0.7,Nevada Sand,19.4,0.9,Nevada Sand,4.5,0.5,Monterey Sand,1.9,0.85,none,none,none,yes,6,9,0.7,4.4,2.4,3.9,321736,162033,19982,139722,0.7,65,,Adjacent Structure,Small Port Island,0.5,2750,,0.05,6.94,0.11,0.01,0.04,0,0.18,0.02,0.07,0.07,0.07,0.07,0.07,3,11.17,0.57,0.08,0.15,0,0.79,0.16,0.29,3.5,13,0.00057,0.00162,JDZ01 Data Report.pdf,https://www.designsafe-ci.org/data/browser/public/nees.public/NEES-2008-0639.groups/,T4.5-50-08-BMA.dat,T4.5-50-08-SMA.dat,"SA_FF1_154, SA_FF2_154, SA_FF1_sfc, SA_FF2_sfc",10.4231/D39W08Z6N,"Flexible Shear Beam Container (1651 mm x 787 mm, Inner Dimensions, Model Scale)",8,
,322,T4.5-50-08-J_A-P,JDZ01,T4.5-50,J_A-P,55,21,0.7,Nevada Sand,19.4,0.9,Nevada Sand,4.5,0.5,Monterey Sand,1.9,0.85,none,none,none,yes,7.5,7.5,1.4,14.9,10.5,13.5,1025702,637050,195324,193328,1.4,186,,"Adjacent Structure, Attached Piles",Small Port Island,0.5,2750,,0.05,6.94,0.11,0.01,0.04,0,0.18,0.02,0.07,0.07,0.07,0.07,0.07,3,11.17,0.57,0.08,0.15,0,0.79,0.16,0.29,2,4.9,n/a,N/A,JDZ01 Data Report.pdf,https://www.designsafe-ci.org/data/browser/public/nees.public/NEES-2008-0639.groups/,T4.5-50-08-BMA.dat,T4.5-50-08-SMA.dat,"SA_FF1_154, SA_FF2_154, SA_FF1_sfc, SA_FF2_sfc",10.4231/D39W08Z6N,"Flexible Shear Beam Container (1651 mm x 787 mm, Inner Dimensions, Model Scale)",8,
,323,T4.5-50-08-A_J,JDZ01,T4.5-50,A_J,55,21,0.7,Nevada Sand,19.4,0.9,Nevada Sand,4.5,0.5,Monterey Sand,1.9,0.85,none,none,none,yes,6,9,0.7,4.4,2.4,3.9,325014,164162,21080,139772,0.7,65,,Adjacent Structure,Small Port Island,0.5,2750,,0.05,6.94,0.11,0.01,0.04,0,0.18,0.02,0.07,0.07,0.07,0.07,0.07,3,11.17,0.57,0.08,0.15,0,0.79,0.16,0.29,2,6.6,0.00019,-0.00015,JDZ01 Data Report.pdf,https://www.designsafe-ci.org/data/browser/public/nees.public/NEES-2008-0639.groups/,T4.5-50-08-BMA.dat,T4.5-50-08-SMA.dat,"SA_FF1_154, SA_FF2_154, SA_FF1_sfc, SA_FF2_sfc",10.4231/D39W08Z6N,"Flexible Shear Beam Container (1651 mm x 787 mm, Inner Dimensions, Model Scale)",8,
,324,T4.5-50-08-J_A,JDZ01,T4.5-50,J_A,55,21,0.7,Nevada Sand,19.4,0.9,Nevada Sand,4.5,0.5,Monterey Sand,1.9,0.85,none,none,none,yes,7.5,7.5,1.4,14.9,10.5,13.5,1026534,636551,195491,194492,1.4,186,,Adjacent Structure,Small Port Island,0.5,2750,,0.05,6.94,0.11,0.01,0.04,0,0.18,0.02,0.07,0.07,0.07,0.07,0.07,3,11.17,0.57,0.08,0.15,0,0.79,0.16,0.29,5.5,11.8,-0.00016,-0.00042,JDZ01 Data Report.pdf,https://www.designsafe-ci.org/data/browser/public/nees.public/NEES-2008-0639.groups/,T4.5-50-08-BMA.dat,T4.5-50-08-SMA.dat,"SA_FF1_154, SA_FF2_154, SA_FF1_sfc, SA_FF2_sfc",10.4231/D39W08Z6N,"Flexible Shear Beam Container (1651 mm x 787 mm, Inner Dimensions, Model Scale)",8,
,325,T4.5-50-08-FF,JDZ01,T4.5-50,FF,55,21,0.7,Nevada Sand,19.4,0.9,Nevada Sand,4.5,0.5,Monterey Sand,1.9,0.85,none,none,none,yes,N/A - FF,N/A - FF,N/A - FF,N/A - FF,N/A - FF,N/A - FF,N/A - FF,N/A - FF,N/A - FF,N/A - FF,N/A - FF,N/A - FF,N/A - FF,N/A - FF,Small Port Island,0.5,2750,,0.05,6.94,0.11,0.01,0.04,0,0.18,0.02,0.07,0.07,0.07,0.07,0.07,3,11.17,0.57,0.08,0.15,0,0.79,0.16,0.29,2,11.2,N/A - FF,N/A - FF,JDZ01 Data Report.pdf,https://www.designsafe-ci.org/data/browser/public/nees.public/NEES-2008-0639.groups/,T4.5-50-08-BMA.dat,T4.5-50-08-SMA.dat,"SA_FF1_154, SA_FF2_154, SA_FF1_sfc, SA_FF2_sfc",10.4231/D39W08Z6N,"Flexible Shear Beam Container (1651 mm x 787 mm, Inner Dimensions, Model Scale)",8,
,326,T4.5-50-09-A,JDZ01,T4.5-50,A,55,21,0.7,Nevada Sand,19.4,0.9,Nevada Sand,4.5,0.5,Monterey Sand,1.9,0.85,none,none,none,yes,6,9,0.7,4.4,2.4,3.9,326627,164611,21063,140953,0.7,65,,none,Moderate Port Island,1.7,2750,,0.21,22.98,0.41,0.28,0.41,0.06,0.59,0.3,0.48,0.66,0.58,0.57,0.52,3,44.07,1.09,0.64,1.78,0.25,1.88,0.8,2.06,200,207.6,0.00717,0.00783,JDZ01 Data Report.pdf,https://www.designsafe-ci.org/data/browser/public/nees.public/NEES-2008-0639.groups/,T4.5-50-09-BMA.dat,T4.5-50-09-SMA.dat,"SA_FF1_154, SA_FF2_154, SA_FF1_sfc, SA_FF2_sfc",10.4231/D39W08Z6N,"Flexible Shear Beam Container (1651 mm x 787 mm, Inner Dimensions, Model Scale)",9,
,327,T4.5-50-09-A_A-N,JDZ01,T4.5-50,A_A-N,55,21,0.7,Nevada Sand,19.4,0.9,Nevada Sand,4.5,0.5,Monterey Sand,1.9,0.85,none,none,none,yes,6,9,0.7,4.4,2.4,3.9,326694,164678,20198,141818,0.7,65,,Adjacent Structure,Moderate Port Island,1.7,2750,,0.21,22.98,0.41,0.28,0.41,0.06,0.59,0.3,0.48,0.66,0.58,0.57,0.52,3,44.07,1.09,0.64,1.78,0.25,1.88,0.8,2.06,201,207.8,-0.00233,-0.00202,JDZ01 Data Report.pdf,https://www.designsafe-ci.org/data/browser/public/nees.public/NEES-2008-0639.groups/,T4.5-50-09-BMA.dat,T4.5-50-09-SMA.dat,"SA_FF1_154, SA_FF2_154, SA_FF1_sfc, SA_FF2_sfc",10.4231/D39W08Z6N,"Flexible Shear Beam Container (1651 mm x 787 mm, Inner Dimensions, Model Scale)",9,
,328,T4.5-50-09-A_A-S,JDZ01,T4.5-50,A_A-S,55,21,0.7,Nevada Sand,19.4,0.9,Nevada Sand,4.5,0.5,Monterey Sand,1.9,0.85,none,none,none,yes,6,9,0.7,4.4,2.4,3.9,324148,164545,20148,139456,0.7,65,,Adjacent Structure,Moderate Port Island,1.7,2750,,0.21,22.98,0.41,0.28,0.41,0.06,0.59,0.3,0.48,0.66,0.58,0.57,0.52,3,44.07,1.09,0.64,1.78,0.25,1.88,0.8,2.06,208,216.7,0.00333,0.00299,JDZ01 Data Report.pdf,https://www.designsafe-ci.org/data/browser/public/nees.public/NEES-2008-0639.groups/,T4.5-50-09-BMA.dat,T4.5-50-09-SMA.dat,"SA_FF1_154, SA_FF2_154, SA_FF1_sfc, SA_FF2_sfc",10.4231/D39W08Z6N,"Flexible Shear Beam Container (1651 mm x 787 mm, Inner Dimensions, Model Scale)",9,
,329,T4.5-50-09-A_J-P,JDZ01,T4.5-50,A_J-P,55,21,0.7,Nevada Sand,19.4,0.9,Nevada Sand,4.5,0.5,Monterey Sand,1.9,0.85,none,none,none,yes,6,9,0.7,4.4,2.4,3.9,321736,162033,19982,139722,0.7,65,,Adjacent Structure,Moderate Port Island,1.7,2750,,0.21,22.98,0.41,0.28,0.41,0.06,0.59,0.3,0.48,0.66,0.58,0.57,0.52,3,44.07,1.09,0.64,1.78,0.25,1.88,0.8,2.06,166,179,-0.01075,-0.00913,JDZ01 Data Report.pdf,https://www.designsafe-ci.org/data/browser/public/nees.public/NEES-2008-0639.groups/,T4.5-50-09-BMA.dat,T4.5-50-09-SMA.dat,"SA_FF1_154, SA_FF2_154, SA_FF1_sfc, SA_FF2_sfc",10.4231/D39W08Z6N,"Flexible Shear Beam Container (1651 mm x 787 mm, Inner Dimensions, Model Scale)",9,
,330,T4.5-50-09-J_A-P,JDZ01,T4.5-50,J_A-P,55,21,0.7,Nevada Sand,19.4,0.9,Nevada Sand,4.5,0.5,Monterey Sand,1.9,0.85,none,none,none,yes,7.5,7.5,1.4,14.9,10.5,13.5,1025702,637050,195324,193328,1.4,186,,"Adjacent Structure, Attached Piles",Moderate Port Island,1.7,2750,,0.21,22.98,0.41,0.28,0.41,0.06,0.59,0.3,0.48,0.66,0.58,0.57,0.52,3,44.07,1.09,0.64,1.78,0.25,1.88,0.8,2.06,27,31.9,n/a,N/A,JDZ01 Data Report.pdf,https://www.designsafe-ci.org/data/browser/public/nees.public/NEES-2008-0639.groups/,T4.5-50-09-BMA.dat,T4.5-50-09-SMA.dat,"SA_FF1_154, SA_FF2_154, SA_FF1_sfc, SA_FF2_sfc",10.4231/D39W08Z6N,"Flexible Shear Beam Container (1651 mm x 787 mm, Inner Dimensions, Model Scale)",9,
,331,T4.5-50-09-A_J,JDZ01,T4.5-50,A_J,55,21,0.7,Nevada Sand,19.4,0.9,Nevada Sand,4.5,0.5,Monterey Sand,1.9,0.85,none,none,none,yes,6,9,0.7,4.4,2.4,3.9,325014,164162,21080,139772,0.7,65,,Adjacent Structure,Moderate Port Island,1.7,2750,,0.21,22.98,0.41,0.28,0.41,0.06,0.59,0.3,0.48,0.66,0.58,0.57,0.52,3,44.07,1.09,0.64,1.78,0.25,1.88,0.8,2.06,116,122.6,-0.00472,-0.00487,JDZ01 Data Report.pdf,https://www.designsafe-ci.org/data/browser/public/nees.public/NEES-2008-0639.groups/,T4.5-50-09-BMA.dat,T4.5-50-09-SMA.dat,"SA_FF1_154, SA_FF2_154, SA_FF1_sfc, SA_FF2_sfc",10.4231/D39W08Z6N,"Flexible Shear Beam Container (1651 mm x 787 mm, Inner Dimensions, Model Scale)",9,
,332,T4.5-50-09-J_A,JDZ01,T4.5-50,J_A,55,21,0.7,Nevada Sand,19.4,0.9,Nevada Sand,4.5,0.5,Monterey Sand,1.9,0.85,none,none,none,yes,7.5,7.5,1.4,14.9,10.5,13.5,1026534,636551,195491,194492,1.4,186,,Adjacent Structure,Moderate Port Island,1.7,2750,,0.21,22.98,0.41,0.28,0.41,0.06,0.59,0.3,0.48,0.66,0.58,0.57,0.52,3,44.07,1.09,0.64,1.78,0.25,1.88,0.8,2.06,137,148.8,-0.00213,-0.00255,JDZ01 Data Report.pdf,https://www.designsafe-ci.org/data/browser/public/nees.public/NEES-2008-0639.groups/,T4.5-50-09-BMA.dat,T4.5-50-09-SMA.dat,"SA_FF1_154, SA_FF2_154, SA_FF1_sfc, SA_FF2_sfc",10.4231/D39W08Z6N,"Flexible Shear Beam Container (1651 mm x 787 mm, Inner Dimensions, Model Scale)",9,
,333,T4.5-50-09-FF,JDZ01,T4.5-50,FF,55,21,0.7,Nevada Sand,19.4,0.9,Nevada Sand,4.5,0.5,Monterey Sand,1.9,0.85,none,none,none,yes,N/A - FF,N/A - FF,N/A - FF,N/A - FF,N/A - FF,N/A - FF,N/A - FF,N/A - FF,N/A - FF,N/A - FF,N/A - FF,N/A - FF,N/A - FF,N/A - FF,Moderate Port Island,1.7,2750,,0.21,22.98,0.41,0.28,0.41,0.06,0.59,0.3,0.48,0.66,0.58,0.57,0.52,3,44.07,1.09,0.64,1.78,0.25,1.88,0.8,2.06,58,69.2,N/A - FF,N/A - FF,JDZ01 Data Report.pdf,https://www.designsafe-ci.org/data/browser/public/nees.public/NEES-2008-0639.groups/,T4.5-50-09-BMA.dat,T4.5-50-09-SMA.dat,"SA_FF1_154, SA_FF2_154, SA_FF1_sfc, SA_FF2_sfc",10.4231/D39W08Z6N,"Flexible Shear Beam Container (1651 mm x 787 mm, Inner Dimensions, Model Scale)",9,
,334,T4.5-50-10-A,JDZ01,T4.5-50,A,55,21,0.7,Nevada Sand,19.4,0.9,Nevada Sand,4.5,0.5,Monterey Sand,1.9,0.85,none,none,none,yes,6,9,0.7,4.4,2.4,3.9,326627,164611,21063,140953,0.7,65,,none,Moderate Chi-Chi TCU078,0.28,11000,,0.16,18.33,1.1,0.8,0.87,0.03,1.69,1.1,1.35,0.33,0.33,0.38,0.29,3,36.24,1.68,0.99,1.44,0.06,3.56,1.79,3.51,166,373.6,0.01017,0.018,JDZ01 Data Report.pdf,https://www.designsafe-ci.org/data/browser/public/nees.public/NEES-2008-0639.groups/,T4.5-50-10-BMA.dat,T4.5-50-10-SMA.dat,"SA_FF1_154, SA_FF2_154, SA_FF1_sfc, SA_FF2_sfc",10.4231/D39W08Z6N,"Flexible Shear Beam Container (1651 mm x 787 mm, Inner Dimensions, Model Scale)",10,
,335,T4.5-50-10-A_A-N,JDZ01,T4.5-50,A_A-N,55,21,0.7,Nevada Sand,19.4,0.9,Nevada Sand,4.5,0.5,Monterey Sand,1.9,0.85,none,none,none,yes,6,9,0.7,4.4,2.4,3.9,326694,164678,20198,141818,0.7,65,,Adjacent Structure,Moderate Chi-Chi TCU078,0.28,11000,,0.16,18.33,1.1,0.8,0.87,0.03,1.69,1.1,1.35,0.33,0.33,0.38,0.29,3,36.24,1.68,0.99,1.44,0.06,3.56,1.79,3.51,143,350.8,0.0115,0.00948,JDZ01 Data Report.pdf,https://www.designsafe-ci.org/data/browser/public/nees.public/NEES-2008-0639.groups/,T4.5-50-10-BMA.dat,T4.5-50-10-SMA.dat,"SA_FF1_154, SA_FF2_154, SA_FF1_sfc, SA_FF2_sfc",10.4231/D39W08Z6N,"Flexible Shear Beam Container (1651 mm x 787 mm, Inner Dimensions, Model Scale)",10,
,336,T4.5-50-10-A_A-S,JDZ01,T4.5-50,A_A-S,55,21,0.7,Nevada Sand,19.4,0.9,Nevada Sand,4.5,0.5,Monterey Sand,1.9,0.85,none,none,none,yes,6,9,0.7,4.4,2.4,3.9,324148,164545,20148,139456,0.7,65,,Adjacent Structure,Moderate Chi-Chi TCU078,0.28,11000,,0.16,18.33,1.1,0.8,0.87,0.03,1.69,1.1,1.35,0.33,0.33,0.38,0.29,3,36.24,1.68,0.99,1.44,0.06,3.56,1.79,3.51,148,364.7,-0.00983,-0.00684,JDZ01 Data Report.pdf,https://www.designsafe-ci.org/data/browser/public/nees.public/NEES-2008-0639.groups/,T4.5-50-10-BMA.dat,T4.5-50-10-SMA.dat,"SA_FF1_154, SA_FF2_154, SA_FF1_sfc, SA_FF2_sfc",10.4231/D39W08Z6N,"Flexible Shear Beam Container (1651 mm x 787 mm, Inner Dimensions, Model Scale)",10,
,337,T4.5-50-10-A_J-P,JDZ01,T4.5-50,A_J-P,55,21,0.7,Nevada Sand,19.4,0.9,Nevada Sand,4.5,0.5,Monterey Sand,1.9,0.85,none,none,none,yes,6,9,0.7,4.4,2.4,3.9,321736,162033,19982,139722,0.7,65,,Adjacent Structure,Moderate Chi-Chi TCU078,0.28,11000,,0.16,18.33,1.1,0.8,0.87,0.03,1.69,1.1,1.35,0.33,0.33,0.38,0.29,3,36.24,1.68,0.99,1.44,0.06,3.56,1.79,3.51,182,361,-0.01057,-0.0197,JDZ01 Data Report.pdf,https://www.designsafe-ci.org/data/browser/public/nees.public/NEES-2008-0639.groups/,T4.5-50-10-BMA.dat,T4.5-50-10-SMA.dat,"SA_FF1_154, SA_FF2_154, SA_FF1_sfc, SA_FF2_sfc",10.4231/D39W08Z6N,"Flexible Shear Beam Container (1651 mm x 787 mm, Inner Dimensions, Model Scale)",10,
,338,T4.5-50-10-J_A-P,JDZ01,T4.5-50,J_A-P,55,21,0.7,Nevada Sand,19.4,0.9,Nevada Sand,4.5,0.5,Monterey Sand,1.9,0.85,none,none,none,yes,7.5,7.5,1.4,14.9,10.5,13.5,1025702,637050,195324,193328,1.4,186,,"Adjacent Structure, Attached Piles",Moderate Chi-Chi TCU078,0.28,11000,,0.16,18.33,1.1,0.8,0.87,0.03,1.69,1.1,1.35,0.33,0.33,0.38,0.29,3,36.24,1.68,0.99,1.44,0.06,3.56,1.79,3.51,4,35.9,n/a,N/A,JDZ01 Data Report.pdf,https://www.designsafe-ci.org/data/browser/public/nees.public/NEES-2008-0639.groups/,T4.5-50-10-BMA.dat,T4.5-50-10-SMA.dat,"SA_FF1_154, SA_FF2_154, SA_FF1_sfc, SA_FF2_sfc",10.4231/D39W08Z6N,"Flexible Shear Beam Container (1651 mm x 787 mm, Inner Dimensions, Model Scale)",10,
,339,T4.5-50-10-A_J,JDZ01,T4.5-50,A_J,55,21,0.7,Nevada Sand,19.4,0.9,Nevada Sand,4.5,0.5,Monterey Sand,1.9,0.85,none,none,none,yes,6,9,0.7,4.4,2.4,3.9,325014,164162,21080,139772,0.7,65,,Adjacent Structure,Moderate Chi-Chi TCU078,0.28,11000,,0.16,18.33,1.1,0.8,0.87,0.03,1.69,1.1,1.35,0.33,0.33,0.38,0.29,3,36.24,1.68,0.99,1.44,0.06,3.56,1.79,3.51,99,221.6,-0.0166,-0.02147,JDZ01 Data Report.pdf,https://www.designsafe-ci.org/data/browser/public/nees.public/NEES-2008-0639.groups/,T4.5-50-10-BMA.dat,T4.5-50-10-SMA.dat,"SA_FF1_154, SA_FF2_154, SA_FF1_sfc, SA_FF2_sfc",10.4231/D39W08Z6N,"Flexible Shear Beam Container (1651 mm x 787 mm, Inner Dimensions, Model Scale)",10,
,340,T4.5-50-10-J_A,JDZ01,T4.5-50,J_A,55,21,0.7,Nevada Sand,19.4,0.9,Nevada Sand,4.5,0.5,Monterey Sand,1.9,0.85,none,none,none,yes,7.5,7.5,1.4,14.9,10.5,13.5,1026534,636551,195491,194492,1.4,186,,Adjacent Structure,Moderate Chi-Chi TCU078,0.28,11000,,0.16,18.33,1.1,0.8,0.87,0.03,1.69,1.1,1.35,0.33,0.33,0.38,0.29,3,36.24,1.68,0.99,1.44,0.06,3.56,1.79,3.51,72,220.8,0.00098,-0.00157,JDZ01 Data Report.pdf,https://www.designsafe-ci.org/data/browser/public/nees.public/NEES-2008-0639.groups/,T4.5-50-10-BMA.dat,T4.5-50-10-SMA.dat,"SA_FF1_154, SA_FF2_154, SA_FF1_sfc, SA_FF2_sfc",10.4231/D39W08Z6N,"Flexible Shear Beam Container (1651 mm x 787 mm, Inner Dimensions, Model Scale)",10,
,341,T4.5-50-10-FF,JDZ01,T4.5-50,FF,55,21,0.7,Nevada Sand,19.4,0.9,Nevada Sand,4.5,0.5,Monterey Sand,1.9,0.85,none,none,none,yes,N/A - FF,N/A - FF,N/A - FF,N/A - FF,N/A - FF,N/A - FF,N/A - FF,N/A - FF,N/A - FF,N/A - FF,N/A - FF,N/A - FF,N/A - FF,N/A - FF,Moderate Chi-Chi TCU078,0.28,11000,,0.16,18.33,1.1,0.8,0.87,0.03,1.69,1.1,1.35,0.33,0.33,0.38,0.29,3,36.24,1.68,0.99,1.44,0.06,3.56,1.79,3.51,48,117.2,N/A - FF,N/A - FF,JDZ01 Data Report.pdf,https://www.designsafe-ci.org/data/browser/public/nees.public/NEES-2008-0639.groups/,T4.5-50-10-BMA.dat,T4.5-50-10-SMA.dat,"SA_FF1_154, SA_FF2_154, SA_FF1_sfc, SA_FF2_sfc",10.4231/D39W08Z6N,"Flexible Shear Beam Container (1651 mm x 787 mm, Inner Dimensions, Model Scale)",10,
,342,T4.5-50-11-A,JDZ01,T4.5-50,A,55,21,0.7,Nevada Sand,19.4,0.9,Nevada Sand,4.5,0.5,Monterey Sand,1.9,0.85,none,none,none,yes,6,9,0.7,4.4,2.4,3.9,326627,164611,21063,140953,0.7,65,,none,Large Port Island,5.1,2750,,0.49,46.81,1.21,1.02,3.2,0.47,2.9,2.12,4.56,Drift,Drift,1.28,1.27,3,90.18,2.31,1.92,16.07,2.09,5.87,3.71,19.58,253,626.6,0.00917,0.02717,JDZ01 Data Report.pdf,https://www.designsafe-ci.org/data/browser/public/nees.public/NEES-2008-0639.groups/,T4.5-50-11-BMA.dat,T4.5-50-11-SMA.dat,"SA_FF1_154, SA_FF2_154, SA_FF1_sfc, SA_FF2_sfc",10.4231/D39W08Z6N,"Flexible Shear Beam Container (1651 mm x 787 mm, Inner Dimensions, Model Scale)",11,
,343,T4.5-50-11-A_A-N,JDZ01,T4.5-50,A_A-N,55,21,0.7,Nevada Sand,19.4,0.9,Nevada Sand,4.5,0.5,Monterey Sand,1.9,0.85,none,none,none,yes,6,9,0.7,4.4,2.4,3.9,326694,164678,20198,141818,0.7,65,,Adjacent Structure,Large Port Island,5.1,2750,,0.49,46.81,1.21,1.02,3.2,0.47,2.9,2.12,4.56,Drift,Drift,1.28,1.27,3,90.18,2.31,1.92,16.07,2.09,5.87,3.71,19.58,225,575.8,0.00583,0.01531,JDZ01 Data Report.pdf,https://www.designsafe-ci.org/data/browser/public/nees.public/NEES-2008-0639.groups/,T4.5-50-11-BMA.dat,T4.5-50-11-SMA.dat,"SA_FF1_154, SA_FF2_154, SA_FF1_sfc, SA_FF2_sfc",10.4231/D39W08Z6N,"Flexible Shear Beam Container (1651 mm x 787 mm, Inner Dimensions, Model Scale)",11,
,344,T4.5-50-11-A_A-S,JDZ01,T4.5-50,A_A-S,55,21,0.7,Nevada Sand,19.4,0.9,Nevada Sand,4.5,0.5,Monterey Sand,1.9,0.85,none,none,none,yes,6,9,0.7,4.4,2.4,3.9,324148,164545,20148,139456,0.7,65,,Adjacent Structure,Large Port Island,5.1,2750,,0.49,46.81,1.21,1.02,3.2,0.47,2.9,2.12,4.56,Drift,Drift,1.28,1.27,3,90.18,2.31,1.92,16.07,2.09,5.87,3.71,19.58,234,598.7,-0.0065,-0.01334,JDZ01 Data Report.pdf,https://www.designsafe-ci.org/data/browser/public/nees.public/NEES-2008-0639.groups/,T4.5-50-11-BMA.dat,T4.5-50-11-SMA.dat,"SA_FF1_154, SA_FF2_154, SA_FF1_sfc, SA_FF2_sfc",10.4231/D39W08Z6N,"Flexible Shear Beam Container (1651 mm x 787 mm, Inner Dimensions, Model Scale)",11,
,345,T4.5-50-11-A_J-P,JDZ01,T4.5-50,A_J-P,55,21,0.7,Nevada Sand,19.4,0.9,Nevada Sand,4.5,0.5,Monterey Sand,1.9,0.85,none,none,none,yes,6,9,0.7,4.4,2.4,3.9,321736,162033,19982,139722,0.7,65,,Adjacent Structure,Large Port Island,5.1,2750,,0.49,46.81,1.21,1.02,3.2,0.47,2.9,2.12,4.56,Drift,Drift,1.28,1.27,3,90.18,2.31,1.92,16.07,2.09,5.87,3.71,19.58,315,676,-0.00623,-0.02593,JDZ01 Data Report.pdf,https://www.designsafe-ci.org/data/browser/public/nees.public/NEES-2008-0639.groups/,T4.5-50-11-BMA.dat,T4.5-50-11-SMA.dat,"SA_FF1_154, SA_FF2_154, SA_FF1_sfc, SA_FF2_sfc",10.4231/D39W08Z6N,"Flexible Shear Beam Container (1651 mm x 787 mm, Inner Dimensions, Model Scale)",11,
,346,T4.5-50-11-J_A-P,JDZ01,T4.5-50,J_A-P,55,21,0.7,Nevada Sand,19.4,0.9,Nevada Sand,4.5,0.5,Monterey Sand,1.9,0.85,none,none,none,yes,7.5,7.5,1.4,14.9,10.5,13.5,1025702,637050,195324,193328,1.4,186,,"Adjacent Structure, Attached Piles",Large Port Island,5.1,2750,,0.49,46.81,1.21,1.02,3.2,0.47,2.9,2.12,4.56,Drift,Drift,1.28,1.27,3,90.18,2.31,1.92,16.07,2.09,5.87,3.71,19.58,77,112.9,n/a,N/A,JDZ01 Data Report.pdf,https://www.designsafe-ci.org/data/browser/public/nees.public/NEES-2008-0639.groups/,T4.5-50-11-BMA.dat,T4.5-50-11-SMA.dat,"SA_FF1_154, SA_FF2_154, SA_FF1_sfc, SA_FF2_sfc",10.4231/D39W08Z6N,"Flexible Shear Beam Container (1651 mm x 787 mm, Inner Dimensions, Model Scale)",11,
,347,T4.5-50-11-A_J,JDZ01,T4.5-50,A_J,55,21,0.7,Nevada Sand,19.4,0.9,Nevada Sand,4.5,0.5,Monterey Sand,1.9,0.85,none,none,none,yes,6,9,0.7,4.4,2.4,3.9,325014,164162,21080,139772,0.7,65,,Adjacent Structure,Large Port Island,5.1,2750,,0.49,46.81,1.21,1.02,3.2,0.47,2.9,2.12,4.56,Drift,Drift,1.28,1.27,3,90.18,2.31,1.92,16.07,2.09,5.87,3.71,19.58,191,412.6,-0.00774,-0.02921,JDZ01 Data Report.pdf,https://www.designsafe-ci.org/data/browser/public/nees.public/NEES-2008-0639.groups/,T4.5-50-11-BMA.dat,T4.5-50-11-SMA.dat,"SA_FF1_154, SA_FF2_154, SA_FF1_sfc, SA_FF2_sfc",10.4231/D39W08Z6N,"Flexible Shear Beam Container (1651 mm x 787 mm, Inner Dimensions, Model Scale)",11,
,348,T4.5-50-11-J_A,JDZ01,T4.5-50,J_A,55,21,0.7,Nevada Sand,19.4,0.9,Nevada Sand,4.5,0.5,Monterey Sand,1.9,0.85,none,none,none,yes,7.5,7.5,1.4,14.9,10.5,13.5,1026534,636551,195491,194492,1.4,186,,Adjacent Structure,Large Port Island,5.1,2750,,0.49,46.81,1.21,1.02,3.2,0.47,2.9,2.12,4.56,Drift,Drift,1.28,1.27,3,90.18,2.31,1.92,16.07,2.09,5.87,3.71,19.58,279,499.8,-0.00623,-0.0078,JDZ01 Data Report.pdf,https://www.designsafe-ci.org/data/browser/public/nees.public/NEES-2008-0639.groups/,T4.5-50-11-BMA.dat,T4.5-50-11-SMA.dat,"SA_FF1_154, SA_FF2_154, SA_FF1_sfc, SA_FF2_sfc",10.4231/D39W08Z6N,"Flexible Shear Beam Container (1651 mm x 787 mm, Inner Dimensions, Model Scale)",11,
,349,T4.5-50-11-FF,JDZ01,T4.5-50,FF,55,21,0.7,Nevada Sand,19.4,0.9,Nevada Sand,4.5,0.5,Monterey Sand,1.9,0.85,none,none,none,yes,N/A - FF,N/A - FF,N/A - FF,N/A - FF,N/A - FF,N/A - FF,N/A - FF,N/A - FF,N/A - FF,N/A - FF,N/A - FF,N/A - FF,N/A - FF,N/A - FF,Large Port Island,5.1,2750,,0.49,46.81,1.21,1.02,3.2,0.47,2.9,2.12,4.56,Drift,Drift,1.28,1.27,3,90.18,2.31,1.92,16.07,2.09,5.87,3.71,19.58,70,187.2,N/A - FF,N/A - FF,JDZ01 Data Report.pdf,https://www.designsafe-ci.org/data/browser/public/nees.public/NEES-2008-0639.groups/,T4.5-50-11-BMA.dat,T4.5-50-11-SMA.dat,"SA_FF1_154, SA_FF2_154, SA_FF1_sfc, SA_FF2_sfc",10.4231/D39W08Z6N,"Flexible Shear Beam Container (1651 mm x 787 mm, Inner Dimensions, Model Scale)",11,
,350,T4.6-40-01-A,CPH01,T4.6-40,A,55,21,0.2,Nevada Sand,19.3,0.9,Nevada Sand,4.6,0.4,Monterey Sand,1.7,0.85,none,none,none,yes,6,9,0.7,4.4,2.4,3.9,342782,172281,21096,149405,0.7,65,0.32,none,Step Wave,0.9,4000,76.2,0,0.64,0,0,0,0,0,0,0,0.01,0.01,0.01,0.01,3,0.99,0,0,0,0,0,0,0,-1.5,-1.5,0.00005,0.00005,CPH01 Data Report.pdf,https://www.designsafe-ci.org/data/browser/public/nees.public/NEES-2008-0639.groups/,T4.6-40-01-BMA.dat,T4.6-40-01-SMA.dat,"GHAE, GHAW, GHAC7, GHAS5",10.4231/D3QF8JJ99,"Flexible Shear Beam Container (1651 mm x 787 mm, Inner Dimensions, Model Scale)",1,
,351,T4.6-40-01-K,CPH01,T4.6-40,K,55,21,0.2,Nevada Sand,19.3,0.9,Nevada Sand,4.6,0.4,Monterey Sand,1.7,0.85,none,none,none,yes,6,9,0.7,5.3,2.4,3.9,973011,501005,28001,444005,0.7,177,0.37,none,Step Wave,0.9,4000,76.2,0,0.64,0,0,0,0,0,0,0,0.01,0.01,0.01,0.01,3,0.99,0,0,0,0,0,0,0,-0.2,-0.2,0,0,CPH01 Data Report.pdf,https://www.designsafe-ci.org/data/browser/public/nees.public/NEES-2008-0639.groups/,T4.6-40-01-BMA.dat,T4.6-40-01-SMA.dat,"GHAE, GHAW, GHAC7, GHAS5",10.4231/D3QF8JJ99,"Flexible Shear Beam Container (1651 mm x 787 mm, Inner Dimensions, Model Scale)",1,
,352,T4.6-40-01-A_J,CPH01,T4.6-40,A_J,55,21,0.2,Nevada Sand,19.3,0.9,Nevada Sand,4.6,0.4,Monterey Sand,1.7,0.85,none,none,none,yes,6,9,0.7,4.4,2.4,3.9,339239,170035,19982,149222,0.7,65,0.33,Adjacent Structure,Step Wave,0.9,4000,76.2,0,0.64,0,0,0,0,0,0,0,0.01,0.01,0.01,0.01,3,0.99,0,0,0,0,0,0,0,-0.4,-0.4,0.00001,0.00001,CPH01 Data Report.pdf,https://www.designsafe-ci.org/data/browser/public/nees.public/NEES-2008-0639.groups/,T4.6-40-01-BMA.dat,T4.6-40-01-SMA.dat,"GHAE, GHAW, GHAC7, GHAS5",10.4231/D3QF8JJ99,"Flexible Shear Beam Container (1651 mm x 787 mm, Inner Dimensions, Model Scale)",1,
,353,T4.6-40-01-J_A,CPH01,T4.6-40,J_A,55,21,0.2,Nevada Sand,19.3,0.9,Nevada Sand,4.6,0.4,Monterey Sand,1.7,0.85,none,none,none,yes,7.5,7.5,1.4,14.9,10.5,13.5,1067778,861623,N/A,206155,0.7,186,0.85,Adjacent Structure,Step Wave,0.9,4000,76.2,0,0.64,0,0,0,0,0,0,0,0.01,0.01,0.01,0.01,3,0.99,0,0,0,0,0,0,0,-0.4,-0.4,0,0,CPH01 Data Report.pdf,https://www.designsafe-ci.org/data/browser/public/nees.public/NEES-2008-0639.groups/,T4.6-40-01-BMA.dat,T4.6-40-01-SMA.dat,"GHAE, GHAW, GHAC7, GHAS5",10.4231/D3QF8JJ99,"Flexible Shear Beam Container (1651 mm x 787 mm, Inner Dimensions, Model Scale)",1,
,354,T4.6-40-01-A_K,CPH01,T4.6-40,A_K,55,21,0.2,Nevada Sand,19.3,0.9,Nevada Sand,4.6,0.4,Monterey Sand,1.7,0.85,none,none,none,yes,6,9,0.7,4.4,2.4,3.9,343897,172664,20148,151085,0.7,65,0.34,Adjacent Structure,Step Wave,0.9,4000,76.2,0,0.64,0,0,0,0,0,0,0,0.01,0.01,0.01,0.01,3,0.99,0,0,0,0,0,0,0,-1,-1,0,0,CPH01 Data Report.pdf,https://www.designsafe-ci.org/data/browser/public/nees.public/NEES-2008-0639.groups/,T4.6-40-01-BMA.dat,T4.6-40-01-SMA.dat,"GHAE, GHAW, GHAC7, GHAS5",10.4231/D3QF8JJ99,"Flexible Shear Beam Container (1651 mm x 787 mm, Inner Dimensions, Model Scale)",1,
,355,T4.6-40-01-K_A,CPH01,T4.6-40,K_A,55,21,0.2,Nevada Sand,19.3,0.9,Nevada Sand,4.6,0.4,Monterey Sand,1.7,0.85,none,none,none,yes,6,9,0.7,5.3,2.4,3.9,973643,500439,28034,445170,0.7,180,0.38,Adjacent Structure,Step Wave,0.9,4000,76.2,0,0.64,0,0,0,0,0,0,0,0.01,0.01,0.01,0.01,3,0.99,0,0,0,0,0,0,0,-0.6,-0.6,-0.00001,-0.00001,CPH01 Data Report.pdf,https://www.designsafe-ci.org/data/browser/public/nees.public/NEES-2008-0639.groups/,T4.6-40-01-BMA.dat,T4.6-40-01-SMA.dat,"GHAE, GHAW, GHAC7, GHAS5",10.4231/D3QF8JJ99,"Flexible Shear Beam Container (1651 mm x 787 mm, Inner Dimensions, Model Scale)",1,
,356,T4.6-40-01-FF,CPH01,T4.6-40,FF,55,21,0.2,Nevada Sand,19.3,0.9,Nevada Sand,4.6,0.4,Monterey Sand,1.7,0.85,none,none,none,yes,N/A - FF,N/A - FF,N/A - FF,N/A - FF,N/A - FF,N/A - FF,N/A - FF,N/A - FF,N/A - FF,N/A - FF,N/A - FF,N/A - FF,N/A - FF,N/A - FF,Step Wave,0.9,4000,76.2,0,0.64,0,0,0,0,0,0,0,0.01,0.01,0.01,0.01,3,0.99,0,0,0,0,0,0,0,-1,-1,N/A - FF,N/A - FF,CPH01 Data Report.pdf,https://www.designsafe-ci.org/data/browser/public/nees.public/NEES-2008-0639.groups/,T4.6-40-01-BMA.dat,T4.6-40-01-SMA.dat,"GHAE, GHAW, GHAC7, GHAS5",10.4231/D3QF8JJ99,"Flexible Shear Beam Container (1651 mm x 787 mm, Inner Dimensions, Model Scale)",1,
,357,T4.6-40-02-A,CPH01,T4.6-40,A,55,21,0.2,Nevada Sand,19.3,0.9,Nevada Sand,4.6,0.4,Monterey Sand,1.7,0.85,none,none,none,yes,6,9,0.7,4.4,2.4,3.9,342782,172281,21096,149405,0.7,65,0.32,none,Step Wave,0.9,4000,76.5,0,0.61,0,0,0,0,0,0,0,0.01,0.01,0.02,0.02,3,1.17,0.05,0,0.01,0,0.06,0,0.01,-3,-4.5,0.00012,0.00017,CPH01 Data Report.pdf,https://www.designsafe-ci.org/data/browser/public/nees.public/NEES-2008-0639.groups/,T4.6-40-02-BMA.dat,T4.6-40-02-SMA.dat,"GHAE, GHAW, GHAC7, GHAS5",10.4231/D3QF8JJ99,"Flexible Shear Beam Container (1651 mm x 787 mm, Inner Dimensions, Model Scale)",2,
,358,T4.6-40-02-K,CPH01,T4.6-40,K,55,21,0.2,Nevada Sand,19.3,0.9,Nevada Sand,4.6,0.4,Monterey Sand,1.7,0.85,none,none,none,yes,6,9,0.7,5.3,2.4,3.9,973011,501005,28001,444005,0.7,177,0.37,none,Step Wave,0.9,4000,76.5,0,0.61,0,0,0,0,0,0,0,0.01,0.01,0.02,0.02,3,1.17,0.05,0,0.01,0,0.06,0,0.01,0.2,0,0,-0.00001,CPH01 Data Report.pdf,https://www.designsafe-ci.org/data/browser/public/nees.public/NEES-2008-0639.groups/,T4.6-40-02-BMA.dat,T4.6-40-02-SMA.dat,"GHAE, GHAW, GHAC7, GHAS5",10.4231/D3QF8JJ99,"Flexible Shear Beam Container (1651 mm x 787 mm, Inner Dimensions, Model Scale)",2,
,359,T4.6-40-02-A_J,CPH01,T4.6-40,A_J,55,21,0.2,Nevada Sand,19.3,0.9,Nevada Sand,4.6,0.4,Monterey Sand,1.7,0.85,none,none,none,yes,6,9,0.7,4.4,2.4,3.9,339239,170035,19982,149222,0.7,65,0.33,Adjacent Structure,Step Wave,0.9,4000,76.5,0,0.61,0,0,0,0,0,0,0,0.01,0.01,0.02,0.02,3,1.17,0.05,0,0.01,0,0.06,0,0.01,0.1,-0.4,0,0.00001,CPH01 Data Report.pdf,https://www.designsafe-ci.org/data/browser/public/nees.public/NEES-2008-0639.groups/,T4.6-40-02-BMA.dat,T4.6-40-02-SMA.dat,"GHAE, GHAW, GHAC7, GHAS5",10.4231/D3QF8JJ99,"Flexible Shear Beam Container (1651 mm x 787 mm, Inner Dimensions, Model Scale)",2,
,360,T4.6-40-02-J_A,CPH01,T4.6-40,J_A,55,21,0.2,Nevada Sand,19.3,0.9,Nevada Sand,4.6,0.4,Monterey Sand,1.7,0.85,none,none,none,yes,7.5,7.5,1.4,14.9,10.5,13.5,1067778,861623,N/A,206155,0.7,186,0.85,Adjacent Structure,Step Wave,0.9,4000,76.5,0,0.61,0,0,0,0,0,0,0,0.01,0.01,0.02,0.02,3,1.17,0.05,0,0.01,0,0.06,0,0.01,-0.2,-0.6,0,-0.00001,CPH01 Data Report.pdf,https://www.designsafe-ci.org/data/browser/public/nees.public/NEES-2008-0639.groups/,T4.6-40-02-BMA.dat,T4.6-40-02-SMA.dat,"GHAE, GHAW, GHAC7, GHAS5",10.4231/D3QF8JJ99,"Flexible Shear Beam Container (1651 mm x 787 mm, Inner Dimensions, Model Scale)",2,
,361,T4.6-40-02-A_K,CPH01,T4.6-40,A_K,55,21,0.2,Nevada Sand,19.3,0.9,Nevada Sand,4.6,0.4,Monterey Sand,1.7,0.85,none,none,none,yes,6,9,0.7,4.4,2.4,3.9,343897,172664,20148,151085,0.7,65,0.34,Adjacent Structure,Step Wave,0.9,4000,76.5,0,0.61,0,0,0,0,0,0,0,0.01,0.01,0.02,0.02,3,1.17,0.05,0,0.01,0,0.06,0,0.01,-0.3,-1.4,0.00001,0.00001,CPH01 Data Report.pdf,https://www.designsafe-ci.org/data/browser/public/nees.public/NEES-2008-0639.groups/,T4.6-40-02-BMA.dat,T4.6-40-02-SMA.dat,"GHAE, GHAW, GHAC7, GHAS5",10.4231/D3QF8JJ99,"Flexible Shear Beam Container (1651 mm x 787 mm, Inner Dimensions, Model Scale)",2,
,362,T4.6-40-02-K_A,CPH01,T4.6-40,K_A,55,21,0.2,Nevada Sand,19.3,0.9,Nevada Sand,4.6,0.4,Monterey Sand,1.7,0.85,none,none,none,yes,6,9,0.7,5.3,2.4,3.9,973643,500439,28034,445170,0.7,180,0.38,Adjacent Structure,Step Wave,0.9,4000,76.5,0,0.61,0,0,0,0,0,0,0,0.01,0.01,0.02,0.02,3,1.17,0.05,0,0.01,0,0.06,0,0.01,-0.2,-0.7,-0.00002,-0.00003,CPH01 Data Report.pdf,https://www.designsafe-ci.org/data/browser/public/nees.public/NEES-2008-0639.groups/,T4.6-40-02-BMA.dat,T4.6-40-02-SMA.dat,"GHAE, GHAW, GHAC7, GHAS5",10.4231/D3QF8JJ99,"Flexible Shear Beam Container (1651 mm x 787 mm, Inner Dimensions, Model Scale)",2,
,363,T4.6-40-02-FF,CPH01,T4.6-40,FF,55,21,0.2,Nevada Sand,19.3,0.9,Nevada Sand,4.6,0.4,Monterey Sand,1.7,0.85,none,none,none,yes,N/A - FF,N/A - FF,N/A - FF,N/A - FF,N/A - FF,N/A - FF,N/A - FF,N/A - FF,N/A - FF,N/A - FF,N/A - FF,N/A - FF,N/A - FF,N/A - FF,Step Wave,0.9,4000,76.5,0,0.61,0,0,0,0,0,0,0,0.01,0.01,0.02,0.02,3,1.17,0.05,0,0.01,0,0.06,0,0.01,-0.3,-1.3,N/A - FF,N/A - FF,CPH01 Data Report.pdf,https://www.designsafe-ci.org/data/browser/public/nees.public/NEES-2008-0639.groups/,T4.6-40-02-BMA.dat,T4.6-40-02-SMA.dat,"GHAE, GHAW, GHAC7, GHAS5",10.4231/D3QF8JJ99,"Flexible Shear Beam Container (1651 mm x 787 mm, Inner Dimensions, Model Scale)",2,
,364,T4.6-40-03-A,CPH01,T4.6-40,A,55,21,0.2,Nevada Sand,19.3,0.9,Nevada Sand,4.6,0.4,Monterey Sand,1.7,0.85,none,none,none,yes,6,9,0.7,4.4,2.4,3.9,342782,172281,21096,149405,0.7,65,0.32,none,Small Port Island,0.5,2750,76.1,0.04,6.74,0.08,0.01,0.02,0,0.08,0.01,0.02,0.08,0.07,0.07,0.08,3,12.71,0.46,0.09,0.14,0,0.52,0.09,0.15,10.9,6.4,0.00048,0.00064,CPH01 Data Report.pdf,https://www.designsafe-ci.org/data/browser/public/nees.public/NEES-2008-0639.groups/,T4.6-40-03-BMA.dat,T4.6-40-03-SMA.dat,"GHAE, GHAW, GHAC7, GHAS5",10.4231/D3QF8JJ99,"Flexible Shear Beam Container (1651 mm x 787 mm, Inner Dimensions, Model Scale)",3,
,365,T4.6-40-03-K,CPH01,T4.6-40,K,55,21,0.2,Nevada Sand,19.3,0.9,Nevada Sand,4.6,0.4,Monterey Sand,1.7,0.85,none,none,none,yes,6,9,0.7,5.3,2.4,3.9,973011,501005,28001,444005,0.7,177,0.37,none,Small Port Island,0.5,2750,76.1,0.04,6.74,0.08,0.01,0.02,0,0.08,0.01,0.02,0.08,0.07,0.07,0.08,3,12.71,0.46,0.09,0.14,0,0.52,0.09,0.15,9.5,9.5,0.00064,0.00063,CPH01 Data Report.pdf,https://www.designsafe-ci.org/data/browser/public/nees.public/NEES-2008-0639.groups/,T4.6-40-03-BMA.dat,T4.6-40-03-SMA.dat,"GHAE, GHAW, GHAC7, GHAS5",10.4231/D3QF8JJ99,"Flexible Shear Beam Container (1651 mm x 787 mm, Inner Dimensions, Model Scale)",3,
,366,T4.6-40-03-A_J,CPH01,T4.6-40,A_J,55,21,0.2,Nevada Sand,19.3,0.9,Nevada Sand,4.6,0.4,Monterey Sand,1.7,0.85,none,none,none,yes,6,9,0.7,4.4,2.4,3.9,339239,170035,19982,149222,0.7,65,0.33,Adjacent Structure,Small Port Island,0.5,2750,76.1,0.04,6.74,0.08,0.01,0.02,0,0.08,0.01,0.02,0.08,0.07,0.07,0.08,3,12.71,0.46,0.09,0.14,0,0.52,0.09,0.15,8.9,8.6,-0.00065,-0.00064,CPH01 Data Report.pdf,https://www.designsafe-ci.org/data/browser/public/nees.public/NEES-2008-0639.groups/,T4.6-40-03-BMA.dat,T4.6-40-03-SMA.dat,"GHAE, GHAW, GHAC7, GHAS5",10.4231/D3QF8JJ99,"Flexible Shear Beam Container (1651 mm x 787 mm, Inner Dimensions, Model Scale)",3,
,367,T4.6-40-03-J_A,CPH01,T4.6-40,J_A,55,21,0.2,Nevada Sand,19.3,0.9,Nevada Sand,4.6,0.4,Monterey Sand,1.7,0.85,none,none,none,yes,7.5,7.5,1.4,14.9,10.5,13.5,1067778,861623,N/A,206155,0.7,186,0.85,Adjacent Structure,Small Port Island,0.5,2750,76.1,0.04,6.74,0.08,0.01,0.02,0,0.08,0.01,0.02,0.08,0.07,0.07,0.08,3,12.71,0.46,0.09,0.14,0,0.52,0.09,0.15,11.8,11.2,0.00011,0.0001,CPH01 Data Report.pdf,https://www.designsafe-ci.org/data/browser/public/nees.public/NEES-2008-0639.groups/,T4.6-40-03-BMA.dat,T4.6-40-03-SMA.dat,"GHAE, GHAW, GHAC7, GHAS5",10.4231/D3QF8JJ99,"Flexible Shear Beam Container (1651 mm x 787 mm, Inner Dimensions, Model Scale)",3,
,368,T4.6-40-03-A_K,CPH01,T4.6-40,A_K,55,21,0.2,Nevada Sand,19.3,0.9,Nevada Sand,4.6,0.4,Monterey Sand,1.7,0.85,none,none,none,yes,6,9,0.7,4.4,2.4,3.9,343897,172664,20148,151085,0.7,65,0.34,Adjacent Structure,Small Port Island,0.5,2750,76.1,0.04,6.74,0.08,0.01,0.02,0,0.08,0.01,0.02,0.08,0.07,0.07,0.08,3,12.71,0.46,0.09,0.14,0,0.52,0.09,0.15,9.2,7.9,0.0001,0.00011,CPH01 Data Report.pdf,https://www.designsafe-ci.org/data/browser/public/nees.public/NEES-2008-0639.groups/,T4.6-40-03-BMA.dat,T4.6-40-03-SMA.dat,"GHAE, GHAW, GHAC7, GHAS5",10.4231/D3QF8JJ99,"Flexible Shear Beam Container (1651 mm x 787 mm, Inner Dimensions, Model Scale)",3,
,369,T4.6-40-03-K_A,CPH01,T4.6-40,K_A,55,21,0.2,Nevada Sand,19.3,0.9,Nevada Sand,4.6,0.4,Monterey Sand,1.7,0.85,none,none,none,yes,6,9,0.7,5.3,2.4,3.9,973643,500439,28034,445170,0.7,180,0.38,Adjacent Structure,Small Port Island,0.5,2750,76.1,0.04,6.74,0.08,0.01,0.02,0,0.08,0.01,0.02,0.08,0.07,0.07,0.08,3,12.71,0.46,0.09,0.14,0,0.52,0.09,0.15,9,8.3,-0.00028,-0.0003,CPH01 Data Report.pdf,https://www.designsafe-ci.org/data/browser/public/nees.public/NEES-2008-0639.groups/,T4.6-40-03-BMA.dat,T4.6-40-03-SMA.dat,"GHAE, GHAW, GHAC7, GHAS5",10.4231/D3QF8JJ99,"Flexible Shear Beam Container (1651 mm x 787 mm, Inner Dimensions, Model Scale)",3,
,370,T4.6-40-03-FF,CPH01,T4.6-40,FF,55,21,0.2,Nevada Sand,19.3,0.9,Nevada Sand,4.6,0.4,Monterey Sand,1.7,0.85,none,none,none,yes,N/A - FF,N/A - FF,N/A - FF,N/A - FF,N/A - FF,N/A - FF,N/A - FF,N/A - FF,N/A - FF,N/A - FF,N/A - FF,N/A - FF,N/A - FF,N/A - FF,Small Port Island,0.5,2750,76.1,0.04,6.74,0.08,0.01,0.02,0,0.08,0.01,0.02,0.08,0.07,0.07,0.08,3,12.71,0.46,0.09,0.14,0,0.52,0.09,0.15,14.7,13.4,N/A - FF,N/A - FF,CPH01 Data Report.pdf,https://www.designsafe-ci.org/data/browser/public/nees.public/NEES-2008-0639.groups/,T4.6-40-03-BMA.dat,T4.6-40-03-SMA.dat,"GHAE, GHAW, GHAC7, GHAS5",10.4231/D3QF8JJ99,"Flexible Shear Beam Container (1651 mm x 787 mm, Inner Dimensions, Model Scale)",3,
,371,T4.6-40-04-A,CPH01,T4.6-40,A,55,21,0.2,Nevada Sand,19.3,0.9,Nevada Sand,4.6,0.4,Monterey Sand,1.7,0.85,none,none,none,yes,6,9,0.7,4.4,2.4,3.9,342782,172281,21096,149405,0.7,65,0.32,none,Step Wave,0.9,4000,76,N/A,N/A,N/A,N/A,N/A,N/A,0.08,0.01,0.02,N/A,N/A,N/A,N/A,N/A,N/A,N/A,N/A,N/A,N/A,0.52,0.09,0.15,0,6.4,0,0.00064,CPH01 Data Report.pdf,https://www.designsafe-ci.org/data/browser/public/nees.public/NEES-2008-0639.groups/,#VALUE!,#VALUE!,"GHAE, GHAW, GHAC7, GHAS5",10.4231/D3QF8JJ99,"Flexible Shear Beam Container (1651 mm x 787 mm, Inner Dimensions, Model Scale)",4,
,372,T4.6-40-04-K,CPH01,T4.6-40,K,55,21,0.2,Nevada Sand,19.3,0.9,Nevada Sand,4.6,0.4,Monterey Sand,1.7,0.85,none,none,none,yes,6,9,0.7,5.3,2.4,3.9,973011,501005,28001,444005,0.7,177,0.37,none,Step Wave,0.9,4000,76,N/A,N/A,N/A,N/A,N/A,N/A,0.08,0.01,0.02,N/A,N/A,N/A,N/A,N/A,N/A,N/A,N/A,N/A,N/A,0.52,0.09,0.15,0,9.5,0,0.00063,CPH01 Data Report.pdf,https://www.designsafe-ci.org/data/browser/public/nees.public/NEES-2008-0639.groups/,#VALUE!,#VALUE!,"GHAE, GHAW, GHAC7, GHAS5",10.4231/D3QF8JJ99,"Flexible Shear Beam Container (1651 mm x 787 mm, Inner Dimensions, Model Scale)",4,
,373,T4.6-40-04-A_J,CPH01,T4.6-40,A_J,55,21,0.2,Nevada Sand,19.3,0.9,Nevada Sand,4.6,0.4,Monterey Sand,1.7,0.85,none,none,none,yes,6,9,0.7,4.4,2.4,3.9,339239,170035,19982,149222,0.7,65,0.33,Adjacent Structure,Step Wave,0.9,4000,76,N/A,N/A,N/A,N/A,N/A,N/A,0.08,0.01,0.02,N/A,N/A,N/A,N/A,N/A,N/A,N/A,N/A,N/A,N/A,0.52,0.09,0.15,0,8.6,0,-0.00064,CPH01 Data Report.pdf,https://www.designsafe-ci.org/data/browser/public/nees.public/NEES-2008-0639.groups/,#VALUE!,#VALUE!,"GHAE, GHAW, GHAC7, GHAS5",10.4231/D3QF8JJ99,"Flexible Shear Beam Container (1651 mm x 787 mm, Inner Dimensions, Model Scale)",4,
,374,T4.6-40-04-J_A,CPH01,T4.6-40,J_A,55,21,0.2,Nevada Sand,19.3,0.9,Nevada Sand,4.6,0.4,Monterey Sand,1.7,0.85,none,none,none,yes,7.5,7.5,1.4,14.9,10.5,13.5,1067778,861623,N/A,206155,0.7,186,0.85,Adjacent Structure,Step Wave,0.9,4000,76,N/A,N/A,N/A,N/A,N/A,N/A,0.08,0.01,0.02,N/A,N/A,N/A,N/A,N/A,N/A,N/A,N/A,N/A,N/A,0.52,0.09,0.15,0,11.2,0,0.0001,CPH01 Data Report.pdf,https://www.designsafe-ci.org/data/browser/public/nees.public/NEES-2008-0639.groups/,#VALUE!,#VALUE!,"GHAE, GHAW, GHAC7, GHAS5",10.4231/D3QF8JJ99,"Flexible Shear Beam Container (1651 mm x 787 mm, Inner Dimensions, Model Scale)",4,
,375,T4.6-40-04-A_K,CPH01,T4.6-40,A_K,55,21,0.2,Nevada Sand,19.3,0.9,Nevada Sand,4.6,0.4,Monterey Sand,1.7,0.85,none,none,none,yes,6,9,0.7,4.4,2.4,3.9,343897,172664,20148,151085,0.7,65,0.34,Adjacent Structure,Step Wave,0.9,4000,76,N/A,N/A,N/A,N/A,N/A,N/A,0.08,0.01,0.02,N/A,N/A,N/A,N/A,N/A,N/A,N/A,N/A,N/A,N/A,0.52,0.09,0.15,0,7.9,0,0.00011,CPH01 Data Report.pdf,https://www.designsafe-ci.org/data/browser/public/nees.public/NEES-2008-0639.groups/,#VALUE!,#VALUE!,"GHAE, GHAW, GHAC7, GHAS5",10.4231/D3QF8JJ99,"Flexible Shear Beam Container (1651 mm x 787 mm, Inner Dimensions, Model Scale)",4,
,376,T4.6-40-04-K_A,CPH01,T4.6-40,K_A,55,21,0.2,Nevada Sand,19.3,0.9,Nevada Sand,4.6,0.4,Monterey Sand,1.7,0.85,none,none,none,yes,6,9,0.7,5.3,2.4,3.9,973643,500439,28034,445170,0.7,180,0.38,Adjacent Structure,Step Wave,0.9,4000,76,N/A,N/A,N/A,N/A,N/A,N/A,0.08,0.01,0.02,N/A,N/A,N/A,N/A,N/A,N/A,N/A,N/A,N/A,N/A,0.52,0.09,0.15,0,8.3,0,-0.0003,CPH01 Data Report.pdf,https://www.designsafe-ci.org/data/browser/public/nees.public/NEES-2008-0639.groups/,#VALUE!,#VALUE!,"GHAE, GHAW, GHAC7, GHAS5",10.4231/D3QF8JJ99,"Flexible Shear Beam Container (1651 mm x 787 mm, Inner Dimensions, Model Scale)",4,
,377,T4.6-40-04-FF,CPH01,T4.6-40,FF,55,21,0.2,Nevada Sand,19.3,0.9,Nevada Sand,4.6,0.4,Monterey Sand,1.7,0.85,none,none,none,yes,N/A - FF,N/A - FF,N/A - FF,N/A - FF,N/A - FF,N/A - FF,N/A - FF,N/A - FF,N/A - FF,N/A - FF,N/A - FF,N/A - FF,N/A - FF,N/A - FF,Step Wave,0.9,4000,76,N/A,N/A,N/A,N/A,N/A,N/A,0.08,0.01,0.02,N/A,N/A,N/A,N/A,N/A,N/A,N/A,N/A,N/A,N/A,0.52,0.09,0.15,0,13.4,N/A - FF,N/A - FF,CPH01 Data Report.pdf,https://www.designsafe-ci.org/data/browser/public/nees.public/NEES-2008-0639.groups/,#VALUE!,#VALUE!,"GHAE, GHAW, GHAC7, GHAS5",10.4231/D3QF8JJ99,"Flexible Shear Beam Container (1651 mm x 787 mm, Inner Dimensions, Model Scale)",4,
,378,T4.6-40-05-A,CPH01,T4.6-40,A,55,21,0.2,Nevada Sand,19.3,0.9,Nevada Sand,4.6,0.4,Monterey Sand,1.7,0.85,none,none,none,yes,6,9,0.7,4.4,2.4,3.9,342782,172281,21096,149405,0.7,65,0.32,none,Moderate Port Island,1.5,2750,76,0.2,22.35,0.37,0.27,0.36,0.06,0.45,0.28,0.38,0.33,0.47,0.36,0.47,3,44.76,0.64,0.45,0.81,0.17,1.16,0.55,0.96,203.7,210.1,-0.00109,-0.00044,CPH01 Data Report.pdf,https://www.designsafe-ci.org/data/browser/public/nees.public/NEES-2008-0639.groups/,T4.6-40-05-BMA.dat,T4.6-40-05-SMA.dat,"GHAE, GHAW, GHAC7, GHAS5",10.4231/D3QF8JJ99,"Flexible Shear Beam Container (1651 mm x 787 mm, Inner Dimensions, Model Scale)",5,
,379,T4.6-40-05-K,CPH01,T4.6-40,K,55,21,0.2,Nevada Sand,19.3,0.9,Nevada Sand,4.6,0.4,Monterey Sand,1.7,0.85,none,none,none,yes,6,9,0.7,5.3,2.4,3.9,973011,501005,28001,444005,0.7,177,0.37,none,Moderate Port Island,1.5,2750,76,0.2,22.35,0.37,0.27,0.36,0.06,0.45,0.28,0.38,0.33,0.47,0.36,0.47,3,44.76,0.64,0.45,0.81,0.17,1.16,0.55,0.96,287.2,296.7,-0.0068,-0.00617,CPH01 Data Report.pdf,https://www.designsafe-ci.org/data/browser/public/nees.public/NEES-2008-0639.groups/,T4.6-40-05-BMA.dat,T4.6-40-05-SMA.dat,"GHAE, GHAW, GHAC7, GHAS5",10.4231/D3QF8JJ99,"Flexible Shear Beam Container (1651 mm x 787 mm, Inner Dimensions, Model Scale)",5,
,380,T4.6-40-05-A_J,CPH01,T4.6-40,A_J,55,21,0.2,Nevada Sand,19.3,0.9,Nevada Sand,4.6,0.4,Monterey Sand,1.7,0.85,none,none,none,yes,6,9,0.7,4.4,2.4,3.9,339239,170035,19982,149222,0.7,65,0.33,Adjacent Structure,Moderate Port Island,1.5,2750,76,0.2,22.35,0.37,0.27,0.36,0.06,0.45,0.28,0.38,0.33,0.47,0.36,0.47,3,44.76,0.64,0.45,0.81,0.17,1.16,0.55,0.96,138.9,147.5,-0.00351,-0.00415,CPH01 Data Report.pdf,https://www.designsafe-ci.org/data/browser/public/nees.public/NEES-2008-0639.groups/,T4.6-40-05-BMA.dat,T4.6-40-05-SMA.dat,"GHAE, GHAW, GHAC7, GHAS5",10.4231/D3QF8JJ99,"Flexible Shear Beam Container (1651 mm x 787 mm, Inner Dimensions, Model Scale)",5,
,381,T4.6-40-05-J_A,CPH01,T4.6-40,J_A,55,21,0.2,Nevada Sand,19.3,0.9,Nevada Sand,4.6,0.4,Monterey Sand,1.7,0.85,none,none,none,yes,7.5,7.5,1.4,14.9,10.5,13.5,1067778,861623,N/A,206155,0.7,186,0.85,Adjacent Structure,Moderate Port Island,1.5,2750,76,0.2,22.35,0.37,0.27,0.36,0.06,0.45,0.28,0.38,0.33,0.47,0.36,0.47,3,44.76,0.64,0.45,0.81,0.17,1.16,0.55,0.96,223.4,234.7,0.00328,0.00338,CPH01 Data Report.pdf,https://www.designsafe-ci.org/data/browser/public/nees.public/NEES-2008-0639.groups/,T4.6-40-05-BMA.dat,T4.6-40-05-SMA.dat,"GHAE, GHAW, GHAC7, GHAS5",10.4231/D3QF8JJ99,"Flexible Shear Beam Container (1651 mm x 787 mm, Inner Dimensions, Model Scale)",5,
,382,T4.6-40-05-A_K,CPH01,T4.6-40,A_K,55,21,0.2,Nevada Sand,19.3,0.9,Nevada Sand,4.6,0.4,Monterey Sand,1.7,0.85,none,none,none,yes,6,9,0.7,4.4,2.4,3.9,343897,172664,20148,151085,0.7,65,0.34,Adjacent Structure,Moderate Port Island,1.5,2750,76,0.2,22.35,0.37,0.27,0.36,0.06,0.45,0.28,0.38,0.33,0.47,0.36,0.47,3,44.76,0.64,0.45,0.81,0.17,1.16,0.55,0.96,191.4,199.3,0.00242,0.00253,CPH01 Data Report.pdf,https://www.designsafe-ci.org/data/browser/public/nees.public/NEES-2008-0639.groups/,T4.6-40-05-BMA.dat,T4.6-40-05-SMA.dat,"GHAE, GHAW, GHAC7, GHAS5",10.4231/D3QF8JJ99,"Flexible Shear Beam Container (1651 mm x 787 mm, Inner Dimensions, Model Scale)",5,
,383,T4.6-40-05-K_A,CPH01,T4.6-40,K_A,55,21,0.2,Nevada Sand,19.3,0.9,Nevada Sand,4.6,0.4,Monterey Sand,1.7,0.85,none,none,none,yes,6,9,0.7,5.3,2.4,3.9,973643,500439,28034,445170,0.7,180,0.38,Adjacent Structure,Moderate Port Island,1.5,2750,76,0.2,22.35,0.37,0.27,0.36,0.06,0.45,0.28,0.38,0.33,0.47,0.36,0.47,3,44.76,0.64,0.45,0.81,0.17,1.16,0.55,0.96,335.5,343.7,0.00146,0.00115,CPH01 Data Report.pdf,https://www.designsafe-ci.org/data/browser/public/nees.public/NEES-2008-0639.groups/,T4.6-40-05-BMA.dat,T4.6-40-05-SMA.dat,"GHAE, GHAW, GHAC7, GHAS5",10.4231/D3QF8JJ99,"Flexible Shear Beam Container (1651 mm x 787 mm, Inner Dimensions, Model Scale)",5,
,384,T4.6-40-05-FF,CPH01,T4.6-40,FF,55,21,0.2,Nevada Sand,19.3,0.9,Nevada Sand,4.6,0.4,Monterey Sand,1.7,0.85,none,none,none,yes,N/A - FF,N/A - FF,N/A - FF,N/A - FF,N/A - FF,N/A - FF,N/A - FF,N/A - FF,N/A - FF,N/A - FF,N/A - FF,N/A - FF,N/A - FF,N/A - FF,Moderate Port Island,1.5,2750,76,0.2,22.35,0.37,0.27,0.36,0.06,0.45,0.28,0.38,0.33,0.47,0.36,0.47,3,44.76,0.64,0.45,0.81,0.17,1.16,0.55,0.96,123,136.4,N/A - FF,N/A - FF,CPH01 Data Report.pdf,https://www.designsafe-ci.org/data/browser/public/nees.public/NEES-2008-0639.groups/,T4.6-40-05-BMA.dat,T4.6-40-05-SMA.dat,"GHAE, GHAW, GHAC7, GHAS5",10.4231/D3QF8JJ99,"Flexible Shear Beam Container (1651 mm x 787 mm, Inner Dimensions, Model Scale)",5,
,385,T4.6-40-06-A,CPH01,T4.6-40,A,55,21,0.2,Nevada Sand,19.3,0.9,Nevada Sand,4.6,0.4,Monterey Sand,1.7,0.85,none,none,none,yes,6,9,0.7,4.4,2.4,3.9,342782,172281,21096,149405,0.7,65,0.32,none,Moderate Chi-Chi TCU078,0.36,11000,75.9,0.17,19.59,1.29,1.02,1.15,0.04,1.75,1.3,1.52,0.29,0.15,0.13,0.24,3,21.22,0.83,0.38,0.4,0.01,1.99,0.93,1.36,365.1,575.3,-0.00908,-0.00953,CPH01 Data Report.pdf,https://www.designsafe-ci.org/data/browser/public/nees.public/NEES-2008-0639.groups/,T4.6-40-06-BMA.dat,T4.6-40-06-SMA.dat,"GHAE, GHAW, GHAC7, GHAS5",10.4231/D3QF8JJ99,"Flexible Shear Beam Container (1651 mm x 787 mm, Inner Dimensions, Model Scale)",6,
,386,T4.6-40-06-K,CPH01,T4.6-40,K,55,21,0.2,Nevada Sand,19.3,0.9,Nevada Sand,4.6,0.4,Monterey Sand,1.7,0.85,none,none,none,yes,6,9,0.7,5.3,2.4,3.9,973011,501005,28001,444005,0.7,177,0.37,none,Moderate Chi-Chi TCU078,0.36,11000,75.9,0.17,19.59,1.29,1.02,1.15,0.04,1.75,1.3,1.52,0.29,0.15,0.13,0.24,3,21.22,0.83,0.38,0.4,0.01,1.99,0.93,1.36,245,541.7,-0.00659,-0.01275,CPH01 Data Report.pdf,https://www.designsafe-ci.org/data/browser/public/nees.public/NEES-2008-0639.groups/,T4.6-40-06-BMA.dat,T4.6-40-06-SMA.dat,"GHAE, GHAW, GHAC7, GHAS5",10.4231/D3QF8JJ99,"Flexible Shear Beam Container (1651 mm x 787 mm, Inner Dimensions, Model Scale)",6,
,387,T4.6-40-06-A_J,CPH01,T4.6-40,A_J,55,21,0.2,Nevada Sand,19.3,0.9,Nevada Sand,4.6,0.4,Monterey Sand,1.7,0.85,none,none,none,yes,6,9,0.7,4.4,2.4,3.9,339239,170035,19982,149222,0.7,65,0.33,Adjacent Structure,Moderate Chi-Chi TCU078,0.36,11000,75.9,0.17,19.59,1.29,1.02,1.15,0.04,1.75,1.3,1.52,0.29,0.15,0.13,0.24,3,21.22,0.83,0.38,0.4,0.01,1.99,0.93,1.36,305.5,452.9,-0.01928,-0.02343,CPH01 Data Report.pdf,https://www.designsafe-ci.org/data/browser/public/nees.public/NEES-2008-0639.groups/,T4.6-40-06-BMA.dat,T4.6-40-06-SMA.dat,"GHAE, GHAW, GHAC7, GHAS5",10.4231/D3QF8JJ99,"Flexible Shear Beam Container (1651 mm x 787 mm, Inner Dimensions, Model Scale)",6,
,388,T4.6-40-06-J_A,CPH01,T4.6-40,J_A,55,21,0.2,Nevada Sand,19.3,0.9,Nevada Sand,4.6,0.4,Monterey Sand,1.7,0.85,none,none,none,yes,7.5,7.5,1.4,14.9,10.5,13.5,1067778,861623,N/A,206155,0.7,186,0.85,Adjacent Structure,Moderate Chi-Chi TCU078,0.36,11000,75.9,0.17,19.59,1.29,1.02,1.15,0.04,1.75,1.3,1.52,0.29,0.15,0.13,0.24,3,21.22,0.83,0.38,0.4,0.01,1.99,0.93,1.36,135.4,370.1,0.00697,0.01036,CPH01 Data Report.pdf,https://www.designsafe-ci.org/data/browser/public/nees.public/NEES-2008-0639.groups/,T4.6-40-06-BMA.dat,T4.6-40-06-SMA.dat,"GHAE, GHAW, GHAC7, GHAS5",10.4231/D3QF8JJ99,"Flexible Shear Beam Container (1651 mm x 787 mm, Inner Dimensions, Model Scale)",6,
,389,T4.6-40-06-A_K,CPH01,T4.6-40,A_K,55,21,0.2,Nevada Sand,19.3,0.9,Nevada Sand,4.6,0.4,Monterey Sand,1.7,0.85,none,none,none,yes,6,9,0.7,4.4,2.4,3.9,343897,172664,20148,151085,0.7,65,0.34,Adjacent Structure,Moderate Chi-Chi TCU078,0.36,11000,75.9,0.17,19.59,1.29,1.02,1.15,0.04,1.75,1.3,1.52,0.29,0.15,0.13,0.24,3,21.22,0.83,0.38,0.4,0.01,1.99,0.93,1.36,278.2,477.5,-0.01168,-0.00915,CPH01 Data Report.pdf,https://www.designsafe-ci.org/data/browser/public/nees.public/NEES-2008-0639.groups/,T4.6-40-06-BMA.dat,T4.6-40-06-SMA.dat,"GHAE, GHAW, GHAC7, GHAS5",10.4231/D3QF8JJ99,"Flexible Shear Beam Container (1651 mm x 787 mm, Inner Dimensions, Model Scale)",6,
,390,T4.6-40-06-K_A,CPH01,T4.6-40,K_A,55,21,0.2,Nevada Sand,19.3,0.9,Nevada Sand,4.6,0.4,Monterey Sand,1.7,0.85,none,none,none,yes,6,9,0.7,5.3,2.4,3.9,973643,500439,28034,445170,0.7,180,0.38,Adjacent Structure,Moderate Chi-Chi TCU078,0.36,11000,75.9,0.17,19.59,1.29,1.02,1.15,0.04,1.75,1.3,1.52,0.29,0.15,0.13,0.24,3,21.22,0.83,0.38,0.4,0.01,1.99,0.93,1.36,317.9,661.6,0.01242,0.01357,CPH01 Data Report.pdf,https://www.designsafe-ci.org/data/browser/public/nees.public/NEES-2008-0639.groups/,T4.6-40-06-BMA.dat,T4.6-40-06-SMA.dat,"GHAE, GHAW, GHAC7, GHAS5",10.4231/D3QF8JJ99,"Flexible Shear Beam Container (1651 mm x 787 mm, Inner Dimensions, Model Scale)",6,
,391,T4.6-40-06-FF,CPH01,T4.6-40,FF,55,21,0.2,Nevada Sand,19.3,0.9,Nevada Sand,4.6,0.4,Monterey Sand,1.7,0.85,none,none,none,yes,N/A - FF,N/A - FF,N/A - FF,N/A - FF,N/A - FF,N/A - FF,N/A - FF,N/A - FF,N/A - FF,N/A - FF,N/A - FF,N/A - FF,N/A - FF,N/A - FF,Moderate Chi-Chi TCU078,0.36,11000,75.9,0.17,19.59,1.29,1.02,1.15,0.04,1.75,1.3,1.52,0.29,0.15,0.13,0.24,3,21.22,0.83,0.38,0.4,0.01,1.99,0.93,1.36,95.4,231.8,N/A - FF,N/A - FF,CPH01 Data Report.pdf,https://www.designsafe-ci.org/data/browser/public/nees.public/NEES-2008-0639.groups/,T4.6-40-06-BMA.dat,T4.6-40-06-SMA.dat,"GHAE, GHAW, GHAC7, GHAS5",10.4231/D3QF8JJ99,"Flexible Shear Beam Container (1651 mm x 787 mm, Inner Dimensions, Model Scale)",6,
,392,T4.6-40-07-A,CPH01,T4.6-40,A,55,21,0.2,Nevada Sand,19.3,0.9,Nevada Sand,4.6,0.4,Monterey Sand,1.7,0.85,none,none,none,yes,6,9,0.7,4.4,2.4,3.9,342782,172281,21096,149405,0.7,65,0.32,none,Step Wave,0.9,4000,76,0.01,0.7,0,0,0,0,1.75,1.3,1.53,0.04,0.03,0.04,0.04,3,1.17,0.09,0.01,0.04,0,2.08,0.94,1.4,0.3,575.5,0,-0.00953,CPH01 Data Report.pdf,https://www.designsafe-ci.org/data/browser/public/nees.public/NEES-2008-0639.groups/,T4.6-40-07-BMA.dat,T4.6-40-07-SMA.dat,"GHAE, GHAW, GHAC7, GHAS5",10.4231/D3QF8JJ99,"Flexible Shear Beam Container (1651 mm x 787 mm, Inner Dimensions, Model Scale)",7,
,393,T4.6-40-07-K,CPH01,T4.6-40,K,55,21,0.2,Nevada Sand,19.3,0.9,Nevada Sand,4.6,0.4,Monterey Sand,1.7,0.85,none,none,none,yes,6,9,0.7,5.3,2.4,3.9,973011,501005,28001,444005,0.7,177,0.37,none,Step Wave,0.9,4000,76,0.01,0.7,0,0,0,0,1.75,1.3,1.53,0.04,0.03,0.04,0.04,3,1.17,0.09,0.01,0.04,0,2.08,0.94,1.4,0,541.7,-0.00001,-0.01276,CPH01 Data Report.pdf,https://www.designsafe-ci.org/data/browser/public/nees.public/NEES-2008-0639.groups/,T4.6-40-07-BMA.dat,T4.6-40-07-SMA.dat,"GHAE, GHAW, GHAC7, GHAS5",10.4231/D3QF8JJ99,"Flexible Shear Beam Container (1651 mm x 787 mm, Inner Dimensions, Model Scale)",7,
,394,T4.6-40-07-A_J,CPH01,T4.6-40,A_J,55,21,0.2,Nevada Sand,19.3,0.9,Nevada Sand,4.6,0.4,Monterey Sand,1.7,0.85,none,none,none,yes,6,9,0.7,4.4,2.4,3.9,339239,170035,19982,149222,0.7,65,0.33,Adjacent Structure,Step Wave,0.9,4000,76,0.01,0.7,0,0,0,0,1.75,1.3,1.53,0.04,0.03,0.04,0.04,3,1.17,0.09,0.01,0.04,0,2.08,0.94,1.4,0.4,453.4,0.00001,-0.02342,CPH01 Data Report.pdf,https://www.designsafe-ci.org/data/browser/public/nees.public/NEES-2008-0639.groups/,T4.6-40-07-BMA.dat,T4.6-40-07-SMA.dat,"GHAE, GHAW, GHAC7, GHAS5",10.4231/D3QF8JJ99,"Flexible Shear Beam Container (1651 mm x 787 mm, Inner Dimensions, Model Scale)",7,
,395,T4.6-40-07-J_A,CPH01,T4.6-40,J_A,55,21,0.2,Nevada Sand,19.3,0.9,Nevada Sand,4.6,0.4,Monterey Sand,1.7,0.85,none,none,none,yes,7.5,7.5,1.4,14.9,10.5,13.5,1067778,861623,N/A,206155,0.7,186,0.85,Adjacent Structure,Step Wave,0.9,4000,76,0.01,0.7,0,0,0,0,1.75,1.3,1.53,0.04,0.03,0.04,0.04,3,1.17,0.09,0.01,0.04,0,2.08,0.94,1.4,0,370.1,0,0.01035,CPH01 Data Report.pdf,https://www.designsafe-ci.org/data/browser/public/nees.public/NEES-2008-0639.groups/,T4.6-40-07-BMA.dat,T4.6-40-07-SMA.dat,"GHAE, GHAW, GHAC7, GHAS5",10.4231/D3QF8JJ99,"Flexible Shear Beam Container (1651 mm x 787 mm, Inner Dimensions, Model Scale)",7,
,396,T4.6-40-07-A_K,CPH01,T4.6-40,A_K,55,21,0.2,Nevada Sand,19.3,0.9,Nevada Sand,4.6,0.4,Monterey Sand,1.7,0.85,none,none,none,yes,6,9,0.7,4.4,2.4,3.9,343897,172664,20148,151085,0.7,65,0.34,Adjacent Structure,Step Wave,0.9,4000,76,0.01,0.7,0,0,0,0,1.75,1.3,1.53,0.04,0.03,0.04,0.04,3,1.17,0.09,0.01,0.04,0,2.08,0.94,1.4,-0.3,477.3,0.00001,-0.00914,CPH01 Data Report.pdf,https://www.designsafe-ci.org/data/browser/public/nees.public/NEES-2008-0639.groups/,T4.6-40-07-BMA.dat,T4.6-40-07-SMA.dat,"GHAE, GHAW, GHAC7, GHAS5",10.4231/D3QF8JJ99,"Flexible Shear Beam Container (1651 mm x 787 mm, Inner Dimensions, Model Scale)",7,
,397,T4.6-40-07-K_A,CPH01,T4.6-40,K_A,55,21,0.2,Nevada Sand,19.3,0.9,Nevada Sand,4.6,0.4,Monterey Sand,1.7,0.85,none,none,none,yes,6,9,0.7,5.3,2.4,3.9,973643,500439,28034,445170,0.7,180,0.38,Adjacent Structure,Step Wave,0.9,4000,76,0.01,0.7,0,0,0,0,1.75,1.3,1.53,0.04,0.03,0.04,0.04,3,1.17,0.09,0.01,0.04,0,2.08,0.94,1.4,-0.2,661.5,-0.00001,0.01356,CPH01 Data Report.pdf,https://www.designsafe-ci.org/data/browser/public/nees.public/NEES-2008-0639.groups/,T4.6-40-07-BMA.dat,T4.6-40-07-SMA.dat,"GHAE, GHAW, GHAC7, GHAS5",10.4231/D3QF8JJ99,"Flexible Shear Beam Container (1651 mm x 787 mm, Inner Dimensions, Model Scale)",7,
,398,T4.6-40-07-FF,CPH01,T4.6-40,FF,55,21,0.2,Nevada Sand,19.3,0.9,Nevada Sand,4.6,0.4,Monterey Sand,1.7,0.85,none,none,none,yes,N/A - FF,N/A - FF,N/A - FF,N/A - FF,N/A - FF,N/A - FF,N/A - FF,N/A - FF,N/A - FF,N/A - FF,N/A - FF,N/A - FF,N/A - FF,N/A - FF,Step Wave,0.9,4000,76,0.01,0.7,0,0,0,0,1.75,1.3,1.53,0.04,0.03,0.04,0.04,3,1.17,0.09,0.01,0.04,0,2.08,0.94,1.4,-0.2,231.5,N/A - FF,N/A - FF,CPH01 Data Report.pdf,https://www.designsafe-ci.org/data/browser/public/nees.public/NEES-2008-0639.groups/,T4.6-40-07-BMA.dat,T4.6-40-07-SMA.dat,"GHAE, GHAW, GHAC7, GHAS5",10.4231/D3QF8JJ99,"Flexible Shear Beam Container (1651 mm x 787 mm, Inner Dimensions, Model Scale)",7,
,399,T4.6-40-08-A,CPH01,T4.6-40,A,55,21,0.2,Nevada Sand,19.3,0.9,Nevada Sand,4.6,0.4,Monterey Sand,1.7,0.85,none,none,none,yes,6,9,0.7,4.4,2.4,3.9,342782,172281,21096,149405,0.7,65,0.32,none,Large Port Island,5.1,2750,76.3,0.58,53.46,1.29,1.15,3.81,0.55,3.04,2.45,5.33,1.9,1.89,1.87,1.85,3,98.63,1.74,1.51,13.22,1.85,3.82,2.44,14.62,493.3,1068.8,0.00833,-0.0012,CPH01 Data Report.pdf,https://www.designsafe-ci.org/data/browser/public/nees.public/NEES-2008-0639.groups/,T4.6-40-08-BMA.dat,T4.6-40-08-SMA.dat,"GHAE, GHAW, GHAC7, GHAS5",10.4231/D3QF8JJ99,"Flexible Shear Beam Container (1651 mm x 787 mm, Inner Dimensions, Model Scale)",8,
,400,T4.6-40-08-K,CPH01,T4.6-40,K,55,21,0.2,Nevada Sand,19.3,0.9,Nevada Sand,4.6,0.4,Monterey Sand,1.7,0.85,none,none,none,yes,6,9,0.7,5.3,2.4,3.9,973011,501005,28001,444005,0.7,177,0.37,none,Large Port Island,5.1,2750,76.3,0.58,53.46,1.29,1.15,3.81,0.55,3.04,2.45,5.33,1.9,1.89,1.87,1.85,3,98.63,1.74,1.51,13.22,1.85,3.82,2.44,14.62,619.1,1160.8,-0.01517,-0.02793,CPH01 Data Report.pdf,https://www.designsafe-ci.org/data/browser/public/nees.public/NEES-2008-0639.groups/,T4.6-40-08-BMA.dat,T4.6-40-08-SMA.dat,"GHAE, GHAW, GHAC7, GHAS5",10.4231/D3QF8JJ99,"Flexible Shear Beam Container (1651 mm x 787 mm, Inner Dimensions, Model Scale)",8,
,401,T4.6-40-08-A_J,CPH01,T4.6-40,A_J,55,21,0.2,Nevada Sand,19.3,0.9,Nevada Sand,4.6,0.4,Monterey Sand,1.7,0.85,none,none,none,yes,6,9,0.7,4.4,2.4,3.9,339239,170035,19982,149222,0.7,65,0.33,Adjacent Structure,Large Port Island,5.1,2750,76.3,0.58,53.46,1.29,1.15,3.81,0.55,3.04,2.45,5.33,1.9,1.89,1.87,1.85,3,98.63,1.74,1.51,13.22,1.85,3.82,2.44,14.62,390.9,844.2,-0.02176,-0.04518,CPH01 Data Report.pdf,https://www.designsafe-ci.org/data/browser/public/nees.public/NEES-2008-0639.groups/,T4.6-40-08-BMA.dat,T4.6-40-08-SMA.dat,"GHAE, GHAW, GHAC7, GHAS5",10.4231/D3QF8JJ99,"Flexible Shear Beam Container (1651 mm x 787 mm, Inner Dimensions, Model Scale)",8,
,402,T4.6-40-08-J_A,CPH01,T4.6-40,J_A,55,21,0.2,Nevada Sand,19.3,0.9,Nevada Sand,4.6,0.4,Monterey Sand,1.7,0.85,none,none,none,yes,7.5,7.5,1.4,14.9,10.5,13.5,1067778,861623,N/A,206155,0.7,186,0.85,Adjacent Structure,Large Port Island,5.1,2750,76.3,0.58,53.46,1.29,1.15,3.81,0.55,3.04,2.45,5.33,1.9,1.89,1.87,1.85,3,98.63,1.74,1.51,13.22,1.85,3.82,2.44,14.62,615.8,985.9,-0.01726,-0.00691,CPH01 Data Report.pdf,https://www.designsafe-ci.org/data/browser/public/nees.public/NEES-2008-0639.groups/,T4.6-40-08-BMA.dat,T4.6-40-08-SMA.dat,"GHAE, GHAW, GHAC7, GHAS5",10.4231/D3QF8JJ99,"Flexible Shear Beam Container (1651 mm x 787 mm, Inner Dimensions, Model Scale)",8,"Structure J_A was touching the instrumentation rack after this event, likely influencing displacement and acceleration measurements"
,403,T4.6-40-08-A_K,CPH01,T4.6-40,A_K,55,21,0.2,Nevada Sand,19.3,0.9,Nevada Sand,4.6,0.4,Monterey Sand,1.7,0.85,none,none,none,yes,6,9,0.7,4.4,2.4,3.9,343897,172664,20148,151085,0.7,65,0.34,Adjacent Structure,Large Port Island,5.1,2750,76.3,0.58,53.46,1.29,1.15,3.81,0.55,3.04,2.45,5.33,1.9,1.89,1.87,1.85,3,98.63,1.74,1.51,13.22,1.85,3.82,2.44,14.62,421.6,898.9,-0.00733,-0.01648,CPH01 Data Report.pdf,https://www.designsafe-ci.org/data/browser/public/nees.public/NEES-2008-0639.groups/,T4.6-40-08-BMA.dat,T4.6-40-08-SMA.dat,"GHAE, GHAW, GHAC7, GHAS5",10.4231/D3QF8JJ99,"Flexible Shear Beam Container (1651 mm x 787 mm, Inner Dimensions, Model Scale)",8,
,404,T4.6-40-08-K_A,CPH01,T4.6-40,K_A,55,21,0.2,Nevada Sand,19.3,0.9,Nevada Sand,4.6,0.4,Monterey Sand,1.7,0.85,none,none,none,yes,6,9,0.7,5.3,2.4,3.9,973643,500439,28034,445170,0.7,180,0.38,Adjacent Structure,Large Port Island,5.1,2750,76.3,0.58,53.46,1.29,1.15,3.81,0.55,3.04,2.45,5.33,1.9,1.89,1.87,1.85,3,98.63,1.74,1.51,13.22,1.85,3.82,2.44,14.62,661.2,1322.7,0.01178,0.02533,CPH01 Data Report.pdf,https://www.designsafe-ci.org/data/browser/public/nees.public/NEES-2008-0639.groups/,T4.6-40-08-BMA.dat,T4.6-40-08-SMA.dat,"GHAE, GHAW, GHAC7, GHAS5",10.4231/D3QF8JJ99,"Flexible Shear Beam Container (1651 mm x 787 mm, Inner Dimensions, Model Scale)",8,
,405,T4.6-40-08-FF,CPH01,T4.6-40,FF,55,21,0.2,Nevada Sand,19.3,0.9,Nevada Sand,4.6,0.4,Monterey Sand,1.7,0.85,none,none,none,yes,N/A - FF,N/A - FF,N/A - FF,N/A - FF,N/A - FF,N/A - FF,N/A - FF,N/A - FF,N/A - FF,N/A - FF,N/A - FF,N/A - FF,N/A - FF,N/A - FF,Large Port Island,5.1,2750,76.3,0.58,53.46,1.29,1.15,3.81,0.55,3.04,2.45,5.33,1.9,1.89,1.87,1.85,3,98.63,1.74,1.51,13.22,1.85,3.82,2.44,14.62,140.7,372.2,N/A - FF,N/A - FF,CPH01 Data Report.pdf,https://www.designsafe-ci.org/data/browser/public/nees.public/NEES-2008-0639.groups/,T4.6-40-08-BMA.dat,T4.6-40-08-SMA.dat,"GHAE, GHAW, GHAC7, GHAS5",10.4231/D3QF8JJ99,"Flexible Shear Beam Container (1651 mm x 787 mm, Inner Dimensions, Model Scale)",8,
