ID,Project and Test Series,,,,,,Facility and Equipment,,,,,,,,,,,Event   ,,,,,Scaling Quantities,,,,,Description of Soil Layers,,,,Layer 1 Soil Properties,,,,,,,,,,,Layer 2 Soil Properties,,,,,,,,,,,Layer 3 Soil Properties,,,,,,,,,,,Footing Properties,,,,,,,,,,,,Superstructural Properties,,,,,,Bearing Area Properties,,,,,System Properties,,,,,,,Input Loading Protocol Properties,,,,,,Data,,,,Results - Rotation,,,,Results-Sliding,,Results - Settlement and Moment,,,,,,Miscelanneous,,
1,2,3,4,5,6,7,8,9,10,11,12,13,14,15,16,17,18,19,20,21,22,23,24,25,26,27,28,29,30,31,32,33,34,35,36,37,38,39,40,41,42,43,44,45,46,47,48,49,50,51,52,53,54,55,56,57,58,59,60,61,62,63,64,65,66,67,68,69,70,71,72,73,74,75,76,77,78,79,80,81,82,83,84,85,86,87,88,89,90,91,92,93,94,95,96,97,98,99,100,101,102,103,104,105,106,107,108,109,110,111,112,113,114,115,116,117,118,119,120
Row Num,Citation for data source,PI               ,Co-PI's               ,Researchers,Sponsor,Test Series,Test Site,Test Type,Cont. N.          ,Cont. L [m],Cont. W [m],Cont. H [m],Actuator Type,N Actuators,Loading Protocol Description,Connection,Conn. Images,Event ID,Test Date,TN eventpackets,Packet N,RPM,Gravity*,Length*,Mass*,Time*,Model or Prot. Data?,Soil Depth [m],Water Depth [m],N Soil Layers,Modification,Mat_L1,H_L1 [m],Dr_L1 [%],phi_cv_L1 [degrees],STDev_Dr_L1 [%],Su_L1_top [kPa],Su_L1_mid  [kPa],Su_L1_bot  [kPa],STDev_Su_L1_mid [kPa],Density_L1  [kg/m^3],wc_L1 [%],Mat_L2,H_L2 [m],Dr_L2 [%],phi_cv_L2 [deg],STDev_Dr_L2 [%],Su_L2_top [kPa],Su_L2_mid [kPa],Su_L2_bot [kPa],STDev_Su_L2_mid [kPa],Avg. Tot.Density_L2 [kg/m3],Avg. WaterContent_L2 [%],Mat_L3,H_L3 [m],Dr_L3 [%],phi_cv_L3 [deg.],STDev_Dr_L3 [%],Su_L3_top [kPa],Su_L3_mid [kPa],Su_L3_bot [kPa],STDev_Su_L3_mid [kPa],Avg. Tot.Density_L3 [kg/m3],Avg. WaterContent_L3 [%],FootingShape,FootingMaterial,B [m],L [m],B_min [m],tw [m],tf [m],MAR [%],Skew [degrees],t  [m],Embed't [m],M_ftg_cover [kg],StructureType,StructureImages,ColumnMaterial,h_cm [m],M_total [kg],P_st [kN],q [kPa],q_ult_tot [kPa],q_ult_crit0 [kPa],q_ult_crit [kPa],BCap Calcs,FS_a,FS_e,M/VL,A_c/A,M_c_foot_a [N-m],M_c_foot_e  [N-m],Moment Cap. Calcs,Loading DOFsDescription,N PacketsReported,N Cyclesper packet,Amplitude [m or N],T cycles [s],Loading ProtocolPlots,Loading ProtocolFile,Deformation Plots,Foundation Response Time History Data,Assumptions in calculation of applied moment,Pk. Ftg. Rotation [rad],Cum. Prim. Ftg. Rotation [rad],Tot. Cum. Prim. Ftg. Rotation [rad],Cum. Res. Ftg. Rotation [rad],Norm. Pk. Ftg. Sliding in %,Norm. Res. Ftg. Sliding in %,Norm. Cumm. Res. Ftg. Uplift/ Sett. [%],Norm. Incr. Res. Ftg. Uplift/ Sett. [%],Method for determining the residual settlement,Norm. Max. Ftg. Moment,Norm. Cumm. Res. Ftg. Uplift/ Sett. (zero-shear) [%],Norm. Incr. Res. Ftg. Uplift/ Sett. (zero-shear) [%],Reference,Project Website,Comments
"""desc"":""Sequential database record number."",""align"":""right""","""desc"":""The full citation(s) that users must cite, when heavily using this project data. "",""width"":""200"",""truncate"":""truncate"",""align"":""left""","""desc"":""The Principal Investigator of the project."",""width"":100,""align"":""left""","""desc"":""The Co-Principal Investigator(s) of the project."",""width"":100,""truncate"":""truncate"",""align"":""left""","""desc"":""Lead and assistant graduate student researchers of the test series."",""align"":""left""","""desc"":""Sponsor\/funding source of the project."",""align"":""left""","""desc"":""Name of the test series or phase of the experiment."",""align"":""left""","""desc"":""Name of the facility that the experiment was conducted at."",""width"":100,""truncate"":""truncate"",""align"":""left""","""desc"":""Categorization of test; e.g. centrifuge, small-scale 1g, large-scale 1g."",""align"":""left""","""desc"":""Facility name for the container used."",""width"":100,""align"":""left""","""desc"":""Inner dimension of the model container parallel to (primary) loading axis."",""units"":""m"",""align"":""right""","""desc"":""Inner dimension of the model container normal to (primary) loading axis."",""units"":""m"",""align"":""right""","""desc"":""Inner height of the model container."",""units"":""m"",""align"":""right""",[],"""desc"":""The number of actuators used to control the loading of the structure."",""align"":""right""","""desc"":""Displacement-controlled or force-controlled, and monotonic or cyclic loading."",""align"":""left""","""desc"":""Description of the mechanism used to connect the structure to the actuator."",""width"":100,""truncate"":""truncate"",""align"":""left""","""desc"":""Image(s) of the connection between the actuator and the structure."",""align"":""left"",""type"":""file"",""type_extra"":""single"",""file-display"":""thumb"",""ds-repo-path"":""\/db\/databases\/nees_datastore_1085\/files\/forcy_mastersheet\/image_s__of_the_connection_between_actuator_and_structure""",[],[],"""desc"":""Total number of packets that this event is broken into. Each event may be broken into many packets to facilitate analysis of the data. Each row in the database contains data for a single packet. According to the database design concept, each packet should have a number of cycles of approximately uniform amplitude."",""align"":""right""","""desc"":""Packet number for this data row. If this packet represents the 3rd packet of this loading sequence, report 3."",""align"":""right""","""desc"":""Revolutions per minute of the centrifuge.  For 1 g tests, report "",""align"":""right""","""desc"":""Scale factor for gravity.  For 1 g tests, report 1, For centrifuge tests report centrifugal acceleration at the base of the footing as a multiple of earth's gravity. "",""align"":""right""","""desc"":""Length scale factor, defined as model length\/displacement over prototype."",""align"":""right""","""desc"":""Mass scale factor, defined as model mass over prototype mass."",""align"":""right""","""desc"":""Time scale factor, defined as model time over prototype time."",""align"":""right""","""desc"":""Are quantities reported in model or prototype scale? If prototype is chosen, all quantities are consistently converted from model scale to prototype scale based on the provided scaling laws (Mass*, Length*, and Time*). If model scale is chosen, then all quantities must be reported as actual dimensions of the test without scaling. "",""align"":""left""","""desc"":""Total thickness of the soil profile."",""units"":""m"",""align"":""right""","""desc"":""Average depth to water relative to the soil surface (+) ."",""units"":""m"",""align"":""right""","""desc"":""Number of soil layers in the container."",""align"":""right""","""desc"":""Ground modification; e.g.  ground improvement, piles, concrete mix."",""align"":""left""","""desc"":""Name of soil material in layer 1."",""align"":""left"",""width"":""100""","""desc"":""Thickness of soil layer 1."",""units"":""m"",""align"":""right""","""desc"":""Best estimate of average relative density of layer 1 if it consists of sand."",""units"":""%"",""align"":""right""","""desc"":""Best estimate of constant-volume (critical state) friction angle of layer 1 if it consists of sand."",""units"":""degrees"",""align"":""right""","""desc"":""Best estimate of standard deviation of relative density of layer 1 if it consists of sand. If the standard deviation was not measured, approximate estimate is acceptable."",""units"":""%"",""align"":""right""","""desc"":""Best estimate of undrained shear strength of the top of layer 1 if it consists of saturated clay."",""units"":""kPa"",""align"":""right""","""desc"":""Best estimate of undrained shear strength of the middle of layer 1 if it consists of saturated clay."",""units"":""kPa"",""align"":""right""","""desc"":""Best estimate of undrained shear strength of the bottom of layer 1 if it consists of saturated clay."",""units"":""kPa"",""align"":""right""","""desc"":""Best estimate of standard deviation of undrained shear strength of the middle of layer 1 if it consists of saturated clay. If the standard deviation was not measured, approximate estimate is acceptable."",""units"":""kPa"",""align"":""right""","""desc"":""Average total density of soil layer 1."",""units"":""kg\/m^3"",""align"":""right""","""desc"":""Average  water content of soil layer 1."",""units"":""%"",""align"":""right""","""align"":""right""","""align"":""right"",""units"":""m""","""align"":""right"",""units"":""%""","""align"":""right"",""units"":""deg""","""units"":""%"",""align"":""right""","""align"":""right"",""units"":""kPa""","""align"":""right"",""units"":""kPa""","""align"":""right"",""units"":""kPa""","""align"":""right"",""units"":""kPa""","""align"":""right"",""units"":""kg\/m3""","""align"":""right"",""units"":""%""","""align"":""right""","""align"":""right"",""units"":""m""","""align"":""right"",""units"":""%""","""align"":""right"",""units"":""deg.""","""align"":""right"",""units"":""%""","""align"":""right"",""units"":""kPa""","""align"":""right"",""units"":""kPa""","""align"":""right"",""units"":""kPa""","""align"":""right"",""units"":""kPa""","""align"":""right"",""units"":""kg\/m3""","""align"":""right"",""units"":""%""","""align"":""right""","""align"":""right""","""align"":""right"",""units"":""m""","""align"":""right"",""units"":""m""","""desc"":""Minimum footing width; only applicable for trapezoidal footings."",""units"":""m"",""align"":""right""","""desc"":""Thickness of the footing web; only for C-shaped and I-shaped footings."",""units"":""m"",""align"":""right""","""desc"":""Thickness of the footing flange; only for C-shaped and I-shaped footings."",""units"":""m"",""align"":""right""","""desc"":""Missing plan area of a footing to become a complete rectangle divided by the area of the circumscribed rectangle. This property is only required for trapezoidal, I-shaped and C-shaped footings. Enter zero for rectangular and circular footings."",""units"":""%"",""align"":""right""","""desc"":""Initial angle between the footing length and the (primary) loading direction, defined as (+) for counter-clockwise rotation about an upward vertical axis (see guidelines to contributors). "",""units"":""degrees"",""align"":""right""","""desc"":""Footing thickness."",""units"":""m"",""align"":""right""","""desc"":""Initial footing embedment depth; measured from the soil surface to the bottom of the footing at the beginning of the loading sequence (before packet #1)."",""units"":""m"",""align"":""right""","""desc"":""Footing cover mass, i.e. any mass resting on the top of the footing."",""units"":""kg"",""align"":""right""","""desc"":""Idealized type of superstructure; e.g., SDOF or shear wall."",""align"":""left""","""desc"":""Photo or drawing of the model and superstructure."",""align"":""left"",""type"":""file"",""type_extra"":""single"",""file-display"":""thumb"",""ds-repo-path"":""\/db\/databases\/nees_datastore_1085\/files\/forcy_mastersheet\/image_s__of_the_superstructure""",[],"""align"":""right"",""units"":""m""","""align"":""right"",""units"":""kg""","""align"":""right"",""units"":""kN""","""align"":""right"",""units"":""kPa""","""align"":""right"",""units"":""kPa""","""align"":""right"",""units"":""kPa""","""align"":""right"",""units"":""kPa""","""desc"":""Sources of the method used for estimating friction angles and ultimate bearing capacities."",""align"":""left"",""type"":""file"",""type_extra"":""single"",""ds-repo-path"":""\/db\/databases\/nees_datastore_1085\/files\/forcy_mastersheet\/source_for_bearing_capacity_calculations"",""file-display"":""link""","""align"":""right""","""align"":""right""","""align"":""right""","""align"":""right""","""desc"":""Analytically calculated rocking moment capacity of the foundation for static axial load. "",""units"":""N-m"",""align"":""right""","""desc"":""Experimentally determined rocking moment capacity of the foundation for static axial load. "",""units"":""N-m"",""align"":""right""","""desc"":""Description of procedure for calculating moment capacity of the footing."",""align"":""left"",""type"":""file"",""type_extra"":""single"",""ds-repo-path"":""\/db\/databases\/nees_datastore_1085\/files\/forcy_mastersheet\/source_describing_the_calculation_of_moment_capacity"",""file-display"":""link""","""desc"":""Description of loading degrees of freedom used in the packet; e.g. 1D-H, 2D-H, 2D-V, 3D."",""align"":""left""","""desc"":""Total number of packets reported in database for this event. This is equal to the number of rows  used to desribe this event"",""align"":""right""","""desc"":""The number of cycles of loading applied in this packet"",""align"":""right""","""units"":""m or N"",""desc"":""Absolute value of the peak target displacement or force being input into the (primary) actuator.  If load controlled report results in units of Newtons, If displacement controlled, report results in units of meters. "",""align"":""right""","""desc"":""The period of the input cyclic displacement or force; not applicable (7777) for monotonic loading."",""units"":""s"",""align"":""right""","""type"":""file"",""type_extra"":""single"",""file-display"":""thumb"",""ds-repo-path"":""\/db\/databases\/nees_datastore_1085\/files\/forcy_mastersheet\/loading_protocol_plot""","""type"":""file"",""type_extra"":""single"",""ds-repo-path"":""\/db\/databases\/nees_datastore_1085\/files\/forcy_mastersheet\/loading_protocol_file""","""type"":""file"",""type_extra"":""single"",""file-display"":""thumb"",""ds-repo-path"":""\/db\/databases\/nees_datastore_1085\/files\/forcy_mastersheet\/deformation_plots""","""type"":""file"",""type_extra"":""single"",""ds-repo-path"":""\/db\/databases\/nees_datastore_1085\/files\/forcy_mastersheet\/foundation_response_time_history_data""",[],"""align"":""right"",""units"":""rad""","""align"":""right"",""units"":""rad""","""align"":""right"",""units"":""rad""","""align"":""right"",""units"":""rad""","""align"":""right""","""align"":""right""","""align"":""right"",""units"":""%""","""align"":""right"",""units"":""%""",[],"""align"":""right""","""align"":""right"",""units"":""%""","""align"":""right"",""units"":""%""","""type"":""file"",""type_extra"":""single"",""ds-repo-path"":""\/db\/databases\/nees_datastore_1085\/files\/forcy_mastersheet\/reference""","""width"":300,""truncate"":""truncate"",""type"":""link"",""link_label"":""forcy_mastersheet.project_website"",""ext"":""true""","""width"":200,""truncate"":""truncate"""
,,,,,,,,,,,,,,,,,,,,,,,,,,,,,,,,,,,,,,,,,,,,,,,,,,,,,,,,,,,,,,,,,,,,,,,,,,,,,,,,,,,,,,,,,,,,,,,,,,,,,,,,,,,,,,,,,,,,,,,
1,"Hakhamaneshi, M., Kutter, B.L., (2016) ""Effect of footing shape and embedment  on the settlement, re-centering and energy dissiption of shallow footings subjected to rocking"", J. for Geotech. & Geoenv. Eng.",Bruce L. Kutter,"Sashi Kunnath, Tara  C. Hutchinson, Mark Aschheim",M.Hakhamaneshi,NSF-NEESR,MAHS-1,"UC Davis, Center for Geotechnical Modeling, 1m radius centrifuge",Centrifuge,Rigid Container,0.381,0.381,25.4,servo-hydraulic,1,Slow Cyclic disp controlled Lateral Loading,pin and slider to apply pure lateral load ,Connect1.JPG,1.4_e_R_0.6,1-Aug-12,6,1,183.8,35,0.0286,0.0000233,0.0286,Model,0.15,7777,1,None,Nevada Sand,0.15,80,9999,3,7777,7777,7777,7777,1678,7777,7777,7777,7777,7777,7777,7777,7777,7777,7777,7777,7777,7777,7777,7777,7777,7777,7777,7777,7777,7777,7777,7777,Rectangle,Aluminum,0.09,0.15,7777,7777,7777,0,0,0.032,0.032,3.07,Shear Wall,Test1.JPG,Steel,0.187,8.277,2.841,210.4,2460,1846,1590.1,MAHS1.pdf,11.68,7777,1.4,0.132,189,7777,MAHS1.pdf,1D lateral loading,6,3,0.000225,5,MAHS-Test1-0.1.JPG,MAHS-Test1-0.1.txt,MAHS-Slide1.JPG,MAHS-FRT1_1.xls,M=V*Height+P*Delta,0.002031,0.012186,0.012186,0.000336,0.0299,0.006635,0.005242,0.00524,At the point of zero shear,0.156,0.005242,0.005242,MAHS1.pdf,https://www.designsafe-ci.org/data/browser/public/nees.public/NEES-2009-0732.groups,No comment
2,"Hakhamaneshi, M., Kutter, B.L., (2016) ""Effect of footing shape and embedment  on the settlement, re-centering and energy dissiption of shallow footings subjected to rocking"", J. for Geotech. & Geoenv. Eng.",Bruce L. Kutter,"Sashi Kunnath, Tara  C. Hutchinson, Mark Aschheim",M.Hakhamaneshi,NSF-NEESR,MAHS-1,"UC Davis, Center for Geotechnical Modeling, 1m radius centrifuge",Centrifuge,Rigid Container,0.381,0.381,25.4,servo-hydraulic,1,Slow Cyclic disp controlled Lateral Loading,pin and slider to apply pure lateral load ,Connect1.JPG,1.4_e_R_0.6,1-Aug-12,6,2,183.8,35,0.0286,0.0000233,0.0286,Model,0.15,7777,1,None,Nevada Sand,0.15,80,9999,3,7777,7777,7777,7777,1678,7777,7777,7777,7777,7777,7777,7777,7777,7777,7777,7777,7777,7777,7777,7777,7777,7777,7777,7777,7777,7777,7777,7777,Rectangle,Aluminum,0.09,0.15,7777,7777,7777,0,0,0.032,0.032,3.07,Shear Wall,Test1.JPG,Steel,0.187,8.277,2.841,210.4,2460,1846,1590.1,MAHS1.pdf,11.68,7777,1.4,0.132,189,7777,MAHS1.pdf,1D lateral loading,6,3,0.000563,5,MAHS-Test1-0.25.JPG,MAHS-Test1-0.25.txt,MAHS-Slide1.JPG,MAHS-FRT1_2.xls,M=V*Height+P*Delta,0.002272,0.013632,0.025818,0.0004485,0.0361,0.023,-0.004799,-0.01004,At the point of zero shear,0.175,-0.005,-0.01,MAHS1.pdf,https://www.designsafe-ci.org/data/browser/public/nees.public/NEES-2009-0732.groups,No comment
3,"Hakhamaneshi, M., Kutter, B.L., (2016) ""Effect of footing shape and embedment  on the settlement, re-centering and energy dissiption of shallow footings subjected to rocking"", J. for Geotech. & Geoenv. Eng.",Bruce L. Kutter,"Sashi Kunnath, Tara  C. Hutchinson, Mark Aschheim",M.Hakhamaneshi,NSF-NEESR,MAHS-1,"UC Davis, Center for Geotechnical Modeling, 1m radius centrifuge",Centrifuge,Rigid Container,0.381,0.381,25.4,servo-hydraulic,1,Slow Cyclic disp controlled Lateral Loading,pin and slider to apply pure lateral load ,Connect1.JPG,1.4_e_R_0.6,1-Aug-12,6,3,183.8,35,0.0286,0.0000233,0.0286,Model,0.15,7777,1,None,Nevada Sand,0.15,80,9999,3,7777,7777,7777,7777,1678,7777,7777,7777,7777,7777,7777,7777,7777,7777,7777,7777,7777,7777,7777,7777,7777,7777,7777,7777,7777,7777,7777,7777,Rectangle,Aluminum,0.09,0.15,7777,7777,7777,0,0,0.032,0.032,3.07,Shear Wall,Test1.JPG,Steel,0.187,8.277,2.841,210.4,2460,1846,1590.1,MAHS1.pdf,11.68,7777,1.4,0.132,189,7777,MAHS1.pdf,1D lateral loading,6,3,0.001125,5,MAHS-Test1-0.5.JPG,MAHS-Test1-0.50.txt,MAHS-Slide1.JPG,MAHS-FRT1_3.xls,M=V*Height+P*Delta,0.00336,0.02016,0.033792,0.000677,0.094,0.011,0.041,0.0458,At the point of zero shear,0.475,0.041,0.046,MAHS1.pdf,https://www.designsafe-ci.org/data/browser/public/nees.public/NEES-2009-0732.groups,No comment
4,"Hakhamaneshi, M., Kutter, B.L., (2016) ""Effect of footing shape and embedment  on the settlement, re-centering and energy dissiption of shallow footings subjected to rocking"", J. for Geotech. & Geoenv. Eng.",Bruce L. Kutter,"Sashi Kunnath, Tara  C. Hutchinson, Mark Aschheim",M.Hakhamaneshi,NSF-NEESR,MAHS-1,"UC Davis, Center for Geotechnical Modeling, 1m radius centrifuge",Centrifuge,Rigid Container,0.381,0.381,25.4,servo-hydraulic,1,Slow Cyclic disp controlled Lateral Loading,pin and slider to apply pure lateral load ,Connect1.JPG,1.4_e_R_0.6,1-Aug-12,6,4,183.8,35,0.0286,0.0000233,0.0286,Model,0.15,7777,1,None,Nevada Sand,0.15,80,9999,3,7777,7777,7777,7777,1678,7777,7777,7777,7777,7777,7777,7777,7777,7777,7777,7777,7777,7777,7777,7777,7777,7777,7777,7777,7777,7777,7777,7777,Rectangle,Aluminum,0.09,0.15,7777,7777,7777,0,0,0.032,0.032,3.07,Shear Wall,Test1.JPG,Steel,0.187,8.277,2.841,210.4,2460,1846,1590.1,MAHS1.pdf,11.68,7777,1.4,0.132,189,7777,MAHS1.pdf,1D lateral loading,6,3,0.00225,5,MAHS-Test1-1.JPG,MAHS-Test1-1.0.txt,MAHS-Slide1.JPG,MAHS-FRT1_4.xls,M=V*Height+P*Delta,0.012,0.072,0.09216,0.002453,0.2661,0.006281,0.197,0.197,At the point of zero shear,1.005,0.197,0.197,MAHS1.pdf,https://www.designsafe-ci.org/data/browser/public/nees.public/NEES-2009-0732.groups,No comment
5,"Hakhamaneshi, M., Kutter, B.L., (2016) ""Effect of footing shape and embedment  on the settlement, re-centering and energy dissiption of shallow footings subjected to rocking"", J. for Geotech. & Geoenv. Eng.",Bruce L. Kutter,"Sashi Kunnath, Tara  C. Hutchinson, Mark Aschheim",M.Hakhamaneshi,NSF-NEESR,MAHS-1,"UC Davis, Center for Geotechnical Modeling, 1m radius centrifuge",Centrifuge,Rigid Container,0.381,0.381,25.4,servo-hydraulic,1,Slow Cyclic disp controlled Lateral Loading,pin and slider to apply pure lateral load ,Connect1.JPG,1.4_e_R_0.6,1-Aug-12,6,5,183.8,35,0.0286,0.0000233,0.0286,Model,0.15,7777,1,None,Nevada Sand,0.15,80,9999,3,7777,7777,7777,7777,1678,7777,7777,7777,7777,7777,7777,7777,7777,7777,7777,7777,7777,7777,7777,7777,7777,7777,7777,7777,7777,7777,7777,7777,Rectangle,Aluminum,0.09,0.15,7777,7777,7777,0,0,0.032,0.032,3.07,Shear Wall,Test1.JPG,Steel,0.187,8.277,2.841,210.4,2460,1846,1590.1,MAHS1.pdf,11.68,7777,1.4,0.132,189,7777,MAHS1.pdf,1D lateral loading,6,3,0.0045,5,MAHS-Test1-2.JPG,MAHS-Test1-2.0.txt,MAHS-Slide1.JPG,MAHS-FRT1_5.xls,M=V*Height+P*Delta,0.03,0.18,0.252,0.006343,0.5623,0.323,0.2172,0.0202,At the point of zero shear,1.168,0.217,0.02,MAHS1.pdf,https://www.designsafe-ci.org/data/browser/public/nees.public/NEES-2009-0732.groups,No comment
6,"Hakhamaneshi, M., Kutter, B.L., (2016) ""Effect of footing shape and embedment  on the settlement, re-centering and energy dissiption of shallow footings subjected to rocking"", J. for Geotech. & Geoenv. Eng.",Bruce L. Kutter,"Sashi Kunnath, Tara  C. Hutchinson, Mark Aschheim",M.Hakhamaneshi,NSF-NEESR,MAHS-1,"UC Davis, Center for Geotechnical Modeling, 1m radius centrifuge",Centrifuge,Rigid Container,0.381,0.381,25.4,servo-hydraulic,1,Slow Cyclic disp controlled Lateral Loading,pin and slider to apply pure lateral load ,Connect1.JPG,1.4_e_R_0.6,1-Aug-12,6,6,183.8,35,0.0286,0.0000233,0.0286,Model,0.15,7777,1,None,Nevada Sand,0.15,80,9999,3,7777,7777,7777,7777,1678,7777,7777,7777,7777,7777,7777,7777,7777,7777,7777,7777,7777,7777,7777,7777,7777,7777,7777,7777,7777,7777,7777,7777,Rectangle,Aluminum,0.09,0.15,7777,7777,7777,0,0,0.032,0.032,3.07,Shear Wall,Test1.JPG,Steel,0.187,8.277,2.841,210.4,2460,1846,1590.1,MAHS1.pdf,11.68,7777,1.4,0.132,189,7777,MAHS1.pdf,1D lateral loading,6,3,0.009,5,MAHS-Test1-4.JPG,MAHS-Test1-4.0.txt,MAHS-Slide1.JPG,MAHS-FRT1_6.xls,M=V*Height+P*Delta,0.051,0.306,0.486,0.012,1.068,0.409,-0.1549,-0.3721,At the point of zero shear,1.18,-0.155,-0.372,MAHS1.pdf,https://www.designsafe-ci.org/data/browser/public/nees.public/NEES-2009-0732.groups,No comment
7,"Hakhamaneshi, M., Kutter, B.L., (2016) ""Effect of footing shape and embedment  on the settlement, re-centering and energy dissiption of shallow footings subjected to rocking"", J. for Geotech. & Geoenv. Eng.",Bruce L. Kutter,"Sashi Kunnath, Tara  C. Hutchinson, Mark Aschheim",M.Hakhamaneshi,NSF-NEESR,MAHS-1,"UC Davis, Center for Geotechnical Modeling, 1m radius centrifuge",Centrifuge,Rigid Container,0.381,0.381,25.4,servo-hydraulic,1,Slow Cyclic disp controlled Lateral Loading,pin and slider to apply pure lateral load ,Connect2.JPG,1.45_e_R_1.55,20-Jun-12,6,1,183.9,35,0.0286,0.0000233,0.0286,Model,0.15,7777,1,None,Nevada Sand,0.15,82,9999,3,7777,7777,7777,7777,1684,7777,7777,7777,7777,7777,7777,7777,7777,7777,7777,7777,7777,7777,7777,7777,7777,7777,7777,7777,7777,7777,7777,7777,Rectangle,Aluminum,0.17,0.11,7777,7777,7777,0,0,0.032,0.032,3.08,Shear Wall,Test2.JPG,Steel,0.155,11.452,3.91,209.1,2609,1818.2,1591.4,MAHS1.pdf,12.47,7777,1.45,0.131,191,7777,MAHS1.pdf,1D lateral loading,6,3,0.00023,5,MAHS-Test2-0.1.JPG,MAHS-Test2-0.1.txt,MAHS-Slide2.JPG,MAHS-FRT2_1.xls,M=V*Height+P*Delta,0.001641,0.009846,0.009846,0.00022941,0.0001868,0.0000627,0.0633,0.0633,At the point of zero shear,0.509,0.063,0.063,MAHS1.pdf,https://www.designsafe-ci.org/data/browser/public/nees.public/NEES-2009-0732.groups,No comment
8,"Hakhamaneshi, M., Kutter, B.L., (2016) ""Effect of footing shape and embedment  on the settlement, re-centering and energy dissiption of shallow footings subjected to rocking"", J. for Geotech. & Geoenv. Eng.",Bruce L. Kutter,"Sashi Kunnath, Tara  C. Hutchinson, Mark Aschheim",M.Hakhamaneshi,NSF-NEESR,MAHS-1,"UC Davis, Center for Geotechnical Modeling, 1m radius centrifuge",Centrifuge,Rigid Container,0.381,0.381,25.4,servo-hydraulic,1,Slow Cyclic disp controlled Lateral Loading,pin and slider to apply pure lateral load ,Connect2.JPG,1.45_e_R_1.55,20-Jun-12,6,2,183.9,35,0.0286,0.0000233,0.0286,Model,0.15,7777,1,None,Nevada Sand,0.15,82,9999,3,7777,7777,7777,7777,1684,7777,7777,7777,7777,7777,7777,7777,7777,7777,7777,7777,7777,7777,7777,7777,7777,7777,7777,7777,7777,7777,7777,7777,Rectangle,Aluminum,0.17,0.11,7777,7777,7777,0,0,0.032,0.032,3.08,Shear Wall,Test2.JPG,Steel,0.155,11.452,3.91,209.1,2609,1818.2,1591.4,MAHS1.pdf,12.47,7777,1.45,0.131,191,7777,MAHS1.pdf,1D lateral loading,6,3,0.000575,5,MAHS-Test2-0.25.JPG,MAHS-Test2-0.25.txt,MAHS-Slide2.JPG,MAHS-FRT2_2.xls,M=V*Height+P*Delta,0.002839,0.017034,0.02688,0.000429,0.0002648,0.00000527,0.15,0.0867,At the point of zero shear,0.575,0.15,0.087,MAHS1.pdf,https://www.designsafe-ci.org/data/browser/public/nees.public/NEES-2009-0732.groups,No comment
9,"Hakhamaneshi, M., Kutter, B.L., (2016) ""Effect of footing shape and embedment  on the settlement, re-centering and energy dissiption of shallow footings subjected to rocking"", J. for Geotech. & Geoenv. Eng.",Bruce L. Kutter,"Sashi Kunnath, Tara  C. Hutchinson, Mark Aschheim",M.Hakhamaneshi,NSF-NEESR,MAHS-1,"UC Davis, Center for Geotechnical Modeling, 1m radius centrifuge",Centrifuge,Rigid Container,0.381,0.381,25.4,servo-hydraulic,1,Slow Cyclic disp controlled Lateral Loading,pin and slider to apply pure lateral load ,Connect2.JPG,1.45_e_R_1.55,20-Jun-12,6,3,183.9,35,0.0286,0.0000233,0.0286,Model,0.15,7777,1,None,Nevada Sand,0.15,82,9999,3,7777,7777,7777,7777,1684,7777,7777,7777,7777,7777,7777,7777,7777,7777,7777,7777,7777,7777,7777,7777,7777,7777,7777,7777,7777,7777,7777,7777,Rectangle,Aluminum,0.17,0.11,7777,7777,7777,0,0,0.032,0.032,3.08,Shear Wall,Test2.JPG,Steel,0.155,11.452,3.91,209.1,2609,1818.2,1591.4,MAHS1.pdf,12.47,7777,1.45,0.131,191,7777,MAHS1.pdf,1D lateral loading,6,3,0.00115,5,MAHS-Test2-0.5.JPG,MAHS-Test2-0.50.txt,MAHS-Slide2.JPG,MAHS-FRT2_3.xls,M=V*Height+P*Delta,0.006431,0.038586,0.05562,0.001159,0.0002985,0.00002613,0.33,0.18,At the point of zero shear,0.873,0.33,0.18,MAHS1.pdf,https://www.designsafe-ci.org/data/browser/public/nees.public/NEES-2009-0732.groups,No comment
10,"Hakhamaneshi, M., Kutter, B.L., (2016) ""Effect of footing shape and embedment  on the settlement, re-centering and energy dissiption of shallow footings subjected to rocking"", J. for Geotech. & Geoenv. Eng.",Bruce L. Kutter,"Sashi Kunnath, Tara  C. Hutchinson, Mark Aschheim",M.Hakhamaneshi,NSF-NEESR,MAHS-1,"UC Davis, Center for Geotechnical Modeling, 1m radius centrifuge",Centrifuge,Rigid Container,0.381,0.381,25.4,servo-hydraulic,1,Slow Cyclic disp controlled Lateral Loading,pin and slider to apply pure lateral load ,Connect2.JPG,1.45_e_R_1.55,20-Jun-12,6,4,183.9,35,0.0286,0.0000233,0.0286,Model,0.15,7777,1,None,Nevada Sand,0.15,82,9999,3,7777,7777,7777,7777,1684,7777,7777,7777,7777,7777,7777,7777,7777,7777,7777,7777,7777,7777,7777,7777,7777,7777,7777,7777,7777,7777,7777,7777,Rectangle,Aluminum,0.17,0.11,7777,7777,7777,0,0,0.032,0.032,3.08,Shear Wall,Test2.JPG,Steel,0.155,11.452,3.91,209.1,2609,1818.2,1591.4,MAHS1.pdf,12.47,7777,1.45,0.131,191,7777,MAHS1.pdf,1D lateral loading,6,3,0.0023,5,MAHS-Test2-1.JPG,MAHS-Test2-1.0.txt,MAHS-Slide2.JPG,MAHS-FRT2_4.xls,M=V*Height+P*Delta,0.009075,0.05445,0.093036,0.002011,0.0003943,0.00002231,0.489,0.489,At the point of zero shear,0.988,0.489,0.489,MAHS1.pdf,https://www.designsafe-ci.org/data/browser/public/nees.public/NEES-2009-0732.groups,No comment
11,"Hakhamaneshi, M., Kutter, B.L., (2016) ""Effect of footing shape and embedment  on the settlement, re-centering and energy dissiption of shallow footings subjected to rocking"", J. for Geotech. & Geoenv. Eng.",Bruce L. Kutter,"Sashi Kunnath, Tara  C. Hutchinson, Mark Aschheim",M.Hakhamaneshi,NSF-NEESR,MAHS-1,"UC Davis, Center for Geotechnical Modeling, 1m radius centrifuge",Centrifuge,Rigid Container,0.381,0.381,25.4,servo-hydraulic,1,Slow Cyclic disp controlled Lateral Loading,pin and slider to apply pure lateral load ,Connect2.JPG,1.45_e_R_1.55,20-Jun-12,6,5,183.9,35,0.0286,0.0000233,0.0286,Model,0.15,7777,1,None,Nevada Sand,0.15,82,9999,3,7777,7777,7777,7777,1684,7777,7777,7777,7777,7777,7777,7777,7777,7777,7777,7777,7777,7777,7777,7777,7777,7777,7777,7777,7777,7777,7777,7777,Rectangle,Aluminum,0.17,0.11,7777,7777,7777,0,0,0.032,0.032,3.08,Shear Wall,Test2.JPG,Steel,0.155,11.452,3.91,209.1,2609,1818.2,1591.4,MAHS1.pdf,12.47,7777,1.45,0.131,191,7777,MAHS1.pdf,1D lateral loading,6,3,0.0046,5,MAHS-Test2-2.JPG,MAHS-Test2-2.0.txt,MAHS-Slide2.JPG,MAHS-FRT2_5.xls,M=V*Height+P*Delta,0.013,0.078,0.13245,0.00279,0.0006843,0.001538,0.6288,0.1398,At the point of zero shear,1.055,0.629,0.14,MAHS1.pdf,https://www.designsafe-ci.org/data/browser/public/nees.public/NEES-2009-0732.groups,No comment
12,"Hakhamaneshi, M., Kutter, B.L., (2016) ""Effect of footing shape and embedment  on the settlement, re-centering and energy dissiption of shallow footings subjected to rocking"", J. for Geotech. & Geoenv. Eng.",Bruce L. Kutter,"Sashi Kunnath, Tara  C. Hutchinson, Mark Aschheim",M.Hakhamaneshi,NSF-NEESR,MAHS-1,"UC Davis, Center for Geotechnical Modeling, 1m radius centrifuge",Centrifuge,Rigid Container,0.381,0.381,25.4,servo-hydraulic,1,Slow Cyclic disp controlled Lateral Loading,pin and slider to apply pure lateral load ,Connect2.JPG,1.45_e_R_1.55,20-Jun-12,6,6,183.9,35,0.0286,0.0000233,0.0286,Model,0.15,7777,1,None,Nevada Sand,0.15,82,9999,3,7777,7777,7777,7777,1684,7777,7777,7777,7777,7777,7777,7777,7777,7777,7777,7777,7777,7777,7777,7777,7777,7777,7777,7777,7777,7777,7777,7777,Rectangle,Aluminum,0.17,0.11,7777,7777,7777,0,0,0.032,0.032,3.08,Shear Wall,Test2.JPG,Steel,0.155,11.452,3.91,209.1,2609,1818.2,1591.4,MAHS1.pdf,12.47,7777,1.45,0.131,191,7777,MAHS1.pdf,1D lateral loading,6,3,0.0092,5,MAHS-Test2-4.JPG,MAHS-Test2-4.0.txt,MAHS-Slide2.JPG,MAHS-FRT2_6.xls,M=V*Height+P*Delta,0.019,0.114,0.192,0.003841,0.0009548,0.0003131,0.7121,0.0833,At the point of zero shear,1.104,0.712,0.083,MAHS1.pdf,https://www.designsafe-ci.org/data/browser/public/nees.public/NEES-2009-0732.groups,No comment
13,"Hakhamaneshi, M., Kutter, B.L., (2016) ""Effect of footing shape and embedment  on the settlement, re-centering and energy dissiption of shallow footings subjected to rocking"", J. for Geotech. & Geoenv. Eng.",Bruce L. Kutter,"Sashi Kunnath, Tara  C. Hutchinson, Mark Aschheim",M.Hakhamaneshi,NSF-NEESR,MAHS-1,"UC Davis, Center for Geotechnical Modeling, 1m radius centrifuge",Centrifuge,Rigid Container,0.381,0.381,25.4,servo-hydraulic,1,Slow Cyclic disp controlled Lateral Loading,pin and slider to apply pure lateral load ,Connect3.JPG,1.57_e_R_0.14,3-Aug-12,6,1,184.5,35,0.0286,0.0000233,0.0286,Model,0.15,7777,1,None,Nevada Sand,0.15,80,9999,4,7777,7777,7777,7777,1676,7777,7777,7777,7777,7777,7777,7777,7777,7777,7777,7777,7777,7777,7777,7777,7777,7777,7777,7777,7777,7777,7777,7777,Rectangle,Aluminum,0.03,0.21,7777,7777,7777,0,0,0.032,0.032,3.06,Shear Wall,Test3.JPG,Aluminum,0.143,3.859,1.435,227.8,1863,2233.1,1858.3,MAHS1.pdf,8.1,7777,1.57,0.1225,135,7777,MAHS1.pdf,1D lateral loading,6,3,0.0003,5,MAHS-Test3-0.1.JPG,MAHS-Test3-0.1.txt,MAHS-Slide3.JPG,MAHS-FRT3_1.xls,M=V*Height+P*Delta,0.00198,0.01188,0.01188,0.0003553,0.062,0.022,0.046,0.046,At the point of zero shear,0.391,0.046,0.046,MAHS1.pdf,https://www.designsafe-ci.org/data/browser/public/nees.public/NEES-2009-0732.groups,No comment
14,"Hakhamaneshi, M., Kutter, B.L., (2016) ""Effect of footing shape and embedment  on the settlement, re-centering and energy dissiption of shallow footings subjected to rocking"", J. for Geotech. & Geoenv. Eng.",Bruce L. Kutter,"Sashi Kunnath, Tara  C. Hutchinson, Mark Aschheim",M.Hakhamaneshi,NSF-NEESR,MAHS-1,"UC Davis, Center for Geotechnical Modeling, 1m radius centrifuge",Centrifuge,Rigid Container,0.381,0.381,25.4,servo-hydraulic,1,Slow Cyclic disp controlled Lateral Loading,pin and slider to apply pure lateral load ,Connect3.JPG,1.57_e_R_0.14,3-Aug-12,6,2,184.5,35,0.0286,0.0000233,0.0286,Model,0.15,7777,1,None,Nevada Sand,0.15,80,9999,4,7777,7777,7777,7777,1676,7777,7777,7777,7777,7777,7777,7777,7777,7777,7777,7777,7777,7777,7777,7777,7777,7777,7777,7777,7777,7777,7777,7777,Rectangle,Aluminum,0.03,0.21,7777,7777,7777,0,0,0.032,0.032,3.06,Shear Wall,Test3.JPG,Aluminum,0.143,3.859,1.435,227.8,1863,2233.1,1858.3,MAHS1.pdf,8.1,7777,1.57,0.1225,135,7777,MAHS1.pdf,1D lateral loading,6,3,0.00075,5,MAHS-Test3-0.25.JPG,MAHS-Test3-0.25.txt,MAHS-Slide3.JPG,MAHS-FRT3_2.xls,M=V*Height+P*Delta,0.002337,0.014022,0.025902,0.0004527,0.0589,0.001464,0.041,-0.005,At the point of zero shear,0.418,0.041,-0.005,MAHS1.pdf,https://www.designsafe-ci.org/data/browser/public/nees.public/NEES-2009-0732.groups,No comment
15,"Hakhamaneshi, M., Kutter, B.L., (2016) ""Effect of footing shape and embedment  on the settlement, re-centering and energy dissiption of shallow footings subjected to rocking"", J. for Geotech. & Geoenv. Eng.",Bruce L. Kutter,"Sashi Kunnath, Tara  C. Hutchinson, Mark Aschheim",M.Hakhamaneshi,NSF-NEESR,MAHS-1,"UC Davis, Center for Geotechnical Modeling, 1m radius centrifuge",Centrifuge,Rigid Container,0.381,0.381,25.4,servo-hydraulic,1,Slow Cyclic disp controlled Lateral Loading,pin and slider to apply pure lateral load ,Connect3.JPG,1.57_e_R_0.14,3-Aug-12,6,3,184.5,35,0.0286,0.0000233,0.0286,Model,0.15,7777,1,None,Nevada Sand,0.15,80,9999,4,7777,7777,7777,7777,1676,7777,7777,7777,7777,7777,7777,7777,7777,7777,7777,7777,7777,7777,7777,7777,7777,7777,7777,7777,7777,7777,7777,7777,Rectangle,Aluminum,0.03,0.21,7777,7777,7777,0,0,0.032,0.032,3.06,Shear Wall,Test3.JPG,Aluminum,0.143,3.859,1.435,227.8,1863,2233.1,1858.3,MAHS1.pdf,8.1,7777,1.57,0.1225,135,7777,MAHS1.pdf,1D lateral loading,6,3,0.0015,5,MAHS-Test3-0.5.JPG,MAHS-Test3-0.50.txt,MAHS-Slide3.JPG,MAHS-FRT3_3.xls,M=V*Height+P*Delta,0.005036,0.030216,0.044238,0.00101,0.1051,0.026,0.09698,0.05598,At the point of zero shear,0.759,0.097,0.056,MAHS1.pdf,https://www.designsafe-ci.org/data/browser/public/nees.public/NEES-2009-0732.groups,No comment
16,"Hakhamaneshi, M., Kutter, B.L., (2016) ""Effect of footing shape and embedment  on the settlement, re-centering and energy dissiption of shallow footings subjected to rocking"", J. for Geotech. & Geoenv. Eng.",Bruce L. Kutter,"Sashi Kunnath, Tara  C. Hutchinson, Mark Aschheim",M.Hakhamaneshi,NSF-NEESR,MAHS-1,"UC Davis, Center for Geotechnical Modeling, 1m radius centrifuge",Centrifuge,Rigid Container,0.381,0.381,25.4,servo-hydraulic,1,Slow Cyclic disp controlled Lateral Loading,pin and slider to apply pure lateral load ,Connect3.JPG,1.57_e_R_0.14,3-Aug-12,6,4,184.5,35,0.0286,0.0000233,0.0286,Model,0.15,7777,1,None,Nevada Sand,0.15,80,9999,4,7777,7777,7777,7777,1676,7777,7777,7777,7777,7777,7777,7777,7777,7777,7777,7777,7777,7777,7777,7777,7777,7777,7777,7777,7777,7777,7777,7777,Rectangle,Aluminum,0.03,0.21,7777,7777,7777,0,0,0.032,0.032,3.06,Shear Wall,Test3.JPG,Aluminum,0.143,3.859,1.435,227.8,1863,2233.1,1858.3,MAHS1.pdf,8.1,7777,1.57,0.1225,135,7777,MAHS1.pdf,1D lateral loading,6,3,0.003,5,MAHS-Test3-1.JPG,MAHS-Test3-1.0.txt,MAHS-Slide3.JPG,MAHS-FRT3_4.xls,M=V*Height+P*Delta,0.015,0.09,0.120216,0.002797,0.2575,0.034,0.1189,0.1189,At the point of zero shear,1.035,0.119,0.119,MAHS1.pdf,https://www.designsafe-ci.org/data/browser/public/nees.public/NEES-2009-0732.groups,No comment
17,"Hakhamaneshi, M., Kutter, B.L., (2016) ""Effect of footing shape and embedment  on the settlement, re-centering and energy dissiption of shallow footings subjected to rocking"", J. for Geotech. & Geoenv. Eng.",Bruce L. Kutter,"Sashi Kunnath, Tara  C. Hutchinson, Mark Aschheim",M.Hakhamaneshi,NSF-NEESR,MAHS-1,"UC Davis, Center for Geotechnical Modeling, 1m radius centrifuge",Centrifuge,Rigid Container,0.381,0.381,25.4,servo-hydraulic,1,Slow Cyclic disp controlled Lateral Loading,pin and slider to apply pure lateral load ,Connect3.JPG,1.57_e_R_0.14,3-Aug-12,6,5,184.5,35,0.0286,0.0000233,0.0286,Model,0.15,7777,1,None,Nevada Sand,0.15,80,9999,4,7777,7777,7777,7777,1676,7777,7777,7777,7777,7777,7777,7777,7777,7777,7777,7777,7777,7777,7777,7777,7777,7777,7777,7777,7777,7777,7777,7777,Rectangle,Aluminum,0.03,0.21,7777,7777,7777,0,0,0.032,0.032,3.06,Shear Wall,Test3.JPG,Aluminum,0.143,3.859,1.435,227.8,1863,2233.1,1858.3,MAHS1.pdf,8.1,7777,1.57,0.1225,135,7777,MAHS1.pdf,1D lateral loading,6,3,0.006,5,MAHS-Test3-2.JPG,MAHS-Test3-2.0.txt,MAHS-Slide3.JPG,MAHS-FRT3_5.xls,M=V*Height+P*Delta,0.035,0.21,0.3,0.011,0.6059,0.256,-0.6087,-0.7276,At the point of zero shear,1.108,-0.609,-0.728,MAHS1.pdf,https://www.designsafe-ci.org/data/browser/public/nees.public/NEES-2009-0732.groups,No comment
18,"Hakhamaneshi, M., Kutter, B.L., (2016) ""Effect of footing shape and embedment  on the settlement, re-centering and energy dissiption of shallow footings subjected to rocking"", J. for Geotech. & Geoenv. Eng.",Bruce L. Kutter,"Sashi Kunnath, Tara  C. Hutchinson, Mark Aschheim",M.Hakhamaneshi,NSF-NEESR,MAHS-1,"UC Davis, Center for Geotechnical Modeling, 1m radius centrifuge",Centrifuge,Rigid Container,0.381,0.381,25.4,servo-hydraulic,1,Slow Cyclic disp controlled Lateral Loading,pin and slider to apply pure lateral load ,Connect3.JPG,1.57_e_R_0.14,3-Aug-12,6,6,184.5,35,0.0286,0.0000233,0.0286,Model,0.15,7777,1,None,Nevada Sand,0.15,80,9999,4,7777,7777,7777,7777,1676,7777,7777,7777,7777,7777,7777,7777,7777,7777,7777,7777,7777,7777,7777,7777,7777,7777,7777,7777,7777,7777,7777,7777,Rectangle,Aluminum,0.03,0.21,7777,7777,7777,0,0,0.032,0.032,3.06,Shear Wall,Test3.JPG,Aluminum,0.143,3.859,1.435,227.8,1863,2233.1,1858.3,MAHS1.pdf,8.1,7777,1.57,0.1225,135,7777,MAHS1.pdf,1D lateral loading,6,3,0.012,5,MAHS-Test3-4.JPG,MAHS-Test3-4.0.txt,MAHS-Slide3.JPG,MAHS-FRT3_6.xls,M=V*Height+P*Delta,0.056,0.336,0.546,0.021,1.4,0.194,-2.7,-2.0913,At the point of zero shear,1.108,-2.7,-2.091,MAHS1.pdf,https://www.designsafe-ci.org/data/browser/public/nees.public/NEES-2009-0732.groups,No comment
19,"Hakhamaneshi, M., Kutter, B.L., (2016) ""Effect of footing shape and embedment  on the settlement, re-centering and energy dissiption of shallow footings subjected to rocking"", J. for Geotech. & Geoenv. Eng.",Bruce L. Kutter,"Sashi Kunnath, Tara  C. Hutchinson, Mark Aschheim",M.Hakhamaneshi,NSF-NEESR,MAHS-1,"UC Davis, Center for Geotechnical Modeling, 1m radius centrifuge",Centrifuge,Rigid Container,0.381,0.381,25.4,servo-hydraulic,1,Slow Cyclic disp controlled Lateral Loading,pin and slider to apply pure lateral load ,Connect4.JPG,1.5_e_H50_0.11,29-Aug-12,6,1,184.4,35,0.0286,0.0000233,0.0286,Model,0.15,7777,1,None,Nevada Sand,0.15,81,9999,3,7777,7777,7777,7777,1680,7777,7777,7777,7777,7777,7777,7777,7777,7777,7777,7777,7777,7777,7777,7777,7777,7777,7777,7777,7777,7777,7777,7777,I-shaped,Aluminum,0.075,0.15,7777,0.026,0.017,50,0,0.032,0.032,3.07,Shear Wall,Test4.JPG,Aluminum,0.151,3.378,1.209,217.2,1842,2216.4,1804.7,MAHS1.pdf,8.48,7777,1.5,0.1203,82,7777,MAHS1.pdf,1D lateral loading,6,3,0.000225,5,MAHS-Test4-0.1.JPG,MAHS-Test4-0.1.txt,MAHS-Slide4.JPG,MAHS-FRT4_1.xls,M=V*Height+P*Delta,0.002264,0.013584,0.013584,0.0001997,0.00551,0.001006,-0.02456,-0.02456,At the point of zero shear,0.542,-0.025,-0.025,MAHS1.pdf,https://www.designsafe-ci.org/data/browser/public/nees.public/NEES-2009-0732.groups,No comment
20,"Hakhamaneshi, M., Kutter, B.L., (2016) ""Effect of footing shape and embedment  on the settlement, re-centering and energy dissiption of shallow footings subjected to rocking"", J. for Geotech. & Geoenv. Eng.",Bruce L. Kutter,"Sashi Kunnath, Tara  C. Hutchinson, Mark Aschheim",M.Hakhamaneshi,NSF-NEESR,MAHS-1,"UC Davis, Center for Geotechnical Modeling, 1m radius centrifuge",Centrifuge,Rigid Container,0.381,0.381,25.4,servo-hydraulic,1,Slow Cyclic disp controlled Lateral Loading,pin and slider to apply pure lateral load ,Connect4.JPG,1.5_e_H50_0.11,29-Aug-12,6,2,184.4,35,0.0286,0.0000233,0.0286,Model,0.15,7777,1,None,Nevada Sand,0.15,81,9999,3,7777,7777,7777,7777,1680,7777,7777,7777,7777,7777,7777,7777,7777,7777,7777,7777,7777,7777,7777,7777,7777,7777,7777,7777,7777,7777,7777,7777,I-shaped,Aluminum,0.075,0.15,7777,0.026,0.017,50,0,0.032,0.032,3.07,Shear Wall,Test4.JPG,Aluminum,0.151,3.378,1.209,217.2,1842,2216.4,1804.7,MAHS1.pdf,8.48,7777,1.5,0.1203,82,7777,MAHS1.pdf,1D lateral loading,6,3,0.0005625,5,MAHS-Test4-0.25.JPG,MAHS-Test4-0.25.txt,MAHS-Slide4.JPG,MAHS-FRT4_2.xls,M=V*Height+P*Delta,0.002391,0.014346,0.02793,0.0003324,0.004446,0.001155,-0.0217,0.00286,At the point of zero shear,0.545,-0.022,0.003,MAHS1.pdf,https://www.designsafe-ci.org/data/browser/public/nees.public/NEES-2009-0732.groups,No comment
21,"Hakhamaneshi, M., Kutter, B.L., (2016) ""Effect of footing shape and embedment  on the settlement, re-centering and energy dissiption of shallow footings subjected to rocking"", J. for Geotech. & Geoenv. Eng.",Bruce L. Kutter,"Sashi Kunnath, Tara  C. Hutchinson, Mark Aschheim",M.Hakhamaneshi,NSF-NEESR,MAHS-1,"UC Davis, Center for Geotechnical Modeling, 1m radius centrifuge",Centrifuge,Rigid Container,0.381,0.381,25.4,servo-hydraulic,1,Slow Cyclic disp controlled Lateral Loading,pin and slider to apply pure lateral load ,Connect4.JPG,1.5_e_H50_0.11,29-Aug-12,6,3,184.4,35,0.0286,0.0000233,0.0286,Model,0.15,7777,1,None,Nevada Sand,0.15,81,9999,3,7777,7777,7777,7777,1680,7777,7777,7777,7777,7777,7777,7777,7777,7777,7777,7777,7777,7777,7777,7777,7777,7777,7777,7777,7777,7777,7777,7777,I-shaped,Aluminum,0.075,0.15,7777,0.026,0.017,50,0,0.032,0.032,3.07,Shear Wall,Test4.JPG,Aluminum,0.151,3.378,1.209,217.2,1842,2216.4,1804.7,MAHS1.pdf,8.48,7777,1.5,0.1203,82,7777,MAHS1.pdf,1D lateral loading,6,3,0.001125,5,MAHS-Test4-0.5.JPG,MAHS-Test4-0.50.txt,MAHS-Slide4.JPG,MAHS-FRT4_3.xls,M=V*Height+P*Delta,0.002899,0.017394,0.03174,0.0004984,0.009898,0.00203,-0.03147,-0.00977,At the point of zero shear,0.683,-0.031,-0.01,MAHS1.pdf,https://www.designsafe-ci.org/data/browser/public/nees.public/NEES-2009-0732.groups,No comment
22,"Hakhamaneshi, M., Kutter, B.L., (2016) ""Effect of footing shape and embedment  on the settlement, re-centering and energy dissiption of shallow footings subjected to rocking"", J. for Geotech. & Geoenv. Eng.",Bruce L. Kutter,"Sashi Kunnath, Tara  C. Hutchinson, Mark Aschheim",M.Hakhamaneshi,NSF-NEESR,MAHS-1,"UC Davis, Center for Geotechnical Modeling, 1m radius centrifuge",Centrifuge,Rigid Container,0.381,0.381,25.4,servo-hydraulic,1,Slow Cyclic disp controlled Lateral Loading,pin and slider to apply pure lateral load ,Connect4.JPG,1.5_e_H50_0.11,29-Aug-12,6,4,184.4,35,0.0286,0.0000233,0.0286,Model,0.15,7777,1,None,Nevada Sand,0.15,81,9999,3,7777,7777,7777,7777,1680,7777,7777,7777,7777,7777,7777,7777,7777,7777,7777,7777,7777,7777,7777,7777,7777,7777,7777,7777,7777,7777,7777,7777,I-shaped,Aluminum,0.075,0.15,7777,0.026,0.017,50,0,0.032,0.032,3.07,Shear Wall,Test4.JPG,Aluminum,0.151,3.378,1.209,217.2,1842,2216.4,1804.7,MAHS1.pdf,8.48,7777,1.5,0.1203,82,7777,MAHS1.pdf,1D lateral loading,6,3,0.00225,5,MAHS-Test4-1.JPG,MAHS-Test4-1.0.txt,MAHS-Slide4.JPG,MAHS-FRT4_4.xls,M=V*Height+P*Delta,0.006459,0.038754,0.056148,0.001138,0.006607,0.0008263,-0.01602,-0.01602,At the point of zero shear,0.956,-0.016,-0.016,MAHS1.pdf,https://www.designsafe-ci.org/data/browser/public/nees.public/NEES-2009-0732.groups,No comment
23,"Hakhamaneshi, M., Kutter, B.L., (2016) ""Effect of footing shape and embedment  on the settlement, re-centering and energy dissiption of shallow footings subjected to rocking"", J. for Geotech. & Geoenv. Eng.",Bruce L. Kutter,"Sashi Kunnath, Tara  C. Hutchinson, Mark Aschheim",M.Hakhamaneshi,NSF-NEESR,MAHS-1,"UC Davis, Center for Geotechnical Modeling, 1m radius centrifuge",Centrifuge,Rigid Container,0.381,0.381,25.4,servo-hydraulic,1,Slow Cyclic disp controlled Lateral Loading,pin and slider to apply pure lateral load ,Connect4.JPG,1.5_e_H50_0.11,29-Aug-12,6,5,184.4,35,0.0286,0.0000233,0.0286,Model,0.15,7777,1,None,Nevada Sand,0.15,81,9999,3,7777,7777,7777,7777,1680,7777,7777,7777,7777,7777,7777,7777,7777,7777,7777,7777,7777,7777,7777,7777,7777,7777,7777,7777,7777,7777,7777,7777,I-shaped,Aluminum,0.075,0.15,7777,0.026,0.017,50,0,0.032,0.032,3.07,Shear Wall,Test4.JPG,Aluminum,0.151,3.378,1.209,217.2,1842,2216.4,1804.7,MAHS1.pdf,8.48,7777,1.5,0.1203,82,7777,MAHS1.pdf,1D lateral loading,6,3,0.0045,5,MAHS-Test4-2.JPG,MAHS-Test4-2.0.txt,MAHS-Slide4.JPG,MAHS-FRT4_5.xls,M=V*Height+P*Delta,0.016,0.096,0.134754,0.002933,0.0141,0.002612,-0.1495,-0.13348,At the point of zero shear,1.049,-0.15,-0.133,MAHS1.pdf,https://www.designsafe-ci.org/data/browser/public/nees.public/NEES-2009-0732.groups,No comment
24,"Hakhamaneshi, M., Kutter, B.L., (2016) ""Effect of footing shape and embedment  on the settlement, re-centering and energy dissiption of shallow footings subjected to rocking"", J. for Geotech. & Geoenv. Eng.",Bruce L. Kutter,"Sashi Kunnath, Tara  C. Hutchinson, Mark Aschheim",M.Hakhamaneshi,NSF-NEESR,MAHS-1,"UC Davis, Center for Geotechnical Modeling, 1m radius centrifuge",Centrifuge,Rigid Container,0.381,0.381,25.4,servo-hydraulic,1,Slow Cyclic disp controlled Lateral Loading,pin and slider to apply pure lateral load ,Connect4.JPG,1.5_e_H50_0.11,29-Aug-12,6,6,184.4,35,0.0286,0.0000233,0.0286,Model,0.15,7777,1,None,Nevada Sand,0.15,81,9999,3,7777,7777,7777,7777,1680,7777,7777,7777,7777,7777,7777,7777,7777,7777,7777,7777,7777,7777,7777,7777,7777,7777,7777,7777,7777,7777,7777,7777,I-shaped,Aluminum,0.075,0.15,7777,0.026,0.017,50,0,0.032,0.032,3.07,Shear Wall,Test4.JPG,Aluminum,0.151,3.378,1.209,217.2,1842,2216.4,1804.7,MAHS1.pdf,8.48,7777,1.5,0.1203,82,7777,MAHS1.pdf,1D lateral loading,6,3,0.009,5,MAHS-Test4-4.JPG,MAHS-Test4-4.0.txt,MAHS-Slide4.JPG,MAHS-FRT4_6.xls,M=V*Height+P*Delta,0.037,0.222,0.318,0.008495,0.005394,0.012,-1.428,-1.2785,At the point of zero shear,1.079,-1.428,-1.279,MAHS1.pdf,https://www.designsafe-ci.org/data/browser/public/nees.public/NEES-2009-0732.groups,No comment
25,"Hakhamaneshi, M., Kutter, B.L., (2016) ""Effect of footing shape and embedment  on the settlement, re-centering and energy dissiption of shallow footings subjected to rocking"", J. for Geotech. & Geoenv. Eng.",Bruce L. Kutter,"Sashi Kunnath, Tara  C. Hutchinson, Mark Aschheim",M.Hakhamaneshi,NSF-NEESR,MAHS-1,"UC Davis, Center for Geotechnical Modeling, 1m radius centrifuge",Centrifuge,Rigid Container,0.381,0.381,25.4,servo-hydraulic,1,Slow Cyclic disp controlled Lateral Loading,pin and slider to apply pure lateral load ,Connect5.JPG,1.5_e_H50_0.17,8-Nov-12,6,1,184.1,35,0.0286,0.0000233,0.0286,Model,0.15,7777,1,None,Nevada Sand,0.15,82,9999,4,7777,7777,7777,7777,1685,7777,7777,7777,7777,7777,7777,7777,7777,7777,7777,7777,7777,7777,7777,7777,7777,7777,7777,7777,7777,7777,7777,7777,I-shaped,Aluminum,0.075,0.15,7777,0.0195,0.025,50,0,0.032,0.032,3.08,Shear Wall,Test5.JPG,Aluminum,0.15,3.449,1.209,212.1,1863,2020.1,1671.6,MAHS1.pdf,8.78,7777,1.5,0.1268,78,7777,MAHS1.pdf,1D lateral loading,6,3,0.00023,5,MAHS-Test5-0.1.JPG,MAHS-Test5-0.1.txt,MAHS-Slide5.JPG,MAHS-FRT5_1.xls,M=V*Height+P*Delta,0.002026,0.012156,0.012156,0.00002812,0.1188,0.025,0.01203,0.01203,At the point of zero shear,0.399,0.012,0.012,MAHS1.pdf,https://www.designsafe-ci.org/data/browser/public/nees.public/NEES-2009-0732.groups,No comment
26,"Hakhamaneshi, M., Kutter, B.L., (2016) ""Effect of footing shape and embedment  on the settlement, re-centering and energy dissiption of shallow footings subjected to rocking"", J. for Geotech. & Geoenv. Eng.",Bruce L. Kutter,"Sashi Kunnath, Tara  C. Hutchinson, Mark Aschheim",M.Hakhamaneshi,NSF-NEESR,MAHS-1,"UC Davis, Center for Geotechnical Modeling, 1m radius centrifuge",Centrifuge,Rigid Container,0.381,0.381,25.4,servo-hydraulic,1,Slow Cyclic disp controlled Lateral Loading,pin and slider to apply pure lateral load ,Connect5.JPG,1.5_e_H50_0.17,8-Nov-12,6,2,184.1,35,0.0286,0.0000233,0.0286,Model,0.15,7777,1,None,Nevada Sand,0.15,82,9999,4,7777,7777,7777,7777,1685,7777,7777,7777,7777,7777,7777,7777,7777,7777,7777,7777,7777,7777,7777,7777,7777,7777,7777,7777,7777,7777,7777,7777,I-shaped,Aluminum,0.075,0.15,7777,0.0195,0.025,50,0,0.032,0.032,3.08,Shear Wall,Test5.JPG,Aluminum,0.15,3.449,1.209,212.1,1863,2020.1,1671.6,MAHS1.pdf,8.78,7777,1.5,0.1268,78,7777,MAHS1.pdf,1D lateral loading,6,3,0.000563,5,MAHS-Test5-0.25.JPG,MAHS-Test5-0.25.txt,MAHS-Slide5.JPG,MAHS-FRT5_2.xls,M=V*Height+P*Delta,0.002407,0.014442,0.026598,0.0002006,0.08667,0.00731,0.07583,0.0638,At the point of zero shear,0.787,0.076,0.064,MAHS1.pdf,https://www.designsafe-ci.org/data/browser/public/nees.public/NEES-2009-0732.groups,No comment
27,"Hakhamaneshi, M., Kutter, B.L., (2016) ""Effect of footing shape and embedment  on the settlement, re-centering and energy dissiption of shallow footings subjected to rocking"", J. for Geotech. & Geoenv. Eng.",Bruce L. Kutter,"Sashi Kunnath, Tara  C. Hutchinson, Mark Aschheim",M.Hakhamaneshi,NSF-NEESR,MAHS-1,"UC Davis, Center for Geotechnical Modeling, 1m radius centrifuge",Centrifuge,Rigid Container,0.381,0.381,25.4,servo-hydraulic,1,Slow Cyclic disp controlled Lateral Loading,pin and slider to apply pure lateral load ,Connect5.JPG,1.5_e_H50_0.17,8-Nov-12,6,3,184.1,35,0.0286,0.0000233,0.0286,Model,0.15,7777,1,None,Nevada Sand,0.15,82,9999,4,7777,7777,7777,7777,1685,7777,7777,7777,7777,7777,7777,7777,7777,7777,7777,7777,7777,7777,7777,7777,7777,7777,7777,7777,7777,7777,7777,7777,I-shaped,Aluminum,0.075,0.15,7777,0.0195,0.025,50,0,0.032,0.032,3.08,Shear Wall,Test5.JPG,Aluminum,0.15,3.449,1.209,212.1,1863,2020.1,1671.6,MAHS1.pdf,8.78,7777,1.5,0.1268,78,7777,MAHS1.pdf,1D lateral loading,6,3,0.00113,5,MAHS-Test5-0.5.JPG,MAHS-Test5-0.50.txt,MAHS-Slide5.JPG,MAHS-FRT5_3.xls,M=V*Height+P*Delta,0.005204,0.031224,0.045666,0.0009926,0.1036,0.043,0.1711,0.09527,At the point of zero shear,0.921,0.171,0.095,MAHS1.pdf,https://www.designsafe-ci.org/data/browser/public/nees.public/NEES-2009-0732.groups,No comment
28,"Hakhamaneshi, M., Kutter, B.L., (2016) ""Effect of footing shape and embedment  on the settlement, re-centering and energy dissiption of shallow footings subjected to rocking"", J. for Geotech. & Geoenv. Eng.",Bruce L. Kutter,"Sashi Kunnath, Tara  C. Hutchinson, Mark Aschheim",M.Hakhamaneshi,NSF-NEESR,MAHS-1,"UC Davis, Center for Geotechnical Modeling, 1m radius centrifuge",Centrifuge,Rigid Container,0.381,0.381,25.4,servo-hydraulic,1,Slow Cyclic disp controlled Lateral Loading,pin and slider to apply pure lateral load ,Connect5.JPG,1.5_e_H50_0.17,8-Nov-12,6,4,184.1,35,0.0286,0.0000233,0.0286,Model,0.15,7777,1,None,Nevada Sand,0.15,82,9999,4,7777,7777,7777,7777,1685,7777,7777,7777,7777,7777,7777,7777,7777,7777,7777,7777,7777,7777,7777,7777,7777,7777,7777,7777,7777,7777,7777,7777,I-shaped,Aluminum,0.075,0.15,7777,0.0195,0.025,50,0,0.032,0.032,3.08,Shear Wall,Test5.JPG,Aluminum,0.15,3.449,1.209,212.1,1863,2020.1,1671.6,MAHS1.pdf,8.78,7777,1.5,0.1268,78,7777,MAHS1.pdf,1D lateral loading,6,3,0.0023,5,MAHS-Test5-1.JPG,MAHS-Test5-1.0.txt,MAHS-Slide5.JPG,MAHS-FRT5_4.xls,M=V*Height+P*Delta,0.011,0.066,0.097224,0.002224,0.1426,0.02,0.2743,0.2743,At the point of zero shear,1.024,0.274,0.274,MAHS1.pdf,https://www.designsafe-ci.org/data/browser/public/nees.public/NEES-2009-0732.groups,No comment
29,"Hakhamaneshi, M., Kutter, B.L., (2016) ""Effect of footing shape and embedment  on the settlement, re-centering and energy dissiption of shallow footings subjected to rocking"", J. for Geotech. & Geoenv. Eng.",Bruce L. Kutter,"Sashi Kunnath, Tara  C. Hutchinson, Mark Aschheim",M.Hakhamaneshi,NSF-NEESR,MAHS-1,"UC Davis, Center for Geotechnical Modeling, 1m radius centrifuge",Centrifuge,Rigid Container,0.381,0.381,25.4,servo-hydraulic,1,Slow Cyclic disp controlled Lateral Loading,pin and slider to apply pure lateral load ,Connect5.JPG,1.5_e_H50_0.17,8-Nov-12,6,5,184.1,35,0.0286,0.0000233,0.0286,Model,0.15,7777,1,None,Nevada Sand,0.15,82,9999,4,7777,7777,7777,7777,1685,7777,7777,7777,7777,7777,7777,7777,7777,7777,7777,7777,7777,7777,7777,7777,7777,7777,7777,7777,7777,7777,7777,7777,I-shaped,Aluminum,0.075,0.15,7777,0.0195,0.025,50,0,0.032,0.032,3.08,Shear Wall,Test5.JPG,Aluminum,0.15,3.449,1.209,212.1,1863,2020.1,1671.6,MAHS1.pdf,8.78,7777,1.5,0.1268,78,7777,MAHS1.pdf,1D lateral loading,6,3,0.0046,5,MAHS-Test5-2.JPG,MAHS-Test5-2.0.txt,MAHS-Slide5.JPG,MAHS-FRT5_5.xls,M=V*Height+P*Delta,0.023,0.138,0.204,0.005628,0.5726,0.352,0.05503,-0.21927,At the point of zero shear,1.079,0.055,-0.219,MAHS1.pdf,https://www.designsafe-ci.org/data/browser/public/nees.public/NEES-2009-0732.groups,No comment
30,"Hakhamaneshi, M., Kutter, B.L., (2016) ""Effect of footing shape and embedment  on the settlement, re-centering and energy dissiption of shallow footings subjected to rocking"", J. for Geotech. & Geoenv. Eng.",Bruce L. Kutter,"Sashi Kunnath, Tara  C. Hutchinson, Mark Aschheim",M.Hakhamaneshi,NSF-NEESR,MAHS-1,"UC Davis, Center for Geotechnical Modeling, 1m radius centrifuge",Centrifuge,Rigid Container,0.381,0.381,25.4,servo-hydraulic,1,Slow Cyclic disp controlled Lateral Loading,pin and slider to apply pure lateral load ,Connect5.JPG,1.5_e_H50_0.17,8-Nov-12,6,6,184.1,35,0.0286,0.0000233,0.0286,Model,0.15,7777,1,None,Nevada Sand,0.15,82,9999,4,7777,7777,7777,7777,1685,7777,7777,7777,7777,7777,7777,7777,7777,7777,7777,7777,7777,7777,7777,7777,7777,7777,7777,7777,7777,7777,7777,7777,I-shaped,Aluminum,0.075,0.15,7777,0.0195,0.025,50,0,0.032,0.032,3.08,Shear Wall,Test5.JPG,Aluminum,0.15,3.449,1.209,212.1,1863,2020.1,1671.6,MAHS1.pdf,8.78,7777,1.5,0.1268,78,7777,MAHS1.pdf,1D lateral loading,6,3,0.0092,5,MAHS-Test5-4.JPG,MAHS-Test5-4.0.txt,MAHS-Slide5.JPG,MAHS-FRT5_6.xls,M=V*Height+P*Delta,0.052,0.312,0.45,0.018,2.288,1.873,-1.409,-1.46403,At the point of zero shear,1.083,-1.409,-1.464,MAHS1.pdf,https://www.designsafe-ci.org/data/browser/public/nees.public/NEES-2009-0732.groups,No comment
31,"Hakhamaneshi, M., Kutter, B.L., (2016) ""Effect of footing shape and embedment  on the settlement, re-centering and energy dissiption of shallow footings subjected to rocking"", J. for Geotech. & Geoenv. Eng.",Bruce L. Kutter,"Sashi Kunnath, Tara  C. Hutchinson, Mark Aschheim",M.Hakhamaneshi,NSF-NEESR,MAHS-1,"UC Davis, Center for Geotechnical Modeling, 1m radius centrifuge",Centrifuge,Rigid Container,0.381,0.381,25.4,servo-hydraulic,1,Slow Cyclic disp controlled Lateral Loading,pin and slider to apply pure lateral load ,Connect6.JPG,1.5_e_H35_0.13,2-Nov-12,6,1,184.3,35,0.0286,0.0000233,0.0286,Model,0.15,7777,1,None,Nevada Sand,0.15,81,9999,4,7777,7777,7777,7777,1683,7777,7777,7777,7777,7777,7777,7777,7777,7777,7777,7777,7777,7777,7777,7777,7777,7777,7777,7777,7777,7777,7777,7777,I-shaped,Aluminum,0.075,0.15,7777,0.039,0.02,35,0,0.032,0.032,3.08,Shear Wall,Test6.JPG,Aluminum,0.122,4.473,1.535,210.6,1916,1931.8,1620.3,MAHS1.pdf,9.1,7777,1.5,0.1299,103,7777,MAHS1.pdf,1D lateral loading,6,3,0.00023,5,MAHS-Test6-0.1.JPG,MAHS-Test6-0.1.txt,MAHS-Slide6.JPG,MAHS-FRT6_1.xls,M=V*Height+P*Delta,0.001247,0.007482,0.007482,0.0001388,0.04191,0.004916,0.005665,0.00567,At the point of zero shear,0.308,0.006,0.006,MAHS1.pdf,https://www.designsafe-ci.org/data/browser/public/nees.public/NEES-2009-0732.groups,No comment
32,"Hakhamaneshi, M., Kutter, B.L., (2016) ""Effect of footing shape and embedment  on the settlement, re-centering and energy dissiption of shallow footings subjected to rocking"", J. for Geotech. & Geoenv. Eng.",Bruce L. Kutter,"Sashi Kunnath, Tara  C. Hutchinson, Mark Aschheim",M.Hakhamaneshi,NSF-NEESR,MAHS-1,"UC Davis, Center for Geotechnical Modeling, 1m radius centrifuge",Centrifuge,Rigid Container,0.381,0.381,25.4,servo-hydraulic,1,Slow Cyclic disp controlled Lateral Loading,pin and slider to apply pure lateral load ,Connect6.JPG,1.5_e_H35_0.13,2-Nov-12,6,2,184.3,35,0.0286,0.0000233,0.0286,Model,0.15,7777,1,None,Nevada Sand,0.15,81,9999,4,7777,7777,7777,7777,1683,7777,7777,7777,7777,7777,7777,7777,7777,7777,7777,7777,7777,7777,7777,7777,7777,7777,7777,7777,7777,7777,7777,7777,I-shaped,Aluminum,0.075,0.15,7777,0.039,0.02,35,0,0.032,0.032,3.08,Shear Wall,Test6.JPG,Aluminum,0.122,4.473,1.535,210.6,1916,1931.8,1620.3,MAHS1.pdf,9.1,7777,1.5,0.1299,103,7777,MAHS1.pdf,1D lateral loading,6,3,0.000563,5,MAHS-Test6-0.25.JPG,MAHS-Test6-0.25.txt,MAHS-Slide6.JPG,MAHS-FRT6_2.xls,M=V*Height+P*Delta,0.001501,0.009006,0.016488,0.00022231,0.05115,0.007852,0.01521,0.00955,At the point of zero shear,0.426,0.015,0.01,MAHS1.pdf,https://www.designsafe-ci.org/data/browser/public/nees.public/NEES-2009-0732.groups,No comment
33,"Hakhamaneshi, M., Kutter, B.L., (2016) ""Effect of footing shape and embedment  on the settlement, re-centering and energy dissiption of shallow footings subjected to rocking"", J. for Geotech. & Geoenv. Eng.",Bruce L. Kutter,"Sashi Kunnath, Tara  C. Hutchinson, Mark Aschheim",M.Hakhamaneshi,NSF-NEESR,MAHS-1,"UC Davis, Center for Geotechnical Modeling, 1m radius centrifuge",Centrifuge,Rigid Container,0.381,0.381,25.4,servo-hydraulic,1,Slow Cyclic disp controlled Lateral Loading,pin and slider to apply pure lateral load ,Connect6.JPG,1.5_e_H35_0.13,2-Nov-12,6,3,184.3,35,0.0286,0.0000233,0.0286,Model,0.15,7777,1,None,Nevada Sand,0.15,81,9999,4,7777,7777,7777,7777,1683,7777,7777,7777,7777,7777,7777,7777,7777,7777,7777,7777,7777,7777,7777,7777,7777,7777,7777,7777,7777,7777,7777,7777,I-shaped,Aluminum,0.075,0.15,7777,0.039,0.02,35,0,0.032,0.032,3.08,Shear Wall,Test6.JPG,Aluminum,0.122,4.473,1.535,210.6,1916,1931.8,1620.3,MAHS1.pdf,9.1,7777,1.5,0.1299,103,7777,MAHS1.pdf,1D lateral loading,6,3,0.00113,5,MAHS-Test6-0.5.JPG,MAHS-Test6-0.50.txt,MAHS-Slide6.JPG,MAHS-FRT6_3.xls,M=V*Height+P*Delta,0.002009,0.012054,0.02106,0.0003319,0.06267,0.01,0.03323,0.01802,At the point of zero shear,0.492,0.033,0.018,MAHS1.pdf,https://www.designsafe-ci.org/data/browser/public/nees.public/NEES-2009-0732.groups,No comment
34,"Hakhamaneshi, M., Kutter, B.L., (2016) ""Effect of footing shape and embedment  on the settlement, re-centering and energy dissiption of shallow footings subjected to rocking"", J. for Geotech. & Geoenv. Eng.",Bruce L. Kutter,"Sashi Kunnath, Tara  C. Hutchinson, Mark Aschheim",M.Hakhamaneshi,NSF-NEESR,MAHS-1,"UC Davis, Center for Geotechnical Modeling, 1m radius centrifuge",Centrifuge,Rigid Container,0.381,0.381,25.4,servo-hydraulic,1,Slow Cyclic disp controlled Lateral Loading,pin and slider to apply pure lateral load ,Connect6.JPG,1.5_e_H35_0.13,2-Nov-12,6,4,184.3,35,0.0286,0.0000233,0.0286,Model,0.15,7777,1,None,Nevada Sand,0.15,81,9999,4,7777,7777,7777,7777,1683,7777,7777,7777,7777,7777,7777,7777,7777,7777,7777,7777,7777,7777,7777,7777,7777,7777,7777,7777,7777,7777,7777,7777,I-shaped,Aluminum,0.075,0.15,7777,0.039,0.02,35,0,0.032,0.032,3.08,Shear Wall,Test6.JPG,Aluminum,0.122,4.473,1.535,210.6,1916,1931.8,1620.3,MAHS1.pdf,9.1,7777,1.5,0.1299,103,7777,MAHS1.pdf,1D lateral loading,6,3,0.0023,5,MAHS-Test6-1.JPG,MAHS-Test6-1.0.txt,MAHS-Slide6.JPG,MAHS-FRT6_4.xls,M=V*Height+P*Delta,0.00506,0.03036,0.042414,0.0008899,0.1568,0.063,0.1156,0.1156,At the point of zero shear,0.894,0.116,0.116,MAHS1.pdf,https://www.designsafe-ci.org/data/browser/public/nees.public/NEES-2009-0732.groups,No comment
35,"Hakhamaneshi, M., Kutter, B.L., (2016) ""Effect of footing shape and embedment  on the settlement, re-centering and energy dissiption of shallow footings subjected to rocking"", J. for Geotech. & Geoenv. Eng.",Bruce L. Kutter,"Sashi Kunnath, Tara  C. Hutchinson, Mark Aschheim",M.Hakhamaneshi,NSF-NEESR,MAHS-1,"UC Davis, Center for Geotechnical Modeling, 1m radius centrifuge",Centrifuge,Rigid Container,0.381,0.381,25.4,servo-hydraulic,1,Slow Cyclic disp controlled Lateral Loading,pin and slider to apply pure lateral load ,Connect6.JPG,1.5_e_H35_0.13,2-Nov-12,6,5,184.3,35,0.0286,0.0000233,0.0286,Model,0.15,7777,1,None,Nevada Sand,0.15,81,9999,4,7777,7777,7777,7777,1683,7777,7777,7777,7777,7777,7777,7777,7777,7777,7777,7777,7777,7777,7777,7777,7777,7777,7777,7777,7777,7777,7777,7777,I-shaped,Aluminum,0.075,0.15,7777,0.039,0.02,35,0,0.032,0.032,3.08,Shear Wall,Test6.JPG,Aluminum,0.122,4.473,1.535,210.6,1916,1931.8,1620.3,MAHS1.pdf,9.1,7777,1.5,0.1299,103,7777,MAHS1.pdf,1D lateral loading,6,3,0.0046,5,MAHS-Test6-2.JPG,MAHS-Test6-2.0.txt,MAHS-Slide6.JPG,MAHS-FRT6_5.xls,M=V*Height+P*Delta,0.015,0.09,0.12036,0.00286,0.1876,0.022,0.1712,0.0556,At the point of zero shear,1.134,0.171,0.056,MAHS1.pdf,https://www.designsafe-ci.org/data/browser/public/nees.public/NEES-2009-0732.groups,No comment
36,"Hakhamaneshi, M., Kutter, B.L., (2016) ""Effect of footing shape and embedment  on the settlement, re-centering and energy dissiption of shallow footings subjected to rocking"", J. for Geotech. & Geoenv. Eng.",Bruce L. Kutter,"Sashi Kunnath, Tara  C. Hutchinson, Mark Aschheim",M.Hakhamaneshi,NSF-NEESR,MAHS-1,"UC Davis, Center for Geotechnical Modeling, 1m radius centrifuge",Centrifuge,Rigid Container,0.381,0.381,25.4,servo-hydraulic,1,Slow Cyclic disp controlled Lateral Loading,pin and slider to apply pure lateral load ,Connect6.JPG,1.5_e_H35_0.13,2-Nov-12,6,6,184.3,35,0.0286,0.0000233,0.0286,Model,0.15,7777,1,None,Nevada Sand,0.15,81,9999,4,7777,7777,7777,7777,1683,7777,7777,7777,7777,7777,7777,7777,7777,7777,7777,7777,7777,7777,7777,7777,7777,7777,7777,7777,7777,7777,7777,7777,I-shaped,Aluminum,0.075,0.15,7777,0.039,0.02,35,0,0.032,0.032,3.08,Shear Wall,Test6.JPG,Aluminum,0.122,4.473,1.535,210.6,1916,1931.8,1620.3,MAHS1.pdf,9.1,7777,1.5,0.1299,103,7777,MAHS1.pdf,1D lateral loading,6,3,0.0092,5,MAHS-Test6-4.JPG,MAHS-Test6-4.0.txt,MAHS-Slide6.JPG,MAHS-FRT6_6.xls,M=V*Height+P*Delta,0.036,0.216,0.306,0.011,0.5425,0.031,-0.4526,-0.6238,At the point of zero shear,1.203,-0.453,-0.624,MAHS1.pdf,https://www.designsafe-ci.org/data/browser/public/nees.public/NEES-2009-0732.groups,No comment
37,"Hakhamaneshi, M., Kutter, B.L., (2016) ""Effect of footing shape and embedment  on the settlement, re-centering and energy dissiption of shallow footings subjected to rocking"", J. for Geotech. & Geoenv. Eng.",Bruce L. Kutter,"Sashi Kunnath, Tara  C. Hutchinson, Mark Aschheim",M.Hakhamaneshi,NSF-NEESR,MAHS-1,"UC Davis, Center for Geotechnical Modeling, 1m radius centrifuge",Centrifuge,Rigid Container,0.381,0.381,25.4,servo-hydraulic,1,Slow Cyclic disp controlled Lateral Loading,pin and slider to apply pure lateral load ,Connect7.JPG,1.5_e_H35_0.26,6-Nov-12,6,1,183.9,35,0.0286,0.0000233,0.0286,Model,0.15,7777,1,None,Nevada Sand,0.15,80,9999,3,7777,7777,7777,7777,1676,7777,7777,7777,7777,7777,7777,7777,7777,7777,7777,7777,7777,7777,7777,7777,7777,7777,7777,7777,7777,7777,7777,7777,I-shaped,Aluminum,0.075,0.15,7777,0.02,0.039,35,0,0.032,0.032,3.06,Shear Wall,Test7.JPG,Aluminum,0.122,4.473,1.535,210.6,2011,1931.8,1632.9,MAHS1.pdf,9.55,7777,1.5,0.1289,103,7777,MAHS1.pdf,1D lateral loading,6,3,0.00023,5,MAHS-Test7-0.1.JPG,MAHS-Test7-0.1.txt,MAHS-Slide7.JPG,MAHS-FRT7_1.xls,M=V*Height+P*Delta,0.00123,0.00738,0.00738,0.00005008,0.04712,0.01,0.019,0.019,At the point of zero shear,0.341,0.019,0.019,MAHS1.pdf,https://www.designsafe-ci.org/data/browser/public/nees.public/NEES-2009-0732.groups,No comment
38,"Hakhamaneshi, M., Kutter, B.L., (2016) ""Effect of footing shape and embedment  on the settlement, re-centering and energy dissiption of shallow footings subjected to rocking"", J. for Geotech. & Geoenv. Eng.",Bruce L. Kutter,"Sashi Kunnath, Tara  C. Hutchinson, Mark Aschheim",M.Hakhamaneshi,NSF-NEESR,MAHS-1,"UC Davis, Center for Geotechnical Modeling, 1m radius centrifuge",Centrifuge,Rigid Container,0.381,0.381,25.4,servo-hydraulic,1,Slow Cyclic disp controlled Lateral Loading,pin and slider to apply pure lateral load ,Connect7.JPG,1.5_e_H35_0.26,6-Nov-12,6,2,183.9,35,0.0286,0.0000233,0.0286,Model,0.15,7777,1,None,Nevada Sand,0.15,80,9999,3,7777,7777,7777,7777,1676,7777,7777,7777,7777,7777,7777,7777,7777,7777,7777,7777,7777,7777,7777,7777,7777,7777,7777,7777,7777,7777,7777,7777,I-shaped,Aluminum,0.075,0.15,7777,0.02,0.039,35,0,0.032,0.032,3.06,Shear Wall,Test7.JPG,Aluminum,0.122,4.473,1.535,210.6,2011,1931.8,1632.9,MAHS1.pdf,9.55,7777,1.5,0.1289,103,7777,MAHS1.pdf,1D lateral loading,6,3,0.000563,5,MAHS-Test7-0.25.JPG,MAHS-Test7-0.25.txt,MAHS-Slide7.JPG,MAHS-FRT7_2.xls,M=V*Height+P*Delta,0.001993,0.011958,0.019338,0.0001681,0.1276,0.012,0.07046,0.05146,At the point of zero shear,0.713,0.07,0.051,MAHS1.pdf,https://www.designsafe-ci.org/data/browser/public/nees.public/NEES-2009-0732.groups,No comment
39,"Hakhamaneshi, M., Kutter, B.L., (2016) ""Effect of footing shape and embedment  on the settlement, re-centering and energy dissiption of shallow footings subjected to rocking"", J. for Geotech. & Geoenv. Eng.",Bruce L. Kutter,"Sashi Kunnath, Tara  C. Hutchinson, Mark Aschheim",M.Hakhamaneshi,NSF-NEESR,MAHS-1,"UC Davis, Center for Geotechnical Modeling, 1m radius centrifuge",Centrifuge,Rigid Container,0.381,0.381,25.4,servo-hydraulic,1,Slow Cyclic disp controlled Lateral Loading,pin and slider to apply pure lateral load ,Connect7.JPG,1.5_e_H35_0.26,6-Nov-12,6,3,183.9,35,0.0286,0.0000233,0.0286,Model,0.15,7777,1,None,Nevada Sand,0.15,80,9999,3,7777,7777,7777,7777,1676,7777,7777,7777,7777,7777,7777,7777,7777,7777,7777,7777,7777,7777,7777,7777,7777,7777,7777,7777,7777,7777,7777,7777,I-shaped,Aluminum,0.075,0.15,7777,0.02,0.039,35,0,0.032,0.032,3.06,Shear Wall,Test7.JPG,Aluminum,0.122,4.473,1.535,210.6,2011,1931.8,1632.9,MAHS1.pdf,9.55,7777,1.5,0.1289,103,7777,MAHS1.pdf,1D lateral loading,6,3,0.00113,5,MAHS-Test7-0.5.JPG,MAHS-Test7-0.50.txt,MAHS-Slide7.JPG,MAHS-FRT7_3.xls,M=V*Height+P*Delta,0.004535,0.02721,0.039168,0.00046747,0.1181,0.021,0.1667,0.09624,At the point of zero shear,0.902,0.167,0.096,MAHS1.pdf,https://www.designsafe-ci.org/data/browser/public/nees.public/NEES-2009-0732.groups,No comment
40,"Hakhamaneshi, M., Kutter, B.L., (2016) ""Effect of footing shape and embedment  on the settlement, re-centering and energy dissiption of shallow footings subjected to rocking"", J. for Geotech. & Geoenv. Eng.",Bruce L. Kutter,"Sashi Kunnath, Tara  C. Hutchinson, Mark Aschheim",M.Hakhamaneshi,NSF-NEESR,MAHS-1,"UC Davis, Center for Geotechnical Modeling, 1m radius centrifuge",Centrifuge,Rigid Container,0.381,0.381,25.4,servo-hydraulic,1,Slow Cyclic disp controlled Lateral Loading,pin and slider to apply pure lateral load ,Connect7.JPG,1.5_e_H35_0.26,6-Nov-12,6,4,183.9,35,0.0286,0.0000233,0.0286,Model,0.15,7777,1,None,Nevada Sand,0.15,80,9999,3,7777,7777,7777,7777,1676,7777,7777,7777,7777,7777,7777,7777,7777,7777,7777,7777,7777,7777,7777,7777,7777,7777,7777,7777,7777,7777,7777,7777,I-shaped,Aluminum,0.075,0.15,7777,0.02,0.039,35,0,0.032,0.032,3.06,Shear Wall,Test7.JPG,Aluminum,0.122,4.473,1.535,210.6,2011,1931.8,1632.9,MAHS1.pdf,9.55,7777,1.5,0.1289,103,7777,MAHS1.pdf,1D lateral loading,6,3,0.0023,5,MAHS-Test7-1.JPG,MAHS-Test7-1.0.txt,MAHS-Slide7.JPG,MAHS-FRT7_4.xls,M=V*Height+P*Delta,0.01,0.06,0.08721,0.001652,0.1285,0.022,0.0132,0.0132,At the point of zero shear,1.032,0.013,0.013,MAHS1.pdf,https://www.designsafe-ci.org/data/browser/public/nees.public/NEES-2009-0732.groups,No comment
41,"Hakhamaneshi, M., Kutter, B.L., (2016) ""Effect of footing shape and embedment  on the settlement, re-centering and energy dissiption of shallow footings subjected to rocking"", J. for Geotech. & Geoenv. Eng.",Bruce L. Kutter,"Sashi Kunnath, Tara  C. Hutchinson, Mark Aschheim",M.Hakhamaneshi,NSF-NEESR,MAHS-1,"UC Davis, Center for Geotechnical Modeling, 1m radius centrifuge",Centrifuge,Rigid Container,0.381,0.381,25.4,servo-hydraulic,1,Slow Cyclic disp controlled Lateral Loading,pin and slider to apply pure lateral load ,Connect7.JPG,1.5_e_H35_0.26,6-Nov-12,6,5,183.9,35,0.0286,0.0000233,0.0286,Model,0.15,7777,1,None,Nevada Sand,0.15,80,9999,3,7777,7777,7777,7777,1676,7777,7777,7777,7777,7777,7777,7777,7777,7777,7777,7777,7777,7777,7777,7777,7777,7777,7777,7777,7777,7777,7777,7777,I-shaped,Aluminum,0.075,0.15,7777,0.02,0.039,35,0,0.032,0.032,3.06,Shear Wall,Test7.JPG,Aluminum,0.122,4.473,1.535,210.6,2011,1931.8,1632.9,MAHS1.pdf,9.55,7777,1.5,0.1289,103,7777,MAHS1.pdf,1D lateral loading,6,3,0.0046,5,MAHS-Test7-2.JPG,MAHS-Test7-2.0.txt,MAHS-Slide7.JPG,MAHS-FRT7_5.xls,M=V*Height+P*Delta,0.022,0.132,0.192,0.004594,0.384,0.114,-0.07125,-0.08445,At the point of zero shear,1.099,-0.071,-0.084,MAHS1.pdf,https://www.designsafe-ci.org/data/browser/public/nees.public/NEES-2009-0732.groups,No comment
42,"Hakhamaneshi, M., Kutter, B.L., (2016) ""Effect of footing shape and embedment  on the settlement, re-centering and energy dissiption of shallow footings subjected to rocking"", J. for Geotech. & Geoenv. Eng.",Bruce L. Kutter,"Sashi Kunnath, Tara  C. Hutchinson, Mark Aschheim",M.Hakhamaneshi,NSF-NEESR,MAHS-1,"UC Davis, Center for Geotechnical Modeling, 1m radius centrifuge",Centrifuge,Rigid Container,0.381,0.381,25.4,servo-hydraulic,1,Slow Cyclic disp controlled Lateral Loading,pin and slider to apply pure lateral load ,Connect7.JPG,1.5_e_H35_0.26,6-Nov-12,6,6,183.9,35,0.0286,0.0000233,0.0286,Model,0.15,7777,1,None,Nevada Sand,0.15,80,9999,3,7777,7777,7777,7777,1676,7777,7777,7777,7777,7777,7777,7777,7777,7777,7777,7777,7777,7777,7777,7777,7777,7777,7777,7777,7777,7777,7777,7777,I-shaped,Aluminum,0.075,0.15,7777,0.02,0.039,35,0,0.032,0.032,3.06,Shear Wall,Test7.JPG,Aluminum,0.122,4.473,1.535,210.6,2011,1931.8,1632.9,MAHS1.pdf,9.55,7777,1.5,0.1289,103,7777,MAHS1.pdf,1D lateral loading,6,3,0.0092,5,MAHS-Test7-4.JPG,MAHS-Test7-4.0.txt,MAHS-Slide7.JPG,MAHS-FRT7_6.xls,M=V*Height+P*Delta,0.05,0.3,0.432,0.008879,1.8,1.484,-1.3,-1.22875,At the point of zero shear,1.136,-1.3,-1.229,MAHS1.pdf,https://www.designsafe-ci.org/data/browser/public/nees.public/NEES-2009-0732.groups,No comment
43,"Hakhamaneshi, M., Kutter, B.L., (2016) ""Effect of footing shape and embedment  on the settlement, re-centering and energy dissiption of shallow footings subjected to rocking"", J. for Geotech. & Geoenv. Eng.",Bruce L. Kutter,"Sashi Kunnath, Tara  C. Hutchinson, Mark Aschheim",M.Hakhamaneshi,NSF-NEESR,MAHS-1,"UC Davis, Center for Geotechnical Modeling, 1m radius centrifuge",Centrifuge,Rigid Container,0.381,0.381,25.4,servo-hydraulic,1,Slow Cyclic disp controlled Lateral Loading,pin and slider to apply pure lateral load ,Connect8.JPG,1.5_e_H65_0.09,28-Nov-12,6,1,184.1,35,0.0286,0.0000233,0.0286,Model,0.15,7777,1,None,Nevada Sand,0.15,82,9999,3,7777,7777,7777,7777,1684,7777,7777,7777,7777,7777,7777,7777,7777,7777,7777,7777,7777,7777,7777,7777,7777,7777,7777,7777,7777,7777,7777,7777,I-shaped,Aluminum,0.075,0.15,7777,0.016,0.013,65,0,0.032,0.032,3.08,Shear Wall,Test8.JPG,Aluminum,0.145,2.444,0.834,212,1819,2355.5,1878.3,MAHS1.pdf,8.58,7777,1.5,0.112,57,7777,MAHS1.pdf,1D lateral loading,6,3,0.000235,5,MAHS-Test8-0.1.JPG,MAHS-Test8-0.1.txt,MAHS-Slide8.JPG,MAHS-FRT8_1.xls,M=V*Height+P*Delta,0.001242,0.007452,0.007452,0.00003117,9999,9999,-0.003454,-0.00345,At the point of zero shear,0.505,-0.003,-0.003,MAHS1.pdf,https://www.designsafe-ci.org/data/browser/public/nees.public/NEES-2009-0732.groups,Sliding was not reported in this case.
44,"Hakhamaneshi, M., Kutter, B.L., (2016) ""Effect of footing shape and embedment  on the settlement, re-centering and energy dissiption of shallow footings subjected to rocking"", J. for Geotech. & Geoenv. Eng.",Bruce L. Kutter,"Sashi Kunnath, Tara  C. Hutchinson, Mark Aschheim",M.Hakhamaneshi,NSF-NEESR,MAHS-1,"UC Davis, Center for Geotechnical Modeling, 1m radius centrifuge",Centrifuge,Rigid Container,0.381,0.381,25.4,servo-hydraulic,1,Slow Cyclic disp controlled Lateral Loading,pin and slider to apply pure lateral load ,Connect8.JPG,1.5_e_H65_0.09,28-Nov-12,6,2,184.1,35,0.0286,0.0000233,0.0286,Model,0.15,7777,1,None,Nevada Sand,0.15,82,9999,3,7777,7777,7777,7777,1684,7777,7777,7777,7777,7777,7777,7777,7777,7777,7777,7777,7777,7777,7777,7777,7777,7777,7777,7777,7777,7777,7777,7777,I-shaped,Aluminum,0.075,0.15,7777,0.016,0.013,65,0,0.032,0.032,3.08,Shear Wall,Test8.JPG,Aluminum,0.145,2.444,0.834,212,1819,2355.5,1878.3,MAHS1.pdf,8.58,7777,1.5,0.112,57,7777,MAHS1.pdf,1D lateral loading,6,3,0.0005875,5,MAHS-Test8-0.25.JPG,MAHS-Test8-0.25.txt,MAHS-Slide8.JPG,MAHS-FRT8_2.xls,M=V*Height+P*Delta,0.002391,0.014346,0.021798,0.00009866,9999,9999,0.03114,0.03459,At the point of zero shear,0.801,0.031,0.035,MAHS1.pdf,https://www.designsafe-ci.org/data/browser/public/nees.public/NEES-2009-0732.groups,Sliding was not reported in this case.
45,"Hakhamaneshi, M., Kutter, B.L., (2016) ""Effect of footing shape and embedment  on the settlement, re-centering and energy dissiption of shallow footings subjected to rocking"", J. for Geotech. & Geoenv. Eng.",Bruce L. Kutter,"Sashi Kunnath, Tara  C. Hutchinson, Mark Aschheim",M.Hakhamaneshi,NSF-NEESR,MAHS-1,"UC Davis, Center for Geotechnical Modeling, 1m radius centrifuge",Centrifuge,Rigid Container,0.381,0.381,25.4,servo-hydraulic,1,Slow Cyclic disp controlled Lateral Loading,pin and slider to apply pure lateral load ,Connect8.JPG,1.5_e_H65_0.09,28-Nov-12,6,3,184.1,35,0.0286,0.0000233,0.0286,Model,0.15,7777,1,None,Nevada Sand,0.15,82,9999,3,7777,7777,7777,7777,1684,7777,7777,7777,7777,7777,7777,7777,7777,7777,7777,7777,7777,7777,7777,7777,7777,7777,7777,7777,7777,7777,7777,7777,I-shaped,Aluminum,0.075,0.15,7777,0.016,0.013,65,0,0.032,0.032,3.08,Shear Wall,Test8.JPG,Aluminum,0.145,2.444,0.834,212,1819,2355.5,1878.3,MAHS1.pdf,8.58,7777,1.5,0.112,57,7777,MAHS1.pdf,1D lateral loading,6,3,0.001175,5,MAHS-Test8-0.5.JPG,MAHS-Test8-0.50.txt,MAHS-Slide8.JPG,MAHS-FRT8_3.xls,M=V*Height+P*Delta,0.0052,0.0312,0.045546,0.0007022,9999,9999,0.09428,0.06314,At the point of zero shear,0.917,0.094,0.063,MAHS1.pdf,https://www.designsafe-ci.org/data/browser/public/nees.public/NEES-2009-0732.groups,Sliding was not reported in this case.
46,"Hakhamaneshi, M., Kutter, B.L., (2016) ""Effect of footing shape and embedment  on the settlement, re-centering and energy dissiption of shallow footings subjected to rocking"", J. for Geotech. & Geoenv. Eng.",Bruce L. Kutter,"Sashi Kunnath, Tara  C. Hutchinson, Mark Aschheim",M.Hakhamaneshi,NSF-NEESR,MAHS-1,"UC Davis, Center for Geotechnical Modeling, 1m radius centrifuge",Centrifuge,Rigid Container,0.381,0.381,25.4,servo-hydraulic,1,Slow Cyclic disp controlled Lateral Loading,pin and slider to apply pure lateral load ,Connect8.JPG,1.5_e_H65_0.09,28-Nov-12,6,4,184.1,35,0.0286,0.0000233,0.0286,Model,0.15,7777,1,None,Nevada Sand,0.15,82,9999,3,7777,7777,7777,7777,1684,7777,7777,7777,7777,7777,7777,7777,7777,7777,7777,7777,7777,7777,7777,7777,7777,7777,7777,7777,7777,7777,7777,7777,I-shaped,Aluminum,0.075,0.15,7777,0.016,0.013,65,0,0.032,0.032,3.08,Shear Wall,Test8.JPG,Aluminum,0.145,2.444,0.834,212,1819,2355.5,1878.3,MAHS1.pdf,8.58,7777,1.5,0.112,57,7777,MAHS1.pdf,1D lateral loading,6,3,0.00235,5,MAHS-Test8-1.JPG,MAHS-Test8-1.0.txt,MAHS-Slide8.JPG,MAHS-FRT8_4.xls,M=V*Height+P*Delta,0.011,0.066,0.0972,0.001978,9999,9999,-0.008267,-0.00827,At the point of zero shear,1.033,-0.008,-0.008,MAHS1.pdf,https://www.designsafe-ci.org/data/browser/public/nees.public/NEES-2009-0732.groups,Sliding was not reported in this case.
47,"Hakhamaneshi, M., Kutter, B.L., (2016) ""Effect of footing shape and embedment  on the settlement, re-centering and energy dissiption of shallow footings subjected to rocking"", J. for Geotech. & Geoenv. Eng.",Bruce L. Kutter,"Sashi Kunnath, Tara  C. Hutchinson, Mark Aschheim",M.Hakhamaneshi,NSF-NEESR,MAHS-1,"UC Davis, Center for Geotechnical Modeling, 1m radius centrifuge",Centrifuge,Rigid Container,0.381,0.381,25.4,servo-hydraulic,1,Slow Cyclic disp controlled Lateral Loading,pin and slider to apply pure lateral load ,Connect8.JPG,1.5_e_H65_0.09,28-Nov-12,6,5,184.1,35,0.0286,0.0000233,0.0286,Model,0.15,7777,1,None,Nevada Sand,0.15,82,9999,3,7777,7777,7777,7777,1684,7777,7777,7777,7777,7777,7777,7777,7777,7777,7777,7777,7777,7777,7777,7777,7777,7777,7777,7777,7777,7777,7777,7777,I-shaped,Aluminum,0.075,0.15,7777,0.016,0.013,65,0,0.032,0.032,3.08,Shear Wall,Test8.JPG,Aluminum,0.145,2.444,0.834,212,1819,2355.5,1878.3,MAHS1.pdf,8.58,7777,1.5,0.112,57,7777,MAHS1.pdf,1D lateral loading,6,3,0.0047,5,MAHS-Test8-2.JPG,MAHS-Test8-2.0.txt,MAHS-Slide8.JPG,MAHS-FRT8_5.xls,M=V*Height+P*Delta,0.021,0.126,0.192,0.00555,9999,9999,-1.189,-1.18073,At the point of zero shear,1.07,-1.189,-1.181,MAHS1.pdf,https://www.designsafe-ci.org/data/browser/public/nees.public/NEES-2009-0732.groups,Sliding was not reported in this case.
48,"Hakhamaneshi, M., Kutter, B.L., (2016) ""Effect of footing shape and embedment  on the settlement, re-centering and energy dissiption of shallow footings subjected to rocking"", J. for Geotech. & Geoenv. Eng.",Bruce L. Kutter,"Sashi Kunnath, Tara  C. Hutchinson, Mark Aschheim",M.Hakhamaneshi,NSF-NEESR,MAHS-1,"UC Davis, Center for Geotechnical Modeling, 1m radius centrifuge",Centrifuge,Rigid Container,0.381,0.381,25.4,servo-hydraulic,1,Slow Cyclic disp controlled Lateral Loading,pin and slider to apply pure lateral load ,Connect8.JPG,1.5_e_H65_0.09,28-Nov-12,6,6,184.1,35,0.0286,0.0000233,0.0286,Model,0.15,7777,1,None,Nevada Sand,0.15,82,9999,3,7777,7777,7777,7777,1684,7777,7777,7777,7777,7777,7777,7777,7777,7777,7777,7777,7777,7777,7777,7777,7777,7777,7777,7777,7777,7777,7777,7777,I-shaped,Aluminum,0.075,0.15,7777,0.016,0.013,65,0,0.032,0.032,3.08,Shear Wall,Test8.JPG,Aluminum,0.145,2.444,0.834,212,1819,2355.5,1878.3,MAHS1.pdf,8.58,7777,1.5,0.112,57,7777,MAHS1.pdf,1D lateral loading,6,3,0.0094,5,MAHS-Test8-4.JPG,MAHS-Test8-4.0.txt,MAHS-Slide8.JPG,MAHS-FRT8_6.xls,M=V*Height+P*Delta,0.042,0.252,0.378,0.02,9999,9999,-5.588,-4.399,At the point of zero shear,1.078,-5.588,-4.399,MAHS1.pdf,https://www.designsafe-ci.org/data/browser/public/nees.public/NEES-2009-0732.groups,Sliding was not reported in this case.
49,"Hakhamaneshi, M., Kutter, B.L., (2016) ""Effect of footing shape and embedment  on the settlement, re-centering and energy dissiption of shallow footings subjected to rocking"", J. for Geotech. & Geoenv. Eng.",Bruce L. Kutter,"Sashi Kunnath, Tara  C. Hutchinson, Mark Aschheim",M.Hakhamaneshi,NSF-NEESR,MAHS-1,"UC Davis, Center for Geotechnical Modeling, 1m radius centrifuge",Centrifuge,Rigid Container,0.381,0.381,25.4,servo-hydraulic,1,Slow Cyclic disp controlled Lateral Loading,pin and slider to apply pure lateral load ,Connect9.JPG,2_s_R_1.55,6-Dec-12,6,1,184.1,35,0.0286,0.0000233,0.0286,Model,0.15,7777,1,None,Nevada Sand,0.15,82,9999,3,7777,7777,7777,7777,1683,7777,7777,7777,7777,7777,7777,7777,7777,7777,7777,7777,7777,7777,7777,7777,7777,7777,7777,7777,7777,7777,7777,7777,Rectangle,Aluminum,0.17,0.11,7777,7777,7777,0,0,0.032,0,0,Shear Wall,Test9.JPG,Steel,0.173,11.452,3.941,210.7,1738,843,807.7,MAHS1.pdf,8.24,7777,2,0.2609,163,7777,MAHS1.pdf,1D lateral loading,6,3,0.00023,5,MAHS-Test9-0.1.JPG,MAHS-Test9-0.1.txt,MAHS-Slide9.JPG,MAHS-FRT9_1.xls,M=V*Height+P*Delta,0.001312,0.007872,0.007872,0.0001932,0.06858,0.04,0.02672,0.02672,At the point of zero shear,0.323,0.027,0.027,MAHS1.pdf,https://www.designsafe-ci.org/data/browser/public/nees.public/NEES-2009-0732.groups,No comment
50,"Hakhamaneshi, M., Kutter, B.L., (2016) ""Effect of footing shape and embedment  on the settlement, re-centering and energy dissiption of shallow footings subjected to rocking"", J. for Geotech. & Geoenv. Eng.",Bruce L. Kutter,"Sashi Kunnath, Tara  C. Hutchinson, Mark Aschheim",M.Hakhamaneshi,NSF-NEESR,MAHS-1,"UC Davis, Center for Geotechnical Modeling, 1m radius centrifuge",Centrifuge,Rigid Container,0.381,0.381,25.4,servo-hydraulic,1,Slow Cyclic disp controlled Lateral Loading,pin and slider to apply pure lateral load ,Connect9.JPG,2_s_R_1.55,6-Dec-12,6,2,184.1,35,0.0286,0.0000233,0.0286,Model,0.15,7777,1,None,Nevada Sand,0.15,82,9999,3,7777,7777,7777,7777,1683,7777,7777,7777,7777,7777,7777,7777,7777,7777,7777,7777,7777,7777,7777,7777,7777,7777,7777,7777,7777,7777,7777,7777,Rectangle,Aluminum,0.17,0.11,7777,7777,7777,0,0,0.032,0,0,Shear Wall,Test9.JPG,Steel,0.173,11.452,3.941,210.7,1738,843,807.7,MAHS1.pdf,8.24,7777,2,0.2609,163,7777,MAHS1.pdf,1D lateral loading,6,3,0.000563,5,MAHS-Test9-0.25.JPG,MAHS-Test9-0.25.txt,MAHS-Slide9.JPG,MAHS-FRT9_2.xls,M=V*Height+P*Delta,0.001822,0.010932,0.018804,0.0003229,0.1373,0.042,0.08698,0.06026,At the point of zero shear,0.53,0.087,0.06,MAHS1.pdf,https://www.designsafe-ci.org/data/browser/public/nees.public/NEES-2009-0732.groups,No comment
51,"Hakhamaneshi, M., Kutter, B.L., (2016) ""Effect of footing shape and embedment  on the settlement, re-centering and energy dissiption of shallow footings subjected to rocking"", J. for Geotech. & Geoenv. Eng.",Bruce L. Kutter,"Sashi Kunnath, Tara  C. Hutchinson, Mark Aschheim",M.Hakhamaneshi,NSF-NEESR,MAHS-1,"UC Davis, Center for Geotechnical Modeling, 1m radius centrifuge",Centrifuge,Rigid Container,0.381,0.381,25.4,servo-hydraulic,1,Slow Cyclic disp controlled Lateral Loading,pin and slider to apply pure lateral load ,Connect9.JPG,2_s_R_1.55,6-Dec-12,6,3,184.1,35,0.0286,0.0000233,0.0286,Model,0.15,7777,1,None,Nevada Sand,0.15,82,9999,3,7777,7777,7777,7777,1683,7777,7777,7777,7777,7777,7777,7777,7777,7777,7777,7777,7777,7777,7777,7777,7777,7777,7777,7777,7777,7777,7777,7777,Rectangle,Aluminum,0.17,0.11,7777,7777,7777,0,0,0.032,0,0,Shear Wall,Test9.JPG,Steel,0.173,11.452,3.941,210.7,1738,843,807.7,MAHS1.pdf,8.24,7777,2,0.2609,163,7777,MAHS1.pdf,1D lateral loading,6,3,0.00113,5,MAHS-Test9-0.5.JPG,MAHS-Test9-0.50.txt,MAHS-Slide9.JPG,MAHS-FRT9_3.xls,M=V*Height+P*Delta,0.004504,0.027024,0.037956,0.001146,0.1935,0.174,0.2442,0.15722,At the point of zero shear,0.691,0.244,0.157,MAHS1.pdf,https://www.designsafe-ci.org/data/browser/public/nees.public/NEES-2009-0732.groups,No comment
52,"Hakhamaneshi, M., Kutter, B.L., (2016) ""Effect of footing shape and embedment  on the settlement, re-centering and energy dissiption of shallow footings subjected to rocking"", J. for Geotech. & Geoenv. Eng.",Bruce L. Kutter,"Sashi Kunnath, Tara  C. Hutchinson, Mark Aschheim",M.Hakhamaneshi,NSF-NEESR,MAHS-1,"UC Davis, Center for Geotechnical Modeling, 1m radius centrifuge",Centrifuge,Rigid Container,0.381,0.381,25.4,servo-hydraulic,1,Slow Cyclic disp controlled Lateral Loading,pin and slider to apply pure lateral load ,Connect9.JPG,2_s_R_1.55,6-Dec-12,6,4,184.1,35,0.0286,0.0000233,0.0286,Model,0.15,7777,1,None,Nevada Sand,0.15,82,9999,3,7777,7777,7777,7777,1683,7777,7777,7777,7777,7777,7777,7777,7777,7777,7777,7777,7777,7777,7777,7777,7777,7777,7777,7777,7777,7777,7777,7777,Rectangle,Aluminum,0.17,0.11,7777,7777,7777,0,0,0.032,0,0,Shear Wall,Test9.JPG,Steel,0.173,11.452,3.941,210.7,1738,843,807.7,MAHS1.pdf,8.24,7777,2,0.2609,163,7777,MAHS1.pdf,1D lateral loading,6,3,0.0023,5,MAHS-Test9-1.JPG,MAHS-Test9-1.0.txt,MAHS-Slide9.JPG,MAHS-FRT9_4.xls,M=V*Height+P*Delta,0.011,0.066,0.093024,0.002362,0.3607,0.317,0.4623,0.4623,At the point of zero shear,0.915,0.462,0.462,MAHS1.pdf,https://www.designsafe-ci.org/data/browser/public/nees.public/NEES-2009-0732.groups,No comment
53,"Hakhamaneshi, M., Kutter, B.L., (2016) ""Effect of footing shape and embedment  on the settlement, re-centering and energy dissiption of shallow footings subjected to rocking"", J. for Geotech. & Geoenv. Eng.",Bruce L. Kutter,"Sashi Kunnath, Tara  C. Hutchinson, Mark Aschheim",M.Hakhamaneshi,NSF-NEESR,MAHS-1,"UC Davis, Center for Geotechnical Modeling, 1m radius centrifuge",Centrifuge,Rigid Container,0.381,0.381,25.4,servo-hydraulic,1,Slow Cyclic disp controlled Lateral Loading,pin and slider to apply pure lateral load ,Connect9.JPG,2_s_R_1.55,6-Dec-12,6,5,184.1,35,0.0286,0.0000233,0.0286,Model,0.15,7777,1,None,Nevada Sand,0.15,82,9999,3,7777,7777,7777,7777,1683,7777,7777,7777,7777,7777,7777,7777,7777,7777,7777,7777,7777,7777,7777,7777,7777,7777,7777,7777,7777,7777,7777,7777,Rectangle,Aluminum,0.17,0.11,7777,7777,7777,0,0,0.032,0,0,Shear Wall,Test9.JPG,Steel,0.173,11.452,3.941,210.7,1738,843,807.7,MAHS1.pdf,8.24,7777,2,0.2609,163,7777,MAHS1.pdf,1D lateral loading,6,3,0.0046,5,MAHS-Test9-2.JPG,MAHS-Test9-2.0.txt,MAHS-Slide9.JPG,MAHS-FRT9_5.xls,M=V*Height+P*Delta,0.024,0.144,0.21,0.00426,0.6294,0.622,0.7431,0.2808,At the point of zero shear,1.031,0.743,0.281,MAHS1.pdf,https://www.designsafe-ci.org/data/browser/public/nees.public/NEES-2009-0732.groups,No comment
54,"Hakhamaneshi, M., Kutter, B.L., (2016) ""Effect of footing shape and embedment  on the settlement, re-centering and energy dissiption of shallow footings subjected to rocking"", J. for Geotech. & Geoenv. Eng.",Bruce L. Kutter,"Sashi Kunnath, Tara  C. Hutchinson, Mark Aschheim",M.Hakhamaneshi,NSF-NEESR,MAHS-1,"UC Davis, Center for Geotechnical Modeling, 1m radius centrifuge",Centrifuge,Rigid Container,0.381,0.381,25.4,servo-hydraulic,1,Slow Cyclic disp controlled Lateral Loading,pin and slider to apply pure lateral load ,Connect9.JPG,2_s_R_1.55,6-Dec-12,6,6,184.1,35,0.0286,0.0000233,0.0286,Model,0.15,7777,1,None,Nevada Sand,0.15,82,9999,3,7777,7777,7777,7777,1683,7777,7777,7777,7777,7777,7777,7777,7777,7777,7777,7777,7777,7777,7777,7777,7777,7777,7777,7777,7777,7777,7777,7777,Rectangle,Aluminum,0.17,0.11,7777,7777,7777,0,0,0.032,0,0,Shear Wall,Test9.JPG,Steel,0.173,11.452,3.941,210.7,1738,843,807.7,MAHS1.pdf,8.24,7777,2,0.2609,163,7777,MAHS1.pdf,1D lateral loading,6,3,0.0092,5,MAHS-Test9-4.JPG,MAHS-Test9-4.0.txt,MAHS-Slide9.JPG,MAHS-FRT9_6.xls,M=V*Height+P*Delta,0.048,0.288,0.432,0.008176,1.2815,1.007,1.125,0.3819,At the point of zero shear,1.112,1.125,0.382,MAHS1.pdf,https://www.designsafe-ci.org/data/browser/public/nees.public/NEES-2009-0732.groups,No comment
55,"Hakhamaneshi, M., Kutter, B.L., (2016) ""Effect of footing shape and embedment  on the settlement, re-centering and energy dissiption of shallow footings subjected to rocking"", J. for Geotech. & Geoenv. Eng.",Bruce L. Kutter,"Sashi Kunnath, Tara  C. Hutchinson, Mark Aschheim",M.Hakhamaneshi,NSF-NEESR,MAHS-1,"UC Davis, Center for Geotechnical Modeling, 1m radius centrifuge",Centrifuge,Rigid Container,0.381,0.381,25.4,servo-hydraulic,1,Slow Cyclic disp controlled Lateral Loading,pin and slider to apply pure lateral load ,Connect10.JPG,1.6_s_R_0.14,6-Dec-12,5,1,184.4,35,0.0286,0.0000233,0.0286,Model,0.15,7777,1,None,Nevada Sand,0.15,81,9999,3,7777,7777,7777,7777,1681,7777,7777,7777,7777,7777,7777,7777,7777,7777,7777,7777,7777,7777,7777,7777,7777,7777,7777,7777,7777,7777,7777,7777,Rectangle,Aluminum,0.03,0.21,7777,7777,7777,0,0,0.032,0,0,Shear Wall,Test10.JPG,Aluminum,0.143,3.859,1.341,212.9,846.4,913.5,791.7,MAHS1.pdf,3.97,7777,1.6,0.2688,108,7777,MAHS1.pdf,1D lateral loading,6,3,0.00075,5,MAHS-Test10-0.25.JPG,MAHS-Test10-0.25.txt,MAHS-Slide10.JPG,MAHS-FRT10_1.xls,M=V*Height+P*Delta,0.003192,0.019152,0.019152,0.00032121,0.2965,0.111,0.06616,0.06616,At the point of zero shear,0.882,0.066,0.066,MAHS1.pdf,https://www.designsafe-ci.org/data/browser/public/nees.public/NEES-2009-0732.groups,No comment
56,"Hakhamaneshi, M., Kutter, B.L., (2016) ""Effect of footing shape and embedment  on the settlement, re-centering and energy dissiption of shallow footings subjected to rocking"", J. for Geotech. & Geoenv. Eng.",Bruce L. Kutter,"Sashi Kunnath, Tara  C. Hutchinson, Mark Aschheim",M.Hakhamaneshi,NSF-NEESR,MAHS-1,"UC Davis, Center for Geotechnical Modeling, 1m radius centrifuge",Centrifuge,Rigid Container,0.381,0.381,25.4,servo-hydraulic,1,Slow Cyclic disp controlled Lateral Loading,pin and slider to apply pure lateral load ,Connect10.JPG,1.6_s_R_0.14,6-Dec-12,5,2,184.4,35,0.0286,0.0000233,0.0286,Model,0.15,7777,1,None,Nevada Sand,0.15,81,9999,3,7777,7777,7777,7777,1681,7777,7777,7777,7777,7777,7777,7777,7777,7777,7777,7777,7777,7777,7777,7777,7777,7777,7777,7777,7777,7777,7777,7777,Rectangle,Aluminum,0.03,0.21,7777,7777,7777,0,0,0.032,0,0,Shear Wall,Test10.JPG,Aluminum,0.143,3.859,1.341,212.9,846.4,913.5,791.7,MAHS1.pdf,3.97,7777,1.6,0.2688,108,7777,MAHS1.pdf,1D lateral loading,6,3,0.0015,5,MAHS-Test10-0.5.JPG,MAHS-Test10-0.50.txt,MAHS-Slide10.JPG,MAHS-FRT10_2.xls,M=V*Height+P*Delta,0.006001,0.036006,0.055158,0.0009641,0.762,0.406,0.163,0.09684,At the point of zero shear,0.903,0.163,0.097,MAHS1.pdf,https://www.designsafe-ci.org/data/browser/public/nees.public/NEES-2009-0732.groups,No comment
57,"Hakhamaneshi, M., Kutter, B.L., (2016) ""Effect of footing shape and embedment  on the settlement, re-centering and energy dissiption of shallow footings subjected to rocking"", J. for Geotech. & Geoenv. Eng.",Bruce L. Kutter,"Sashi Kunnath, Tara  C. Hutchinson, Mark Aschheim",M.Hakhamaneshi,NSF-NEESR,MAHS-1,"UC Davis, Center for Geotechnical Modeling, 1m radius centrifuge",Centrifuge,Rigid Container,0.381,0.381,25.4,servo-hydraulic,1,Slow Cyclic disp controlled Lateral Loading,pin and slider to apply pure lateral load ,Connect10.JPG,1.6_s_R_0.14,6-Dec-12,5,3,184.4,35,0.0286,0.0000233,0.0286,Model,0.15,7777,1,None,Nevada Sand,0.15,81,9999,3,7777,7777,7777,7777,1681,7777,7777,7777,7777,7777,7777,7777,7777,7777,7777,7777,7777,7777,7777,7777,7777,7777,7777,7777,7777,7777,7777,7777,Rectangle,Aluminum,0.03,0.21,7777,7777,7777,0,0,0.032,0,0,Shear Wall,Test10.JPG,Aluminum,0.143,3.859,1.341,212.9,846.4,913.5,791.7,MAHS1.pdf,3.97,7777,1.6,0.2688,108,7777,MAHS1.pdf,1D lateral loading,6,3,0.003,5,MAHS-Test10-1.JPG,MAHS-Test10-1.0.txt,MAHS-Slide10.JPG,MAHS-FRT10_3.xls,M=V*Height+P*Delta,0.011,0.066,0.102006,0.002098,1.1386,0.014,0.2695,0.1065,At the point of zero shear,1.024,0.27,0.107,MAHS1.pdf,https://www.designsafe-ci.org/data/browser/public/nees.public/NEES-2009-0732.groups,No comment
58,"Hakhamaneshi, M., Kutter, B.L., (2016) ""Effect of footing shape and embedment  on the settlement, re-centering and energy dissiption of shallow footings subjected to rocking"", J. for Geotech. & Geoenv. Eng.",Bruce L. Kutter,"Sashi Kunnath, Tara  C. Hutchinson, Mark Aschheim",M.Hakhamaneshi,NSF-NEESR,MAHS-1,"UC Davis, Center for Geotechnical Modeling, 1m radius centrifuge",Centrifuge,Rigid Container,0.381,0.381,25.4,servo-hydraulic,1,Slow Cyclic disp controlled Lateral Loading,pin and slider to apply pure lateral load ,Connect10.JPG,1.6_s_R_0.14,6-Dec-12,5,4,184.4,35,0.0286,0.0000233,0.0286,Model,0.15,7777,1,None,Nevada Sand,0.15,81,9999,3,7777,7777,7777,7777,1681,7777,7777,7777,7777,7777,7777,7777,7777,7777,7777,7777,7777,7777,7777,7777,7777,7777,7777,7777,7777,7777,7777,7777,Rectangle,Aluminum,0.03,0.21,7777,7777,7777,0,0,0.032,0,0,Shear Wall,Test10.JPG,Aluminum,0.143,3.859,1.341,212.9,846.4,913.5,791.7,MAHS1.pdf,3.97,7777,1.6,0.2688,108,7777,MAHS1.pdf,1D lateral loading,6,3,0.006,5,MAHS-Test10-2.JPG,MAHS-Test10-2.0.txt,MAHS-Slide10.JPG,MAHS-FRT10_4.xls,M=V*Height+P*Delta,0.021,0.126,0.192,0.00425,1.1758,0.032,0.4317,0.4317,At the point of zero shear,1.102,0.432,0.432,MAHS1.pdf,https://www.designsafe-ci.org/data/browser/public/nees.public/NEES-2009-0732.groups,No comment
59,"Hakhamaneshi, M., Kutter, B.L., (2016) ""Effect of footing shape and embedment  on the settlement, re-centering and energy dissiption of shallow footings subjected to rocking"", J. for Geotech. & Geoenv. Eng.",Bruce L. Kutter,"Sashi Kunnath, Tara  C. Hutchinson, Mark Aschheim",M.Hakhamaneshi,NSF-NEESR,MAHS-1,"UC Davis, Center for Geotechnical Modeling, 1m radius centrifuge",Centrifuge,Rigid Container,0.381,0.381,25.4,servo-hydraulic,1,Slow Cyclic disp controlled Lateral Loading,pin and slider to apply pure lateral load ,Connect10.JPG,1.6_s_R_0.14,6-Dec-12,5,5,184.4,35,0.0286,0.0000233,0.0286,Model,0.15,7777,1,None,Nevada Sand,0.15,81,9999,3,7777,7777,7777,7777,1681,7777,7777,7777,7777,7777,7777,7777,7777,7777,7777,7777,7777,7777,7777,7777,7777,7777,7777,7777,7777,7777,7777,7777,Rectangle,Aluminum,0.03,0.21,7777,7777,7777,0,0,0.032,0,0,Shear Wall,Test10.JPG,Aluminum,0.143,3.859,1.341,212.9,846.4,913.5,791.7,MAHS1.pdf,3.97,7777,1.6,0.2688,108,7777,MAHS1.pdf,1D lateral loading,6,3,0.012,5,MAHS-Test10-4.JPG,MAHS-Test10-4.0.txt,MAHS-Slide10.JPG,MAHS-FRT10_6.xls,M=V*Height+P*Delta,0.041,0.246,0.372,0.009512,1.6276,0.06,0.7375,0.3058,At the point of zero shear,1.128,0.738,0.306,MAHS1.pdf,https://www.designsafe-ci.org/data/browser/public/nees.public/NEES-2009-0732.groups,No comment
60,"Hakhamaneshi, M., Kutter, B.L., (2016) ""Effect of footing shape and embedment  on the settlement, re-centering and energy dissiption of shallow footings subjected to rocking"", J. for Geotech. & Geoenv. Eng.",Bruce L. Kutter,"Sashi Kunnath, Tara  C. Hutchinson, Mark Aschheim",M.Hakhamaneshi,NSF-NEESR,MAHS-1,"UC Davis, Center for Geotechnical Modeling, 1m radius centrifuge",Centrifuge,Rigid Container,0.381,0.381,25.4,servo-hydraulic,1,Slow Cyclic disp controlled Lateral Loading,pin and slider to apply pure lateral load ,Connect11.JPG,1.4_s_R_0.6,6-Dec-12,5,1,184.3,35,0.0286,0.0000233,0.0286,Model,0.15,7777,1,None,Nevada Sand,0.15,82,9999,3,7777,7777,7777,7777,1684,7777,7777,7777,7777,7777,7777,7777,7777,7777,7777,7777,7777,7777,7777,7777,7777,7777,7777,7777,7777,7777,7777,7777,Rectangle,Aluminum,0.09,0.15,7777,7777,7777,0,0,0.032,0,0,Shear Wall,Test11.JPG,Steel,0.187,8.277,2.841,210.4,1565,862.5,781.9,MAHS1.pdf,7.43,7777,1.4,0.2691,161,7777,MAHS1.pdf,1D lateral loading,5,3,0.0005875,5,MAHS-Test11-0.25.JPG,MAHS-Test11-0.25.txt,MAHS-Slide11.jpg,MAHS-FRT11_1.xls,M=V*Height+P*Delta,0.001927,0.011562,0.011562,0.0001799,9999,9999,0.01279,0.01279,At the point of zero shear,0.46,0.013,0.013,MAHS1.pdf,https://www.designsafe-ci.org/data/browser/public/nees.public/NEES-2009-0732.groups,Sliding was not reported in this case.
61,"Hakhamaneshi, M., Kutter, B.L., (2016) ""Effect of footing shape and embedment  on the settlement, re-centering and energy dissiption of shallow footings subjected to rocking"", J. for Geotech. & Geoenv. Eng.",Bruce L. Kutter,"Sashi Kunnath, Tara  C. Hutchinson, Mark Aschheim",M.Hakhamaneshi,NSF-NEESR,MAHS-1,"UC Davis, Center for Geotechnical Modeling, 1m radius centrifuge",Centrifuge,Rigid Container,0.381,0.381,25.4,servo-hydraulic,1,Slow Cyclic disp controlled Lateral Loading,pin and slider to apply pure lateral load ,Connect11.JPG,1.4_s_R_0.6,6-Dec-12,5,2,184.3,35,0.0286,0.0000233,0.0286,Model,0.15,7777,1,None,Nevada Sand,0.15,82,9999,3,7777,7777,7777,7777,1684,7777,7777,7777,7777,7777,7777,7777,7777,7777,7777,7777,7777,7777,7777,7777,7777,7777,7777,7777,7777,7777,7777,7777,Rectangle,Aluminum,0.09,0.15,7777,7777,7777,0,0,0.032,0,0,Shear Wall,Test11.JPG,Steel,0.187,8.277,2.841,210.4,1565,862.5,781.9,MAHS1.pdf,7.43,7777,1.4,0.2691,161,7777,MAHS1.pdf,1D lateral loading,5,3,0.001175,5,MAHS-Test11-0.5.JPG,MAHS-Test11-0.50.txt,MAHS-Slide11.jpg,MAHS-FRT11_2.xls,M=V*Height+P*Delta,0.004585,0.02751,0.039072,0.0007275,9999,9999,0.06728,0.05449,At the point of zero shear,0.606,0.067,0.054,MAHS1.pdf,https://www.designsafe-ci.org/data/browser/public/nees.public/NEES-2009-0732.groups,Sliding was not reported in this case.
62,"Hakhamaneshi, M., Kutter, B.L., (2016) ""Effect of footing shape and embedment  on the settlement, re-centering and energy dissiption of shallow footings subjected to rocking"", J. for Geotech. & Geoenv. Eng.",Bruce L. Kutter,"Sashi Kunnath, Tara  C. Hutchinson, Mark Aschheim",M.Hakhamaneshi,NSF-NEESR,MAHS-1,"UC Davis, Center for Geotechnical Modeling, 1m radius centrifuge",Centrifuge,Rigid Container,0.381,0.381,25.4,servo-hydraulic,1,Slow Cyclic disp controlled Lateral Loading,pin and slider to apply pure lateral load ,Connect11.JPG,1.4_s_R_0.6,6-Dec-12,5,3,184.3,35,0.0286,0.0000233,0.0286,Model,0.15,7777,1,None,Nevada Sand,0.15,82,9999,3,7777,7777,7777,7777,1684,7777,7777,7777,7777,7777,7777,7777,7777,7777,7777,7777,7777,7777,7777,7777,7777,7777,7777,7777,7777,7777,7777,7777,Rectangle,Aluminum,0.09,0.15,7777,7777,7777,0,0,0.032,0,0,Shear Wall,Test11.JPG,Steel,0.187,8.277,2.841,210.4,1565,862.5,781.9,MAHS1.pdf,7.43,7777,1.4,0.2691,161,7777,MAHS1.pdf,1D lateral loading,5,3,0.00235,5,MAHS-Test11-1.JPG,MAHS-Test11-1.0.txt,MAHS-Slide11.jpg,MAHS-FRT11_3.xls,M=V*Height+P*Delta,0.009948,0.059688,0.087198,0.001743,9999,9999,0.2021,0.13482,At the point of zero shear,0.854,0.202,0.135,MAHS1.pdf,https://www.designsafe-ci.org/data/browser/public/nees.public/NEES-2009-0732.groups,Sliding was not reported in this case.
63,"Hakhamaneshi, M., Kutter, B.L., (2016) ""Effect of footing shape and embedment  on the settlement, re-centering and energy dissiption of shallow footings subjected to rocking"", J. for Geotech. & Geoenv. Eng.",Bruce L. Kutter,"Sashi Kunnath, Tara  C. Hutchinson, Mark Aschheim",M.Hakhamaneshi,NSF-NEESR,MAHS-1,"UC Davis, Center for Geotechnical Modeling, 1m radius centrifuge",Centrifuge,Rigid Container,0.381,0.381,25.4,servo-hydraulic,1,Slow Cyclic disp controlled Lateral Loading,pin and slider to apply pure lateral load ,Connect11.JPG,1.4_s_R_0.6,6-Dec-12,5,4,184.3,35,0.0286,0.0000233,0.0286,Model,0.15,7777,1,None,Nevada Sand,0.15,82,9999,3,7777,7777,7777,7777,1684,7777,7777,7777,7777,7777,7777,7777,7777,7777,7777,7777,7777,7777,7777,7777,7777,7777,7777,7777,7777,7777,7777,7777,Rectangle,Aluminum,0.09,0.15,7777,7777,7777,0,0,0.032,0,0,Shear Wall,Test11.JPG,Steel,0.187,8.277,2.841,210.4,1565,862.5,781.9,MAHS1.pdf,7.43,7777,1.4,0.2691,161,7777,MAHS1.pdf,1D lateral loading,5,3,0.0047,5,MAHS-Test11-2.JPG,MAHS-Test11-2.0.txt,MAHS-Slide11.jpg,MAHS-FRT11_4.xls,M=V*Height+P*Delta,0.021,0.126,0.185688,0.003511,9999,9999,0.4365,0.4365,At the point of zero shear,1.007,0.437,0.437,MAHS1.pdf,https://www.designsafe-ci.org/data/browser/public/nees.public/NEES-2009-0732.groups,Sliding was not reported in this case.
64,"Hakhamaneshi, M., Kutter, B.L., (2016) ""Effect of footing shape and embedment  on the settlement, re-centering and energy dissiption of shallow footings subjected to rocking"", J. for Geotech. & Geoenv. Eng.",Bruce L. Kutter,"Sashi Kunnath, Tara  C. Hutchinson, Mark Aschheim",M.Hakhamaneshi,NSF-NEESR,MAHS-1,"UC Davis, Center for Geotechnical Modeling, 1m radius centrifuge",Centrifuge,Rigid Container,0.381,0.381,25.4,servo-hydraulic,1,Slow Cyclic disp controlled Lateral Loading,pin and slider to apply pure lateral load ,Connect11.JPG,1.4_s_R_0.6,6-Dec-12,5,5,184.3,35,0.0286,0.0000233,0.0286,Model,0.15,7777,1,None,Nevada Sand,0.15,82,9999,3,7777,7777,7777,7777,1684,7777,7777,7777,7777,7777,7777,7777,7777,7777,7777,7777,7777,7777,7777,7777,7777,7777,7777,7777,7777,7777,7777,7777,Rectangle,Aluminum,0.09,0.15,7777,7777,7777,0,0,0.032,0,0,Shear Wall,Test11.JPG,Steel,0.187,8.277,2.841,210.4,1565,862.5,781.9,MAHS1.pdf,7.43,7777,1.4,0.2691,161,7777,MAHS1.pdf,1D lateral loading,5,3,0.0094,5,MAHS-Test11-4.JPG,MAHS-Test11-4.0.txt,MAHS-Slide11.jpg,MAHS-FRT11_6.xls,M=V*Height+P*Delta,0.044,0.264,0.39,0.006959,9999,9999,0.8278,0.3913,At the point of zero shear,1.089,0.828,0.391,MAHS1.pdf,https://www.designsafe-ci.org/data/browser/public/nees.public/NEES-2009-0732.groups,Sliding was not reported in this case.
65,"Hakhamaneshi, M., Kutter, B.L., (2016) ""Effect of footing shape and embedment  on the settlement, re-centering and energy dissiption of shallow footings subjected to rocking"", J. for Geotech. & Geoenv. Eng.",Bruce L. Kutter,"Sashi Kunnath, Tara  C. Hutchinson, Mark Aschheim",M.Hakhamaneshi,NSF-NEESR,MAHS-1,"UC Davis, Center for Geotechnical Modeling, 1m radius centrifuge",Centrifuge,Rigid Container,0.381,0.381,25.4,servo-hydraulic,1,Slow Cyclic disp controlled Lateral Loading,pin and slider to apply pure lateral load ,Connect12.JPG,1.5_s_H35_0.26,13-Dec-12,5,1,183.9,35,0.0286,0.0000233,0.0286,Model,0.15,7777,1,None,Nevada Sand,0.15,81,9999,3,7777,7777,7777,7777,1679,7777,7777,7777,7777,7777,7777,7777,7777,7777,7777,7777,7777,7777,7777,7777,7777,7777,7777,7777,7777,7777,7777,7777,I-shaped,Aluminum,0.075,0.15,7777,0.02,0.039,35,0,0.032,0,0,Shear Wall,Test12.JPG,Aluminum,0.122,4.473,1.535,210.6,824,736.2,650.9,MAHS1.pdf,3.91,7777,1.5,0.323,82,7777,MAHS1.pdf,1D lateral loading,5,3,0.000563,5,MAHS-Test12-0.25.JPG,MAHS-Test12-0.25.txt,MAHS-Slide12.jpg,MAHS-FRT12_1.xls,M=V*Height+P*Delta,0.002223,0.013338,0.013338,0.0001343,0.1125,0.043,0.03459,0.03459,At the point of zero shear,1.089,0.035,0.035,MAHS1.pdf,https://www.designsafe-ci.org/data/browser/public/nees.public/NEES-2009-0732.groups,No comment
66,"Hakhamaneshi, M., Kutter, B.L., (2016) ""Effect of footing shape and embedment  on the settlement, re-centering and energy dissiption of shallow footings subjected to rocking"", J. for Geotech. & Geoenv. Eng.",Bruce L. Kutter,"Sashi Kunnath, Tara  C. Hutchinson, Mark Aschheim",M.Hakhamaneshi,NSF-NEESR,MAHS-1,"UC Davis, Center for Geotechnical Modeling, 1m radius centrifuge",Centrifuge,Rigid Container,0.381,0.381,25.4,servo-hydraulic,1,Slow Cyclic disp controlled Lateral Loading,pin and slider to apply pure lateral load ,Connect12.JPG,1.5_s_H35_0.26,13-Dec-12,5,2,183.9,35,0.0286,0.0000233,0.0286,Model,0.15,7777,1,None,Nevada Sand,0.15,81,9999,3,7777,7777,7777,7777,1679,7777,7777,7777,7777,7777,7777,7777,7777,7777,7777,7777,7777,7777,7777,7777,7777,7777,7777,7777,7777,7777,7777,7777,I-shaped,Aluminum,0.075,0.15,7777,0.02,0.039,35,0,0.032,0,0,Shear Wall,Test12.JPG,Aluminum,0.122,4.473,1.535,210.6,824,736.2,650.9,MAHS1.pdf,3.91,7777,1.5,0.323,82,7777,MAHS1.pdf,1D lateral loading,5,3,0.00113,5,MAHS-Test12-0.5.JPG,MAHS-Test12-0.50.txt,MAHS-Slide12.jpg,MAHS-FRT12_2.xls,M=V*Height+P*Delta,0.005287,0.031722,0.04506,0.0008002,0.1645,0.011,0.1046,0.07001,At the point of zero shear,0.947,0.105,0.07,MAHS1.pdf,https://www.designsafe-ci.org/data/browser/public/nees.public/NEES-2009-0732.groups,No comment
67,"Hakhamaneshi, M., Kutter, B.L., (2016) ""Effect of footing shape and embedment  on the settlement, re-centering and energy dissiption of shallow footings subjected to rocking"", J. for Geotech. & Geoenv. Eng.",Bruce L. Kutter,"Sashi Kunnath, Tara  C. Hutchinson, Mark Aschheim",M.Hakhamaneshi,NSF-NEESR,MAHS-1,"UC Davis, Center for Geotechnical Modeling, 1m radius centrifuge",Centrifuge,Rigid Container,0.381,0.381,25.4,servo-hydraulic,1,Slow Cyclic disp controlled Lateral Loading,pin and slider to apply pure lateral load ,Connect12.JPG,1.5_s_H35_0.26,13-Dec-12,5,3,183.9,35,0.0286,0.0000233,0.0286,Model,0.15,7777,1,None,Nevada Sand,0.15,81,9999,3,7777,7777,7777,7777,1679,7777,7777,7777,7777,7777,7777,7777,7777,7777,7777,7777,7777,7777,7777,7777,7777,7777,7777,7777,7777,7777,7777,7777,I-shaped,Aluminum,0.075,0.15,7777,0.02,0.039,35,0,0.032,0,0,Shear Wall,Test12.JPG,Aluminum,0.122,4.473,1.535,210.6,824,736.2,650.9,MAHS1.pdf,3.91,7777,1.5,0.323,82,7777,MAHS1.pdf,1D lateral loading,5,3,0.0023,5,MAHS-Test12-1.JPG,MAHS-Test12-1.0.txt,MAHS-Slide12.jpg,MAHS-FRT12_3.xls,M=V*Height+P*Delta,0.009628,0.057768,0.08949,0.001868,0.179,0.096,0.1895,0.0849,At the point of zero shear,1.031,0.19,0.085,MAHS1.pdf,https://www.designsafe-ci.org/data/browser/public/nees.public/NEES-2009-0732.groups,No comment
68,"Hakhamaneshi, M., Kutter, B.L., (2016) ""Effect of footing shape and embedment  on the settlement, re-centering and energy dissiption of shallow footings subjected to rocking"", J. for Geotech. & Geoenv. Eng.",Bruce L. Kutter,"Sashi Kunnath, Tara  C. Hutchinson, Mark Aschheim",M.Hakhamaneshi,NSF-NEESR,MAHS-1,"UC Davis, Center for Geotechnical Modeling, 1m radius centrifuge",Centrifuge,Rigid Container,0.381,0.381,25.4,servo-hydraulic,1,Slow Cyclic disp controlled Lateral Loading,pin and slider to apply pure lateral load ,Connect12.JPG,1.5_s_H35_0.26,13-Dec-12,5,4,183.9,35,0.0286,0.0000233,0.0286,Model,0.15,7777,1,None,Nevada Sand,0.15,81,9999,3,7777,7777,7777,7777,1679,7777,7777,7777,7777,7777,7777,7777,7777,7777,7777,7777,7777,7777,7777,7777,7777,7777,7777,7777,7777,7777,7777,7777,I-shaped,Aluminum,0.075,0.15,7777,0.02,0.039,35,0,0.032,0,0,Shear Wall,Test12.JPG,Aluminum,0.122,4.473,1.535,210.6,824,736.2,650.9,MAHS1.pdf,3.91,7777,1.5,0.323,82,7777,MAHS1.pdf,1D lateral loading,5,3,0.0046,5,MAHS-Test12-2.JPG,MAHS-Test12-2.0.txt,MAHS-Slide12.jpg,MAHS-FRT12_4.xls,M=V*Height+P*Delta,0.019,0.114,0.171768,0.004086,0.583,0.373,0.3412,0.3412,At the point of zero shear,1.089,0.341,0.341,MAHS1.pdf,https://www.designsafe-ci.org/data/browser/public/nees.public/NEES-2009-0732.groups,No comment
69,"Hakhamaneshi, M., Kutter, B.L., (2016) ""Effect of footing shape and embedment  on the settlement, re-centering and energy dissiption of shallow footings subjected to rocking"", J. for Geotech. & Geoenv. Eng.",Bruce L. Kutter,"Sashi Kunnath, Tara  C. Hutchinson, Mark Aschheim",M.Hakhamaneshi,NSF-NEESR,MAHS-1,"UC Davis, Center for Geotechnical Modeling, 1m radius centrifuge",Centrifuge,Rigid Container,0.381,0.381,25.4,servo-hydraulic,1,Slow Cyclic disp controlled Lateral Loading,pin and slider to apply pure lateral load ,Connect12.JPG,1.5_s_H35_0.26,13-Dec-12,5,5,183.9,35,0.0286,0.0000233,0.0286,Model,0.15,7777,1,None,Nevada Sand,0.15,81,9999,3,7777,7777,7777,7777,1679,7777,7777,7777,7777,7777,7777,7777,7777,7777,7777,7777,7777,7777,7777,7777,7777,7777,7777,7777,7777,7777,7777,7777,I-shaped,Aluminum,0.075,0.15,7777,0.02,0.039,35,0,0.032,0,0,Shear Wall,Test12.JPG,Aluminum,0.122,4.473,1.535,210.6,824,736.2,650.9,MAHS1.pdf,3.91,7777,1.5,0.323,82,7777,MAHS1.pdf,1D lateral loading,5,3,0.0092,5,MAHS-Test12-4.JPG,MAHS-Test12-4.0.txt,MAHS-Slide12.jpg,MAHS-FRT12_5.xls,M=V*Height+P*Delta,0.039,0.234,0.348,0.009703,0.9689,0.632,1.3,0.9588,At the point of zero shear,1.13,1.3,0.959,MAHS1.pdf,https://www.designsafe-ci.org/data/browser/public/nees.public/NEES-2009-0732.groups,No comment
70,"Hakhamaneshi, M., Kutter, B.L., (2016) ""Effect of footing shape and embedment  on the settlement, re-centering and energy dissiption of shallow footings subjected to rocking"", J. for Geotech. & Geoenv. Eng.",Bruce L. Kutter,"Sashi Kunnath, Tara  C. Hutchinson, Mark Aschheim",M.Hakhamaneshi,NSF-NEESR,MAHS-1,"UC Davis, Center for Geotechnical Modeling, 1m radius centrifuge",Centrifuge,Rigid Container,0.381,0.381,25.4,servo-hydraulic,1,Slow Cyclic disp controlled Lateral Loading,pin and slider to apply pure lateral load ,Connect13.JPG,1.5_s_H35_0.13,23-Jan-13,4,1,184,35,0.0286,0.0000233,0.0286,Model,0.15,7777,1,None,Nevada Sand,0.15,81,9999,3,7777,7777,7777,7777,1679,7777,7777,7777,7777,7777,7777,7777,7777,7777,7777,7777,7777,7777,7777,7777,7777,7777,7777,7777,7777,7777,7777,7777,I-shaped,Aluminum,0.075,0.15,7777,0.039,0.02,35,0,0.032,0,0,Shear Wall,Test13.JPG,Aluminum,0.122,4.473,1.535,210.6,808.5,716.2,634.4,MAHS1.pdf,3.89,7777,1.5,0.331,95,7777,MAHS1.pdf,1D lateral loading,4,3,0.00113,5,MAHS-Test13-0.5.JPG,MAHS-Test13-0.50.txt,MAHS-Slide13.jpg,MAHS-FRT13_1.xls,M=V*Height+P*Delta,0.004399,0.026394,0.026394,0.000950184,0.8214,0.132,0.09111,0.09111,At the point of zero shear,0.815,0.091,0.091,MAHS1.pdf,https://www.designsafe-ci.org/data/browser/public/nees.public/NEES-2009-0732.groups,No comment
71,"Hakhamaneshi, M., Kutter, B.L., (2016) ""Effect of footing shape and embedment  on the settlement, re-centering and energy dissiption of shallow footings subjected to rocking"", J. for Geotech. & Geoenv. Eng.",Bruce L. Kutter,"Sashi Kunnath, Tara  C. Hutchinson, Mark Aschheim",M.Hakhamaneshi,NSF-NEESR,MAHS-1,"UC Davis, Center for Geotechnical Modeling, 1m radius centrifuge",Centrifuge,Rigid Container,0.381,0.381,25.4,servo-hydraulic,1,Slow Cyclic disp controlled Lateral Loading,pin and slider to apply pure lateral load ,Connect13.JPG,1.5_s_H35_0.13,23-Jan-13,4,2,184,35,0.0286,0.0000233,0.0286,Model,0.15,7777,1,None,Nevada Sand,0.15,81,9999,3,7777,7777,7777,7777,1679,7777,7777,7777,7777,7777,7777,7777,7777,7777,7777,7777,7777,7777,7777,7777,7777,7777,7777,7777,7777,7777,7777,7777,I-shaped,Aluminum,0.075,0.15,7777,0.039,0.02,35,0,0.032,0,0,Shear Wall,Test13.JPG,Aluminum,0.122,4.473,1.535,210.6,808.5,716.2,634.4,MAHS1.pdf,3.89,7777,1.5,0.331,95,7777,MAHS1.pdf,1D lateral loading,4,3,0.0023,5,MAHS-Test13-1.JPG,MAHS-Test13-1.0.txt,MAHS-Slide13.jpg,MAHS-FRT13_2.xls,M=V*Height+P*Delta,0.009007,0.054042,0.080436,0.001979,0.4858,0.13,0.1508,0.05969,At the point of zero shear,0.991,0.151,0.06,MAHS1.pdf,https://www.designsafe-ci.org/data/browser/public/nees.public/NEES-2009-0732.groups,No comment
72,"Hakhamaneshi, M., Kutter, B.L., (2016) ""Effect of footing shape and embedment  on the settlement, re-centering and energy dissiption of shallow footings subjected to rocking"", J. for Geotech. & Geoenv. Eng.",Bruce L. Kutter,"Sashi Kunnath, Tara  C. Hutchinson, Mark Aschheim",M.Hakhamaneshi,NSF-NEESR,MAHS-1,"UC Davis, Center for Geotechnical Modeling, 1m radius centrifuge",Centrifuge,Rigid Container,0.381,0.381,25.4,servo-hydraulic,1,Slow Cyclic disp controlled Lateral Loading,pin and slider to apply pure lateral load ,Connect13.JPG,1.5_s_H35_0.13,23-Jan-13,4,3,184,35,0.0286,0.0000233,0.0286,Model,0.15,7777,1,None,Nevada Sand,0.15,81,9999,3,7777,7777,7777,7777,1679,7777,7777,7777,7777,7777,7777,7777,7777,7777,7777,7777,7777,7777,7777,7777,7777,7777,7777,7777,7777,7777,7777,7777,I-shaped,Aluminum,0.075,0.15,7777,0.039,0.02,35,0,0.032,0,0,Shear Wall,Test13.JPG,Aluminum,0.122,4.473,1.535,210.6,808.5,716.2,634.4,MAHS1.pdf,3.89,7777,1.5,0.331,95,7777,MAHS1.pdf,1D lateral loading,4,3,0.0046,5,MAHS-Test13-2.JPG,MAHS-Test13-2.0.txt,MAHS-Slide13.jpg,MAHS-FRT13_3.xls,M=V*Height+P*Delta,0.02,0.12,0.174042,0.003001,0.5317,0.034,0.3426,0.1918,At the point of zero shear,1.102,0.343,0.192,MAHS1.pdf,https://www.designsafe-ci.org/data/browser/public/nees.public/NEES-2009-0732.groups,No comment
73,"Hakhamaneshi, M., Kutter, B.L., (2016) ""Effect of footing shape and embedment  on the settlement, re-centering and energy dissiption of shallow footings subjected to rocking"", J. for Geotech. & Geoenv. Eng.",Bruce L. Kutter,"Sashi Kunnath, Tara  C. Hutchinson, Mark Aschheim",M.Hakhamaneshi,NSF-NEESR,MAHS-1,"UC Davis, Center for Geotechnical Modeling, 1m radius centrifuge",Centrifuge,Rigid Container,0.381,0.381,25.4,servo-hydraulic,1,Slow Cyclic disp controlled Lateral Loading,pin and slider to apply pure lateral load ,Connect13.JPG,1.5_s_H35_0.13,23-Jan-13,4,4,184,35,0.0286,0.0000233,0.0286,Model,0.15,7777,1,None,Nevada Sand,0.15,81,9999,3,7777,7777,7777,7777,1679,7777,7777,7777,7777,7777,7777,7777,7777,7777,7777,7777,7777,7777,7777,7777,7777,7777,7777,7777,7777,7777,7777,7777,I-shaped,Aluminum,0.075,0.15,7777,0.039,0.02,35,0,0.032,0,0,Shear Wall,Test13.JPG,Aluminum,0.122,4.473,1.535,210.6,808.5,716.2,634.4,MAHS1.pdf,3.89,7777,1.5,0.331,95,7777,MAHS1.pdf,1D lateral loading,4,3,0.0092,5,MAHS-Test13-4.JPG,MAHS-Test13-4.0.txt,MAHS-Slide13.jpg,MAHS-FRT13_4.xls,M=V*Height+P*Delta,0.041,0.246,0.366,0.0056356,1.094,0.28,0.9104,0.9104,At the point of zero shear,1.141,0.91,0.91,MAHS1.pdf,https://www.designsafe-ci.org/data/browser/public/nees.public/NEES-2009-0732.groups,No comment
74,"Hakhamaneshi, M., Kutter, B.L., (2016) ""Effect of footing shape and embedment  on the settlement, re-centering and energy dissiption of shallow footings subjected to rocking"", J. for Geotech. & Geoenv. Eng.",Bruce L. Kutter,"Sashi Kunnath, Tara  C. Hutchinson, Mark Aschheim",M.Hakhamaneshi,NSF-NEESR,MAHS-1,"UC Davis, Center for Geotechnical Modeling, 1m radius centrifuge",Centrifuge,Rigid Container,0.381,0.381,25.4,servo-hydraulic,1,Slow Cyclic disp controlled Lateral Loading,pin and slider to apply pure lateral load ,Connect14.JPG,1.5_s_H50_0.17,28-Jan-13,5,1,184.1,35,0.0286,0.0000233,0.0286,Model,0.15,7777,1,None,Nevada Sand,0.15,80,9999,4,7777,7777,7777,7777,1679,7777,7777,7777,7777,7777,7777,7777,7777,7777,7777,7777,7777,7777,7777,7777,7777,7777,7777,7777,7777,7777,7777,7777,I-shaped,Aluminum,0.075,0.15,7777,0.0195,0.025,50,0,0.032,0,0,Shear Wall,Test14.JPG,Aluminum,0.15,3.449,1.17,205.3,608.9,635.5,557.7,MAHS1.pdf,2.96,7777,1.5,0.368,59,7777,MAHS1.pdf,1D lateral loading,5,3,0.000563,5,MAHS-Test14-0.25.JPG,MAHS-Test14-0.25.txt,MAHS-Slide14.jpg,MAHS-FRT14_1.xls,M=V*Height+P*Delta,0.002043,0.012258,0.012258,0.0004071,0.319,0.183,0.03846,0.03846,At the point of zero shear,0.831,0.038,0.038,MAHS1.pdf,https://www.designsafe-ci.org/data/browser/public/nees.public/NEES-2009-0732.groups,No comment
75,"Hakhamaneshi, M., Kutter, B.L., (2016) ""Effect of footing shape and embedment  on the settlement, re-centering and energy dissiption of shallow footings subjected to rocking"", J. for Geotech. & Geoenv. Eng.",Bruce L. Kutter,"Sashi Kunnath, Tara  C. Hutchinson, Mark Aschheim",M.Hakhamaneshi,NSF-NEESR,MAHS-1,"UC Davis, Center for Geotechnical Modeling, 1m radius centrifuge",Centrifuge,Rigid Container,0.381,0.381,25.4,servo-hydraulic,1,Slow Cyclic disp controlled Lateral Loading,pin and slider to apply pure lateral load ,Connect14.JPG,1.5_s_H50_0.17,28-Jan-13,5,2,184.1,35,0.0286,0.0000233,0.0286,Model,0.15,7777,1,None,Nevada Sand,0.15,80,9999,4,7777,7777,7777,7777,1679,7777,7777,7777,7777,7777,7777,7777,7777,7777,7777,7777,7777,7777,7777,7777,7777,7777,7777,7777,7777,7777,7777,7777,I-shaped,Aluminum,0.075,0.15,7777,0.0195,0.025,50,0,0.032,0,0,Shear Wall,Test14.JPG,Aluminum,0.15,3.449,1.17,205.3,608.9,635.5,557.7,MAHS1.pdf,2.96,7777,1.5,0.368,59,7777,MAHS1.pdf,1D lateral loading,5,3,0.00113,5,MAHS-Test14-0.5.JPG,MAHS-Test14-0.50.txt,MAHS-Slide14.jpg,MAHS-FRT14_2.xls,M=V*Height+P*Delta,0.004341,0.026046,0.038304,0.0008937,0.6355,0.047,0.2247,0.18624,At the point of zero shear,0.994,0.225,0.186,MAHS1.pdf,https://www.designsafe-ci.org/data/browser/public/nees.public/NEES-2009-0732.groups,No comment
76,"Hakhamaneshi, M., Kutter, B.L., (2016) ""Effect of footing shape and embedment  on the settlement, re-centering and energy dissiption of shallow footings subjected to rocking"", J. for Geotech. & Geoenv. Eng.",Bruce L. Kutter,"Sashi Kunnath, Tara  C. Hutchinson, Mark Aschheim",M.Hakhamaneshi,NSF-NEESR,MAHS-1,"UC Davis, Center for Geotechnical Modeling, 1m radius centrifuge",Centrifuge,Rigid Container,0.381,0.381,25.4,servo-hydraulic,1,Slow Cyclic disp controlled Lateral Loading,pin and slider to apply pure lateral load ,Connect14.JPG,1.5_s_H50_0.17,28-Jan-13,5,3,184.1,35,0.0286,0.0000233,0.0286,Model,0.15,7777,1,None,Nevada Sand,0.15,80,9999,4,7777,7777,7777,7777,1679,7777,7777,7777,7777,7777,7777,7777,7777,7777,7777,7777,7777,7777,7777,7777,7777,7777,7777,7777,7777,7777,7777,7777,I-shaped,Aluminum,0.075,0.15,7777,0.0195,0.025,50,0,0.032,0,0,Shear Wall,Test14.JPG,Aluminum,0.15,3.449,1.17,205.3,608.9,635.5,557.7,MAHS1.pdf,2.96,7777,1.5,0.368,59,7777,MAHS1.pdf,1D lateral loading,5,3,0.0023,5,MAHS-Test14-1.JPG,MAHS-Test14-1.0.txt,MAHS-Slide14.jpg,MAHS-FRT14_3.xls,M=V*Height+P*Delta,0.009576,0.057456,0.083502,0.001276,0.2977,0.038,0.365,0.1403,At the point of zero shear,1.112,0.365,0.14,MAHS1.pdf,https://www.designsafe-ci.org/data/browser/public/nees.public/NEES-2009-0732.groups,No comment
77,"Hakhamaneshi, M., Kutter, B.L., (2016) ""Effect of footing shape and embedment  on the settlement, re-centering and energy dissiption of shallow footings subjected to rocking"", J. for Geotech. & Geoenv. Eng.",Bruce L. Kutter,"Sashi Kunnath, Tara  C. Hutchinson, Mark Aschheim",M.Hakhamaneshi,NSF-NEESR,MAHS-1,"UC Davis, Center for Geotechnical Modeling, 1m radius centrifuge",Centrifuge,Rigid Container,0.381,0.381,25.4,servo-hydraulic,1,Slow Cyclic disp controlled Lateral Loading,pin and slider to apply pure lateral load ,Connect14.JPG,1.5_s_H50_0.17,28-Jan-13,5,4,184.1,35,0.0286,0.0000233,0.0286,Model,0.15,7777,1,None,Nevada Sand,0.15,80,9999,4,7777,7777,7777,7777,1679,7777,7777,7777,7777,7777,7777,7777,7777,7777,7777,7777,7777,7777,7777,7777,7777,7777,7777,7777,7777,7777,7777,7777,I-shaped,Aluminum,0.075,0.15,7777,0.0195,0.025,50,0,0.032,0,0,Shear Wall,Test14.JPG,Aluminum,0.15,3.449,1.17,205.3,608.9,635.5,557.7,MAHS1.pdf,2.96,7777,1.5,0.368,59,7777,MAHS1.pdf,1D lateral loading,5,3,0.0046,5,MAHS-Test14-2.JPG,MAHS-Test14-2.0.txt,MAHS-Slide14.jpg,MAHS-FRT14_4.xls,M=V*Height+P*Delta,0.022,0.132,0.189456,0.002425,0.4763,0.015,0.6605,0.6605,At the point of zero shear,1.163,0.661,0.661,MAHS1.pdf,https://www.designsafe-ci.org/data/browser/public/nees.public/NEES-2009-0732.groups,No comment
78,"Hakhamaneshi, M., Kutter, B.L., (2016) ""Effect of footing shape and embedment  on the settlement, re-centering and energy dissiption of shallow footings subjected to rocking"", J. for Geotech. & Geoenv. Eng.",Bruce L. Kutter,"Sashi Kunnath, Tara  C. Hutchinson, Mark Aschheim",M.Hakhamaneshi,NSF-NEESR,MAHS-1,"UC Davis, Center for Geotechnical Modeling, 1m radius centrifuge",Centrifuge,Rigid Container,0.381,0.381,25.4,servo-hydraulic,1,Slow Cyclic disp controlled Lateral Loading,pin and slider to apply pure lateral load ,Connect14.JPG,1.5_s_H50_0.17,28-Jan-13,5,5,184.1,35,0.0286,0.0000233,0.0286,Model,0.15,7777,1,None,Nevada Sand,0.15,80,9999,4,7777,7777,7777,7777,1679,7777,7777,7777,7777,7777,7777,7777,7777,7777,7777,7777,7777,7777,7777,7777,7777,7777,7777,7777,7777,7777,7777,7777,I-shaped,Aluminum,0.075,0.15,7777,0.0195,0.025,50,0,0.032,0,0,Shear Wall,Test14.JPG,Aluminum,0.15,3.449,1.17,205.3,608.9,635.5,557.7,MAHS1.pdf,2.96,7777,1.5,0.368,59,7777,MAHS1.pdf,1D lateral loading,5,3,0.0092,5,MAHS-Test14-4.JPG,MAHS-Test14-4.0.txt,MAHS-Slide14.jpg,MAHS-FRT14_5.xls,M=V*Height+P*Delta,0.042,0.252,0.384,0.018,2.54,0.154,2.678,2.0175,At the point of zero shear,1.134,2.678,2.018,MAHS1.pdf,https://www.designsafe-ci.org/data/browser/public/nees.public/NEES-2009-0732.groups,No comment
79,"Hakhamaneshi, M., Kutter, B.L., (2016) ""Effect of footing shape and embedment  on the settlement, re-centering and energy dissiption of shallow footings subjected to rocking"", J. for Geotech. & Geoenv. Eng.",Bruce L. Kutter,"Sashi Kunnath, Tara  C. Hutchinson, Mark Aschheim",M.Hakhamaneshi,NSF-NEESR,MAHS-1,"UC Davis, Center for Geotechnical Modeling, 1m radius centrifuge",Centrifuge,Rigid Container,0.381,0.381,25.4,servo-hydraulic,1,Slow Cyclic disp controlled Lateral Loading,pin and slider to apply pure lateral load ,Connect15.JPG,1.5_s_H50_0.11,29-Jan-13,5,1,184.3,35,0.0286,0.0000233,0.0286,Model,0.15,7777,1,None,Nevada Sand,0.15,80,9999,3,7777,7777,7777,7777,1675,7777,7777,7777,7777,7777,7777,7777,7777,7777,7777,7777,7777,7777,7777,7777,7777,7777,7777,7777,7777,7777,7777,7777,I-shaped,Aluminum,0.075,0.15,7777,0.026,0.017,50,0,0.032,0,0,Shear Wall,Test15.JPG,Aluminum,0.151,3.378,1.209,217.2,627.1,672.5,591.7,MAHS1.pdf,2.88,7777,1.5,0.367,79,7777,MAHS1.pdf,1D lateral loading,5,3,0.000563,5,MAHS-Test15-0.25.JPG,MAHS-Test15-0.25.txt,MAHS-Slide15.jpg,MAHS-FRT15_1.xls,M=V*Height+P*Delta,0.003146,0.018876,0.018876,0.0006209,0.5033,0.273,0.09799,0.09799,At the point of zero shear,1.043,0.098,0.098,MAHS1.pdf,https://www.designsafe-ci.org/data/browser/public/nees.public/NEES-2009-0732.groups,No comment
80,"Hakhamaneshi, M., Kutter, B.L., (2016) ""Effect of footing shape and embedment  on the settlement, re-centering and energy dissiption of shallow footings subjected to rocking"", J. for Geotech. & Geoenv. Eng.",Bruce L. Kutter,"Sashi Kunnath, Tara  C. Hutchinson, Mark Aschheim",M.Hakhamaneshi,NSF-NEESR,MAHS-1,"UC Davis, Center for Geotechnical Modeling, 1m radius centrifuge",Centrifuge,Rigid Container,0.381,0.381,25.4,servo-hydraulic,1,Slow Cyclic disp controlled Lateral Loading,pin and slider to apply pure lateral load ,Connect15.JPG,1.5_s_H50_0.11,29-Jan-13,5,2,184.3,35,0.0286,0.0000233,0.0286,Model,0.15,7777,1,None,Nevada Sand,0.15,80,9999,3,7777,7777,7777,7777,1675,7777,7777,7777,7777,7777,7777,7777,7777,7777,7777,7777,7777,7777,7777,7777,7777,7777,7777,7777,7777,7777,7777,7777,I-shaped,Aluminum,0.075,0.15,7777,0.026,0.017,50,0,0.032,0,0,Shear Wall,Test15.JPG,Aluminum,0.151,3.378,1.209,217.2,627.1,672.5,591.7,MAHS1.pdf,2.88,7777,1.5,0.367,79,7777,MAHS1.pdf,1D lateral loading,5,3,0.00113,5,MAHS-Test15-0.5.JPG,MAHS-Test15-0.50.txt,MAHS-Slide15.jpg,MAHS-FRT15_2.xls,M=V*Height+P*Delta,0.005316,0.031896,0.050772,0.001085,0.8656,0.019,0.3034,0.20541,At the point of zero shear,0.983,0.303,0.205,MAHS1.pdf,https://www.designsafe-ci.org/data/browser/public/nees.public/NEES-2009-0732.groups,No comment
81,"Hakhamaneshi, M., Kutter, B.L., (2016) ""Effect of footing shape and embedment  on the settlement, re-centering and energy dissiption of shallow footings subjected to rocking"", J. for Geotech. & Geoenv. Eng.",Bruce L. Kutter,"Sashi Kunnath, Tara  C. Hutchinson, Mark Aschheim",M.Hakhamaneshi,NSF-NEESR,MAHS-1,"UC Davis, Center for Geotechnical Modeling, 1m radius centrifuge",Centrifuge,Rigid Container,0.381,0.381,25.4,servo-hydraulic,1,Slow Cyclic disp controlled Lateral Loading,pin and slider to apply pure lateral load ,Connect15.JPG,1.5_s_H50_0.11,29-Jan-13,5,3,184.3,35,0.0286,0.0000233,0.0286,Model,0.15,7777,1,None,Nevada Sand,0.15,80,9999,3,7777,7777,7777,7777,1675,7777,7777,7777,7777,7777,7777,7777,7777,7777,7777,7777,7777,7777,7777,7777,7777,7777,7777,7777,7777,7777,7777,7777,I-shaped,Aluminum,0.075,0.15,7777,0.026,0.017,50,0,0.032,0,0,Shear Wall,Test15.JPG,Aluminum,0.151,3.378,1.209,217.2,627.1,672.5,591.7,MAHS1.pdf,2.88,7777,1.5,0.367,79,7777,MAHS1.pdf,1D lateral loading,5,3,0.0023,5,MAHS-Test15-1.JPG,MAHS-Test15-1.0.txt,MAHS-Slide15.jpg,MAHS-FRT15_3.xls,M=V*Height+P*Delta,0.009402,0.056412,0.088308,0.002681,0.9041,0.133,0.5768,0.2734,At the point of zero shear,1.074,0.577,0.273,MAHS1.pdf,https://www.designsafe-ci.org/data/browser/public/nees.public/NEES-2009-0732.groups,No comment
82,"Hakhamaneshi, M., Kutter, B.L., (2016) ""Effect of footing shape and embedment  on the settlement, re-centering and energy dissiption of shallow footings subjected to rocking"", J. for Geotech. & Geoenv. Eng.",Bruce L. Kutter,"Sashi Kunnath, Tara  C. Hutchinson, Mark Aschheim",M.Hakhamaneshi,NSF-NEESR,MAHS-1,"UC Davis, Center for Geotechnical Modeling, 1m radius centrifuge",Centrifuge,Rigid Container,0.381,0.381,25.4,servo-hydraulic,1,Slow Cyclic disp controlled Lateral Loading,pin and slider to apply pure lateral load ,Connect15.JPG,1.5_s_H50_0.11,29-Jan-13,5,4,184.3,35,0.0286,0.0000233,0.0286,Model,0.15,7777,1,None,Nevada Sand,0.15,80,9999,3,7777,7777,7777,7777,1675,7777,7777,7777,7777,7777,7777,7777,7777,7777,7777,7777,7777,7777,7777,7777,7777,7777,7777,7777,7777,7777,7777,7777,I-shaped,Aluminum,0.075,0.15,7777,0.026,0.017,50,0,0.032,0,0,Shear Wall,Test15.JPG,Aluminum,0.151,3.378,1.209,217.2,627.1,672.5,591.7,MAHS1.pdf,2.88,7777,1.5,0.367,79,7777,MAHS1.pdf,1D lateral loading,5,3,0.0046,5,MAHS-Test15-2.JPG,MAHS-Test15-2.0.txt,MAHS-Slide15.jpg,MAHS-FRT15_4.xls,M=V*Height+P*Delta,0.019,0.114,0.170412,0.005682,0.9003,0.251,1.168,1.168,At the point of zero shear,1.09,1.168,1.168,MAHS1.pdf,https://www.designsafe-ci.org/data/browser/public/nees.public/NEES-2009-0732.groups,No comment
83,"Hakhamaneshi, M., Kutter, B.L., (2016) ""Effect of footing shape and embedment  on the settlement, re-centering and energy dissiption of shallow footings subjected to rocking"", J. for Geotech. & Geoenv. Eng.",Bruce L. Kutter,"Sashi Kunnath, Tara  C. Hutchinson, Mark Aschheim",M.Hakhamaneshi,NSF-NEESR,MAHS-1,"UC Davis, Center for Geotechnical Modeling, 1m radius centrifuge",Centrifuge,Rigid Container,0.381,0.381,25.4,servo-hydraulic,1,Slow Cyclic disp controlled Lateral Loading,pin and slider to apply pure lateral load ,Connect15.JPG,1.5_s_H50_0.11,29-Jan-13,5,5,184.3,35,0.0286,0.0000233,0.0286,Model,0.15,7777,1,None,Nevada Sand,0.15,80,9999,3,7777,7777,7777,7777,1675,7777,7777,7777,7777,7777,7777,7777,7777,7777,7777,7777,7777,7777,7777,7777,7777,7777,7777,7777,7777,7777,7777,7777,I-shaped,Aluminum,0.075,0.15,7777,0.026,0.017,50,0,0.032,0,0,Shear Wall,Test15.JPG,Aluminum,0.151,3.378,1.209,217.2,627.1,672.5,591.7,MAHS1.pdf,2.88,7777,1.5,0.367,79,7777,MAHS1.pdf,1D lateral loading,5,3,0.0092,5,MAHS-Test15-4.JPG,MAHS-Test15-4.0.txt,MAHS-Slide15.jpg,MAHS-FRT15_5.xls,M=V*Height+P*Delta,0.041,0.246,0.36,0.014,1.2597,0.617,2.116,0.948,At the point of zero shear,1.114,2.116,0.948,MAHS1.pdf,https://www.designsafe-ci.org/data/browser/public/nees.public/NEES-2009-0732.groups,No comment
84,"Hakhamaneshi, M., Kutter, B.L., (2016) ""Effect of footing shape and embedment  on the settlement, re-centering and energy dissiption of shallow footings subjected to rocking"", J. for Geotech. & Geoenv. Eng.",Bruce L. Kutter,"Sashi Kunnath, Tara  C. Hutchinson, Mark Aschheim",M.Hakhamaneshi,NSF-NEESR,MAHS-1,"UC Davis, Center for Geotechnical Modeling, 1m radius centrifuge",Centrifuge,Rigid Container,0.381,0.381,25.4,servo-hydraulic,1,Slow Cyclic disp controlled Lateral Loading,pin and slider to apply pure lateral load ,Connect16.JPG,1.5_s_H65_0.09,30-Jan-13,5,1,184.5,35,0.0286,0.0000233,0.0286,Model,0.15,7777,1,None,Nevada Sand,0.15,81,9999,4,7777,7777,7777,7777,1680,7777,7777,7777,7777,7777,7777,7777,7777,7777,7777,7777,7777,7777,7777,7777,7777,7777,7777,7777,7777,7777,7777,7777,I-shaped,Aluminum,0.075,0.15,7777,0.016,0.013,65,0,0.032,0,0,Shear Wall,Test16.JPG,Aluminum,0.145,2.444,0.826,210,504.5,545.4,486.2,MAHS1.pdf,2.4,7777,1.5,0.4318,56,7777,MAHS1.pdf,1D lateral loading,5,3,0.000563,5,MAHS-Test16-0.25.JPG,MAHS-Test16-0.25.txt,MAHS-Slide16.jpg,MAHS-FRT16_1.xls,M=V*Height+P*Delta,0.0021821,0.0130926,0.0130926,0.000687362,0.5064,9999,0.1608,0.1608,At the point of zero shear,1.1,0.161,0.161,MAHS1.pdf,https://www.designsafe-ci.org/data/browser/public/nees.public/NEES-2009-0732.groups,Sliding was not reported in this case.
85,"Hakhamaneshi, M., Kutter, B.L., (2016) ""Effect of footing shape and embedment  on the settlement, re-centering and energy dissiption of shallow footings subjected to rocking"", J. for Geotech. & Geoenv. Eng.",Bruce L. Kutter,"Sashi Kunnath, Tara  C. Hutchinson, Mark Aschheim",M.Hakhamaneshi,NSF-NEESR,MAHS-1,"UC Davis, Center for Geotechnical Modeling, 1m radius centrifuge",Centrifuge,Rigid Container,0.381,0.381,25.4,servo-hydraulic,1,Slow Cyclic disp controlled Lateral Loading,pin and slider to apply pure lateral load ,Connect16.JPG,1.5_s_H65_0.09,30-Jan-13,5,2,184.5,35,0.0286,0.0000233,0.0286,Model,0.15,7777,1,None,Nevada Sand,0.15,81,9999,4,7777,7777,7777,7777,1680,7777,7777,7777,7777,7777,7777,7777,7777,7777,7777,7777,7777,7777,7777,7777,7777,7777,7777,7777,7777,7777,7777,7777,I-shaped,Aluminum,0.075,0.15,7777,0.016,0.013,65,0,0.032,0,0,Shear Wall,Test16.JPG,Aluminum,0.145,2.444,0.826,210,504.5,545.4,486.2,MAHS1.pdf,2.4,7777,1.5,0.4318,56,7777,MAHS1.pdf,1D lateral loading,5,3,0.00113,5,MAHS-Test16-0.5.JPG,MAHS-Test16-0.50.txt,MAHS-Slide16.jpg,MAHS-FRT16_2.xls,M=V*Height+P*Delta,0.005989,0.035934,0.0490266,0.001922469,1.6,9999,0.4518,0.291,At the point of zero shear,1.01,0.452,0.291,MAHS1.pdf,https://www.designsafe-ci.org/data/browser/public/nees.public/NEES-2009-0732.groups,Sliding was not reported in this case.
86,"Hakhamaneshi, M., Kutter, B.L., (2016) ""Effect of footing shape and embedment  on the settlement, re-centering and energy dissiption of shallow footings subjected to rocking"", J. for Geotech. & Geoenv. Eng.",Bruce L. Kutter,"Sashi Kunnath, Tara  C. Hutchinson, Mark Aschheim",M.Hakhamaneshi,NSF-NEESR,MAHS-1,"UC Davis, Center for Geotechnical Modeling, 1m radius centrifuge",Centrifuge,Rigid Container,0.381,0.381,25.4,servo-hydraulic,1,Slow Cyclic disp controlled Lateral Loading,pin and slider to apply pure lateral load ,Connect16.JPG,1.5_s_H65_0.09,30-Jan-13,5,3,184.5,35,0.0286,0.0000233,0.0286,Model,0.15,7777,1,None,Nevada Sand,0.15,81,9999,4,7777,7777,7777,7777,1680,7777,7777,7777,7777,7777,7777,7777,7777,7777,7777,7777,7777,7777,7777,7777,7777,7777,7777,7777,7777,7777,7777,7777,I-shaped,Aluminum,0.075,0.15,7777,0.016,0.013,65,0,0.032,0,0,Shear Wall,Test16.JPG,Aluminum,0.145,2.444,0.826,210,504.5,545.4,486.2,MAHS1.pdf,2.4,7777,1.5,0.4318,56,7777,MAHS1.pdf,1D lateral loading,5,3,0.0023,5,MAHS-Test16-1.JPG,MAHS-Test16-1.0.txt,MAHS-Slide16.jpg,MAHS-FRT16_3.xls,M=V*Height+P*Delta,0.012,0.072,0.107934,0.003816,2.3,9999,0.9103,0.4585,At the point of zero shear,1.077,0.91,0.459,MAHS1.pdf,https://www.designsafe-ci.org/data/browser/public/nees.public/NEES-2009-0732.groups,Sliding was not reported in this case.
87,"Hakhamaneshi, M., Kutter, B.L., (2016) ""Effect of footing shape and embedment  on the settlement, re-centering and energy dissiption of shallow footings subjected to rocking"", J. for Geotech. & Geoenv. Eng.",Bruce L. Kutter,"Sashi Kunnath, Tara  C. Hutchinson, Mark Aschheim",M.Hakhamaneshi,NSF-NEESR,MAHS-1,"UC Davis, Center for Geotechnical Modeling, 1m radius centrifuge",Centrifuge,Rigid Container,0.381,0.381,25.4,servo-hydraulic,1,Slow Cyclic disp controlled Lateral Loading,pin and slider to apply pure lateral load ,Connect16.JPG,1.5_s_H65_0.09,30-Jan-13,5,4,184.5,35,0.0286,0.0000233,0.0286,Model,0.15,7777,1,None,Nevada Sand,0.15,81,9999,4,7777,7777,7777,7777,1680,7777,7777,7777,7777,7777,7777,7777,7777,7777,7777,7777,7777,7777,7777,7777,7777,7777,7777,7777,7777,7777,7777,7777,I-shaped,Aluminum,0.075,0.15,7777,0.016,0.013,65,0,0.032,0,0,Shear Wall,Test16.JPG,Aluminum,0.145,2.444,0.826,210,504.5,545.4,486.2,MAHS1.pdf,2.4,7777,1.5,0.4318,56,7777,MAHS1.pdf,1D lateral loading,5,3,0.0046,5,MAHS-Test16-2.JPG,MAHS-Test16-2.0.txt,MAHS-Slide16.jpg,MAHS-FRT16_4.xls,M=V*Height+P*Delta,0.023,0.138,0.21,0.008441,2.4,9999,1.7,1.7,At the point of zero shear,1.128,1.7,1.7,MAHS1.pdf,https://www.designsafe-ci.org/data/browser/public/nees.public/NEES-2009-0732.groups,Sliding was not reported in this case.
88,"Hakhamaneshi, M., Kutter, B.L., (2016) ""Effect of footing shape and embedment  on the settlement, re-centering and energy dissiption of shallow footings subjected to rocking"", J. for Geotech. & Geoenv. Eng.",Bruce L. Kutter,"Sashi Kunnath, Tara  C. Hutchinson, Mark Aschheim",M.Hakhamaneshi,NSF-NEESR,MAHS-1,"UC Davis, Center for Geotechnical Modeling, 1m radius centrifuge",Centrifuge,Rigid Container,0.381,0.381,25.4,servo-hydraulic,1,Slow Cyclic disp controlled Lateral Loading,pin and slider to apply pure lateral load ,Connect16.JPG,1.5_s_H65_0.09,30-Jan-13,5,5,184.5,35,0.0286,0.0000233,0.0286,Model,0.15,7777,1,None,Nevada Sand,0.15,81,9999,4,7777,7777,7777,7777,1680,7777,7777,7777,7777,7777,7777,7777,7777,7777,7777,7777,7777,7777,7777,7777,7777,7777,7777,7777,7777,7777,7777,7777,I-shaped,Aluminum,0.075,0.15,7777,0.016,0.013,65,0,0.032,0,0,Shear Wall,Test16.JPG,Aluminum,0.145,2.444,0.826,210,504.5,545.4,486.2,MAHS1.pdf,2.4,7777,1.5,0.4318,56,7777,MAHS1.pdf,1D lateral loading,5,3,0.0092,5,MAHS-Test16-4.JPG,MAHS-Test16-4.0.txt,MAHS-Slide16.jpg,MAHS-FRT16_5.xls,M=V*Height+P*Delta,0.044,0.264,0.402,0.02002,3.8,9999,3,1.3,At the point of zero shear,1.216,3,1.3,MAHS1.pdf,https://www.designsafe-ci.org/data/browser/public/nees.public/NEES-2009-0732.groups,Sliding was not reported in this case.
89,"Deng, L. and Kutter B.L. 2012. Characterization of rocking shallow foundation using centrifuge model tests. Earthq. Eng. & Struct. Dyn., 41(5): 1043-1060.",B.L. Kutter,S.K. Kunnath,L. Deng,Caltrans,LJD01,"UC Davis, Center for Geotechnical Modeling, 9m radius centrifuge",Centrifuge,Rigid-wall container,1.75,0.9,0.59,Servo-hydraulic,1,Slow Cyclic disp controlled Lateral Loading,Pin and rail connection,LJD01_Connect_bet_act_and_struct.jpg,LJD01_Spin1_SC_Event4_0.2V,21-Feb-08,1,1,70.4,49,0.0204,0.0000085,0.0204,Prototype,8.97,0,1,None,Nevada sand,8.97,73,9999,5,0,0,0,0,1557,0,0,0,0,0,0,0,0,0,0,0,0,0,0,0,0,0,0,0,0,0,0,0,Rectangle,Aluminium,4.28,6.7,0,0,0,0,0,1.24,2.25,18337.89,SDOF,LJD01_SD.JPG,Aluminium,12.12,630598.64,6186.17,224.59,3616,9999,9999,LJD01_BearingMoment.pdf,16.1,7777,1.81,0.07,21913000,7777,LJD01_BearingMoment.pdf,1D-H,4,3,0.2,200,LJD01_Spin1_SC_Event4_LP_0.2V.pdf,LJD01_Spin1_SC_Event4_LP_0.2V.txt,LJD01_Spin1_SC_Event4_0.2V.pdf,LJD01_Spin1_SC_Event4_0.2V.txt,M=V*Height+P*Delta,0.006862,0.03,0.03,0.00396,1.106,0.07477,0.1694,0.1694,Average footing settlement at zero shear load,0.91,0.17,0.02,LJD_Datareport.pdf,https://www.designsafe-ci.org/data/browser/public/nees.public/NEES-2008-0565.groups,No comment
90,"Deng, L. and Kutter B.L. 2012. Characterization of rocking shallow foundation using centrifuge model tests. Earthq. Eng. & Struct. Dyn., 41(5): 1043-1060.",B.L. Kutter,S.K. Kunnath,L. Deng,Caltrans,LJD01,"UC Davis, Center for Geotechnical Modeling, 9m radius centrifuge",Centrifuge,Rigid-wall container,1.75,0.9,0.59,Servo-hydraulic,1,Slow Cyclic disp controlled Lateral Loading,Pin and rail connection,LJD01_Connect_bet_act_and_struct.jpg,LJD01_Spin1_SC_Event5_0.4V,21-Feb-08,1,2,70.4,49,0.0204,0.0000085,0.0204,Prototype,8.97,0,1,None,Nevada sand,8.97,73,9999,5,0,0,0,0,1557,0,0,0,0,0,0,0,0,0,0,0,0,0,0,0,0,0,0,0,0,0,0,0,Rectangle,Aluminium,4.28,6.7,0,0,0,0,0,1.24,2.25,18337.89,SDOF,LJD01_SD.JPG,Aluminium,12.12,630598.64,6186.17,224.59,3616,9999,9999,LJD01_BearingMoment.pdf,16.1,7777,1.81,0.07,21913000,7777,LJD01_BearingMoment.pdf,1D-H,4,3,0.31,200,LJD01_Spin1_SC_Event5_LP_0.4V.pdf,LJD01_Spin1_SC_Event5_LP_0.4V.txt,LJD01_Spin1_SC_Event5_0.4V.pdf,LJD01_Spin1_SC_Event5_0.4V.txt,M=V*Height+P*Delta,0.01808,0.07,0.1,0.00083,1.243,0.07854,-0.04563,-0.21503,Average footing settlement at zero shear load,1,-0.05,-0.2,LJD_Datareport.pdf,https://www.designsafe-ci.org/data/browser/public/nees.public/NEES-2008-0565.groups,No comment
91,"Deng, L. and Kutter B.L. 2012. Characterization of rocking shallow foundation using centrifuge model tests. Earthq. Eng. & Struct. Dyn., 41(5): 1043-1060.",B.L. Kutter,S.K. Kunnath,L. Deng,Caltrans,LJD01,"UC Davis, Center for Geotechnical Modeling, 9m radius centrifuge",Centrifuge,Rigid-wall container,1.75,0.9,0.59,Servo-hydraulic,1,Slow Cyclic disp controlled Lateral Loading,Pin and rail connection,LJD01_Connect_bet_act_and_struct.jpg,LJD01_Spin1_SC_Event6_0.8V,21-Feb-08,1,3,70.4,49,0.0204,0.0000085,0.0204,Prototype,8.97,0,1,None,Nevada sand,8.97,73,9999,5,0,0,0,0,1557,0,0,0,0,0,0,0,0,0,0,0,0,0,0,0,0,0,0,0,0,0,0,0,Rectangle,Aluminium,4.28,6.7,0,0,0,0,0,1.24,2.25,18337.89,SDOF,LJD01_SD.JPG,Aluminium,12.12,630598.64,6186.17,224.59,3616,9999,9999,LJD01_BearingMoment.pdf,16.1,7777,1.81,0.07,21913000,7777,LJD01_BearingMoment.pdf,1D-H,4,3,0.59,200,LJD01_Spin1_SC_Event6_LP_0.8V.pdf,LJD01_Spin1_SC_Event6_LP_0.8V.txt,LJD01_Spin1_SC_Event6_0.8V.pdf,LJD01_Spin1_SC_Event6_0.8V.txt,M=V*Height+P*Delta,0.06063,0.29,0.39,0.01419,0.61,0.2739,-1.941,-1.89537,Average footing settlement at zero shear load,1.02,-1.94,-1.91,LJD_Datareport.pdf,https://www.designsafe-ci.org/data/browser/public/nees.public/NEES-2008-0565.groups,No comment
92,"Deng, L. and Kutter B.L. 2012. Characterization of rocking shallow foundation using centrifuge model tests. Earthq. Eng. & Struct. Dyn., 41(5): 1043-1060.",B.L. Kutter,S.K. Kunnath,L. Deng,Caltrans,LJD01,"UC Davis, Center for Geotechnical Modeling, 9m radius centrifuge",Centrifuge,Rigid-wall container,1.75,0.9,0.59,Servo-hydraulic,1,Slow Cyclic disp controlled Lateral Loading,Pin and rail connection,LJD01_Connect_bet_act_and_struct.jpg,LJD01_Spin1_SC_Event7_0.2V,21-Feb-08,1,4,70.4,49,0.0204,0.0000085,0.0204,Prototype,8.97,0,1,None,Nevada sand,8.97,73,9999,5,0,0,0,0,1557,0,0,0,0,0,0,0,0,0,0,0,0,0,0,0,0,0,0,0,0,0,0,0,Rectangle,Aluminium,4.28,6.7,0,0,0,0,0,1.24,2.25,18337.89,SDOF,LJD01_SD.JPG,Aluminium,12.12,630598.64,6186.17,224.59,3636,9999,9999,LJD01_BearingMoment.pdf,16.19,7777,1.81,0.07,21913000,7777,LJD01_BearingMoment.pdf,1D-H,4,3,0.16,200,LJD01_Spin1_SC_Event7_LP_0.2V.pdf,LJD01_Spin1_SC_Event7_LP_0.2V.txt,LJD01_Spin1_SC_Event7_0.2V.pdf,LJD01_Spin1_SC_Event7_0.2V.txt,M=V*Height+P*Delta,0.02378,0.07,0.45,0.0124,2.378,0.2537,-1.639,0.302,Average footing settlement at zero shear load,0.97,-1.64,0.3,LJD_Datareport.pdf,https://www.designsafe-ci.org/data/browser/public/nees.public/NEES-2008-0565.groups,No comment
93,"Deng, L. and Kutter B.L. 2012. Characterization of rocking shallow foundation using centrifuge model tests. Earthq. Eng. & Struct. Dyn., 41(5): 1043-1060.",B.L. Kutter,S.K. Kunnath,L. Deng,Caltrans,LJD01,"UC Davis, Center for Geotechnical Modeling, 9m radius centrifuge",Centrifuge,Rigid-wall container,1.75,0.9,0.59,Servo-hydraulic,1,Slow Cyclic disp controlled Lateral Loading,Pin and rail connection,LJD01_Connect_bet_act_and_struct.jpg,LJD01_Spin2_MC_Event5_0.2V,22-Feb-08,1,1,70.4,49,0.0204,0.0000085,0.0204,Prototype,8.97,0,1,None,Nevada sand,8.97,73,9999,5,0,0,0,0,1557,0,0,0,0,0,0,0,0,0,0,0,0,0,0,0,0,0,0,0,0,0,0,0,Rectangle,Aluminium,6.24,9.76,0,0,0,0,0,1.24,2.25,54177.16,SDOF,LJD01_MD.jpg,Aluminium,12.12,736482.74,7224.9,132.72,3934,9999,9999,LJD01_BearingMoment.pdf,29.64,7777,1.24,0.03,42720000,7777,LJD01_BearingMoment.pdf,1D-H,4,3,0.19,200,LJD01_Spin2_MC_Event5_LP_0.2V.pdf,LJD01_Spin2_MC_Event5_LP_0.2V.txt,LJD01_Spin2_MC_Event5_0.2V.pdf,LJD01_Spin2_MC_Event5_0.2V.txt,M=V*Height+P*Delta,0.01067,0.05,0.05,0.00059,0.0897,0.06422,0.0686,0.0686,Average footing settlement at zero shear load,0.9,0.07,0.07,LJD_Datareport.pdf,https://www.designsafe-ci.org/data/browser/public/nees.public/NEES-2008-0565.groups,No comment
94,"Deng, L. and Kutter B.L. 2012. Characterization of rocking shallow foundation using centrifuge model tests. Earthq. Eng. & Struct. Dyn., 41(5): 1043-1060.",B.L. Kutter,S.K. Kunnath,L. Deng,Caltrans,LJD01,"UC Davis, Center for Geotechnical Modeling, 9m radius centrifuge",Centrifuge,Rigid-wall container,1.75,0.9,0.59,Servo-hydraulic,1,Slow Cyclic disp controlled Lateral Loading,Pin and rail connection,LJD01_Connect_bet_act_and_struct.jpg,LJD01_Spin2_MC_Event6_0.4V,22-Feb-08,1,2,70.4,49,0.0204,0.0000085,0.0204,Prototype,8.97,0,1,None,Nevada sand,8.97,73,9999,5,0,0,0,0,1557,0,0,0,0,0,0,0,0,0,0,0,0,0,0,0,0,0,0,0,0,0,0,0,Rectangle,Aluminium,6.24,9.76,0,0,0,0,0,1.24,2.25,54177.16,SDOF,LJD01_MD.jpg,Aluminium,12.12,736482.74,7224.9,132.72,3934,9999,9999,LJD01_BearingMoment.pdf,29.64,7777,1.24,0.03,42720000,7777,LJD01_BearingMoment.pdf,1D-H,4,3,0.27,200,LJD01_Spin2_MC_Event6_LP_0.4V.pdf,LJD01_Spin2_MC_Event6_LP_0.4V.txt,LJD01_Spin2_MC_Event6_0.4V.pdf,LJD01_Spin2_MC_Event6_0.4V.txt,M=V*Height+P*Delta,0.02226,0.13,0.18,0.00092,0.1426,0.01671,0.1281,0.0595,Average footing settlement at zero shear load,0.92,0.13,0.05,LJD_Datareport.pdf,https://www.designsafe-ci.org/data/browser/public/nees.public/NEES-2008-0565.groups,No comment
95,"Deng, L. and Kutter B.L. 2012. Characterization of rocking shallow foundation using centrifuge model tests. Earthq. Eng. & Struct. Dyn., 41(5): 1043-1060.",B.L. Kutter,S.K. Kunnath,L. Deng,Caltrans,LJD01,"UC Davis, Center for Geotechnical Modeling, 9m radius centrifuge",Centrifuge,Rigid-wall container,1.75,0.9,0.59,Servo-hydraulic,1,Slow Cyclic disp controlled Lateral Loading,Pin and rail connection,LJD01_Connect_bet_act_and_struct.jpg,LJD01_Spin2_MC_Event7_0.8V,22-Feb-08,1,3,70.4,49,0.0204,0.0000085,0.0204,Prototype,8.97,0,1,None,Nevada sand,8.97,73,9999,5,0,0,0,0,1557,0,0,0,0,0,0,0,0,0,0,0,0,0,0,0,0,0,0,0,0,0,0,0,Rectangle,Aluminium,6.24,9.76,0,0,0,0,0,1.24,2.25,54177.16,SDOF,LJD01_MD.jpg,Aluminium,12.12,736482.74,7224.9,132.72,3934,9999,9999,LJD01_BearingMoment.pdf,29.64,7777,1.24,0.03,42720000,7777,LJD01_BearingMoment.pdf,1D-H,4,3,0.54,200,LJD01_Spin2_MC_Event7_LP_0.8V.pdf,LJD01_Spin2_MC_Event7_LP_0.8V.txt,LJD01_Spin2_MC_Event7_0.8V.pdf,LJD01_Spin2_MC_Event7_0.8V.txt,M=V*Height+P*Delta,0.04647,0.26,0.44,0.00126,1.068,0.8535,-0.239,-0.3671,Average footing settlement at zero shear load,0.93,-0.24,-0.38,LJD_Datareport.pdf,https://www.designsafe-ci.org/data/browser/public/nees.public/NEES-2008-0565.groups,No comment
96,"Deng, L. and Kutter B.L. 2012. Characterization of rocking shallow foundation using centrifuge model tests. Earthq. Eng. & Struct. Dyn., 41(5): 1043-1060.",B.L. Kutter,S.K. Kunnath,L. Deng,Caltrans,LJD01,"UC Davis, Center for Geotechnical Modeling, 9m radius centrifuge",Centrifuge,Rigid-wall container,1.75,0.9,0.59,Servo-hydraulic,1,Slow Cyclic disp controlled Lateral Loading,Pin and rail connection,LJD01_Connect_bet_act_and_struct.jpg,LJD01_Spin2_MC_Event8_0.2V,22-Feb-08,1,4,70.4,49,0.0204,0.0000085,0.0204,Prototype,8.97,0,1,None,Nevada sand,8.97,73,9999,5,0,0,0,0,1557,0,0,0,0,0,0,0,0,0,0,0,0,0,0,0,0,0,0,0,0,0,0,0,Rectangle,Aluminium,6.24,9.76,0,0,0,0,0,1.24,2.25,54177.16,SDOF,LJD01_MD.jpg,Aluminium,12.12,736482.74,7224.9,132.72,3934,9999,9999,LJD01_BearingMoment.pdf,29.64,7777,1.24,0.03,42720000,7777,LJD01_BearingMoment.pdf,1D-H,4,3,0.19,200,LJD01_Spin2_MC_Event8_LP_0.2V.pdf,LJD01_Spin2_MC_Event8_LP_0.2V.txt,LJD01_Spin2_MC_Event8_0.2V.pdf,LJD01_Spin2_MC_Event8_0.2V.txt,M=V*Height+P*Delta,0.01449,0.05,0.49,0.0044,0.02044,0.01849,0.00115,0.24015,Average footing settlement at zero shear load,0.91,0,0,LJD_Datareport.pdf,https://www.designsafe-ci.org/data/browser/public/nees.public/NEES-2008-0565.groups,No comment
97,"Deng, L. and Kutter B.L. 2012. Characterization of rocking shallow foundation using centrifuge model tests. Earthq. Eng. & Struct. Dyn., 41(5): 1043-1060.",B.L. Kutter,S.K. Kunnath,L. Deng,Caltrans,LJD01,"UC Davis, Center for Geotechnical Modeling, 9m radius centrifuge",Centrifuge,Rigid-wall container,1.75,0.9,0.59,Servo-hydraulic,1,Slow Cyclic disp controlled Lateral Loading,Pin and rail connection,LJD01_Connect_bet_act_and_struct.jpg,LJD01_Spin3_LC_Event4_0.2V,25-Feb-08,1,1,70.4,49,0.0204,0.0000085,0.0204,Prototype,8.97,0,1,None,Nevada sand,8.97,73,9999,5,0,0,0,0,1557,0,0,0,0,0,0,0,0,0,0,0,0,0,0,0,0,0,0,0,0,0,0,0,Rectangle,Aluminium,7.79,12.2,0,0,0,0,0,1.24,2.25,96144.05,SDOF,LJD01_LC.jpg,Aluminium,12.12,854131.74,8379.03,96.86,4235,9999,9999,LJD01_BearingMoment.pdf,43.72,7777,0.99,0.02,63980000,7777,LJD01_BearingMoment.pdf,1D-H,4,3,0.17,200,LJD01_Spin3_LC_Event4_LP_0.2V.pdf,LJD01_Spin3_LC_Event4_LP_0.2V.txt,LJD01_Spin3_LC_Event4_0.2V.pdf,LJD01_Spin3_LC_Event4_0.2V.txt,M=V*Height+P*Delta,0.01096,0.05,0.05,0.00002,1.754,0.08824,0.1646,0.1646,Average footing settlement at zero shear load,0.9,0.16,0.04,LJD_Datareport.pdf,https://www.designsafe-ci.org/data/browser/public/nees.public/NEES-2008-0565.groups,No comment
98,"Deng, L. and Kutter B.L. 2012. Characterization of rocking shallow foundation using centrifuge model tests. Earthq. Eng. & Struct. Dyn., 41(5): 1043-1060.",B.L. Kutter,S.K. Kunnath,L. Deng,Caltrans,LJD01,"UC Davis, Center for Geotechnical Modeling, 9m radius centrifuge",Centrifuge,Rigid-wall container,1.75,0.9,0.59,Servo-hydraulic,1,Slow Cyclic disp controlled Lateral Loading,Pin and rail connection,LJD01_Connect_bet_act_and_struct.jpg,LJD01_Spin3_LC_Event5_0.4V,25-Feb-08,1,2,70.4,49,0.0204,0.0000085,0.0204,Prototype,8.97,0,1,None,Nevada sand,8.97,73,9999,5,0,0,0,0,1557,0,0,0,0,0,0,0,0,0,0,0,0,0,0,0,0,0,0,0,0,0,0,0,Rectangle,Aluminium,7.79,12.2,0,0,0,0,0,1.24,2.25,96144.05,SDOF,LJD01_LC.jpg,Aluminium,12.12,854131.74,8379.03,96.86,4235,9999,9999,LJD01_BearingMoment.pdf,43.72,7777,0.99,0.02,63980000,7777,LJD01_BearingMoment.pdf,1D-H,4,3,0.31,200,LJD01_Spin3_LC_Event5_LP_0.4V.pdf,LJD01_Spin3_LC_Event5_LP_0.4V.txt,LJD01_Spin3_LC_Event5_0.4V.pdf,LJD01_Spin3_LC_Event5_0.4V.txt,M=V*Height+P*Delta,0.02279,0.12,0.17,0.00058,3.659,0.173,0.1452,-0.0194,Average footing settlement at zero shear load,0.98,0.15,-0.03,LJD_Datareport.pdf,https://www.designsafe-ci.org/data/browser/public/nees.public/NEES-2008-0565.groups,No comment
99,"Deng, L. and Kutter B.L. 2012. Characterization of rocking shallow foundation using centrifuge model tests. Earthq. Eng. & Struct. Dyn., 41(5): 1043-1060.",B.L. Kutter,S.K. Kunnath,L. Deng,Caltrans,LJD01,"UC Davis, Center for Geotechnical Modeling, 9m radius centrifuge",Centrifuge,Rigid-wall container,1.75,0.9,0.59,Servo-hydraulic,1,Slow Cyclic disp controlled Lateral Loading,Pin and rail connection,LJD01_Connect_bet_act_and_struct.jpg,LJD01_Spin3_LC_Event6_0.8V,25-Feb-08,1,3,70.4,49,0.0204,0.0000085,0.0204,Prototype,8.97,0,1,None,Nevada sand,8.97,73,9999,5,0,0,0,0,1557,0,0,0,0,0,0,0,0,0,0,0,0,0,0,0,0,0,0,0,0,0,0,0,Rectangle,Aluminium,7.79,12.2,0,0,0,0,0,1.24,2.25,96144.05,SDOF,LJD01_LC.jpg,Aluminium,12.12,854131.74,8379.03,96.86,4235,9999,9999,LJD01_BearingMoment.pdf,43.72,7777,0.99,0.02,63980000,7777,LJD01_BearingMoment.pdf,1D-H,4,3,0.63,200,LJD01_Spin3_LC_Event6_LP_0.8V.pdf,LJD01_Spin3_LC_Event6_LP_0.8V.txt,LJD01_Spin3_LC_Event6_0.8V.pdf,LJD01_Spin3_LC_Event6_0.8V.txt,M=V*Height+P*Delta,0.04408,0.25,0.43,0.00019,7.829,0.1428,-0.7998,-0.945,Average footing settlement at zero shear load,1.01,-0.8,-0.98,LJD_Datareport.pdf,https://www.designsafe-ci.org/data/browser/public/nees.public/NEES-2008-0565.groups,No comment
100,"Deng, L. and Kutter B.L. 2012. Characterization of rocking shallow foundation using centrifuge model tests. Earthq. Eng. & Struct. Dyn., 41(5): 1043-1060.",B.L. Kutter,S.K. Kunnath,L. Deng,Caltrans,LJD01,"UC Davis, Center for Geotechnical Modeling, 9m radius centrifuge",Centrifuge,Rigid-wall container,1.75,0.9,0.59,Servo-hydraulic,1,Slow Cyclic disp controlled Lateral Loading,Pin and rail connection,LJD01_Connect_bet_act_and_struct.jpg,LJD01_Spin3_LC_Event7_0.2V,25-Feb-08,1,4,70.4,49,0.0204,0.0000085,0.0204,Prototype,8.97,0,1,None,Nevada sand,8.97,73,9999,5,0,0,0,0,1557,0,0,0,0,0,0,0,0,0,0,0,0,0,0,0,0,0,0,0,0,0,0,0,Rectangle,Aluminium,7.79,12.2,0,0,0,0,0,1.24,2.25,96144.05,SDOF,LJD01_LC.jpg,Aluminium,12.12,854131.74,8379.03,96.86,4235,9999,9999,LJD01_BearingMoment.pdf,43.72,7777,0.99,0.02,63980000,7777,LJD01_BearingMoment.pdf,1D-H,4,3,0.19,200,LJD01_Spin3_LC_Event7_LP_0.2V.pdf,LJD01_Spin3_LC_Event7_LP_0.2V.txt,LJD01_Spin3_LC_Event7_0.2V.pdf,LJD01_Spin3_LC_Event7_0.2V.txt,M=V*Height+P*Delta,0.01244,0.05,0.48,0.00265,2.132,0.5184,-0.558,0.2418,Average footing settlement at zero shear load,0.99,-0.56,0.14,LJD_Datareport.pdf,https://www.designsafe-ci.org/data/browser/public/nees.public/NEES-2008-0565.groups,No comment
101,"Deng, L. and Kutter B.L. 2012. Characterization of rocking shallow foundation using centrifuge model tests. Earthq. Eng. & Struct. Dyn., 41(5): 1043-1060.",B.L. Kutter,S.K. Kunnath,L. Deng,Caltrans,LJD01,"UC Davis, Center for Geotechnical Modeling, 9m radius centrifuge",Centrifuge,Rigid-wall container,1.75,0.9,0.59,Servo-hydraulic,1,Slow Cyclic disp controlled Lateral Loading,Pin and rail connection,LJD01_Connect_bet_act_and_struct.jpg,LJD01_Spin4_SC_Event4_0.2V,28-Feb-08,1,1,70.4,49,0.0204,0.0000085,0.0204,Prototype,8.97,0,1,None,Nevada sand,8.97,44,9999,5,0,0,0,0,1548,0,0,0,0,0,0,0,0,0,0,0,0,0,0,0,0,0,0,0,0,0,0,0,Rectangle,Aluminium,4.28,6.7,0,0,0,0,0,1.24,2.25,18241.82,SDOF,LJD01_SD.JPG,Aluminium,12.12,630598.64,6186.17,224.59,3616,9999,9999,LJD01_BearingMoment.pdf,16.1,7777,1.81,0.07,21913000,7777,LJD01_BearingMoment.pdf,1D-H,4,3,0.17,200,LJD01_Spin4_SC_Event4_LP_0.2V.pdf,LJD01_Spin4_SC_Event4_LP_0.2V.txt,LJD01_Spin4_SC_Event4_0.2V.pdf,LJD01_Spin4_SC_Event4_0.2V.txt,M=V*Height+P*Delta,0.01847,0.06,0.06,0.00752,0.546,0.2982,0.5681,0.5681,Average footing settlement at zero shear load,0.74,0.57,0.3,LJD_Datareport.pdf,https://www.designsafe-ci.org/data/browser/public/nees.public/NEES-2008-0565.groups,No comment
102,"Deng, L. and Kutter B.L. 2012. Characterization of rocking shallow foundation using centrifuge model tests. Earthq. Eng. & Struct. Dyn., 41(5): 1043-1060.",B.L. Kutter,S.K. Kunnath,L. Deng,Caltrans,LJD01,"UC Davis, Center for Geotechnical Modeling, 9m radius centrifuge",Centrifuge,Rigid-wall container,1.75,0.9,0.59,Servo-hydraulic,1,Slow Cyclic disp controlled Lateral Loading,Pin and rail connection,LJD01_Connect_bet_act_and_struct.jpg,LJD01_Spin4_SC_Event5_0.4V,28-Feb-08,1,2,70.4,49,0.0204,0.0000085,0.0204,Prototype,8.97,0,1,None,Nevada sand,8.97,44,9999,5,0,0,0,0,1548,0,0,0,0,0,0,0,0,0,0,0,0,0,0,0,0,0,0,0,0,0,0,0,Rectangle,Aluminium,4.28,6.7,0,0,0,0,0,1.24,2.25,18241.82,SDOF,LJD01_SD.JPG,Aluminium,12.12,630598.64,6186.17,224.59,3616,9999,9999,LJD01_BearingMoment.pdf,16.1,7777,1.81,0.07,21913000,7777,LJD01_BearingMoment.pdf,1D-H,4,3,0.32,200,LJD01_Spin4_SC_Event5_LP_0.4V.pdf,LJD01_Spin4_SC_Event5_LP_0.4V.txt,LJD01_Spin4_SC_Event5_0.4V.pdf,LJD01_Spin4_SC_Event5_0.4V.txt,M=V*Height+P*Delta,0.03263,0.13,0.19,0.01106,0.7896,0.4488,1.034,0.4659,Average footing settlement at zero shear load,0.84,1.03,0.44,LJD_Datareport.pdf,https://www.designsafe-ci.org/data/browser/public/nees.public/NEES-2008-0565.groups,No comment
103,"Deng, L. and Kutter B.L. 2012. Characterization of rocking shallow foundation using centrifuge model tests. Earthq. Eng. & Struct. Dyn., 41(5): 1043-1060.",B.L. Kutter,S.K. Kunnath,L. Deng,Caltrans,LJD01,"UC Davis, Center for Geotechnical Modeling, 9m radius centrifuge",Centrifuge,Rigid-wall container,1.75,0.9,0.59,Servo-hydraulic,1,Slow Cyclic disp controlled Lateral Loading,Pin and rail connection,LJD01_Connect_bet_act_and_struct.jpg,LJD01_Spin4_SC_Event6_0.8V,28-Feb-08,1,3,70.4,49,0.0204,0.0000085,0.0204,Prototype,8.97,0,1,None,Nevada sand,8.97,44,9999,5,0,0,0,0,1548,0,0,0,0,0,0,0,0,0,0,0,0,0,0,0,0,0,0,0,0,0,0,0,Rectangle,Aluminium,4.28,6.7,0,0,0,0,0,1.24,2.25,18241.82,SDOF,LJD01_SD.JPG,Aluminium,12.12,630598.64,6186.17,224.59,3616,9999,9999,LJD01_BearingMoment.pdf,16.1,7777,1.81,0.07,21913000,7777,LJD01_BearingMoment.pdf,1D-H,4,3,0.6,200,LJD01_Spin4_SC_Event6_LP_0.8V.pdf,LJD01_Spin4_SC_Event6_LP_0.8V.txt,LJD01_Spin4_SC_Event6_0.8V.pdf,LJD01_Spin4_SC_Event6_0.8V.txt,M=V*Height+P*Delta,0.05929,0.26,0.45,0.01471,1.138,0.7705,1.689,0.655,Average footing settlement at zero shear load,0.88,1.69,0.62,LJD_Datareport.pdf,https://www.designsafe-ci.org/data/browser/public/nees.public/NEES-2008-0565.groups,No comment
104,"Deng, L. and Kutter B.L. 2012. Characterization of rocking shallow foundation using centrifuge model tests. Earthq. Eng. & Struct. Dyn., 41(5): 1043-1060.",B.L. Kutter,S.K. Kunnath,L. Deng,Caltrans,LJD01,"UC Davis, Center for Geotechnical Modeling, 9m radius centrifuge",Centrifuge,Rigid-wall container,1.75,0.9,0.59,Servo-hydraulic,1,Slow Cyclic disp controlled Lateral Loading,Pin and rail connection,LJD01_Connect_bet_act_and_struct.jpg,LJD01_Spin4_SC_Event7_0.2V,28-Feb-08,1,4,70.4,49,0.0204,0.0000085,0.0204,Prototype,8.97,0,1,None,Nevada sand,8.97,44,9999,5,0,0,0,0,1548,0,0,0,0,0,0,0,0,0,0,0,0,0,0,0,0,0,0,0,0,0,0,0,Rectangle,Aluminium,4.28,6.7,0,0,0,0,0,1.24,2.25,18241.82,SDOF,LJD01_SD.JPG,Aluminium,12.12,630598.64,6186.17,224.59,3616,9999,9999,LJD01_BearingMoment.pdf,16.1,7777,1.81,0.07,21913000,7777,LJD01_BearingMoment.pdf,1D-H,4,3,0.17,200,LJD01_Spin4_SC_Event7_LP_0.2V.pdf,LJD01_Spin4_SC_Event7_LP_0.2V.txt,LJD01_Spin4_SC_Event7_0.2V.pdf,LJD01_Spin4_SC_Event7_0.2V.txt,M=V*Height+P*Delta,0.02579,0.06,0.51,0.01484,1.028,0.7412,1.903,0.214,Average footing settlement at zero shear load,0.66,1.9,0.19,LJD_Datareport.pdf,https://www.designsafe-ci.org/data/browser/public/nees.public/NEES-2008-0565.groups,No comment
105,"Anastasopoulos, I., Kourkoulis, R., Gelagoti, F., and Papadopoulos, E. (2012). ""Rocking Response of SDOF Systems on Shallow Improved Sand: An Experimental Study."" Soil Dynam. Earthquake Eng. 40, 15",G. Gazetas,I. Anastasopoulos,"A. Tsatsis, P. Kokkali, E. Papadopoulos",ERC,P2011SQF,"Laboratory of Soil Mechanics, NTUA, Athens, Greece",Small-Scale 1g ,Rigid Soil Container,1.48,0.78,0.65,Servomotor,1,Monotonic Displacement-Controlled Lateral Loading,Pinned connection free to move in the vertical direction,P2011SQF_Connection.jpg,P2011SQF1,7-Apr-11,1,1,7777,1,0.05,0.000125,0.2236,Model,0.45,7777,1,None,Longstone Sand,0.45,93,9999,3,7777,7777,7777,7777,1609,7777,7777,7777,7777,7777,7777,7777,7777,7777,7777,7777,7777,7777,7777,7777,7777,7777,7777,7777,7777,7777,7777,7777,Square,Aluminium,0.15,0.15,7777,7777,7777,0,0,0.02,0,0,SDOF,P2011SQF_Heavy_Structure.JPG,Steel,0.424,100.5,0.986,43.8,214.7,9999,100.6,P2011SQF1_Report.pdf,4.9,7777,3.07,0.274,53.7,7777,P2011SQF1_Report.pdf,1D Lateral Loading,1,7777,7777,7777,P2011SQF1_Load_Protocol.pdf,P2011SQF1_Load_Protocol.txt,P2011SQF1.pdf,P2011SQF1-01.txt,M=V*Height,0.102,7777,7777,7777,0.074,7777,7777,7777,N/A,1,7777,7777,P2011SQF2_Report.pdf,http://ssi.civil.ntua.gr/?page_id=413,(a) Foundation moment capacity (M_c_foot) is experimentally computed from static monotonic pushover tests. (b) Critical contact area ratio (A /A_c) is back-calculated from M_c_foot using statics equations (Gajan and Kutter 2008). (c) Average bearing pressure (q_ult_crit) at the critical contact area (A_c) is back-calculated based on A_c and the total vertical load (P_st).
106,"Anastasopoulos, I., Kourkoulis, R., Gelagoti, F., and Papadopoulos, E. (2012). ""Rocking Response of SDOF Systems on Shallow Improved Sand: An Experimental Study."" Soil Dynam. Earthquake Eng. 40, 15",G. Gazetas,I. Anastasopoulos,"A. Tsatsis, P. Kokkali, E. Papadopoulos",ERC,P2011SQF,"Laboratory of Soil Mechanics, NTUA, Athens, Greece",Small-Scale 1g ,Rigid Soil Container,1.48,0.78,0.65,Servomotor,1,Slow-Cyclic Displacement-Controlled Lateral Loading,pinned connection free to move in the vertical direction,P2011SQF_Connection.jpg,P2011SQF2,20-May-11,14,1,7777,1,0.05,0.000125,0.2236,Model,0.45,7777,1,None,Longstone Sand,0.45,93,9999,3,7777,7777,7777,7777,1609,7777,7777,7777,7777,7777,7777,7777,7777,7777,7777,7777,7777,7777,7777,7777,7777,7777,7777,7777,7777,7777,7777,7777,Square,Aluminium,0.15,0.15,7777,7777,7777,0,0,0.02,0,0,SDOF,P2011SQF_Heavy_Structure.JPG,Steel,0.424,100.5,0.986,43.8,214.7,9999,100.6,P2011SQF1_Report.pdf,4.9,7777,3.07,0.274,53.7,7777,P2011SQF1_Report.pdf,1D Lateral Loading,14,1,0.0019,20,P2011SQF_Load_Protocol_1.pdf,P2011SQF_Load_Protocol_1-01.txt,P2011SQF2.pdf,P2011SQF2-01.txt,M=V*Height,0.003,0.004,0.004,0.0019,0.0046,0.0028,0.3,0.3,At the point of zero shear,0.52,0.305,0.305,P2011SQF2_Report.pdf,http://ssi.civil.ntua.gr/?page_id=413,(a) Foundation moment capacity (M_c_foot) is experimentally computed from static monotonic pushover tests. (b) Critical contact area ratio (A /A_c) is back-calculated from M_c_foot using statics equations (Gajan and Kutter 2008). (c) Average bearing pressure (q_ult_crit) at the critical contact area (A_c) is back-calculated based on A_c and the total vertical load (P_st).
107,"Anastasopoulos, I., Kourkoulis, R., Gelagoti, F., and Papadopoulos, E. (2012). ""Rocking Response of SDOF Systems on Shallow Improved Sand: An Experimental Study."" Soil Dynam. Earthquake Eng. 40, 15",G. Gazetas,I. Anastasopoulos,"A. Tsatsis, P. Kokkali, E. Papadopoulos",ERC,P2011SQF,"Laboratory of Soil Mechanics, NTUA, Athens, Greece",Small-Scale 1g ,Rigid Soil Container,1.48,0.78,0.65,Servomotor,1,Slow-Cyclic Displacement-Controlled Lateral Loading,pinned connection free to move in the vertical direction,P2011SQF_Connection.jpg,P2011SQF2,20-May-11,14,2,7777,1,0.05,0.000125,0.2236,Model,0.45,7777,1,None,Longstone Sand,0.45,93,9999,3,7777,7777,7777,7777,1609,7777,7777,7777,7777,7777,7777,7777,7777,7777,7777,7777,7777,7777,7777,7777,7777,7777,7777,7777,7777,7777,7777,7777,Square,Aluminium,0.15,0.15,7777,7777,7777,0,0,0.02,0,0,SDOF,P2011SQF_Heavy_Structure.JPG,Steel,0.424,100.5,0.986,43.8,214.7,9999,100.6,P2011SQF1_Report.pdf,4.9,7777,3.07,0.274,53.7,7777,P2011SQF1_Report.pdf,1D Lateral Loading,14,1,0.0038,40,P2011SQF_Load_Protocol_1.pdf,P2011SQF_Load_Protocol_1-02.txt,P2011SQF2.pdf,P2011SQF2-02.txt,M=V*Height,0.0068,0.012,0.016,0.0041,0.0109,0.0063,0.76,0.46,At the point of zero shear,0.76,0.765,0.46,P2011SQF2_Report.pdf,http://ssi.civil.ntua.gr/?page_id=413,(a) Foundation moment capacity (M_c_foot) is experimentally computed from static monotonic pushover tests. (b) Critical contact area ratio (A /A_c) is back-calculated from M_c_foot using statics equations (Gajan and Kutter 2008). (c) Average bearing pressure (q_ult_crit) at the critical contact area (A_c) is back-calculated based on A_c and the total vertical load (P_st).
108,"Anastasopoulos, I., Kourkoulis, R., Gelagoti, F., and Papadopoulos, E. (2012). ""Rocking Response of SDOF Systems on Shallow Improved Sand: An Experimental Study."" Soil Dynam. Earthquake Eng. 40, 15",G. Gazetas,I. Anastasopoulos,"A. Tsatsis, P. Kokkali, E. Papadopoulos",ERC,P2011SQF,"Laboratory of Soil Mechanics, NTUA, Athens, Greece",Small-Scale 1g ,Rigid Soil Container,1.48,0.78,0.65,Servomotor,1,Slow-Cyclic Displacement-Controlled Lateral Loading,pinned connection free to move in the vertical direction,P2011SQF_Connection.jpg,P2011SQF2,20-May-11,14,3,7777,1,0.05,0.000125,0.2236,Model,0.45,7777,1,None,Longstone Sand,0.45,93,9999,3,7777,7777,7777,7777,1609,7777,7777,7777,7777,7777,7777,7777,7777,7777,7777,7777,7777,7777,7777,7777,7777,7777,7777,7777,7777,7777,7777,7777,Square,Aluminium,0.15,0.15,7777,7777,7777,0,0,0.02,0,0,SDOF,P2011SQF_Heavy_Structure.JPG,Steel,0.424,100.5,0.986,43.8,214.7,9999,100.6,P2011SQF1_Report.pdf,4.9,7777,3.07,0.274,53.7,7777,P2011SQF1_Report.pdf,1D Lateral Loading,14,1,0.0056,60,P2011SQF_Load_Protocol_1.pdf,P2011SQF_Load_Protocol_1-03.txt,P2011SQF2.pdf,P2011SQF2-03.txt,M=V*Height,0.0109,0.02,0.035,0.0059,0.018,0.01,1.3,0.53,At the point of zero shear,0.87,1.298,0.533,P2011SQF2_Report.pdf,http://ssi.civil.ntua.gr/?page_id=413,(a) Foundation moment capacity (M_c_foot) is experimentally computed from static monotonic pushover tests. (b) Critical contact area ratio (A /A_c) is back-calculated from M_c_foot using statics equations (Gajan and Kutter 2008). (c) Average bearing pressure (q_ult_crit) at the critical contact area (A_c) is back-calculated based on A_c and the total vertical load (P_st).
109,"Anastasopoulos, I., Kourkoulis, R., Gelagoti, F., and Papadopoulos, E. (2012). ""Rocking Response of SDOF Systems on Shallow Improved Sand: An Experimental Study."" Soil Dynam. Earthquake Eng. 40, 15",G. Gazetas,I. Anastasopoulos,"A. Tsatsis, P. Kokkali, E. Papadopoulos",ERC,P2011SQF,"Laboratory of Soil Mechanics, NTUA, Athens, Greece",Small-Scale 1g ,Rigid Soil Container,1.48,0.78,0.65,Servomotor,1,Slow-Cyclic Displacement-Controlled Lateral Loading,pinned connection free to move in the vertical direction,P2011SQF_Connection.jpg,P2011SQF2,20-May-11,14,4,7777,1,0.05,0.000125,0.2236,Model,0.45,7777,1,None,Longstone Sand,0.45,93,9999,3,7777,7777,7777,7777,1609,7777,7777,7777,7777,7777,7777,7777,7777,7777,7777,7777,7777,7777,7777,7777,7777,7777,7777,7777,7777,7777,7777,7777,Square,Aluminium,0.15,0.15,7777,7777,7777,0,0,0.02,0,0,SDOF,P2011SQF_Heavy_Structure.JPG,Steel,0.424,100.5,0.986,43.8,214.7,9999,100.6,P2011SQF1_Report.pdf,4.9,7777,3.07,0.274,53.7,7777,P2011SQF1_Report.pdf,1D Lateral Loading,14,1,0.0075,80,P2011SQF_Load_Protocol_1.pdf,P2011SQF_Load_Protocol_1-04.txt,P2011SQF2.pdf,P2011SQF2-04.txt,M=V*Height,0.0149,0.028,0.063,0.008,0.0253,0.014,1.89,0.6,At the point of zero shear,0.93,1.893,0.595,P2011SQF2_Report.pdf,http://ssi.civil.ntua.gr/?page_id=413,(a) Foundation moment capacity (M_c_foot) is experimentally computed from static monotonic pushover tests. (b) Critical contact area ratio (A /A_c) is back-calculated from M_c_foot using statics equations (Gajan and Kutter 2008). (c) Average bearing pressure (q_ult_crit) at the critical contact area (A_c) is back-calculated based on A_c and the total vertical load (P_st).
110,"Anastasopoulos, I., Kourkoulis, R., Gelagoti, F., and Papadopoulos, E. (2012). ""Rocking Response of SDOF Systems on Shallow Improved Sand: An Experimental Study."" Soil Dynam. Earthquake Eng. 40, 15",G. Gazetas,I. Anastasopoulos,"A. Tsatsis, P. Kokkali, E. Papadopoulos",ERC,P2011SQF,"Laboratory of Soil Mechanics, NTUA, Athens, Greece",Small-Scale 1g ,Rigid Soil Container,1.48,0.78,0.65,Servomotor,1,Slow-Cyclic Displacement-Controlled Lateral Loading,pinned connection free to move in the vertical direction,P2011SQF_Connection.jpg,P2011SQF2,20-May-11,14,5,7777,1,0.05,0.000125,0.2236,Model,0.45,7777,1,None,Longstone Sand,0.45,93,9999,3,7777,7777,7777,7777,1609,7777,7777,7777,7777,7777,7777,7777,7777,7777,7777,7777,7777,7777,7777,7777,7777,7777,7777,7777,7777,7777,7777,7777,Square,Aluminium,0.15,0.15,7777,7777,7777,0,0,0.02,0,0,SDOF,P2011SQF_Heavy_Structure.JPG,Steel,0.424,100.5,0.986,43.8,214.7,9999,100.6,P2011SQF1_Report.pdf,4.9,7777,3.07,0.274,53.7,7777,P2011SQF1_Report.pdf,1D Lateral Loading,14,1,0.0094,100,P2011SQF_Load_Protocol_1.pdf,P2011SQF_Load_Protocol_1-05.txt,P2011SQF2.pdf,P2011SQF2-05.txt,M=V*Height,0.0194,0.037,0.1,0.0106,0.0325,0.0183,2.43,0.54,At the point of zero shear,0.96,2.429,0.536,P2011SQF2_Report.pdf,http://ssi.civil.ntua.gr/?page_id=413,(a) Foundation moment capacity (M_c_foot) is experimentally computed from static monotonic pushover tests. (b) Critical contact area ratio (A /A_c) is back-calculated from M_c_foot using statics equations (Gajan and Kutter 2008). (c) Average bearing pressure (q_ult_crit) at the critical contact area (A_c) is back-calculated based on A_c and the total vertical load (P_st).
111,"Anastasopoulos, I., Kourkoulis, R., Gelagoti, F., and Papadopoulos, E. (2012). ""Rocking Response of SDOF Systems on Shallow Improved Sand: An Experimental Study."" Soil Dynam. Earthquake Eng. 40, 15",G. Gazetas,I. Anastasopoulos,"A. Tsatsis, P. Kokkali, E. Papadopoulos",ERC,P2011SQF,"Laboratory of Soil Mechanics, NTUA, Athens, Greece",Small-Scale 1g ,Rigid Soil Container,1.48,0.78,0.65,Servomotor,1,Slow-Cyclic Displacement-Controlled Lateral Loading,pinned connection free to move in the vertical direction,P2011SQF_Connection.jpg,P2011SQF2,20-May-11,14,6,7777,1,0.05,0.000125,0.2236,Model,0.45,7777,1,None,Longstone Sand,0.45,93,9999,3,7777,7777,7777,7777,1609,7777,7777,7777,7777,7777,7777,7777,7777,7777,7777,7777,7777,7777,7777,7777,7777,7777,7777,7777,7777,7777,7777,7777,Square,Aluminium,0.15,0.15,7777,7777,7777,0,0,0.02,0,0,SDOF,P2011SQF_Heavy_Structure.JPG,Steel,0.424,100.5,0.986,43.8,214.7,9999,100.6,P2011SQF1_Report.pdf,4.9,7777,3.07,0.274,53.7,7777,P2011SQF1_Report.pdf,1D Lateral Loading,14,1,0.0113,120,P2011SQF_Load_Protocol_1.pdf,P2011SQF_Load_Protocol_1-06.txt,P2011SQF2.pdf,P2011SQF2-06.txt,M=V*Height,0.0236,0.045,0.145,0.013,0.0397,0.0227,3.01,0.58,At the point of zero shear,0.97,3.01,0.581,P2011SQF2_Report.pdf,http://ssi.civil.ntua.gr/?page_id=413,(a) Foundation moment capacity (M_c_foot) is experimentally computed from static monotonic pushover tests. (b) Critical contact area ratio (A /A_c) is back-calculated from M_c_foot using statics equations (Gajan and Kutter 2008). (c) Average bearing pressure (q_ult_crit) at the critical contact area (A_c) is back-calculated based on A_c and the total vertical load (P_st).
112,"Anastasopoulos, I., Kourkoulis, R., Gelagoti, F., and Papadopoulos, E. (2012). ""Rocking Response of SDOF Systems on Shallow Improved Sand: An Experimental Study."" Soil Dynam. Earthquake Eng. 40, 15",G. Gazetas,I. Anastasopoulos,"A. Tsatsis, P. Kokkali, E. Papadopoulos",ERC,P2011SQF,"Laboratory of Soil Mechanics, NTUA, Athens, Greece",Small-Scale 1g ,Rigid Soil Container,1.48,0.78,0.65,Servomotor,1,Slow-Cyclic Displacement-Controlled Lateral Loading,pinned connection free to move in the vertical direction,P2011SQF_Connection.jpg,P2011SQF2,20-May-11,14,7,7777,1,0.05,0.000125,0.2236,Model,0.45,7777,1,None,Longstone Sand,0.45,93,9999,3,7777,7777,7777,7777,1609,7777,7777,7777,7777,7777,7777,7777,7777,7777,7777,7777,7777,7777,7777,7777,7777,7777,7777,7777,7777,7777,7777,7777,Square,Aluminium,0.15,0.15,7777,7777,7777,0,0,0.02,0,0,SDOF,P2011SQF_Heavy_Structure.JPG,Steel,0.424,100.5,0.986,43.8,214.7,9999,100.6,P2011SQF1_Report.pdf,4.9,7777,3.07,0.274,53.7,7777,P2011SQF1_Report.pdf,1D Lateral Loading,14,1,0.0131,140,P2011SQF_Load_Protocol_1.pdf,P2011SQF_Load_Protocol_1-07.txt,P2011SQF2.pdf,P2011SQF2-07.txt,M=V*Height,0.0281,0.054,0.199,0.0159,0.047,0.0264,3.56,0.55,At the point of zero shear,0.95,3.564,0.554,P2011SQF2_Report.pdf,http://ssi.civil.ntua.gr/?page_id=413,(a) Foundation moment capacity (M_c_foot) is experimentally computed from static monotonic pushover tests. (b) Critical contact area ratio (A /A_c) is back-calculated from M_c_foot using statics equations (Gajan and Kutter 2008). (c) Average bearing pressure (q_ult_crit) at the critical contact area (A_c) is back-calculated based on A_c and the total vertical load (P_st).
113,"Anastasopoulos, I., Kourkoulis, R., Gelagoti, F., and Papadopoulos, E. (2012). ""Rocking Response of SDOF Systems on Shallow Improved Sand: An Experimental Study."" Soil Dynam. Earthquake Eng. 40, 15",G. Gazetas,I. Anastasopoulos,"A. Tsatsis, P. Kokkali, E. Papadopoulos",ERC,P2011SQF,"Laboratory of Soil Mechanics, NTUA, Athens, Greece",Small-Scale 1g ,Rigid Soil Container,1.48,0.78,0.65,Servomotor,1,Slow-Cyclic Displacement-Controlled Lateral Loading,pinned connection free to move in the vertical direction,P2011SQF_Connection.jpg,P2011SQF2,20-May-11,14,8,7777,1,0.05,0.000125,0.2236,Model,0.45,7777,1,None,Longstone Sand,0.45,93,9999,3,7777,7777,7777,7777,1609,7777,7777,7777,7777,7777,7777,7777,7777,7777,7777,7777,7777,7777,7777,7777,7777,7777,7777,7777,7777,7777,7777,7777,Square,Aluminium,0.15,0.15,7777,7777,7777,0,0,0.02,0,0,SDOF,P2011SQF_Heavy_Structure.JPG,Steel,0.424,100.5,0.986,43.8,214.7,9999,100.6,P2011SQF1_Report.pdf,4.9,7777,3.07,0.274,53.7,7777,P2011SQF1_Report.pdf,1D Lateral Loading,14,1,0.015,160,P2011SQF_Load_Protocol_1.pdf,P2011SQF_Load_Protocol_1-08.txt,P2011SQF2.pdf,P2011SQF2-08.txt,M=V*Height,0.0329,0.064,0.263,0.0202,0.0552,0.0344,4.27,0.71,At the point of zero shear,0.98,4.274,0.71,P2011SQF2_Report.pdf,http://ssi.civil.ntua.gr/?page_id=413,(a) Foundation moment capacity (M_c_foot) is experimentally computed from static monotonic pushover tests. (b) Critical contact area ratio (A /A_c) is back-calculated from M_c_foot using statics equations (Gajan and Kutter 2008). (c) Average bearing pressure (q_ult_crit) at the critical contact area (A_c) is back-calculated based on A_c and the total vertical load (P_st).
114,"Anastasopoulos, I., Kourkoulis, R., Gelagoti, F., and Papadopoulos, E. (2012). ""Rocking Response of SDOF Systems on Shallow Improved Sand: An Experimental Study."" Soil Dynam. Earthquake Eng. 40, 15",G. Gazetas,I. Anastasopoulos,"A. Tsatsis, P. Kokkali, E. Papadopoulos",ERC,P2011SQF,"Laboratory of Soil Mechanics, NTUA, Athens, Greece",Small-Scale 1g ,Rigid Soil Container,1.48,0.78,0.65,Servomotor,1,Slow-Cyclic Displacement-Controlled Lateral Loading,pinned connection free to move in the vertical direction,P2011SQF_Connection.jpg,P2011SQF2,20-May-11,14,9,7777,1,0.05,0.000125,0.2236,Model,0.45,7777,1,None,Longstone Sand,0.45,93,9999,3,7777,7777,7777,7777,1609,7777,7777,7777,7777,7777,7777,7777,7777,7777,7777,7777,7777,7777,7777,7777,7777,7777,7777,7777,7777,7777,7777,7777,Square,Aluminium,0.15,0.15,7777,7777,7777,0,0,0.02,0,0,SDOF,P2011SQF_Heavy_Structure.JPG,Steel,0.424,100.5,0.986,43.8,214.7,9999,100.6,P2011SQF1_Report.pdf,4.9,7777,3.07,0.274,53.7,7777,P2011SQF1_Report.pdf,1D Lateral Loading,14,1,0.0169,180,P2011SQF_Load_Protocol_1.pdf,P2011SQF_Load_Protocol_1-09.txt,P2011SQF2.pdf,P2011SQF2-09.txt,M=V*Height,0.0366,0.071,0.334,0.0235,0.061,0.0392,5.05,0.78,At the point of zero shear,1,5.051,0.777,P2011SQF2_Report.pdf,http://ssi.civil.ntua.gr/?page_id=413,(a) Foundation moment capacity (M_c_foot) is experimentally computed from static monotonic pushover tests. (b) Critical contact area ratio (A /A_c) is back-calculated from M_c_foot using statics equations (Gajan and Kutter 2008). (c) Average bearing pressure (q_ult_crit) at the critical contact area (A_c) is back-calculated based on A_c and the total vertical load (P_st).
115,"Anastasopoulos, I., Kourkoulis, R., Gelagoti, F., and Papadopoulos, E. (2012). ""Rocking Response of SDOF Systems on Shallow Improved Sand: An Experimental Study."" Soil Dynam. Earthquake Eng. 40, 15",G. Gazetas,I. Anastasopoulos,"A. Tsatsis, P. Kokkali, E. Papadopoulos",ERC,P2011SQF,"Laboratory of Soil Mechanics, NTUA, Athens, Greece",Small-Scale 1g ,Rigid Soil Container,1.48,0.78,0.65,Servomotor,1,Slow-Cyclic Displacement-Controlled Lateral Loading,pinned connection free to move in the vertical direction,P2011SQF_Connection.jpg,P2011SQF2,20-May-11,14,10,7777,1,0.05,0.000125,0.2236,Model,0.45,7777,1,None,Longstone Sand,0.45,93,9999,3,7777,7777,7777,7777,1609,7777,7777,7777,7777,7777,7777,7777,7777,7777,7777,7777,7777,7777,7777,7777,7777,7777,7777,7777,7777,7777,7777,7777,Square,Aluminium,0.15,0.15,7777,7777,7777,0,0,0.02,0,0,SDOF,P2011SQF_Heavy_Structure.JPG,Steel,0.424,100.5,0.986,43.8,214.7,9999,100.6,P2011SQF1_Report.pdf,4.9,7777,3.07,0.274,53.7,7777,P2011SQF1_Report.pdf,1D Lateral Loading,14,1,0.0188,200,P2011SQF_Load_Protocol_1.pdf,P2011SQF_Load_Protocol_1-10.txt,P2011SQF2.pdf,P2011SQF2-10.txt,M=V*Height,0.0409,0.08,0.414,0.0278,0.0669,0.0457,5.83,0.78,At the point of zero shear,1.03,5.83,0.779,P2011SQF2_Report.pdf,http://ssi.civil.ntua.gr/?page_id=413,(a) Foundation moment capacity (M_c_foot) is experimentally computed from static monotonic pushover tests. (b) Critical contact area ratio (A /A_c) is back-calculated from M_c_foot using statics equations (Gajan and Kutter 2008). (c) Average bearing pressure (q_ult_crit) at the critical contact area (A_c) is back-calculated based on A_c and the total vertical load (P_st).
116,"Anastasopoulos, I., Kourkoulis, R., Gelagoti, F., and Papadopoulos, E. (2012). ""Rocking Response of SDOF Systems on Shallow Improved Sand: An Experimental Study."" Soil Dynam. Earthquake Eng. 40, 15",G. Gazetas,I. Anastasopoulos,"A. Tsatsis, P. Kokkali, E. Papadopoulos",ERC,P2011SQF,"Laboratory of Soil Mechanics, NTUA, Athens, Greece",Small-Scale 1g ,Rigid Soil Container,1.48,0.78,0.65,Servomotor,1,Slow-Cyclic Displacement-Controlled Lateral Loading,pinned connection free to move in the vertical direction,P2011SQF_Connection.jpg,P2011SQF2,20-May-11,14,11,7777,1,0.05,0.000125,0.2236,Model,0.45,7777,1,None,Longstone Sand,0.45,93,9999,3,7777,7777,7777,7777,1609,7777,7777,7777,7777,7777,7777,7777,7777,7777,7777,7777,7777,7777,7777,7777,7777,7777,7777,7777,7777,7777,7777,7777,Square,Aluminium,0.15,0.15,7777,7777,7777,0,0,0.02,0,0,SDOF,P2011SQF_Heavy_Structure.JPG,Steel,0.424,100.5,0.986,43.8,214.7,9999,100.6,P2011SQF1_Report.pdf,4.9,7777,3.07,0.274,53.7,7777,P2011SQF1_Report.pdf,1D Lateral Loading,14,1,0.0244,260,P2011SQF_Load_Protocol_1.pdf,P2011SQF_Load_Protocol_1-11.txt,P2011SQF2.pdf,P2011SQF2-11.txt,M=V*Height,0.0508,0.1,0.514,0.0376,0.0828,0.0607,6.89,1.06,At the point of zero shear,1.03,6.886,1.056,P2011SQF2_Report.pdf,http://ssi.civil.ntua.gr/?page_id=413,(a) Foundation moment capacity (M_c_foot) is experimentally computed from static monotonic pushover tests. (b) Critical contact area ratio (A /A_c) is back-calculated from M_c_foot using statics equations (Gajan and Kutter 2008). (c) Average bearing pressure (q_ult_crit) at the critical contact area (A_c) is back-calculated based on A_c and the total vertical load (P_st).
117,"Anastasopoulos, I., Kourkoulis, R., Gelagoti, F., and Papadopoulos, E. (2012). ""Rocking Response of SDOF Systems on Shallow Improved Sand: An Experimental Study."" Soil Dynam. Earthquake Eng. 40, 15",G. Gazetas,I. Anastasopoulos,"A. Tsatsis, P. Kokkali, E. Papadopoulos",ERC,P2011SQF,"Laboratory of Soil Mechanics, NTUA, Athens, Greece",Small-Scale 1g ,Rigid Soil Container,1.48,0.78,0.65,Servomotor,1,Slow-Cyclic Displacement-Controlled Lateral Loading,pinned connection free to move in the vertical direction,P2011SQF_Connection.jpg,P2011SQF2,20-May-11,14,12,7777,1,0.05,0.000125,0.2236,Model,0.45,7777,1,None,Longstone Sand,0.45,93,9999,3,7777,7777,7777,7777,1609,7777,7777,7777,7777,7777,7777,7777,7777,7777,7777,7777,7777,7777,7777,7777,7777,7777,7777,7777,7777,7777,7777,7777,Square,Aluminium,0.15,0.15,7777,7777,7777,0,0,0.02,0,0,SDOF,P2011SQF_Heavy_Structure.JPG,Steel,0.424,100.5,0.986,43.8,214.7,9999,100.6,P2011SQF1_Report.pdf,4.9,7777,3.07,0.274,53.7,7777,P2011SQF1_Report.pdf,1D Lateral Loading,14,1,0.03,320,P2011SQF_Load_Protocol_1.pdf,P2011SQF_Load_Protocol_1-12.txt,P2011SQF2.pdf,P2011SQF2-12.txt,M=V*Height,0.0615,0.121,0.635,0.0493,0.1016,0.0821,8.12,1.24,At the point of zero shear,1.07,8.124,1.237,P2011SQF2_Report.pdf,http://ssi.civil.ntua.gr/?page_id=413,(a) Foundation moment capacity (M_c_foot) is experimentally computed from static monotonic pushover tests. (b) Critical contact area ratio (A /A_c) is back-calculated from M_c_foot using statics equations (Gajan and Kutter 2008). (c) Average bearing pressure (q_ult_crit) at the critical contact area (A_c) is back-calculated based on A_c and the total vertical load (P_st).
118,"Anastasopoulos, I., Kourkoulis, R., Gelagoti, F., and Papadopoulos, E. (2012). ""Rocking Response of SDOF Systems on Shallow Improved Sand: An Experimental Study."" Soil Dynam. Earthquake Eng. 40, 15",G. Gazetas,I. Anastasopoulos,"A. Tsatsis, P. Kokkali, E. Papadopoulos",ERC,P2011SQF,"Laboratory of Soil Mechanics, NTUA, Athens, Greece",Small-Scale 1g ,Rigid Soil Container,1.48,0.78,0.65,Servomotor,1,Slow-Cyclic Displacement-Controlled Lateral Loading,pinned connection free to move in the vertical direction,P2011SQF_Connection.jpg,P2011SQF2,20-May-11,14,13,7777,1,0.05,0.000125,0.2236,Model,0.45,7777,1,None,Longstone Sand,0.45,93,9999,3,7777,7777,7777,7777,1609,7777,7777,7777,7777,7777,7777,7777,7777,7777,7777,7777,7777,7777,7777,7777,7777,7777,7777,7777,7777,7777,7777,7777,Square,Aluminium,0.15,0.15,7777,7777,7777,0,0,0.02,0,0,SDOF,P2011SQF_Heavy_Structure.JPG,Steel,0.424,100.5,0.986,43.8,214.7,9999,100.6,P2011SQF1_Report.pdf,4.9,7777,3.07,0.274,53.7,7777,P2011SQF1_Report.pdf,1D Lateral Loading,14,1,0.0356,380,P2011SQF_Load_Protocol_1.pdf,P2011SQF_Load_Protocol_1-13.txt,P2011SQF2.pdf,P2011SQF2-13.txt,M=V*Height,0.0715,0.141,0.776,0.0624,0.1324,0.1129,9.48,1.36,At the point of zero shear,1.07,9.483,1.359,P2011SQF2_Report.pdf,http://ssi.civil.ntua.gr/?page_id=413,(a) Foundation moment capacity (M_c_foot) is experimentally computed from static monotonic pushover tests. (b) Critical contact area ratio (A /A_c) is back-calculated from M_c_foot using statics equations (Gajan and Kutter 2008). (c) Average bearing pressure (q_ult_crit) at the critical contact area (A_c) is back-calculated based on A_c and the total vertical load (P_st).
119,"Anastasopoulos, I., Kourkoulis, R., Gelagoti, F., and Papadopoulos, E. (2012). ""Rocking Response of SDOF Systems on Shallow Improved Sand: An Experimental Study."" Soil Dynam. Earthquake Eng. 40, 15",G. Gazetas,I. Anastasopoulos,"A. Tsatsis, P. Kokkali, E. Papadopoulos",ERC,P2011SQF,"Laboratory of Soil Mechanics, NTUA, Athens, Greece",Small-Scale 1g ,Rigid Soil Container,1.48,0.78,0.65,Servomotor,1,Slow-Cyclic Displacement-Controlled Lateral Loading,pinned connection free to move in the vertical direction,P2011SQF_Connection.jpg,P2011SQF2,20-May-11,14,14,7777,1,0.05,0.000125,0.2236,Model,0.45,7777,1,None,Longstone Sand,0.45,93,9999,3,7777,7777,7777,7777,1609,7777,7777,7777,7777,7777,7777,7777,7777,7777,7777,7777,7777,7777,7777,7777,7777,7777,7777,7777,7777,7777,7777,7777,Square,Aluminium,0.15,0.15,7777,7777,7777,0,0,0.02,0,0,SDOF,P2011SQF_Heavy_Structure.JPG,Steel,0.424,100.5,0.986,43.8,214.7,9999,100.6,P2011SQF1_Report.pdf,4.9,7777,3.07,0.274,53.7,7777,P2011SQF1_Report.pdf,1D Lateral Loading,14,1,0.0413,440,P2011SQF_Load_Protocol_1.pdf,P2011SQF_Load_Protocol_1-14.txt,P2011SQF2.pdf,P2011SQF2-14.txt,M=V*Height,0.0815,0.161,0.937,0.0749,0.1946,0.1844,11.06,1.57,At the point of zero shear,1.15,11.056,1.573,P2011SQF2_Report.pdf,http://ssi.civil.ntua.gr/?page_id=413,(a) Foundation moment capacity (M_c_foot) is experimentally computed from static monotonic pushover tests. (b) Critical contact area ratio (A /A_c) is back-calculated from M_c_foot using statics equations (Gajan and Kutter 2008). (c) Average bearing pressure (q_ult_crit) at the critical contact area (A_c) is back-calculated based on A_c and the total vertical load (P_st).
120,"Anastasopoulos, I., Kourkoulis, R., Gelagoti, F., and Papadopoulos, E. (2012). ""Rocking Response of SDOF Systems on Shallow Improved Sand: An Experimental Study."" Soil Dynam. Earthquake Eng. 40, 15",G. Gazetas,I. Anastasopoulos,"A. Tsatsis, P. Kokkali, E. Papadopoulos",ERC,P2011SQF,"Laboratory of Soil Mechanics, NTUA, Athens, Greece",Small-Scale 1g ,Rigid Soil Container,1.48,0.78,0.65,Servomotor,1,Slow-Cyclic Displacement-Controlled Lateral Loading,pinned connection free to move in the vertical direction,P2011SQF_Connection.jpg,P2011SQF3,21-Apr-11,7,1,7777,1,0.05,0.000125,0.2236,Model,0.45,7777,1,None,Longstone Sand,0.45,93,9999,3,7777,7777,7777,7777,1609,7777,7777,7777,7777,7777,7777,7777,7777,7777,7777,7777,7777,7777,7777,7777,7777,7777,7777,7777,7777,7777,7777,7777,Square,Aluminium,0.15,0.15,7777,7777,7777,0,0,0.02,0,0,SDOF,P2011SQF_Heavy_Structure.JPG,Steel,0.424,100.5,0.986,43.8,214.7,9999,100.6,P2011SQF1_Report.pdf,4.9,7777,3.07,0.274,53.7,7777,P2011SQF1_Report.pdf,1D Lateral Loading,7,1,0.0038,40,P2011SQF_Load_Protocol_2.pdf,P2011SQF_Load_Protocol_2-01.txt,P2011SQF3.pdf,P2011SQF3-01.txt,M=V*Height,0.0073,0.013,0.013,0.0046,0.0032,0.002,0.44,0.44,At the point of zero shear,0.83,0.439,0.439,P2011SQF2_Report.pdf,http://ssi.civil.ntua.gr/?page_id=413,(a) Foundation moment capacity (M_c_foot) is experimentally computed from static monotonic pushover tests. (b) Critical contact area ratio (A /A_c) is back-calculated from M_c_foot using statics equations (Gajan and Kutter 2008). (c) Average bearing pressure (q_ult_crit) at the critical contact area (A_c) is back-calculated based on A_c and the total vertical load (P_st).
121,"Anastasopoulos, I., Kourkoulis, R., Gelagoti, F., and Papadopoulos, E. (2012). ""Rocking Response of SDOF Systems on Shallow Improved Sand: An Experimental Study."" Soil Dynam. Earthquake Eng. 40, 15",G. Gazetas,I. Anastasopoulos,"A. Tsatsis, P. Kokkali, E. Papadopoulos",ERC,P2011SQF,"Laboratory of Soil Mechanics, NTUA, Athens, Greece",Small-Scale 1g ,Rigid Soil Container,1.48,0.78,0.65,Servomotor,1,Slow-Cyclic Displacement-Controlled Lateral Loading,pinned connection free to move in the vertical direction,P2011SQF_Connection.jpg,P2011SQF3,21-Apr-11,7,2,7777,1,0.05,0.000125,0.2236,Model,0.45,7777,1,None,Longstone Sand,0.45,93,9999,3,7777,7777,7777,7777,1609,7777,7777,7777,7777,7777,7777,7777,7777,7777,7777,7777,7777,7777,7777,7777,7777,7777,7777,7777,7777,7777,7777,7777,Square,Aluminium,0.15,0.15,7777,7777,7777,0,0,0.02,0,0,SDOF,P2011SQF_Heavy_Structure.JPG,Steel,0.424,100.5,0.986,43.8,214.7,9999,100.6,P2011SQF1_Report.pdf,4.9,7777,3.07,0.274,53.7,7777,P2011SQF1_Report.pdf,1D Lateral Loading,7,1,0.0075,80,P2011SQF_Load_Protocol_2.pdf,P2011SQF_Load_Protocol_2-02.txt,P2011SQF3.pdf,P2011SQF3-02.txt,M=V*Height,0.0155,0.029,0.041,0.0089,0.0055,0.0038,0.98,0.54,At the point of zero shear,0.97,0.983,0.543,P2011SQF2_Report.pdf,http://ssi.civil.ntua.gr/?page_id=413,(a) Foundation moment capacity (M_c_foot) is experimentally computed from static monotonic pushover tests. (b) Critical contact area ratio (A /A_c) is back-calculated from M_c_foot using statics equations (Gajan and Kutter 2008). (c) Average bearing pressure (q_ult_crit) at the critical contact area (A_c) is back-calculated based on A_c and the total vertical load (P_st).
122,"Anastasopoulos, I., Kourkoulis, R., Gelagoti, F., and Papadopoulos, E. (2012). ""Rocking Response of SDOF Systems on Shallow Improved Sand: An Experimental Study."" Soil Dynam. Earthquake Eng. 40, 15",G. Gazetas,I. Anastasopoulos,"A. Tsatsis, P. Kokkali, E. Papadopoulos",ERC,P2011SQF,"Laboratory of Soil Mechanics, NTUA, Athens, Greece",Small-Scale 1g ,Rigid Soil Container,1.48,0.78,0.65,Servomotor,1,Slow-Cyclic Displacement-Controlled Lateral Loading,pinned connection free to move in the vertical direction,P2011SQF_Connection.jpg,P2011SQF3,21-Apr-11,7,3,7777,1,0.05,0.000125,0.2236,Model,0.45,7777,1,None,Longstone Sand,0.45,93,9999,3,7777,7777,7777,7777,1609,7777,7777,7777,7777,7777,7777,7777,7777,7777,7777,7777,7777,7777,7777,7777,7777,7777,7777,7777,7777,7777,7777,7777,Square,Aluminium,0.15,0.15,7777,7777,7777,0,0,0.02,0,0,SDOF,P2011SQF_Heavy_Structure.JPG,Steel,0.424,100.5,0.986,43.8,214.7,9999,100.6,P2011SQF1_Report.pdf,4.9,7777,3.07,0.274,53.7,7777,P2011SQF1_Report.pdf,1D Lateral Loading,7,1,0.0113,120,P2011SQF_Load_Protocol_2.pdf,P2011SQF_Load_Protocol_2-03.txt,P2011SQF3.pdf,P2011SQF3-03.txt,M=V*Height,0.0242,0.046,0.088,0.014,0.0037,0.004,1.6,0.62,At the point of zero shear,1.01,1.603,0.62,P2011SQF2_Report.pdf,http://ssi.civil.ntua.gr/?page_id=413,(a) Foundation moment capacity (M_c_foot) is experimentally computed from static monotonic pushover tests. (b) Critical contact area ratio (A /A_c) is back-calculated from M_c_foot using statics equations (Gajan and Kutter 2008). (c) Average bearing pressure (q_ult_crit) at the critical contact area (A_c) is back-calculated based on A_c and the total vertical load (P_st).
123,"Anastasopoulos, I., Kourkoulis, R., Gelagoti, F., and Papadopoulos, E. (2012). ""Rocking Response of SDOF Systems on Shallow Improved Sand: An Experimental Study."" Soil Dynam. Earthquake Eng. 40, 15",G. Gazetas,I. Anastasopoulos,"A. Tsatsis, P. Kokkali, E. Papadopoulos",ERC,P2011SQF,"Laboratory of Soil Mechanics, NTUA, Athens, Greece",Small-Scale 1g ,Rigid Soil Container,1.48,0.78,0.65,Servomotor,1,Slow-Cyclic Displacement-Controlled Lateral Loading,pinned connection free to move in the vertical direction,P2011SQF_Connection.jpg,P2011SQF3,21-Apr-11,7,4,7777,1,0.05,0.000125,0.2236,Model,0.45,7777,1,None,Longstone Sand,0.45,93,9999,3,7777,7777,7777,7777,1609,7777,7777,7777,7777,7777,7777,7777,7777,7777,7777,7777,7777,7777,7777,7777,7777,7777,7777,7777,7777,7777,7777,7777,Square,Aluminium,0.15,0.15,7777,7777,7777,0,0,0.02,0,0,SDOF,P2011SQF_Heavy_Structure.JPG,Steel,0.424,100.5,0.986,43.8,214.7,9999,100.6,P2011SQF1_Report.pdf,4.9,7777,3.07,0.274,53.7,7777,P2011SQF1_Report.pdf,1D Lateral Loading,7,1,0.015,160,P2011SQF_Load_Protocol_2.pdf,P2011SQF_Load_Protocol_2-04.txt,P2011SQF3.pdf,P2011SQF3-04.txt,M=V*Height,0.0325,0.063,0.151,0.0197,0.0076,0.0078,2.26,0.66,At the point of zero shear,1.01,2.263,0.661,P2011SQF2_Report.pdf,http://ssi.civil.ntua.gr/?page_id=413,(a) Foundation moment capacity (M_c_foot) is experimentally computed from static monotonic pushover tests. (b) Critical contact area ratio (A /A_c) is back-calculated from M_c_foot using statics equations (Gajan and Kutter 2008). (c) Average bearing pressure (q_ult_crit) at the critical contact area (A_c) is back-calculated based on A_c and the total vertical load (P_st).
124,"Anastasopoulos, I., Kourkoulis, R., Gelagoti, F., and Papadopoulos, E. (2012). ""Rocking Response of SDOF Systems on Shallow Improved Sand: An Experimental Study."" Soil Dynam. Earthquake Eng. 40, 15",G. Gazetas,I. Anastasopoulos,"A. Tsatsis, P. Kokkali, E. Papadopoulos",ERC,P2011SQF,"Laboratory of Soil Mechanics, NTUA, Athens, Greece",Small-Scale 1g ,Rigid Soil Container,1.48,0.78,0.65,Servomotor,1,Slow-Cyclic Displacement-Controlled Lateral Loading,pinned connection free to move in the vertical direction,P2011SQF_Connection.jpg,P2011SQF3,21-Apr-11,7,5,7777,1,0.05,0.000125,0.2236,Model,0.45,7777,1,None,Longstone Sand,0.45,93,9999,3,7777,7777,7777,7777,1609,7777,7777,7777,7777,7777,7777,7777,7777,7777,7777,7777,7777,7777,7777,7777,7777,7777,7777,7777,7777,7777,7777,7777,Square,Aluminium,0.15,0.15,7777,7777,7777,0,0,0.02,0,0,SDOF,P2011SQF_Heavy_Structure.JPG,Steel,0.424,100.5,0.986,43.8,214.7,9999,100.6,P2011SQF1_Report.pdf,4.9,7777,3.07,0.274,53.7,7777,P2011SQF1_Report.pdf,1D Lateral Loading,7,1,0.0225,240,P2011SQF_Load_Protocol_2.pdf,P2011SQF_Load_Protocol_2-05.txt,P2011SQF3.pdf,P2011SQF3-05.txt,M=V*Height,0.0409,0.08,0.231,0.0263,0.0095,0.0096,2.91,0.65,At the point of zero shear,1.06,2.914,0.651,P2011SQF2_Report.pdf,http://ssi.civil.ntua.gr/?page_id=413,(a) Foundation moment capacity (M_c_foot) is experimentally computed from static monotonic pushover tests. (b) Critical contact area ratio (A /A_c) is back-calculated from M_c_foot using statics equations (Gajan and Kutter 2008). (c) Average bearing pressure (q_ult_crit) at the critical contact area (A_c) is back-calculated based on A_c and the total vertical load (P_st).
125,"Anastasopoulos, I., Kourkoulis, R., Gelagoti, F., and Papadopoulos, E. (2012). ""Rocking Response of SDOF Systems on Shallow Improved Sand: An Experimental Study."" Soil Dynam. Earthquake Eng. 40, 15",G. Gazetas,I. Anastasopoulos,"A. Tsatsis, P. Kokkali, E. Papadopoulos",ERC,P2011SQF,"Laboratory of Soil Mechanics, NTUA, Athens, Greece",Small-Scale 1g ,Rigid Soil Container,1.48,0.78,0.65,Servomotor,1,Slow-Cyclic Displacement-Controlled Lateral Loading,pinned connection free to move in the vertical direction,P2011SQF_Connection.jpg,P2011SQF3,21-Apr-11,7,6,7777,1,0.05,0.000125,0.2236,Model,0.45,7777,1,None,Longstone Sand,0.45,93,9999,3,7777,7777,7777,7777,1609,7777,7777,7777,7777,7777,7777,7777,7777,7777,7777,7777,7777,7777,7777,7777,7777,7777,7777,7777,7777,7777,7777,7777,Square,Aluminium,0.15,0.15,7777,7777,7777,0,0,0.02,0,0,SDOF,P2011SQF_Heavy_Structure.JPG,Steel,0.424,100.5,0.986,43.8,214.7,9999,100.6,P2011SQF1_Report.pdf,4.9,7777,3.07,0.274,53.7,7777,P2011SQF1_Report.pdf,1D Lateral Loading,7,1,0.03,320,P2011SQF_Load_Protocol_2.pdf,P2011SQF_Load_Protocol_2-06.txt,P2011SQF3.pdf,P2011SQF3-06.txt,M=V*Height,0.061,0.12,0.351,0.0503,0.0191,0.016,3.6,0.69,At the point of zero shear,1.01,3.601,0.687,P2011SQF2_Report.pdf,http://ssi.civil.ntua.gr/?page_id=413,(a) Foundation moment capacity (M_c_foot) is experimentally computed from static monotonic pushover tests. (b) Critical contact area ratio (A /A_c) is back-calculated from M_c_foot using statics equations (Gajan and Kutter 2008). (c) Average bearing pressure (q_ult_crit) at the critical contact area (A_c) is back-calculated based on A_c and the total vertical load (P_st).
126,"Anastasopoulos, I., Kourkoulis, R., Gelagoti, F., and Papadopoulos, E. (2012). ""Rocking Response of SDOF Systems on Shallow Improved Sand: An Experimental Study."" Soil Dynam. Earthquake Eng. 40, 15",G. Gazetas,I. Anastasopoulos,"A. Tsatsis, P. Kokkali, E. Papadopoulos",ERC,P2011SQF,"Laboratory of Soil Mechanics, NTUA, Athens, Greece",Small-Scale 1g ,Rigid Soil Container,1.48,0.78,0.65,Servomotor,1,Slow-Cyclic Displacement-Controlled Lateral Loading,pinned connection free to move in the vertical direction,P2011SQF_Connection.jpg,P2011SQF3,21-Apr-11,7,7,7777,1,0.05,0.000125,0.2236,Model,0.45,7777,1,None,Longstone Sand,0.45,93,9999,3,7777,7777,7777,7777,1609,7777,7777,7777,7777,7777,7777,7777,7777,7777,7777,7777,7777,7777,7777,7777,7777,7777,7777,7777,7777,7777,7777,7777,Square,Aluminium,0.15,0.15,7777,7777,7777,0,0,0.02,0,0,SDOF,P2011SQF_Heavy_Structure.JPG,Steel,0.424,100.5,0.986,43.8,214.7,9999,100.6,P2011SQF1_Report.pdf,4.9,7777,3.07,0.274,53.7,7777,P2011SQF1_Report.pdf,1D Lateral Loading,7,1,0.0413,440,P2011SQF_Load_Protocol_2.pdf,P2011SQF_Load_Protocol_2-07.txt,P2011SQF3.pdf,P2011SQF3-07.txt,M=V*Height,0.0805,0.159,0.51,0.0733,0.03,0.0274,5.04,1.44,At the point of zero shear,1.04,5.039,1.438,P2011SQF2_Report.pdf,http://ssi.civil.ntua.gr/?page_id=413,(a) Foundation moment capacity (M_c_foot) is experimentally computed from static monotonic pushover tests. (b) Critical contact area ratio (A /A_c) is back-calculated from M_c_foot using statics equations (Gajan and Kutter 2008). (c) Average bearing pressure (q_ult_crit) at the critical contact area (A_c) is back-calculated based on A_c and the total vertical load (P_st).
127,"Anastasopoulos, I., Kourkoulis, R., Gelagoti, F., and Papadopoulos, E. (2012). ""Rocking Response of SDOF Systems on Shallow Improved Sand: An Experimental Study."" Soil Dynam. Earthquake Eng. 40, 15",G. Gazetas,I. Anastasopoulos,"A. Tsatsis, P. Kokkali, E. Papadopoulos",ERC,P2011SQF,"Laboratory of Soil Mechanics, NTUA, Athens, Greece",Small-Scale 1g ,Rigid Soil Container,1.48,0.78,0.65,Servomotor,1,Slow-Cyclic Displacement-Controlled Lateral Loading,pinned connection free to move in the vertical direction,P2011SQF_Connection.jpg,P2011SQF4,26-Apr-11,5,1,7777,1,0.05,0.000125,0.2236,Model,0.45,7777,1,None,Longstone Sand,0.45,93,9999,3,7777,7777,7777,7777,1609,7777,7777,7777,7777,7777,7777,7777,7777,7777,7777,7777,7777,7777,7777,7777,7777,7777,7777,7777,7777,7777,7777,7777,Square,Aluminium,0.15,0.15,7777,7777,7777,0,0,0.02,0,0,SDOF,P2011SQF_Heavy_Structure.JPG,Steel,0.424,100.5,0.986,43.8,214.7,9999,100.6,P2011SQF1_Report.pdf,4.9,7777,3.07,0.274,53.7,7777,P2011SQF1_Report.pdf,1D Lateral Loading,5,10,0.0038,40,P2011SQF_Load_Protocol_3.pdf,P2011SQF_Load_Protocol_3-01.txt,P2011SQF4.pdf,P2011SQF4-01.txt,M=V*Height,0.0083,0.128,0.128,0.0048,0.003,0.0023,2.42,2.42,At the point of zero shear,0.97,2.421,2.421,P2011SQF2_Report.pdf,http://ssi.civil.ntua.gr/?page_id=413,(a) Foundation moment capacity (M_c_foot) is experimentally computed from static monotonic pushover tests. (b) Critical contact area ratio (A /A_c) is back-calculated from M_c_foot using statics equations (Gajan and Kutter 2008). (c) Average bearing pressure (q_ult_crit) at the critical contact area (A_c) is back-calculated based on A_c and the total vertical load (P_st).
128,"Anastasopoulos, I., Kourkoulis, R., Gelagoti, F., and Papadopoulos, E. (2012). ""Rocking Response of SDOF Systems on Shallow Improved Sand: An Experimental Study."" Soil Dynam. Earthquake Eng. 40, 15",G. Gazetas,I. Anastasopoulos,"A. Tsatsis, P. Kokkali, E. Papadopoulos",ERC,P2011SQF,"Laboratory of Soil Mechanics, NTUA, Athens, Greece",Small-Scale 1g ,Rigid Soil Container,1.48,0.78,0.65,Servomotor,1,Slow-Cyclic Displacement-Controlled Lateral Loading,pinned connection free to move in the vertical direction,P2011SQF_Connection.jpg,P2011SQF4,26-Apr-11,5,2,7777,1,0.05,0.000125,0.2236,Model,0.45,7777,1,None,Longstone Sand,0.45,93,9999,3,7777,7777,7777,7777,1609,7777,7777,7777,7777,7777,7777,7777,7777,7777,7777,7777,7777,7777,7777,7777,7777,7777,7777,7777,7777,7777,7777,7777,Square,Aluminium,0.15,0.15,7777,7777,7777,0,0,0.02,0,0,SDOF,P2011SQF_Heavy_Structure.JPG,Steel,0.424,100.5,0.986,43.8,214.7,9999,100.6,P2011SQF1_Report.pdf,4.9,7777,3.07,0.274,53.7,7777,P2011SQF1_Report.pdf,1D Lateral Loading,5,10,0.0075,55,P2011SQF_Load_Protocol_3.pdf,P2011SQF_Load_Protocol_3-02.txt,P2011SQF4.pdf,P2011SQF4-02.txt,M=V*Height,0.017,0.298,0.426,0.0074,0.0072,0.0089,4.89,2.47,At the point of zero shear,1.11,4.889,2.468,P2011SQF2_Report.pdf,http://ssi.civil.ntua.gr/?page_id=413,(a) Foundation moment capacity (M_c_foot) is experimentally computed from static monotonic pushover tests. (b) Critical contact area ratio (A /A_c) is back-calculated from M_c_foot using statics equations (Gajan and Kutter 2008). (c) Average bearing pressure (q_ult_crit) at the critical contact area (A_c) is back-calculated based on A_c and the total vertical load (P_st).
129,"Anastasopoulos, I., Kourkoulis, R., Gelagoti, F., and Papadopoulos, E. (2012). ""Rocking Response of SDOF Systems on Shallow Improved Sand: An Experimental Study."" Soil Dynam. Earthquake Eng. 40, 15",G. Gazetas,I. Anastasopoulos,"A. Tsatsis, P. Kokkali, E. Papadopoulos",ERC,P2011SQF,"Laboratory of Soil Mechanics, NTUA, Athens, Greece",Small-Scale 1g ,Rigid Soil Container,1.48,0.78,0.65,Servomotor,1,Slow-Cyclic Displacement-Controlled Lateral Loading,pinned connection free to move in the vertical direction,P2011SQF_Connection.jpg,P2011SQF4,26-Apr-11,5,3,7777,1,0.05,0.000125,0.2236,Model,0.45,7777,1,None,Longstone Sand,0.45,93,9999,3,7777,7777,7777,7777,1609,7777,7777,7777,7777,7777,7777,7777,7777,7777,7777,7777,7777,7777,7777,7777,7777,7777,7777,7777,7777,7777,7777,7777,Square,Aluminium,0.15,0.15,7777,7777,7777,0,0,0.02,0,0,SDOF,P2011SQF_Heavy_Structure.JPG,Steel,0.424,100.5,0.986,43.8,214.7,9999,100.6,P2011SQF1_Report.pdf,4.9,7777,3.07,0.274,53.7,7777,P2011SQF1_Report.pdf,1D Lateral Loading,5,5,0.015,110,P2011SQF_Load_Protocol_3.pdf,P2011SQF_Load_Protocol_3-03.txt,P2011SQF4.pdf,P2011SQF4-03.txt,M=V*Height,0.0344,0.322,0.748,0.018,0.0093,0.0127,7.2,2.31,At the point of zero shear,1.22,7.2,2.31,P2011SQF2_Report.pdf,http://ssi.civil.ntua.gr/?page_id=413,(a) Foundation moment capacity (M_c_foot) is experimentally computed from static monotonic pushover tests. (b) Critical contact area ratio (A /A_c) is back-calculated from M_c_foot using statics equations (Gajan and Kutter 2008). (c) Average bearing pressure (q_ult_crit) at the critical contact area (A_c) is back-calculated based on A_c and the total vertical load (P_st).
130,"Anastasopoulos, I., Kourkoulis, R., Gelagoti, F., and Papadopoulos, E. (2012). ""Rocking Response of SDOF Systems on Shallow Improved Sand: An Experimental Study."" Soil Dynam. Earthquake Eng. 40, 15",G. Gazetas,I. Anastasopoulos,"A. Tsatsis, P. Kokkali, E. Papadopoulos",ERC,P2011SQF,"Laboratory of Soil Mechanics, NTUA, Athens, Greece",Small-Scale 1g ,Rigid Soil Container,1.48,0.78,0.65,Servomotor,1,Slow-Cyclic Displacement-Controlled Lateral Loading,pinned connection free to move in the vertical direction,P2011SQF_Connection.jpg,P2011SQF4,26-Apr-11,5,4,7777,1,0.05,0.000125,0.2236,Model,0.45,7777,1,None,Longstone Sand,0.45,93,9999,3,7777,7777,7777,7777,1609,7777,7777,7777,7777,7777,7777,7777,7777,7777,7777,7777,7777,7777,7777,7777,7777,7777,7777,7777,7777,7777,7777,7777,Square,Aluminium,0.15,0.15,7777,7777,7777,0,0,0.02,0,0,SDOF,P2011SQF_Heavy_Structure.JPG,Steel,0.424,100.5,0.986,43.8,214.7,9999,100.6,P2011SQF1_Report.pdf,4.9,7777,3.07,0.274,53.7,7777,P2011SQF1_Report.pdf,1D Lateral Loading,5,3,0.0225,160,P2011SQF_Load_Protocol_3.pdf,P2011SQF_Load_Protocol_3-04.txt,P2011SQF4.pdf,P2011SQF4-04.txt,M=V*Height,0.0522,0.294,1.042,0.0331,0.0203,0.0201,9.71,2.51,At the point of zero shear,1.15,9.713,2.514,P2011SQF2_Report.pdf,http://ssi.civil.ntua.gr/?page_id=413,(a) Foundation moment capacity (M_c_foot) is experimentally computed from static monotonic pushover tests. (b) Critical contact area ratio (A /A_c) is back-calculated from M_c_foot using statics equations (Gajan and Kutter 2008). (c) Average bearing pressure (q_ult_crit) at the critical contact area (A_c) is back-calculated based on A_c and the total vertical load (P_st).
131,"Anastasopoulos, I., Kourkoulis, R., Gelagoti, F., and Papadopoulos, E. (2012). ""Rocking Response of SDOF Systems on Shallow Improved Sand: An Experimental Study."" Soil Dynam. Earthquake Eng. 40, 15",G. Gazetas,I. Anastasopoulos,"A. Tsatsis, P. Kokkali, E. Papadopoulos",ERC,P2011SQF,"Laboratory of Soil Mechanics, NTUA, Athens, Greece",Small-Scale 1g ,Rigid Soil Container,1.48,0.78,0.65,Servomotor,1,Slow-Cyclic Displacement-Controlled Lateral Loading,pinned connection free to move in the vertical direction,P2011SQF_Connection.jpg,P2011SQF4,26-Apr-11,5,5,7777,1,0.05,0.000125,0.2236,Model,0.45,7777,1,None,Longstone Sand,0.45,93,9999,3,7777,7777,7777,7777,1609,7777,7777,7777,7777,7777,7777,7777,7777,7777,7777,7777,7777,7777,7777,7777,7777,7777,7777,7777,7777,7777,7777,7777,Square,Aluminium,0.15,0.15,7777,7777,7777,0,0,0.02,0,0,SDOF,P2011SQF_Heavy_Structure.JPG,Steel,0.424,100.5,0.986,43.8,214.7,9999,100.6,P2011SQF1_Report.pdf,4.9,7777,3.07,0.274,53.7,7777,P2011SQF1_Report.pdf,1D Lateral Loading,5,3,0.0413,160,P2011SQF_Load_Protocol_3.pdf,P2011SQF_Load_Protocol_3-05.txt,P2011SQF4.pdf,P2011SQF4-05.txt,M=V*Height,0.0896,0.501,1.544,0.0777,8888,8888,14.19,4.48,At the point of zero shear,1.09,14.194,4.481,P2011SQF2_Report.pdf,http://ssi.civil.ntua.gr/?page_id=413,(a) Foundation moment capacity (M_c_foot) is experimentally computed from static monotonic pushover tests. (b) Critical contact area ratio (A /A_c) is back-calculated from M_c_foot using statics equations (Gajan and Kutter 2008). (c) Average bearing pressure (q_ult_crit) at the critical contact area (A_c) is back-calculated based on A_c and the total vertical load (P_st).
132,"Anastasopoulos, I., Kourkoulis, R., Gelagoti, F., and Papadopoulos, E. (2012). ""Rocking Response of SDOF Systems on Shallow Improved Sand: An Experimental Study."" Soil Dynam. Earthquake Eng. 40, 15",G. Gazetas,I. Anastasopoulos,"A. Tsatsis, P. Kokkali, E. Papadopoulos",ERC,P2011SQF,"Laboratory of Soil Mechanics, NTUA, Athens, Greece",Small-Scale 1g ,Rigid Soil Container,1.48,0.78,0.65,Servomotor,1,Monotonic Displacement-Controlled Lateral Loading,pinned connection free to move in the vertical direction,P2011SQF_Connection.jpg,P2011SQF5,7-Apr-11,1,1,7777,1,0.05,0.000125,0.2236,Model,0.45,7777,1,None,Longstone Sand,0.45,65,9999,3,7777,7777,7777,7777,1511,7777,7777,7777,7777,7777,7777,7777,7777,7777,7777,7777,7777,7777,7777,7777,7777,7777,7777,7777,7777,7777,7777,7777,Square,Aluminium,0.15,0.15,7777,7777,7777,0,0,0.02,0,0,SDOF,P2011SQF_Heavy_Structure.JPG,Steel,0.424,100.5,0.986,43.8,110.2,9999,67.8,P2011SQF1_Report.pdf,2.5,7777,3.07,0.488,37.9,7777,P2011SQF1_Report.pdf,1D Lateral Loading,1,7777,7777,7777,P2011SQF5_Load_Protocol.pdf,P2011SQF5_Load_Protocol.txt,P2011SQF5.pdf,P2011SQF5-01.txt,M=V*Height,0.094,7777,7777,7777,0.0427,7777,7777,7777,N/A,1.05,7777,7777,P2011SQF2_Report.pdf,http://ssi.civil.ntua.gr/?page_id=413,(a) Foundation moment capacity (M_c_foot) is experimentally computed from static monotonic pushover tests. (b) Critical contact area ratio (A /A_c) is back-calculated from M_c_foot using statics equations (Gajan and Kutter 2008). (c) Average bearing pressure (q_ult_crit) at the critical contact area (A_c) is back-calculated based on A_c and the total vertical load (P_st).
133,"Anastasopoulos, I., Kourkoulis, R., Gelagoti, F., and Papadopoulos, E. (2012). ""Rocking Response of SDOF Systems on Shallow Improved Sand: An Experimental Study."" Soil Dynam. Earthquake Eng. 40, 15",G. Gazetas,I. Anastasopoulos,"A. Tsatsis, P. Kokkali, E. Papadopoulos",ERC,P2011SQF,"Laboratory of Soil Mechanics, NTUA, Athens, Greece",Small-Scale 1g ,Rigid Soil Container,1.48,0.78,0.65,Servomotor,1,Slow-Cyclic Displacement-Controlled Lateral Loading,pinned connection free to move in the vertical direction,P2011SQF_Connection.jpg,P2011SQF6,28-Apr-11,14,1,7777,1,0.05,0.000125,0.2236,Model,0.45,7777,1,None,Longstone Sand,0.45,65,9999,3,7777,7777,7777,7777,1511,7777,7777,7777,7777,7777,7777,7777,7777,7777,7777,7777,7777,7777,7777,7777,7777,7777,7777,7777,7777,7777,7777,7777,Square,Aluminium,0.15,0.15,7777,7777,7777,0,0,0.02,0,0,SDOF,P2011SQF_Heavy_Structure.JPG,Steel,0.424,100.5,0.986,43.8,110.2,9999,67.8,P2011SQF1_Report.pdf,2.5,7777,3.07,0.488,37.9,7777,P2011SQF1_Report.pdf,1D Lateral Loading,14,1,0.0019,20,P2011SQF_Load_Protocol_1.pdf,P2011SQF_Load_Protocol_1-01.txt,P2011SQF6.pdf,P2011SQF6-01.txt,M=V*Height,0.003,0.004,0.004,0.0021,0.0017,0.001,0.43,0.43,At the point of zero shear,0.55,0.43,0.43,P2011SQF2_Report.pdf,http://ssi.civil.ntua.gr/?page_id=413,(a) Foundation moment capacity (M_c_foot) is experimentally computed from static monotonic pushover tests. (b) Critical contact area ratio (A /A_c) is back-calculated from M_c_foot using statics equations (Gajan and Kutter 2008). (c) Average bearing pressure (q_ult_crit) at the critical contact area (A_c) is back-calculated based on A_c and the total vertical load (P_st).
134,"Anastasopoulos, I., Kourkoulis, R., Gelagoti, F., and Papadopoulos, E. (2012). ""Rocking Response of SDOF Systems on Shallow Improved Sand: An Experimental Study."" Soil Dynam. Earthquake Eng. 40, 15",G. Gazetas,I. Anastasopoulos,"A. Tsatsis, P. Kokkali, E. Papadopoulos",ERC,P2011SQF,"Laboratory of Soil Mechanics, NTUA, Athens, Greece",Small-Scale 1g ,Rigid Soil Container,1.48,0.78,0.65,Servomotor,1,Slow-Cyclic Displacement-Controlled Lateral Loading,pinned connection free to move in the vertical direction,P2011SQF_Connection.jpg,P2011SQF6,28-Apr-11,14,2,7777,1,0.05,0.000125,0.2236,Model,0.45,7777,1,None,Longstone Sand,0.45,65,9999,3,7777,7777,7777,7777,1511,7777,7777,7777,7777,7777,7777,7777,7777,7777,7777,7777,7777,7777,7777,7777,7777,7777,7777,7777,7777,7777,7777,7777,Square,Aluminium,0.15,0.15,7777,7777,7777,0,0,0.02,0,0,SDOF,P2011SQF_Heavy_Structure.JPG,Steel,0.424,100.5,0.986,43.8,110.2,9999,67.8,P2011SQF1_Report.pdf,2.5,7777,3.07,0.488,37.9,7777,P2011SQF1_Report.pdf,1D Lateral Loading,14,1,0.0038,40,P2011SQF_Load_Protocol_1.pdf,P2011SQF_Load_Protocol_1-02.txt,P2011SQF6.pdf,P2011SQF6-02.txt,M=V*Height,0.0069,0.012,0.016,0.005,0.0031,0.0022,1.19,0.76,At the point of zero shear,0.74,1.186,0.755,P2011SQF2_Report.pdf,http://ssi.civil.ntua.gr/?page_id=413,(a) Foundation moment capacity (M_c_foot) is experimentally computed from static monotonic pushover tests. (b) Critical contact area ratio (A /A_c) is back-calculated from M_c_foot using statics equations (Gajan and Kutter 2008). (c) Average bearing pressure (q_ult_crit) at the critical contact area (A_c) is back-calculated based on A_c and the total vertical load (P_st).
135,"Anastasopoulos, I., Kourkoulis, R., Gelagoti, F., and Papadopoulos, E. (2012). ""Rocking Response of SDOF Systems on Shallow Improved Sand: An Experimental Study."" Soil Dynam. Earthquake Eng. 40, 15",G. Gazetas,I. Anastasopoulos,"A. Tsatsis, P. Kokkali, E. Papadopoulos",ERC,P2011SQF,"Laboratory of Soil Mechanics, NTUA, Athens, Greece",Small-Scale 1g ,Rigid Soil Container,1.48,0.78,0.65,Servomotor,1,Slow-Cyclic Displacement-Controlled Lateral Loading,pinned connection free to move in the vertical direction,P2011SQF_Connection.jpg,P2011SQF6,28-Apr-11,14,3,7777,1,0.05,0.000125,0.2236,Model,0.45,7777,1,None,Longstone Sand,0.45,65,9999,3,7777,7777,7777,7777,1511,7777,7777,7777,7777,7777,7777,7777,7777,7777,7777,7777,7777,7777,7777,7777,7777,7777,7777,7777,7777,7777,7777,7777,Square,Aluminium,0.15,0.15,7777,7777,7777,0,0,0.02,0,0,SDOF,P2011SQF_Heavy_Structure.JPG,Steel,0.424,100.5,0.986,43.8,110.2,9999,67.8,P2011SQF1_Report.pdf,2.5,7777,3.07,0.488,37.9,7777,P2011SQF1_Report.pdf,1D Lateral Loading,14,1,0.0056,60,P2011SQF_Load_Protocol_1.pdf,P2011SQF_Load_Protocol_1-03.txt,P2011SQF6.pdf,P2011SQF6-03.txt,M=V*Height,0.0111,0.02,0.036,0.0081,0.0025,0.0021,2.02,0.84,At the point of zero shear,0.87,2.022,0.836,P2011SQF2_Report.pdf,http://ssi.civil.ntua.gr/?page_id=413,(a) Foundation moment capacity (M_c_foot) is experimentally computed from static monotonic pushover tests. (b) Critical contact area ratio (A /A_c) is back-calculated from M_c_foot using statics equations (Gajan and Kutter 2008). (c) Average bearing pressure (q_ult_crit) at the critical contact area (A_c) is back-calculated based on A_c and the total vertical load (P_st).
136,"Anastasopoulos, I., Kourkoulis, R., Gelagoti, F., and Papadopoulos, E. (2012). ""Rocking Response of SDOF Systems on Shallow Improved Sand: An Experimental Study."" Soil Dynam. Earthquake Eng. 40, 15",G. Gazetas,I. Anastasopoulos,"A. Tsatsis, P. Kokkali, E. Papadopoulos",ERC,P2011SQF,"Laboratory of Soil Mechanics, NTUA, Athens, Greece",Small-Scale 1g ,Rigid Soil Container,1.48,0.78,0.65,Servomotor,1,Slow-Cyclic Displacement-Controlled Lateral Loading,pinned connection free to move in the vertical direction,P2011SQF_Connection.jpg,P2011SQF6,28-Apr-11,14,4,7777,1,0.05,0.000125,0.2236,Model,0.45,7777,1,None,Longstone Sand,0.45,65,9999,3,7777,7777,7777,7777,1511,7777,7777,7777,7777,7777,7777,7777,7777,7777,7777,7777,7777,7777,7777,7777,7777,7777,7777,7777,7777,7777,7777,7777,Square,Aluminium,0.15,0.15,7777,7777,7777,0,0,0.02,0,0,SDOF,P2011SQF_Heavy_Structure.JPG,Steel,0.424,100.5,0.986,43.8,110.2,9999,67.8,P2011SQF1_Report.pdf,2.5,7777,3.07,0.488,37.9,7777,P2011SQF1_Report.pdf,1D Lateral Loading,14,1,0.0075,80,P2011SQF_Load_Protocol_1.pdf,P2011SQF_Load_Protocol_1-04.txt,P2011SQF6.pdf,P2011SQF6-04.txt,M=V*Height,0.0152,0.028,0.064,0.0113,0.0049,0.0038,3.11,1.09,At the point of zero shear,0.97,3.112,1.09,P2011SQF2_Report.pdf,http://ssi.civil.ntua.gr/?page_id=413,(a) Foundation moment capacity (M_c_foot) is experimentally computed from static monotonic pushover tests. (b) Critical contact area ratio (A /A_c) is back-calculated from M_c_foot using statics equations (Gajan and Kutter 2008). (c) Average bearing pressure (q_ult_crit) at the critical contact area (A_c) is back-calculated based on A_c and the total vertical load (P_st).
137,"Anastasopoulos, I., Kourkoulis, R., Gelagoti, F., and Papadopoulos, E. (2012). ""Rocking Response of SDOF Systems on Shallow Improved Sand: An Experimental Study."" Soil Dynam. Earthquake Eng. 40, 15",G. Gazetas,I. Anastasopoulos,"A. Tsatsis, P. Kokkali, E. Papadopoulos",ERC,P2011SQF,"Laboratory of Soil Mechanics, NTUA, Athens, Greece",Small-Scale 1g ,Rigid Soil Container,1.48,0.78,0.65,Servomotor,1,Slow-Cyclic Displacement-Controlled Lateral Loading,pinned connection free to move in the vertical direction,P2011SQF_Connection.jpg,P2011SQF6,28-Apr-11,14,5,7777,1,0.05,0.000125,0.2236,Model,0.45,7777,1,None,Longstone Sand,0.45,65,9999,3,7777,7777,7777,7777,1511,7777,7777,7777,7777,7777,7777,7777,7777,7777,7777,7777,7777,7777,7777,7777,7777,7777,7777,7777,7777,7777,7777,7777,Square,Aluminium,0.15,0.15,7777,7777,7777,0,0,0.02,0,0,SDOF,P2011SQF_Heavy_Structure.JPG,Steel,0.424,100.5,0.986,43.8,110.2,9999,67.8,P2011SQF1_Report.pdf,2.5,7777,3.07,0.488,37.9,7777,P2011SQF1_Report.pdf,1D Lateral Loading,14,1,0.0094,100,P2011SQF_Load_Protocol_1.pdf,P2011SQF_Load_Protocol_1-05.txt,P2011SQF6.pdf,P2011SQF6-05.txt,M=V*Height,0.0194,0.037,0.101,0.0147,0.0053,0.0034,4.28,1.17,At the point of zero shear,1.03,4.279,1.167,P2011SQF2_Report.pdf,http://ssi.civil.ntua.gr/?page_id=413,(a) Foundation moment capacity (M_c_foot) is experimentally computed from static monotonic pushover tests. (b) Critical contact area ratio (A /A_c) is back-calculated from M_c_foot using statics equations (Gajan and Kutter 2008). (c) Average bearing pressure (q_ult_crit) at the critical contact area (A_c) is back-calculated based on A_c and the total vertical load (P_st).
138,"Anastasopoulos, I., Kourkoulis, R., Gelagoti, F., and Papadopoulos, E. (2012). ""Rocking Response of SDOF Systems on Shallow Improved Sand: An Experimental Study."" Soil Dynam. Earthquake Eng. 40, 15",G. Gazetas,I. Anastasopoulos,"A. Tsatsis, P. Kokkali, E. Papadopoulos",ERC,P2011SQF,"Laboratory of Soil Mechanics, NTUA, Athens, Greece",Small-Scale 1g ,Rigid Soil Container,1.48,0.78,0.65,Servomotor,1,Slow-Cyclic Displacement-Controlled Lateral Loading,pinned connection free to move in the vertical direction,P2011SQF_Connection.jpg,P2011SQF6,28-Apr-11,14,6,7777,1,0.05,0.000125,0.2236,Model,0.45,7777,1,None,Longstone Sand,0.45,65,9999,3,7777,7777,7777,7777,1511,7777,7777,7777,7777,7777,7777,7777,7777,7777,7777,7777,7777,7777,7777,7777,7777,7777,7777,7777,7777,7777,7777,7777,Square,Aluminium,0.15,0.15,7777,7777,7777,0,0,0.02,0,0,SDOF,P2011SQF_Heavy_Structure.JPG,Steel,0.424,100.5,0.986,43.8,110.2,9999,67.8,P2011SQF1_Report.pdf,2.5,7777,3.07,0.488,37.9,7777,P2011SQF1_Report.pdf,1D Lateral Loading,14,1,0.0113,120,P2011SQF_Load_Protocol_1.pdf,P2011SQF_Load_Protocol_1-06.txt,P2011SQF6.pdf,P2011SQF6-06.txt,M=V*Height,0.0237,0.045,0.146,0.0183,0.0077,0.0051,5.5,1.22,At the point of zero shear,1.08,5.498,1.219,P2011SQF2_Report.pdf,http://ssi.civil.ntua.gr/?page_id=413,(a) Foundation moment capacity (M_c_foot) is experimentally computed from static monotonic pushover tests. (b) Critical contact area ratio (A /A_c) is back-calculated from M_c_foot using statics equations (Gajan and Kutter 2008). (c) Average bearing pressure (q_ult_crit) at the critical contact area (A_c) is back-calculated based on A_c and the total vertical load (P_st).
139,"Anastasopoulos, I., Kourkoulis, R., Gelagoti, F., and Papadopoulos, E. (2012). ""Rocking Response of SDOF Systems on Shallow Improved Sand: An Experimental Study."" Soil Dynam. Earthquake Eng. 40, 15",G. Gazetas,I. Anastasopoulos,"A. Tsatsis, P. Kokkali, E. Papadopoulos",ERC,P2011SQF,"Laboratory of Soil Mechanics, NTUA, Athens, Greece",Small-Scale 1g ,Rigid Soil Container,1.48,0.78,0.65,Servomotor,1,Slow-Cyclic Displacement-Controlled Lateral Loading,pinned connection free to move in the vertical direction,P2011SQF_Connection.jpg,P2011SQF6,28-Apr-11,14,7,7777,1,0.05,0.000125,0.2236,Model,0.45,7777,1,None,Longstone Sand,0.45,65,9999,3,7777,7777,7777,7777,1511,7777,7777,7777,7777,7777,7777,7777,7777,7777,7777,7777,7777,7777,7777,7777,7777,7777,7777,7777,7777,7777,7777,7777,Square,Aluminium,0.15,0.15,7777,7777,7777,0,0,0.02,0,0,SDOF,P2011SQF_Heavy_Structure.JPG,Steel,0.424,100.5,0.986,43.8,110.2,9999,67.8,P2011SQF1_Report.pdf,2.5,7777,3.07,0.488,37.9,7777,P2011SQF1_Report.pdf,1D Lateral Loading,14,1,0.0131,140,P2011SQF_Load_Protocol_1.pdf,P2011SQF_Load_Protocol_1-07.txt,P2011SQF6.pdf,P2011SQF6-07.txt,M=V*Height,0.0277,0.053,0.2,0.0218,0.0121,0.0085,6.87,1.37,At the point of zero shear,1.14,6.869,1.371,P2011SQF2_Report.pdf,http://ssi.civil.ntua.gr/?page_id=413,(a) Foundation moment capacity (M_c_foot) is experimentally computed from static monotonic pushover tests. (b) Critical contact area ratio (A /A_c) is back-calculated from M_c_foot using statics equations (Gajan and Kutter 2008). (c) Average bearing pressure (q_ult_crit) at the critical contact area (A_c) is back-calculated based on A_c and the total vertical load (P_st).
140,"Anastasopoulos, I., Kourkoulis, R., Gelagoti, F., and Papadopoulos, E. (2012). ""Rocking Response of SDOF Systems on Shallow Improved Sand: An Experimental Study."" Soil Dynam. Earthquake Eng. 40, 15",G. Gazetas,I. Anastasopoulos,"A. Tsatsis, P. Kokkali, E. Papadopoulos",ERC,P2011SQF,"Laboratory of Soil Mechanics, NTUA, Athens, Greece",Small-Scale 1g ,Rigid Soil Container,1.48,0.78,0.65,Servomotor,1,Slow-Cyclic Displacement-Controlled Lateral Loading,pinned connection free to move in the vertical direction,P2011SQF_Connection.jpg,P2011SQF6,28-Apr-11,14,8,7777,1,0.05,0.000125,0.2236,Model,0.45,7777,1,None,Longstone Sand,0.45,65,9999,3,7777,7777,7777,7777,1511,7777,7777,7777,7777,7777,7777,7777,7777,7777,7777,7777,7777,7777,7777,7777,7777,7777,7777,7777,7777,7777,7777,7777,Square,Aluminium,0.15,0.15,7777,7777,7777,0,0,0.02,0,0,SDOF,P2011SQF_Heavy_Structure.JPG,Steel,0.424,100.5,0.986,43.8,110.2,9999,67.8,P2011SQF1_Report.pdf,2.5,7777,3.07,0.488,37.9,7777,P2011SQF1_Report.pdf,1D Lateral Loading,14,1,0.015,160,P2011SQF_Load_Protocol_1.pdf,P2011SQF_Load_Protocol_1-08.txt,P2011SQF6.pdf,P2011SQF6-08.txt,M=V*Height,0.0321,0.062,0.262,0.0254,0.0112,0.0094,8.29,1.42,At the point of zero shear,1.39,8.292,1.423,P2011SQF2_Report.pdf,http://ssi.civil.ntua.gr/?page_id=413,(a) Foundation moment capacity (M_c_foot) is experimentally computed from static monotonic pushover tests. (b) Critical contact area ratio (A /A_c) is back-calculated from M_c_foot using statics equations (Gajan and Kutter 2008). (c) Average bearing pressure (q_ult_crit) at the critical contact area (A_c) is back-calculated based on A_c and the total vertical load (P_st).
141,"Anastasopoulos, I., Kourkoulis, R., Gelagoti, F., and Papadopoulos, E. (2012). ""Rocking Response of SDOF Systems on Shallow Improved Sand: An Experimental Study."" Soil Dynam. Earthquake Eng. 40, 15",G. Gazetas,I. Anastasopoulos,"A. Tsatsis, P. Kokkali, E. Papadopoulos",ERC,P2011SQF,"Laboratory of Soil Mechanics, NTUA, Athens, Greece",Small-Scale 1g ,Rigid Soil Container,1.48,0.78,0.65,Servomotor,1,Slow-Cyclic Displacement-Controlled Lateral Loading,pinned connection free to move in the vertical direction,P2011SQF_Connection.jpg,P2011SQF6,28-Apr-11,14,9,7777,1,0.05,0.000125,0.2236,Model,0.45,7777,1,None,Longstone Sand,0.45,65,9999,3,7777,7777,7777,7777,1511,7777,7777,7777,7777,7777,7777,7777,7777,7777,7777,7777,7777,7777,7777,7777,7777,7777,7777,7777,7777,7777,7777,7777,Square,Aluminium,0.15,0.15,7777,7777,7777,0,0,0.02,0,0,SDOF,P2011SQF_Heavy_Structure.JPG,Steel,0.424,100.5,0.986,43.8,110.2,9999,67.8,P2011SQF1_Report.pdf,2.5,7777,3.07,0.488,37.9,7777,P2011SQF1_Report.pdf,1D Lateral Loading,14,1,0.0169,180,P2011SQF_Load_Protocol_1.pdf,P2011SQF_Load_Protocol_1-09.txt,P2011SQF6.pdf,P2011SQF6-09.txt,M=V*Height,0.0362,0.07,0.333,0.0287,0.0143,0.0109,9.95,1.66,At the point of zero shear,1.43,9.953,1.661,P2011SQF2_Report.pdf,http://ssi.civil.ntua.gr/?page_id=413,(a) Foundation moment capacity (M_c_foot) is experimentally computed from static monotonic pushover tests. (b) Critical contact area ratio (A /A_c) is back-calculated from M_c_foot using statics equations (Gajan and Kutter 2008). (c) Average bearing pressure (q_ult_crit) at the critical contact area (A_c) is back-calculated based on A_c and the total vertical load (P_st).
142,"Anastasopoulos, I., Kourkoulis, R., Gelagoti, F., and Papadopoulos, E. (2012). ""Rocking Response of SDOF Systems on Shallow Improved Sand: An Experimental Study."" Soil Dynam. Earthquake Eng. 40, 15",G. Gazetas,I. Anastasopoulos,"A. Tsatsis, P. Kokkali, E. Papadopoulos",ERC,P2011SQF,"Laboratory of Soil Mechanics, NTUA, Athens, Greece",Small-Scale 1g ,Rigid Soil Container,1.48,0.78,0.65,Servomotor,1,Slow-Cyclic Displacement-Controlled Lateral Loading,pinned connection free to move in the vertical direction,P2011SQF_Connection.jpg,P2011SQF6,28-Apr-11,14,10,7777,1,0.05,0.000125,0.2236,Model,0.45,7777,1,None,Longstone Sand,0.45,65,9999,3,7777,7777,7777,7777,1511,7777,7777,7777,7777,7777,7777,7777,7777,7777,7777,7777,7777,7777,7777,7777,7777,7777,7777,7777,7777,7777,7777,7777,Square,Aluminium,0.15,0.15,7777,7777,7777,0,0,0.02,0,0,SDOF,P2011SQF_Heavy_Structure.JPG,Steel,0.424,100.5,0.986,43.8,110.2,9999,67.8,P2011SQF1_Report.pdf,2.5,7777,3.07,0.488,37.9,7777,P2011SQF1_Report.pdf,1D Lateral Loading,14,1,0.0188,200,P2011SQF_Load_Protocol_1.pdf,P2011SQF_Load_Protocol_1-10.txt,P2011SQF6.pdf,P2011SQF6-10.txt,M=V*Height,0.0398,0.078,0.41,0.0324,0.0157,0.0099,11.72,1.77,At the point of zero shear,1.48,11.722,1.768,P2011SQF2_Report.pdf,http://ssi.civil.ntua.gr/?page_id=413,(a) Foundation moment capacity (M_c_foot) is experimentally computed from static monotonic pushover tests. (b) Critical contact area ratio (A /A_c) is back-calculated from M_c_foot using statics equations (Gajan and Kutter 2008). (c) Average bearing pressure (q_ult_crit) at the critical contact area (A_c) is back-calculated based on A_c and the total vertical load (P_st).
143,"Anastasopoulos, I., Kourkoulis, R., Gelagoti, F., and Papadopoulos, E. (2012). ""Rocking Response of SDOF Systems on Shallow Improved Sand: An Experimental Study."" Soil Dynam. Earthquake Eng. 40, 15",G. Gazetas,I. Anastasopoulos,"A. Tsatsis, P. Kokkali, E. Papadopoulos",ERC,P2011SQF,"Laboratory of Soil Mechanics, NTUA, Athens, Greece",Small-Scale 1g ,Rigid Soil Container,1.48,0.78,0.65,Servomotor,1,Slow-Cyclic Displacement-Controlled Lateral Loading,pinned connection free to move in the vertical direction,P2011SQF_Connection.jpg,P2011SQF6,28-Apr-11,14,11,7777,1,0.05,0.000125,0.2236,Model,0.45,7777,1,None,Longstone Sand,0.45,65,9999,3,7777,7777,7777,7777,1511,7777,7777,7777,7777,7777,7777,7777,7777,7777,7777,7777,7777,7777,7777,7777,7777,7777,7777,7777,7777,7777,7777,7777,Square,Aluminium,0.15,0.15,7777,7777,7777,0,0,0.02,0,0,SDOF,P2011SQF_Heavy_Structure.JPG,Steel,0.424,100.5,0.986,43.8,110.2,9999,67.8,P2011SQF1_Report.pdf,2.5,7777,3.07,0.488,37.9,7777,P2011SQF1_Report.pdf,1D Lateral Loading,14,1,0.0244,260,P2011SQF_Load_Protocol_1.pdf,P2011SQF_Load_Protocol_1-11.txt,P2011SQF6.pdf,P2011SQF6-11.txt,M=V*Height,0.05,0.098,0.508,0.0425,0.032,0.0272,13.63,1.91,At the point of zero shear,1.65,13.629,1.907,P2011SQF2_Report.pdf,http://ssi.civil.ntua.gr/?page_id=413,(a) Foundation moment capacity (M_c_foot) is experimentally computed from static monotonic pushover tests. (b) Critical contact area ratio (A /A_c) is back-calculated from M_c_foot using statics equations (Gajan and Kutter 2008). (c) Average bearing pressure (q_ult_crit) at the critical contact area (A_c) is back-calculated based on A_c and the total vertical load (P_st).
144,"Anastasopoulos, I., Kourkoulis, R., Gelagoti, F., and Papadopoulos, E. (2012). ""Rocking Response of SDOF Systems on Shallow Improved Sand: An Experimental Study."" Soil Dynam. Earthquake Eng. 40, 15",G. Gazetas,I. Anastasopoulos,"A. Tsatsis, P. Kokkali, E. Papadopoulos",ERC,P2011SQF,"Laboratory of Soil Mechanics, NTUA, Athens, Greece",Small-Scale 1g ,Rigid Soil Container,1.48,0.78,0.65,Servomotor,1,Slow-Cyclic Displacement-Controlled Lateral Loading,pinned connection free to move in the vertical direction,P2011SQF_Connection.jpg,P2011SQF6,28-Apr-11,14,12,7777,1,0.05,0.000125,0.2236,Model,0.45,7777,1,None,Longstone Sand,0.45,65,9999,3,7777,7777,7777,7777,1511,7777,7777,7777,7777,7777,7777,7777,7777,7777,7777,7777,7777,7777,7777,7777,7777,7777,7777,7777,7777,7777,7777,7777,Square,Aluminium,0.15,0.15,7777,7777,7777,0,0,0.02,0,0,SDOF,P2011SQF_Heavy_Structure.JPG,Steel,0.424,100.5,0.986,43.8,110.2,9999,67.8,P2011SQF1_Report.pdf,2.5,7777,3.07,0.488,37.9,7777,P2011SQF1_Report.pdf,1D Lateral Loading,14,1,0.03,320,P2011SQF_Load_Protocol_1.pdf,P2011SQF_Load_Protocol_1-12.txt,P2011SQF6.pdf,P2011SQF6-12.txt,M=V*Height,0.0601,0.118,0.627,0.0524,0.0391,0.0345,16,2.37,At the point of zero shear,1.72,16.002,2.373,P2011SQF2_Report.pdf,http://ssi.civil.ntua.gr/?page_id=413,(a) Foundation moment capacity (M_c_foot) is experimentally computed from static monotonic pushover tests. (b) Critical contact area ratio (A /A_c) is back-calculated from M_c_foot using statics equations (Gajan and Kutter 2008). (c) Average bearing pressure (q_ult_crit) at the critical contact area (A_c) is back-calculated based on A_c and the total vertical load (P_st).
145,"Anastasopoulos, I., Kourkoulis, R., Gelagoti, F., and Papadopoulos, E. (2012). ""Rocking Response of SDOF Systems on Shallow Improved Sand: An Experimental Study."" Soil Dynam. Earthquake Eng. 40, 15",G. Gazetas,I. Anastasopoulos,"A. Tsatsis, P. Kokkali, E. Papadopoulos",ERC,P2011SQF,"Laboratory of Soil Mechanics, NTUA, Athens, Greece",Small-Scale 1g ,Rigid Soil Container,1.48,0.78,0.65,Servomotor,1,Slow-Cyclic Displacement-Controlled Lateral Loading,pinned connection free to move in the vertical direction,P2011SQF_Connection.jpg,P2011SQF6,28-Apr-11,14,13,7777,1,0.05,0.000125,0.2236,Model,0.45,7777,1,None,Longstone Sand,0.45,65,9999,3,7777,7777,7777,7777,1511,7777,7777,7777,7777,7777,7777,7777,7777,7777,7777,7777,7777,7777,7777,7777,7777,7777,7777,7777,7777,7777,7777,7777,Square,Aluminium,0.15,0.15,7777,7777,7777,0,0,0.02,0,0,SDOF,P2011SQF_Heavy_Structure.JPG,Steel,0.424,100.5,0.986,43.8,110.2,9999,67.8,P2011SQF1_Report.pdf,2.5,7777,3.07,0.488,37.9,7777,P2011SQF1_Report.pdf,1D Lateral Loading,14,1,0.0356,380,P2011SQF_Load_Protocol_1.pdf,P2011SQF_Load_Protocol_1-13.txt,P2011SQF6.pdf,P2011SQF6-13.txt,M=V*Height,0.0713,0.141,0.767,0.0631,0.0452,0.0399,18.37,2.37,At the point of zero shear,1.89,18.368,2.366,P2011SQF2_Report.pdf,http://ssi.civil.ntua.gr/?page_id=413,(a) Foundation moment capacity (M_c_foot) is experimentally computed from static monotonic pushover tests. (b) Critical contact area ratio (A /A_c) is back-calculated from M_c_foot using statics equations (Gajan and Kutter 2008). (c) Average bearing pressure (q_ult_crit) at the critical contact area (A_c) is back-calculated based on A_c and the total vertical load (P_st).
146,"Anastasopoulos, I., Kourkoulis, R., Gelagoti, F., and Papadopoulos, E. (2012). ""Rocking Response of SDOF Systems on Shallow Improved Sand: An Experimental Study."" Soil Dynam. Earthquake Eng. 40, 15",G. Gazetas,I. Anastasopoulos,"A. Tsatsis, P. Kokkali, E. Papadopoulos",ERC,P2011SQF,"Laboratory of Soil Mechanics, NTUA, Athens, Greece",Small-Scale 1g ,Rigid Soil Container,1.48,0.78,0.65,Servomotor,1,Slow-Cyclic Displacement-Controlled Lateral Loading,pinned connection free to move in the vertical direction,P2011SQF_Connection.jpg,P2011SQF6,28-Apr-11,14,14,7777,1,0.05,0.000125,0.2236,Model,0.45,7777,1,None,Longstone Sand,0.45,65,9999,3,7777,7777,7777,7777,1511,7777,7777,7777,7777,7777,7777,7777,7777,7777,7777,7777,7777,7777,7777,7777,7777,7777,7777,7777,7777,7777,7777,7777,Square,Aluminium,0.15,0.15,7777,7777,7777,0,0,0.02,0,0,SDOF,P2011SQF_Heavy_Structure.JPG,Steel,0.424,100.5,0.986,43.8,110.2,9999,67.8,P2011SQF1_Report.pdf,2.5,7777,3.07,0.488,37.9,7777,P2011SQF1_Report.pdf,1D Lateral Loading,14,1,0.0413,440,P2011SQF_Load_Protocol_1.pdf,P2011SQF_Load_Protocol_1-14.txt,P2011SQF6.pdf,P2011SQF6-14.txt,M=V*Height,0.0817,0.161,0.929,0.0742,0.0546,0.05,20.75,2.38,At the point of zero shear,2.07,20.752,2.384,P2011SQF2_Report.pdf,http://ssi.civil.ntua.gr/?page_id=413,(a) Foundation moment capacity (M_c_foot) is experimentally computed from static monotonic pushover tests. (b) Critical contact area ratio (A /A_c) is back-calculated from M_c_foot using statics equations (Gajan and Kutter 2008). (c) Average bearing pressure (q_ult_crit) at the critical contact area (A_c) is back-calculated based on A_c and the total vertical load (P_st).
147,"Anastasopoulos, I., Kourkoulis, R., Gelagoti, F., and Papadopoulos, E. (2012). ""Rocking Response of SDOF Systems on Shallow Improved Sand: An Experimental Study."" Soil Dynam. Earthquake Eng. 40, 15",G. Gazetas,I. Anastasopoulos,"A. Tsatsis, P. Kokkali, E. Papadopoulos",ERC,P2011SQF,"Laboratory of Soil Mechanics, NTUA, Athens, Greece",Small-Scale 1g ,Rigid Soil Container,1.48,0.78,0.65,Servomotor,1,Slow-Cyclic Displacement-Controlled Lateral Loading,pinned connection free to move in the vertical direction,P2011SQF_Connection.jpg,P2011SQF7,23-May-11,5,1,7777,1,0.05,0.000125,0.2236,Model,0.45,7777,1,None,Longstone Sand,0.45,65,9999,3,7777,7777,7777,7777,1511,7777,7777,7777,7777,7777,7777,7777,7777,7777,7777,7777,7777,7777,7777,7777,7777,7777,7777,7777,7777,7777,7777,7777,Square,Aluminium,0.15,0.15,7777,7777,7777,0,0,0.02,0,0,SDOF,P2011SQF_Heavy_Structure.JPG,Steel,0.424,100.5,0.986,43.8,110.2,9999,67.8,P2011SQF1_Report.pdf,2.5,7777,3.07,0.488,37.9,7777,P2011SQF1_Report.pdf,1D Lateral Loading,5,10,0.0038,40,P2011SQF_Load_Protocol_3.pdf,P2011SQF_Load_Protocol_3-01.txt,P2011SQF7.pdf,P2011SQF7-01.txt,M=V*Height,0.0081,0.125,0.125,0.0055,0.0113,0.0088,5.38,5.38,At the point of zero shear,0.96,5.375,5.375,P2011SQF2_Report.pdf,http://ssi.civil.ntua.gr/?page_id=413,(a) Foundation moment capacity (M_c_foot) is experimentally computed from static monotonic pushover tests. (b) Critical contact area ratio (A /A_c) is back-calculated from M_c_foot using statics equations (Gajan and Kutter 2008). (c) Average bearing pressure (q_ult_crit) at the critical contact area (A_c) is back-calculated based on A_c and the total vertical load (P_st).
148,"Anastasopoulos, I., Kourkoulis, R., Gelagoti, F., and Papadopoulos, E. (2012). ""Rocking Response of SDOF Systems on Shallow Improved Sand: An Experimental Study."" Soil Dynam. Earthquake Eng. 40, 15",G. Gazetas,I. Anastasopoulos,"A. Tsatsis, P. Kokkali, E. Papadopoulos",ERC,P2011SQF,"Laboratory of Soil Mechanics, NTUA, Athens, Greece",Small-Scale 1g ,Rigid Soil Container,1.48,0.78,0.65,Servomotor,1,Slow-Cyclic Displacement-Controlled Lateral Loading,pinned connection free to move in the vertical direction,P2011SQF_Connection.jpg,P2011SQF7,23-May-11,5,2,7777,1,0.05,0.000125,0.2236,Model,0.45,7777,1,None,Longstone Sand,0.45,65,9999,3,7777,7777,7777,7777,1511,7777,7777,7777,7777,7777,7777,7777,7777,7777,7777,7777,7777,7777,7777,7777,7777,7777,7777,7777,7777,7777,7777,7777,Square,Aluminium,0.15,0.15,7777,7777,7777,0,0,0.02,0,0,SDOF,P2011SQF_Heavy_Structure.JPG,Steel,0.424,100.5,0.986,43.8,110.2,9999,67.8,P2011SQF1_Report.pdf,2.5,7777,3.07,0.488,37.9,7777,P2011SQF1_Report.pdf,1D Lateral Loading,5,10,0.0075,55,P2011SQF_Load_Protocol_3.pdf,P2011SQF_Load_Protocol_3-02.txt,P2011SQF7.pdf,P2011SQF7-02.txt,M=V*Height,0.0177,0.294,0.419,0.0108,0.0246,0.0158,12.1,6.73,At the point of zero shear,1.35,12.101,6.725,P2011SQF2_Report.pdf,http://ssi.civil.ntua.gr/?page_id=413,(a) Foundation moment capacity (M_c_foot) is experimentally computed from static monotonic pushover tests. (b) Critical contact area ratio (A /A_c) is back-calculated from M_c_foot using statics equations (Gajan and Kutter 2008). (c) Average bearing pressure (q_ult_crit) at the critical contact area (A_c) is back-calculated based on A_c and the total vertical load (P_st).
149,"Anastasopoulos, I., Kourkoulis, R., Gelagoti, F., and Papadopoulos, E. (2012). ""Rocking Response of SDOF Systems on Shallow Improved Sand: An Experimental Study."" Soil Dynam. Earthquake Eng. 40, 15",G. Gazetas,I. Anastasopoulos,"A. Tsatsis, P. Kokkali, E. Papadopoulos",ERC,P2011SQF,"Laboratory of Soil Mechanics, NTUA, Athens, Greece",Small-Scale 1g ,Rigid Soil Container,1.48,0.78,0.65,Servomotor,1,Slow-Cyclic Displacement-Controlled Lateral Loading,pinned connection free to move in the vertical direction,P2011SQF_Connection.jpg,P2011SQF7,23-May-11,5,3,7777,1,0.05,0.000125,0.2236,Model,0.45,7777,1,None,Longstone Sand,0.45,65,9999,3,7777,7777,7777,7777,1511,7777,7777,7777,7777,7777,7777,7777,7777,7777,7777,7777,7777,7777,7777,7777,7777,7777,7777,7777,7777,7777,7777,7777,Square,Aluminium,0.15,0.15,7777,7777,7777,0,0,0.02,0,0,SDOF,P2011SQF_Heavy_Structure.JPG,Steel,0.424,100.5,0.986,43.8,110.2,9999,67.8,P2011SQF1_Report.pdf,2.5,7777,3.07,0.488,37.9,7777,P2011SQF1_Report.pdf,1D Lateral Loading,5,5,0.015,110,P2011SQF_Load_Protocol_3.pdf,P2011SQF_Load_Protocol_3-03.txt,P2011SQF7.pdf,P2011SQF7-03.txt,M=V*Height,0.0315,0.292,0.711,0.0218,0.0496,0.0837,17.29,5.19,At the point of zero shear,1.48,17.291,5.19,P2011SQF2_Report.pdf,http://ssi.civil.ntua.gr/?page_id=413,(a) Foundation moment capacity (M_c_foot) is experimentally computed from static monotonic pushover tests. (b) Critical contact area ratio (A /A_c) is back-calculated from M_c_foot using statics equations (Gajan and Kutter 2008). (c) Average bearing pressure (q_ult_crit) at the critical contact area (A_c) is back-calculated based on A_c and the total vertical load (P_st).
150,"Anastasopoulos, I., Kourkoulis, R., Gelagoti, F., and Papadopoulos, E. (2012). ""Rocking Response of SDOF Systems on Shallow Improved Sand: An Experimental Study."" Soil Dynam. Earthquake Eng. 40, 15",G. Gazetas,I. Anastasopoulos,"A. Tsatsis, P. Kokkali, E. Papadopoulos",ERC,P2011SQF,"Laboratory of Soil Mechanics, NTUA, Athens, Greece",Small-Scale 1g ,Rigid Soil Container,1.48,0.78,0.65,Servomotor,1,Slow-Cyclic Displacement-Controlled Lateral Loading,pinned connection free to move in the vertical direction,P2011SQF_Connection.jpg,P2011SQF7,23-May-11,5,4,7777,1,0.05,0.000125,0.2236,Model,0.45,7777,1,None,Longstone Sand,0.45,65,9999,3,7777,7777,7777,7777,1511,7777,7777,7777,7777,7777,7777,7777,7777,7777,7777,7777,7777,7777,7777,7777,7777,7777,7777,7777,7777,7777,7777,7777,Square,Aluminium,0.15,0.15,7777,7777,7777,0,0,0.02,0,0,SDOF,P2011SQF_Heavy_Structure.JPG,Steel,0.424,100.5,0.986,43.8,110.2,9999,67.8,P2011SQF1_Report.pdf,2.5,7777,3.07,0.488,37.9,7777,P2011SQF1_Report.pdf,1D Lateral Loading,5,3,0.0225,160,P2011SQF_Load_Protocol_3.pdf,P2011SQF_Load_Protocol_3-04.txt,P2011SQF7.pdf,P2011SQF7-04.txt,M=V*Height,0.0485,0.281,0.992,0.0362,8888,8888,21,3.71,At the point of zero shear,1.64,20.997,3.706,P2011SQF2_Report.pdf,http://ssi.civil.ntua.gr/?page_id=413,(a) Foundation moment capacity (M_c_foot) is experimentally computed from static monotonic pushover tests. (b) Critical contact area ratio (A /A_c) is back-calculated from M_c_foot using statics equations (Gajan and Kutter 2008). (c) Average bearing pressure (q_ult_crit) at the critical contact area (A_c) is back-calculated based on A_c and the total vertical load (P_st).
151,"Anastasopoulos, I., Kourkoulis, R., Gelagoti, F., and Papadopoulos, E. (2012). ""Rocking Response of SDOF Systems on Shallow Improved Sand: An Experimental Study."" Soil Dynam. Earthquake Eng. 40, 15",G. Gazetas,I. Anastasopoulos,"A. Tsatsis, P. Kokkali, E. Papadopoulos",ERC,P2011SQF,"Laboratory of Soil Mechanics, NTUA, Athens, Greece",Small-Scale 1g ,Rigid Soil Container,1.48,0.78,0.65,Servomotor,1,Slow-Cyclic Displacement-Controlled Lateral Loading,pinned connection free to move in the vertical direction,P2011SQF_Connection.jpg,P2011SQF7,23-May-11,5,5,7777,1,0.05,0.000125,0.2236,Model,0.45,7777,1,None,Longstone Sand,0.45,65,9999,3,7777,7777,7777,7777,1511,7777,7777,7777,7777,7777,7777,7777,7777,7777,7777,7777,7777,7777,7777,7777,7777,7777,7777,7777,7777,7777,7777,7777,Square,Aluminium,0.15,0.15,7777,7777,7777,0,0,0.02,0,0,SDOF,P2011SQF_Heavy_Structure.JPG,Steel,0.424,100.5,0.986,43.8,110.2,9999,67.8,P2011SQF1_Report.pdf,2.5,7777,3.07,0.488,37.9,7777,P2011SQF1_Report.pdf,1D Lateral Loading,5,3,0.0413,160,P2011SQF_Load_Protocol_3.pdf,P2011SQF_Load_Protocol_3-05.txt,P2011SQF7.pdf,P2011SQF7-05.txt,M=V*Height,0.0813,0.476,1.468,0.0714,8888,8888,26.38,5.39,At the point of zero shear,1.76,26.382,5.385,P2011SQF2_Report.pdf,http://ssi.civil.ntua.gr/?page_id=413,(a) Foundation moment capacity (M_c_foot) is experimentally computed from static monotonic pushover tests. (b) Critical contact area ratio (A /A_c) is back-calculated from M_c_foot using statics equations (Gajan and Kutter 2008). (c) Average bearing pressure (q_ult_crit) at the critical contact area (A_c) is back-calculated based on A_c and the total vertical load (P_st).
152,"Anastasopoulos, I., Kourkoulis, R., Gelagoti, F., and Papadopoulos, E. (2012). ""Rocking Response of SDOF Systems on Shallow Improved Sand: An Experimental Study."" Soil Dynam. Earthquake Eng. 40, 15",G. Gazetas,I. Anastasopoulos,"A. Tsatsis, P. Kokkali, E. Papadopoulos",ERC,P2011SQF,"Laboratory of Soil Mechanics, NTUA, Athens, Greece",Small-Scale 1g ,Rigid Soil Container,1.48,0.78,0.65,Servomotor,1,Monotonic Displacement-Controlled Lateral Loading,pinned connection free to move in the vertical direction,P2011SQF_Connection.jpg,P2011SQF8,25-May-11,1,1,7777,1,0.05,0.000125,0.2236,Model,0.45,7777,2,None,Longstone Sand,0.3,65,9999,3,7777,7777,7777,7777,1511,7777,0,0.15,93,7777,7777,7777,7777,7777,7777,1,7777,7777,7777,7777,7777,7777,7777,7777,7777,7777,7777,7777,Square,Aluminium,0.15,0.15,7777,7777,7777,0,0,0.02,0,0,SDOF,P2011SQF_Heavy_Structure.JPG,Steel,0.424,100.5,0.986,43.8,176,9999,87,P2011SQF1_Report.pdf,4,7777,3.07,0.333,49.4,7777,P2011SQF1_Report.pdf,1D Lateral Loading,1,7777,7777,7777,P2011SQF8_Load_Protocol.pdf,P2011SQF8_Load_Protocol.txt,P2011SQF8.pdf,P2011SQF8-01.txt,M=V*Height,0.103,7777,7777,7777,0.1569,7777,7777,7777,N/A,1,7777,7777,P2011SQF2_Report.pdf,http://ssi.civil.ntua.gr/?page_id=413,(a) Foundation moment capacity (M_c_foot) is experimentally computed from static monotonic pushover tests. (b) Critical contact area ratio (A /A_c) is back-calculated from M_c_foot using statics equations (Gajan and Kutter 2008). (c) Average bearing pressure (q_ult_crit) at the critical contact area (A_c) is back-calculated based on A_c and the total vertical load (P_st).
153,"Anastasopoulos, I., Kourkoulis, R., Gelagoti, F., and Papadopoulos, E. (2012). ""Rocking Response of SDOF Systems on Shallow Improved Sand: An Experimental Study."" Soil Dynam. Earthquake Eng. 40, 15",G. Gazetas,I. Anastasopoulos,"A. Tsatsis, P. Kokkali, E. Papadopoulos",ERC,P2011SQF,"Laboratory of Soil Mechanics, NTUA, Athens, Greece",Small-Scale 1g ,Rigid Soil Container,1.48,0.78,0.65,Servomotor,1,Slow-Cyclic Displacement-Controlled Lateral Loading,pinned connection free to move in the vertical direction,P2011SQF_Connection.jpg,P2011SQF9,2-May-11,14,1,7777,1,0.05,0.000125,0.2236,Model,0.45,7777,2,None,Longstone Sand,0.3,65,9999,3,7777,7777,7777,7777,1511,7777,0,0.15,93,7777,7777,7777,7777,7777,7777,1,7777,7777,7777,7777,7777,7777,7777,7777,7777,7777,7777,7777,Square,Aluminium,0.15,0.15,7777,7777,7777,0,0,0.02,0,0,SDOF,P2011SQF_Heavy_Structure.JPG,Steel,0.424,100.5,0.986,43.8,176,9999,87,P2011SQF1_Report.pdf,4,7777,3.07,0.333,49.4,7777,P2011SQF1_Report.pdf,1D Lateral Loading,14,1,0.0019,20,P2011SQF_Load_Protocol_1.pdf,P2011SQF_Load_Protocol_1-01.txt,P2011SQF9.pdf,P2011SQF9-01.txt,M=V*Height,0.0032,0.004,0.004,0.0022,0.004,0.0024,0.25,0.25,At the point of zero shear,0.65,0.249,0.249,P2011SQF2_Report.pdf,http://ssi.civil.ntua.gr/?page_id=413,(a) Foundation moment capacity (M_c_foot) is experimentally computed from static monotonic pushover tests. (b) Critical contact area ratio (A /A_c) is back-calculated from M_c_foot using statics equations (Gajan and Kutter 2008). (c) Average bearing pressure (q_ult_crit) at the critical contact area (A_c) is back-calculated based on A_c and the total vertical load (P_st).
154,"Anastasopoulos, I., Kourkoulis, R., Gelagoti, F., and Papadopoulos, E. (2012). ""Rocking Response of SDOF Systems on Shallow Improved Sand: An Experimental Study."" Soil Dynam. Earthquake Eng. 40, 15",G. Gazetas,I. Anastasopoulos,"A. Tsatsis, P. Kokkali, E. Papadopoulos",ERC,P2011SQF,"Laboratory of Soil Mechanics, NTUA, Athens, Greece",Small-Scale 1g ,Rigid Soil Container,1.48,0.78,0.65,Servomotor,1,Slow-Cyclic Displacement-Controlled Lateral Loading,pinned connection free to move in the vertical direction,P2011SQF_Connection.jpg,P2011SQF9,2-May-11,14,2,7777,1,0.05,0.000125,0.2236,Model,0.45,7777,2,None,Longstone Sand,0.3,65,9999,3,7777,7777,7777,7777,1511,7777,0,0.15,93,7777,7777,7777,7777,7777,7777,1,7777,7777,7777,7777,7777,7777,7777,7777,7777,7777,7777,7777,Square,Aluminium,0.15,0.15,7777,7777,7777,0,0,0.02,0,0,SDOF,P2011SQF_Heavy_Structure.JPG,Steel,0.424,100.5,0.986,43.8,176,9999,87,P2011SQF1_Report.pdf,4,7777,3.07,0.333,49.4,7777,P2011SQF1_Report.pdf,1D Lateral Loading,14,1,0.0038,40,P2011SQF_Load_Protocol_1.pdf,P2011SQF_Load_Protocol_1-02.txt,P2011SQF9.pdf,P2011SQF9-02.txt,M=V*Height,0.0072,0.012,0.017,0.0045,0.0112,0.0072,0.72,0.47,At the point of zero shear,0.85,0.716,0.467,P2011SQF2_Report.pdf,http://ssi.civil.ntua.gr/?page_id=413,(a) Foundation moment capacity (M_c_foot) is experimentally computed from static monotonic pushover tests. (b) Critical contact area ratio (A /A_c) is back-calculated from M_c_foot using statics equations (Gajan and Kutter 2008). (c) Average bearing pressure (q_ult_crit) at the critical contact area (A_c) is back-calculated based on A_c and the total vertical load (P_st).
155,"Anastasopoulos, I., Kourkoulis, R., Gelagoti, F., and Papadopoulos, E. (2012). ""Rocking Response of SDOF Systems on Shallow Improved Sand: An Experimental Study."" Soil Dynam. Earthquake Eng. 40, 15",G. Gazetas,I. Anastasopoulos,"A. Tsatsis, P. Kokkali, E. Papadopoulos",ERC,P2011SQF,"Laboratory of Soil Mechanics, NTUA, Athens, Greece",Small-Scale 1g ,Rigid Soil Container,1.48,0.78,0.65,Servomotor,1,Slow-Cyclic Displacement-Controlled Lateral Loading,pinned connection free to move in the vertical direction,P2011SQF_Connection.jpg,P2011SQF9,2-May-11,14,3,7777,1,0.05,0.000125,0.2236,Model,0.45,7777,2,None,Longstone Sand,0.3,65,9999,3,7777,7777,7777,7777,1511,7777,0,0.15,93,7777,7777,7777,7777,7777,7777,1,7777,7777,7777,7777,7777,7777,7777,7777,7777,7777,7777,7777,Square,Aluminium,0.15,0.15,7777,7777,7777,0,0,0.02,0,0,SDOF,P2011SQF_Heavy_Structure.JPG,Steel,0.424,100.5,0.986,43.8,176,9999,87,P2011SQF1_Report.pdf,4,7777,3.07,0.333,49.4,7777,P2011SQF1_Report.pdf,1D Lateral Loading,14,1,0.0056,60,P2011SQF_Load_Protocol_1.pdf,P2011SQF_Load_Protocol_1-03.txt,P2011SQF9.pdf,P2011SQF9-03.txt,M=V*Height,0.0113,0.021,0.037,0.0066,0.0183,0.011,1.24,0.52,At the point of zero shear,0.94,1.236,0.519,P2011SQF2_Report.pdf,http://ssi.civil.ntua.gr/?page_id=413,(a) Foundation moment capacity (M_c_foot) is experimentally computed from static monotonic pushover tests. (b) Critical contact area ratio (A /A_c) is back-calculated from M_c_foot using statics equations (Gajan and Kutter 2008). (c) Average bearing pressure (q_ult_crit) at the critical contact area (A_c) is back-calculated based on A_c and the total vertical load (P_st).
156,"Anastasopoulos, I., Kourkoulis, R., Gelagoti, F., and Papadopoulos, E. (2012). ""Rocking Response of SDOF Systems on Shallow Improved Sand: An Experimental Study."" Soil Dynam. Earthquake Eng. 40, 15",G. Gazetas,I. Anastasopoulos,"A. Tsatsis, P. Kokkali, E. Papadopoulos",ERC,P2011SQF,"Laboratory of Soil Mechanics, NTUA, Athens, Greece",Small-Scale 1g ,Rigid Soil Container,1.48,0.78,0.65,Servomotor,1,Slow-Cyclic Displacement-Controlled Lateral Loading,pinned connection free to move in the vertical direction,P2011SQF_Connection.jpg,P2011SQF9,2-May-11,14,4,7777,1,0.05,0.000125,0.2236,Model,0.45,7777,2,None,Longstone Sand,0.3,65,9999,3,7777,7777,7777,7777,1511,7777,0,0.15,93,7777,7777,7777,7777,7777,7777,1,7777,7777,7777,7777,7777,7777,7777,7777,7777,7777,7777,7777,Square,Aluminium,0.15,0.15,7777,7777,7777,0,0,0.02,0,0,SDOF,P2011SQF_Heavy_Structure.JPG,Steel,0.424,100.5,0.986,43.8,176,9999,87,P2011SQF1_Report.pdf,4,7777,3.07,0.333,49.4,7777,P2011SQF1_Report.pdf,1D Lateral Loading,14,1,0.0075,80,P2011SQF_Load_Protocol_1.pdf,P2011SQF_Load_Protocol_1-04.txt,P2011SQF9.pdf,P2011SQF9-04.txt,M=V*Height,0.0154,0.029,0.066,0.009,0.0247,0.0143,1.8,0.56,At the point of zero shear,1,1.796,0.56,P2011SQF2_Report.pdf,http://ssi.civil.ntua.gr/?page_id=413,(a) Foundation moment capacity (M_c_foot) is experimentally computed from static monotonic pushover tests. (b) Critical contact area ratio (A /A_c) is back-calculated from M_c_foot using statics equations (Gajan and Kutter 2008). (c) Average bearing pressure (q_ult_crit) at the critical contact area (A_c) is back-calculated based on A_c and the total vertical load (P_st).
157,"Anastasopoulos, I., Kourkoulis, R., Gelagoti, F., and Papadopoulos, E. (2012). ""Rocking Response of SDOF Systems on Shallow Improved Sand: An Experimental Study."" Soil Dynam. Earthquake Eng. 40, 15",G. Gazetas,I. Anastasopoulos,"A. Tsatsis, P. Kokkali, E. Papadopoulos",ERC,P2011SQF,"Laboratory of Soil Mechanics, NTUA, Athens, Greece",Small-Scale 1g ,Rigid Soil Container,1.48,0.78,0.65,Servomotor,1,Slow-Cyclic Displacement-Controlled Lateral Loading,pinned connection free to move in the vertical direction,P2011SQF_Connection.jpg,P2011SQF9,2-May-11,14,5,7777,1,0.05,0.000125,0.2236,Model,0.45,7777,2,None,Longstone Sand,0.3,65,9999,3,7777,7777,7777,7777,1511,7777,0,0.15,93,7777,7777,7777,7777,7777,7777,1,7777,7777,7777,7777,7777,7777,7777,7777,7777,7777,7777,7777,Square,Aluminium,0.15,0.15,7777,7777,7777,0,0,0.02,0,0,SDOF,P2011SQF_Heavy_Structure.JPG,Steel,0.424,100.5,0.986,43.8,176,9999,87,P2011SQF1_Report.pdf,4,7777,3.07,0.333,49.4,7777,P2011SQF1_Report.pdf,1D Lateral Loading,14,1,0.0094,100,P2011SQF_Load_Protocol_1.pdf,P2011SQF_Load_Protocol_1-05.txt,P2011SQF9.pdf,P2011SQF9-05.txt,M=V*Height,0.0198,0.038,0.104,0.0115,0.0325,0.0199,2.38,0.59,At the point of zero shear,1.02,2.384,0.589,P2011SQF2_Report.pdf,http://ssi.civil.ntua.gr/?page_id=413,(a) Foundation moment capacity (M_c_foot) is experimentally computed from static monotonic pushover tests. (b) Critical contact area ratio (A /A_c) is back-calculated from M_c_foot using statics equations (Gajan and Kutter 2008). (c) Average bearing pressure (q_ult_crit) at the critical contact area (A_c) is back-calculated based on A_c and the total vertical load (P_st).
158,"Anastasopoulos, I., Kourkoulis, R., Gelagoti, F., and Papadopoulos, E. (2012). ""Rocking Response of SDOF Systems on Shallow Improved Sand: An Experimental Study."" Soil Dynam. Earthquake Eng. 40, 15",G. Gazetas,I. Anastasopoulos,"A. Tsatsis, P. Kokkali, E. Papadopoulos",ERC,P2011SQF,"Laboratory of Soil Mechanics, NTUA, Athens, Greece",Small-Scale 1g ,Rigid Soil Container,1.48,0.78,0.65,Servomotor,1,Slow-Cyclic Displacement-Controlled Lateral Loading,pinned connection free to move in the vertical direction,P2011SQF_Connection.jpg,P2011SQF9,2-May-11,14,6,7777,1,0.05,0.000125,0.2236,Model,0.45,7777,2,None,Longstone Sand,0.3,65,9999,3,7777,7777,7777,7777,1511,7777,0,0.15,93,7777,7777,7777,7777,7777,7777,1,7777,7777,7777,7777,7777,7777,7777,7777,7777,7777,7777,7777,Square,Aluminium,0.15,0.15,7777,7777,7777,0,0,0.02,0,0,SDOF,P2011SQF_Heavy_Structure.JPG,Steel,0.424,100.5,0.986,43.8,176,9999,87,P2011SQF1_Report.pdf,4,7777,3.07,0.333,49.4,7777,P2011SQF1_Report.pdf,1D Lateral Loading,14,1,0.0113,120,P2011SQF_Load_Protocol_1.pdf,P2011SQF_Load_Protocol_1-06.txt,P2011SQF9.pdf,P2011SQF9-06.txt,M=V*Height,0.0242,0.046,0.15,0.0141,0.0415,0.0249,2.99,0.61,At the point of zero shear,1.05,2.991,0.607,P2011SQF2_Report.pdf,http://ssi.civil.ntua.gr/?page_id=413,(a) Foundation moment capacity (M_c_foot) is experimentally computed from static monotonic pushover tests. (b) Critical contact area ratio (A /A_c) is back-calculated from M_c_foot using statics equations (Gajan and Kutter 2008). (c) Average bearing pressure (q_ult_crit) at the critical contact area (A_c) is back-calculated based on A_c and the total vertical load (P_st).
159,"Anastasopoulos, I., Kourkoulis, R., Gelagoti, F., and Papadopoulos, E. (2012). ""Rocking Response of SDOF Systems on Shallow Improved Sand: An Experimental Study."" Soil Dynam. Earthquake Eng. 40, 15",G. Gazetas,I. Anastasopoulos,"A. Tsatsis, P. Kokkali, E. Papadopoulos",ERC,P2011SQF,"Laboratory of Soil Mechanics, NTUA, Athens, Greece",Small-Scale 1g ,Rigid Soil Container,1.48,0.78,0.65,Servomotor,1,Slow-Cyclic Displacement-Controlled Lateral Loading,pinned connection free to move in the vertical direction,P2011SQF_Connection.jpg,P2011SQF9,2-May-11,14,7,7777,1,0.05,0.000125,0.2236,Model,0.45,7777,2,None,Longstone Sand,0.3,65,9999,3,7777,7777,7777,7777,1511,7777,0,0.15,93,7777,7777,7777,7777,7777,7777,1,7777,7777,7777,7777,7777,7777,7777,7777,7777,7777,7777,7777,Square,Aluminium,0.15,0.15,7777,7777,7777,0,0,0.02,0,0,SDOF,P2011SQF_Heavy_Structure.JPG,Steel,0.424,100.5,0.986,43.8,176,9999,87,P2011SQF1_Report.pdf,4,7777,3.07,0.333,49.4,7777,P2011SQF1_Report.pdf,1D Lateral Loading,14,1,0.0131,140,P2011SQF_Load_Protocol_1.pdf,P2011SQF_Load_Protocol_1-07.txt,P2011SQF9.pdf,P2011SQF9-07.txt,M=V*Height,0.0284,0.055,0.205,0.017,0.0492,0.0297,3.57,0.58,At the point of zero shear,1.07,3.575,0.584,P2011SQF2_Report.pdf,http://ssi.civil.ntua.gr/?page_id=413,(a) Foundation moment capacity (M_c_foot) is experimentally computed from static monotonic pushover tests. (b) Critical contact area ratio (A /A_c) is back-calculated from M_c_foot using statics equations (Gajan and Kutter 2008). (c) Average bearing pressure (q_ult_crit) at the critical contact area (A_c) is back-calculated based on A_c and the total vertical load (P_st).
160,"Anastasopoulos, I., Kourkoulis, R., Gelagoti, F., and Papadopoulos, E. (2012). ""Rocking Response of SDOF Systems on Shallow Improved Sand: An Experimental Study."" Soil Dynam. Earthquake Eng. 40, 15",G. Gazetas,I. Anastasopoulos,"A. Tsatsis, P. Kokkali, E. Papadopoulos",ERC,P2011SQF,"Laboratory of Soil Mechanics, NTUA, Athens, Greece",Small-Scale 1g ,Rigid Soil Container,1.48,0.78,0.65,Servomotor,1,Slow-Cyclic Displacement-Controlled Lateral Loading,pinned connection free to move in the vertical direction,P2011SQF_Connection.jpg,P2011SQF9,2-May-11,14,8,7777,1,0.05,0.000125,0.2236,Model,0.45,7777,2,None,Longstone Sand,0.3,65,9999,3,7777,7777,7777,7777,1511,7777,0,0.15,93,7777,7777,7777,7777,7777,7777,1,7777,7777,7777,7777,7777,7777,7777,7777,7777,7777,7777,7777,Square,Aluminium,0.15,0.15,7777,7777,7777,0,0,0.02,0,0,SDOF,P2011SQF_Heavy_Structure.JPG,Steel,0.424,100.5,0.986,43.8,176,9999,87,P2011SQF1_Report.pdf,4,7777,3.07,0.333,49.4,7777,P2011SQF1_Report.pdf,1D Lateral Loading,14,1,0.015,160,P2011SQF_Load_Protocol_1.pdf,P2011SQF_Load_Protocol_1-08.txt,P2011SQF9.pdf,P2011SQF9-08.txt,M=V*Height,0.0328,0.064,0.269,0.02,0.055,0.0339,4.26,0.69,At the point of zero shear,1.09,4.262,0.687,P2011SQF2_Report.pdf,http://ssi.civil.ntua.gr/?page_id=413,(a) Foundation moment capacity (M_c_foot) is experimentally computed from static monotonic pushover tests. (b) Critical contact area ratio (A /A_c) is back-calculated from M_c_foot using statics equations (Gajan and Kutter 2008). (c) Average bearing pressure (q_ult_crit) at the critical contact area (A_c) is back-calculated based on A_c and the total vertical load (P_st).
161,"Anastasopoulos, I., Kourkoulis, R., Gelagoti, F., and Papadopoulos, E. (2012). ""Rocking Response of SDOF Systems on Shallow Improved Sand: An Experimental Study."" Soil Dynam. Earthquake Eng. 40, 15",G. Gazetas,I. Anastasopoulos,"A. Tsatsis, P. Kokkali, E. Papadopoulos",ERC,P2011SQF,"Laboratory of Soil Mechanics, NTUA, Athens, Greece",Small-Scale 1g ,Rigid Soil Container,1.48,0.78,0.65,Servomotor,1,Slow-Cyclic Displacement-Controlled Lateral Loading,pinned connection free to move in the vertical direction,P2011SQF_Connection.jpg,P2011SQF9,2-May-11,14,9,7777,1,0.05,0.000125,0.2236,Model,0.45,7777,2,None,Longstone Sand,0.3,65,9999,3,7777,7777,7777,7777,1511,7777,0,0.15,93,7777,7777,7777,7777,7777,7777,1,7777,7777,7777,7777,7777,7777,7777,7777,7777,7777,7777,7777,Square,Aluminium,0.15,0.15,7777,7777,7777,0,0,0.02,0,0,SDOF,P2011SQF_Heavy_Structure.JPG,Steel,0.424,100.5,0.986,43.8,176,9999,87,P2011SQF1_Report.pdf,4,7777,3.07,0.333,49.4,7777,P2011SQF1_Report.pdf,1D Lateral Loading,14,1,0.0169,180,P2011SQF_Load_Protocol_1.pdf,P2011SQF_Load_Protocol_1-09.txt,P2011SQF9.pdf,P2011SQF9-09.txt,M=V*Height,0.0371,0.072,0.341,0.0235,0.0617,0.0403,4.97,0.71,At the point of zero shear,1.11,4.97,0.708,P2011SQF2_Report.pdf,http://ssi.civil.ntua.gr/?page_id=413,(a) Foundation moment capacity (M_c_foot) is experimentally computed from static monotonic pushover tests. (b) Critical contact area ratio (A /A_c) is back-calculated from M_c_foot using statics equations (Gajan and Kutter 2008). (c) Average bearing pressure (q_ult_crit) at the critical contact area (A_c) is back-calculated based on A_c and the total vertical load (P_st).
162,"Anastasopoulos, I., Kourkoulis, R., Gelagoti, F., and Papadopoulos, E. (2012). ""Rocking Response of SDOF Systems on Shallow Improved Sand: An Experimental Study."" Soil Dynam. Earthquake Eng. 40, 15",G. Gazetas,I. Anastasopoulos,"A. Tsatsis, P. Kokkali, E. Papadopoulos",ERC,P2011SQF,"Laboratory of Soil Mechanics, NTUA, Athens, Greece",Small-Scale 1g ,Rigid Soil Container,1.48,0.78,0.65,Servomotor,1,Slow-Cyclic Displacement-Controlled Lateral Loading,pinned connection free to move in the vertical direction,P2011SQF_Connection.jpg,P2011SQF9,2-May-11,14,10,7777,1,0.05,0.000125,0.2236,Model,0.45,7777,2,None,Longstone Sand,0.3,65,9999,3,7777,7777,7777,7777,1511,7777,0,0.15,93,7777,7777,7777,7777,7777,7777,1,7777,7777,7777,7777,7777,7777,7777,7777,7777,7777,7777,7777,Square,Aluminium,0.15,0.15,7777,7777,7777,0,0,0.02,0,0,SDOF,P2011SQF_Heavy_Structure.JPG,Steel,0.424,100.5,0.986,43.8,176,9999,87,P2011SQF1_Report.pdf,4,7777,3.07,0.333,49.4,7777,P2011SQF1_Report.pdf,1D Lateral Loading,14,1,0.0188,200,P2011SQF_Load_Protocol_1.pdf,P2011SQF_Load_Protocol_1-10.txt,P2011SQF9.pdf,P2011SQF9-10.txt,M=V*Height,0.0409,0.08,0.421,0.0274,0.068,0.0457,5.76,0.79,At the point of zero shear,1.12,5.765,0.795,P2011SQF2_Report.pdf,http://ssi.civil.ntua.gr/?page_id=413,(a) Foundation moment capacity (M_c_foot) is experimentally computed from static monotonic pushover tests. (b) Critical contact area ratio (A /A_c) is back-calculated from M_c_foot using statics equations (Gajan and Kutter 2008). (c) Average bearing pressure (q_ult_crit) at the critical contact area (A_c) is back-calculated based on A_c and the total vertical load (P_st).
163,"Anastasopoulos, I., Kourkoulis, R., Gelagoti, F., and Papadopoulos, E. (2012). ""Rocking Response of SDOF Systems on Shallow Improved Sand: An Experimental Study."" Soil Dynam. Earthquake Eng. 40, 15",G. Gazetas,I. Anastasopoulos,"A. Tsatsis, P. Kokkali, E. Papadopoulos",ERC,P2011SQF,"Laboratory of Soil Mechanics, NTUA, Athens, Greece",Small-Scale 1g ,Rigid Soil Container,1.48,0.78,0.65,Servomotor,1,Slow-Cyclic Displacement-Controlled Lateral Loading,pinned connection free to move in the vertical direction,P2011SQF_Connection.jpg,P2011SQF9,2-May-11,14,11,7777,1,0.05,0.000125,0.2236,Model,0.45,7777,2,None,Longstone Sand,0.3,65,9999,3,7777,7777,7777,7777,1511,7777,0,0.15,93,7777,7777,7777,7777,7777,7777,1,7777,7777,7777,7777,7777,7777,7777,7777,7777,7777,7777,7777,Square,Aluminium,0.15,0.15,7777,7777,7777,0,0,0.02,0,0,SDOF,P2011SQF_Heavy_Structure.JPG,Steel,0.424,100.5,0.986,43.8,176,9999,87,P2011SQF1_Report.pdf,4,7777,3.07,0.333,49.4,7777,P2011SQF1_Report.pdf,1D Lateral Loading,14,1,0.0244,260,P2011SQF_Load_Protocol_1.pdf,P2011SQF_Load_Protocol_1-11.txt,P2011SQF9.pdf,P2011SQF9-11.txt,M=V*Height,0.0513,0.101,0.521,0.0382,0.0841,0.0612,6.66,0.89,At the point of zero shear,1.13,6.656,0.891,P2011SQF2_Report.pdf,http://ssi.civil.ntua.gr/?page_id=413,(a) Foundation moment capacity (M_c_foot) is experimentally computed from static monotonic pushover tests. (b) Critical contact area ratio (A /A_c) is back-calculated from M_c_foot using statics equations (Gajan and Kutter 2008). (c) Average bearing pressure (q_ult_crit) at the critical contact area (A_c) is back-calculated based on A_c and the total vertical load (P_st).
164,"Anastasopoulos, I., Kourkoulis, R., Gelagoti, F., and Papadopoulos, E. (2012). ""Rocking Response of SDOF Systems on Shallow Improved Sand: An Experimental Study."" Soil Dynam. Earthquake Eng. 40, 15",G. Gazetas,I. Anastasopoulos,"A. Tsatsis, P. Kokkali, E. Papadopoulos",ERC,P2011SQF,"Laboratory of Soil Mechanics, NTUA, Athens, Greece",Small-Scale 1g ,Rigid Soil Container,1.48,0.78,0.65,Servomotor,1,Slow-Cyclic Displacement-Controlled Lateral Loading,pinned connection free to move in the vertical direction,P2011SQF_Connection.jpg,P2011SQF9,2-May-11,14,12,7777,1,0.05,0.000125,0.2236,Model,0.45,7777,2,None,Longstone Sand,0.3,65,9999,3,7777,7777,7777,7777,1511,7777,0,0.15,93,7777,7777,7777,7777,7777,7777,1,7777,7777,7777,7777,7777,7777,7777,7777,7777,7777,7777,7777,Square,Aluminium,0.15,0.15,7777,7777,7777,0,0,0.02,0,0,SDOF,P2011SQF_Heavy_Structure.JPG,Steel,0.424,100.5,0.986,43.8,176,9999,87,P2011SQF1_Report.pdf,4,7777,3.07,0.333,49.4,7777,P2011SQF1_Report.pdf,1D Lateral Loading,14,1,0.03,320,P2011SQF_Load_Protocol_1.pdf,P2011SQF_Load_Protocol_1-12.txt,P2011SQF9.pdf,P2011SQF9-12.txt,M=V*Height,0.0624,0.123,0.644,0.0506,0.1036,0.0843,7.8,1.14,At the point of zero shear,1.16,7.8,1.144,P2011SQF2_Report.pdf,http://ssi.civil.ntua.gr/?page_id=413,(a) Foundation moment capacity (M_c_foot) is experimentally computed from static monotonic pushover tests. (b) Critical contact area ratio (A /A_c) is back-calculated from M_c_foot using statics equations (Gajan and Kutter 2008). (c) Average bearing pressure (q_ult_crit) at the critical contact area (A_c) is back-calculated based on A_c and the total vertical load (P_st).
165,"Anastasopoulos, I., Kourkoulis, R., Gelagoti, F., and Papadopoulos, E. (2012). ""Rocking Response of SDOF Systems on Shallow Improved Sand: An Experimental Study."" Soil Dynam. Earthquake Eng. 40, 15",G. Gazetas,I. Anastasopoulos,"A. Tsatsis, P. Kokkali, E. Papadopoulos",ERC,P2011SQF,"Laboratory of Soil Mechanics, NTUA, Athens, Greece",Small-Scale 1g ,Rigid Soil Container,1.48,0.78,0.65,Servomotor,1,Slow-Cyclic Displacement-Controlled Lateral Loading,pinned connection free to move in the vertical direction,P2011SQF_Connection.jpg,P2011SQF9,2-May-11,14,13,7777,1,0.05,0.000125,0.2236,Model,0.45,7777,2,None,Longstone Sand,0.3,65,9999,3,7777,7777,7777,7777,1511,7777,0,0.15,93,7777,7777,7777,7777,7777,7777,1,7777,7777,7777,7777,7777,7777,7777,7777,7777,7777,7777,7777,Square,Aluminium,0.15,0.15,7777,7777,7777,0,0,0.02,0,0,SDOF,P2011SQF_Heavy_Structure.JPG,Steel,0.424,100.5,0.986,43.8,176,9999,87,P2011SQF1_Report.pdf,4,7777,3.07,0.333,49.4,7777,P2011SQF1_Report.pdf,1D Lateral Loading,14,1,0.0356,380,P2011SQF_Load_Protocol_1.pdf,P2011SQF_Load_Protocol_1-13.txt,P2011SQF9.pdf,P2011SQF9-13.txt,M=V*Height,0.0741,0.146,0.79,0.0637,0.1243,0.1088,9.12,1.32,At the point of zero shear,1.2,9.115,1.315,P2011SQF2_Report.pdf,http://ssi.civil.ntua.gr/?page_id=413,(a) Foundation moment capacity (M_c_foot) is experimentally computed from static monotonic pushover tests. (b) Critical contact area ratio (A /A_c) is back-calculated from M_c_foot using statics equations (Gajan and Kutter 2008). (c) Average bearing pressure (q_ult_crit) at the critical contact area (A_c) is back-calculated based on A_c and the total vertical load (P_st).
166,"Anastasopoulos, I., Kourkoulis, R., Gelagoti, F., and Papadopoulos, E. (2012). ""Rocking Response of SDOF Systems on Shallow Improved Sand: An Experimental Study."" Soil Dynam. Earthquake Eng. 40, 15",G. Gazetas,I. Anastasopoulos,"A. Tsatsis, P. Kokkali, E. Papadopoulos",ERC,P2011SQF,"Laboratory of Soil Mechanics, NTUA, Athens, Greece",Small-Scale 1g ,Rigid Soil Container,1.48,0.78,0.65,Servomotor,1,Slow-Cyclic Displacement-Controlled Lateral Loading,pinned connection free to move in the vertical direction,P2011SQF_Connection.jpg,P2011SQF9,2-May-11,14,14,7777,1,0.05,0.000125,0.2236,Model,0.45,7777,2,None,Longstone Sand,0.3,65,9999,3,7777,7777,7777,7777,1511,7777,0,0.15,93,7777,7777,7777,7777,7777,7777,1,7777,7777,7777,7777,7777,7777,7777,7777,7777,7777,7777,7777,Square,Aluminium,0.15,0.15,7777,7777,7777,0,0,0.02,0,0,SDOF,P2011SQF_Heavy_Structure.JPG,Steel,0.424,100.5,0.986,43.8,176,9999,87,P2011SQF1_Report.pdf,4,7777,3.07,0.333,49.4,7777,P2011SQF1_Report.pdf,1D Lateral Loading,14,1,0.0413,440,P2011SQF_Load_Protocol_1.pdf,P2011SQF_Load_Protocol_1-14.txt,P2011SQF9.pdf,P2011SQF9-14.txt,M=V*Height,0.0847,0.167,0.958,0.0752,0.1691,0.1514,10.51,1.39,At the point of zero shear,1.24,10.508,1.392,P2011SQF2_Report.pdf,http://ssi.civil.ntua.gr/?page_id=413,(a) Foundation moment capacity (M_c_foot) is experimentally computed from static monotonic pushover tests. (b) Critical contact area ratio (A /A_c) is back-calculated from M_c_foot using statics equations (Gajan and Kutter 2008). (c) Average bearing pressure (q_ult_crit) at the critical contact area (A_c) is back-calculated based on A_c and the total vertical load (P_st).
167,"Anastasopoulos, I., Kourkoulis, R., Gelagoti, F., and Papadopoulos, E. (2012). ""Rocking Response of SDOF Systems on Shallow Improved Sand: An Experimental Study."" Soil Dynam. Earthquake Eng. 40, 15",G. Gazetas,I. Anastasopoulos,"A. Tsatsis, P. Kokkali, E. Papadopoulos",ERC,P2011SQF,"Laboratory of Soil Mechanics, NTUA, Athens, Greece",Small-Scale 1g ,Rigid Soil Container,1.48,0.78,0.65,Servomotor,1,Slow-Cyclic Displacement-Controlled Lateral Loading,pinned connection free to move in the vertical direction,P2011SQF_Connection.jpg,P2011SQF10,26-May-11,5,1,7777,1,0.05,0.000125,0.2236,Model,0.45,7777,2,None,Longstone Sand,0.3,65,9999,3,7777,7777,7777,7777,1511,7777,0,0.15,93,7777,7777,7777,7777,7777,7777,1,7777,7777,7777,7777,7777,7777,7777,7777,7777,7777,7777,7777,Square,Aluminium,0.15,0.15,7777,7777,7777,0,0,0.02,0,0,SDOF,P2011SQF_Heavy_Structure.JPG,Steel,0.424,100.5,0.986,43.8,176,9999,87,P2011SQF1_Report.pdf,4,7777,3.07,0.333,49.4,7777,P2011SQF1_Report.pdf,1D Lateral Loading,5,10,0.0038,40,P2011SQF_Load_Protocol_3.pdf,P2011SQF_Load_Protocol_3-01.txt,P2011SQF10.pdf,P2011SQF10-01.txt,M=V*Height,0.0076,0.127,0.127,0.0049,0.0158,0.0064,3.08,3.08,At the point of zero shear,0.99,3.082,3.082,P2011SQF2_Report.pdf,http://ssi.civil.ntua.gr/?page_id=413,(a) Foundation moment capacity (M_c_foot) is experimentally computed from static monotonic pushover tests. (b) Critical contact area ratio (A /A_c) is back-calculated from M_c_foot using statics equations (Gajan and Kutter 2008). (c) Average bearing pressure (q_ult_crit) at the critical contact area (A_c) is back-calculated based on A_c and the total vertical load (P_st).
168,"Anastasopoulos, I., Kourkoulis, R., Gelagoti, F., and Papadopoulos, E. (2012). ""Rocking Response of SDOF Systems on Shallow Improved Sand: An Experimental Study."" Soil Dynam. Earthquake Eng. 40, 15",G. Gazetas,I. Anastasopoulos,"A. Tsatsis, P. Kokkali, E. Papadopoulos",ERC,P2011SQF,"Laboratory of Soil Mechanics, NTUA, Athens, Greece",Small-Scale 1g ,Rigid Soil Container,1.48,0.78,0.65,Servomotor,1,Slow-Cyclic Displacement-Controlled Lateral Loading,pinned connection free to move in the vertical direction,P2011SQF_Connection.jpg,P2011SQF10,26-May-11,5,2,7777,1,0.05,0.000125,0.2236,Model,0.45,7777,2,None,Longstone Sand,0.3,65,9999,3,7777,7777,7777,7777,1511,7777,0,0.15,93,7777,7777,7777,7777,7777,7777,1,7777,7777,7777,7777,7777,7777,7777,7777,7777,7777,7777,7777,Square,Aluminium,0.15,0.15,7777,7777,7777,0,0,0.02,0,0,SDOF,P2011SQF_Heavy_Structure.JPG,Steel,0.424,100.5,0.986,43.8,176,9999,87,P2011SQF1_Report.pdf,4,7777,3.07,0.333,49.4,7777,P2011SQF1_Report.pdf,1D Lateral Loading,5,10,0.0075,55,P2011SQF_Load_Protocol_3.pdf,P2011SQF_Load_Protocol_3-02.txt,P2011SQF10.pdf,P2011SQF10-02.txt,M=V*Height,0.0167,0.287,0.414,0.0077,0.0253,0.0125,5.91,2.82,At the point of zero shear,1.13,5.907,2.825,P2011SQF2_Report.pdf,http://ssi.civil.ntua.gr/?page_id=413,(a) Foundation moment capacity (M_c_foot) is experimentally computed from static monotonic pushover tests. (b) Critical contact area ratio (A /A_c) is back-calculated from M_c_foot using statics equations (Gajan and Kutter 2008). (c) Average bearing pressure (q_ult_crit) at the critical contact area (A_c) is back-calculated based on A_c and the total vertical load (P_st).
169,"Anastasopoulos, I., Kourkoulis, R., Gelagoti, F., and Papadopoulos, E. (2012). ""Rocking Response of SDOF Systems on Shallow Improved Sand: An Experimental Study."" Soil Dynam. Earthquake Eng. 40, 15",G. Gazetas,I. Anastasopoulos,"A. Tsatsis, P. Kokkali, E. Papadopoulos",ERC,P2011SQF,"Laboratory of Soil Mechanics, NTUA, Athens, Greece",Small-Scale 1g ,Rigid Soil Container,1.48,0.78,0.65,Servomotor,1,Slow-Cyclic Displacement-Controlled Lateral Loading,pinned connection free to move in the vertical direction,P2011SQF_Connection.jpg,P2011SQF10,26-May-11,5,3,7777,1,0.05,0.000125,0.2236,Model,0.45,7777,2,None,Longstone Sand,0.3,65,9999,3,7777,7777,7777,7777,1511,7777,0,0.15,93,7777,7777,7777,7777,7777,7777,1,7777,7777,7777,7777,7777,7777,7777,7777,7777,7777,7777,7777,Square,Aluminium,0.15,0.15,7777,7777,7777,0,0,0.02,0,0,SDOF,P2011SQF_Heavy_Structure.JPG,Steel,0.424,100.5,0.986,43.8,176,9999,87,P2011SQF1_Report.pdf,4,7777,3.07,0.333,49.4,7777,P2011SQF1_Report.pdf,1D Lateral Loading,5,5,0.015,110,P2011SQF_Load_Protocol_3.pdf,P2011SQF_Load_Protocol_3-03.txt,P2011SQF10.pdf,P2011SQF10-03.txt,M=V*Height,0.0326,0.306,0.719,0.0182,0.0537,0.031,8.54,2.63,At the point of zero shear,1.19,8.535,2.628,P2011SQF2_Report.pdf,http://ssi.civil.ntua.gr/?page_id=413,(a) Foundation moment capacity (M_c_foot) is experimentally computed from static monotonic pushover tests. (b) Critical contact area ratio (A /A_c) is back-calculated from M_c_foot using statics equations (Gajan and Kutter 2008). (c) Average bearing pressure (q_ult_crit) at the critical contact area (A_c) is back-calculated based on A_c and the total vertical load (P_st).
170,"Anastasopoulos, I., Kourkoulis, R., Gelagoti, F., and Papadopoulos, E. (2012). ""Rocking Response of SDOF Systems on Shallow Improved Sand: An Experimental Study."" Soil Dynam. Earthquake Eng. 40, 15",G. Gazetas,I. Anastasopoulos,"A. Tsatsis, P. Kokkali, E. Papadopoulos",ERC,P2011SQF,"Laboratory of Soil Mechanics, NTUA, Athens, Greece",Small-Scale 1g ,Rigid Soil Container,1.48,0.78,0.65,Servomotor,1,Slow-Cyclic Displacement-Controlled Lateral Loading,pinned connection free to move in the vertical direction,P2011SQF_Connection.jpg,P2011SQF10,26-May-11,5,4,7777,1,0.05,0.000125,0.2236,Model,0.45,7777,2,None,Longstone Sand,0.3,65,9999,3,7777,7777,7777,7777,1511,7777,0,0.15,93,7777,7777,7777,7777,7777,7777,1,7777,7777,7777,7777,7777,7777,7777,7777,7777,7777,7777,7777,Square,Aluminium,0.15,0.15,7777,7777,7777,0,0,0.02,0,0,SDOF,P2011SQF_Heavy_Structure.JPG,Steel,0.424,100.5,0.986,43.8,176,9999,87,P2011SQF1_Report.pdf,4,7777,3.07,0.333,49.4,7777,P2011SQF1_Report.pdf,1D Lateral Loading,5,3,0.0225,160,P2011SQF_Load_Protocol_3.pdf,P2011SQF_Load_Protocol_3-04.txt,P2011SQF10.pdf,P2011SQF10-04.txt,M=V*Height,0.0481,0.278,0.998,0.0334,0.0773,0.0526,11.3,2.76,At the point of zero shear,1.27,11.298,2.763,P2011SQF2_Report.pdf,http://ssi.civil.ntua.gr/?page_id=413,(a) Foundation moment capacity (M_c_foot) is experimentally computed from static monotonic pushover tests. (b) Critical contact area ratio (A /A_c) is back-calculated from M_c_foot using statics equations (Gajan and Kutter 2008). (c) Average bearing pressure (q_ult_crit) at the critical contact area (A_c) is back-calculated based on A_c and the total vertical load (P_st).
171,"Anastasopoulos, I., Kourkoulis, R., Gelagoti, F., and Papadopoulos, E. (2012). ""Rocking Response of SDOF Systems on Shallow Improved Sand: An Experimental Study."" Soil Dynam. Earthquake Eng. 40, 15",G. Gazetas,I. Anastasopoulos,"A. Tsatsis, P. Kokkali, E. Papadopoulos",ERC,P2011SQF,"Laboratory of Soil Mechanics, NTUA, Athens, Greece",Small-Scale 1g ,Rigid Soil Container,1.48,0.78,0.65,Servomotor,1,Slow-Cyclic Displacement-Controlled Lateral Loading,pinned connection free to move in the vertical direction,P2011SQF_Connection.jpg,P2011SQF10,26-May-11,5,5,7777,1,0.05,0.000125,0.2236,Model,0.45,7777,2,None,Longstone Sand,0.3,65,9999,3,7777,7777,7777,7777,1511,7777,0,0.15,93,7777,7777,7777,7777,7777,7777,1,7777,7777,7777,7777,7777,7777,7777,7777,7777,7777,7777,7777,Square,Aluminium,0.15,0.15,7777,7777,7777,0,0,0.02,0,0,SDOF,P2011SQF_Heavy_Structure.JPG,Steel,0.424,100.5,0.986,43.8,176,9999,87,P2011SQF1_Report.pdf,4,7777,3.07,0.333,49.4,7777,P2011SQF1_Report.pdf,1D Lateral Loading,5,3,0.0413,160,P2011SQF_Load_Protocol_3.pdf,P2011SQF_Load_Protocol_3-05.txt,P2011SQF10.pdf,P2011SQF10-05.txt,M=V*Height,0.0808,0.47,1.468,0.0683,0.1857,0.132,15.32,4.02,At the point of zero shear,1.36,15.321,4.022,P2011SQF2_Report.pdf,http://ssi.civil.ntua.gr/?page_id=413,(a) Foundation moment capacity (M_c_foot) is experimentally computed from static monotonic pushover tests. (b) Critical contact area ratio (A /A_c) is back-calculated from M_c_foot using statics equations (Gajan and Kutter 2008). (c) Average bearing pressure (q_ult_crit) at the critical contact area (A_c) is back-calculated based on A_c and the total vertical load (P_st).
172,"Anastasopoulos, I., Kourkoulis, R., Gelagoti, F., and Papadopoulos, E. (2012). ""Rocking Response of SDOF Systems on Shallow Improved Sand: An Experimental Study."" Soil Dynam. Earthquake Eng. 40, 15",G. Gazetas,I. Anastasopoulos,"A. Tsatsis, P. Kokkali, E. Papadopoulos",ERC,P2011SQF,"Laboratory of Soil Mechanics, NTUA, Athens, Greece",Small-Scale 1g ,Rigid Soil Container,1.48,0.78,0.65,Servomotor,1,Monotonic Displacement-Controlled Lateral Loading,pinned connection free to move in the vertical direction,P2011SQF_Connection.jpg,P2011SQF11,19-May-11,1,1,7777,1,0.05,0.000125,0.2236,Model,0.45,7777,2,None,Longstone Sand,0.375,65,9999,3,7777,7777,7777,7777,1511,7777,0,0.075,93,7777,7777,7777,7777,7777,7777,1,7777,7777,7777,7777,7777,7777,7777,7777,7777,7777,7777,7777,Square,Aluminium,0.15,0.15,7777,7777,7777,0,0,0.02,0,0,SDOF,P2011SQF_Heavy_Structure.JPG,Steel,0.424,100.5,0.986,43.8,134.7,9999,71,P2011SQF1_Report.pdf,3.1,7777,3.07,0.432,42,7777,P2011SQF1_Report.pdf,1D Lateral Loading,1,7777,7777,7777,P2011SQF11_Load_Protocol.pdf,P2011SQF11_Load_Protocol.txt,P2011SQF11.pdf,P2011SQF11-01.txt,M=V*Height,0.098,7777,7777,7777,0.155,7777,7777,7777,N/A,1,7777,7777,P2011SQF2_Report.pdf,http://ssi.civil.ntua.gr/?page_id=413,(a) Foundation moment capacity (M_c_foot) is experimentally computed from static monotonic pushover tests. (b) Critical contact area ratio (A /A_c) is back-calculated from M_c_foot using statics equations (Gajan and Kutter 2008). (c) Average bearing pressure (q_ult_crit) at the critical contact area (A_c) is back-calculated based on A_c and the total vertical load (P_st).
173,"Anastasopoulos, I., Kourkoulis, R., Gelagoti, F., and Papadopoulos, E. (2012). ""Rocking Response of SDOF Systems on Shallow Improved Sand: An Experimental Study."" Soil Dynam. Earthquake Eng. 40, 15",G. Gazetas,I. Anastasopoulos,"A. Tsatsis, P. Kokkali, E. Papadopoulos",ERC,P2011SQF,"Laboratory of Soil Mechanics, NTUA, Athens, Greece",Small-Scale 1g ,Rigid Soil Container,1.48,0.78,0.65,Servomotor,1,Slow-Cyclic Displacement-Controlled Lateral Loading,pinned connection free to move in the vertical direction,P2011SQF_Connection.jpg,P2011SQF12,29-Apr-11,14,1,7777,1,0.05,0.000125,0.2236,Model,0.45,7777,2,None,Longstone Sand,0.375,65,9999,3,7777,7777,7777,7777,1511,7777,0,0.075,93,7777,7777,7777,7777,7777,7777,1,7777,7777,7777,7777,7777,7777,7777,7777,7777,7777,7777,7777,Square,Aluminium,0.15,0.15,7777,7777,7777,0,0,0.02,0,0,SDOF,P2011SQF_Heavy_Structure.JPG,Steel,0.424,100.5,0.986,43.8,134.7,9999,71,P2011SQF1_Report.pdf,3.1,7777,3.07,0.432,42,7777,P2011SQF1_Report.pdf,1D Lateral Loading,14,1,0.0019,20,P2011SQF_Load_Protocol_1.pdf,P2011SQF_Load_Protocol_1-01.txt,P2011SQF12.pdf,P2011SQF12-01.txt,M=V*Height,0.0031,0.004,0.004,0.0022,0.0016,0.0013,0.31,0.31,At the point of zero shear,0.68,0.306,0.306,P2011SQF2_Report.pdf,http://ssi.civil.ntua.gr/?page_id=413,(a) Foundation moment capacity (M_c_foot) is experimentally computed from static monotonic pushover tests. (b) Critical contact area ratio (A /A_c) is back-calculated from M_c_foot using statics equations (Gajan and Kutter 2008). (c) Average bearing pressure (q_ult_crit) at the critical contact area (A_c) is back-calculated based on A_c and the total vertical load (P_st).
174,"Anastasopoulos, I., Kourkoulis, R., Gelagoti, F., and Papadopoulos, E. (2012). ""Rocking Response of SDOF Systems on Shallow Improved Sand: An Experimental Study."" Soil Dynam. Earthquake Eng. 40, 15",G. Gazetas,I. Anastasopoulos,"A. Tsatsis, P. Kokkali, E. Papadopoulos",ERC,P2011SQF,"Laboratory of Soil Mechanics, NTUA, Athens, Greece",Small-Scale 1g ,Rigid Soil Container,1.48,0.78,0.65,Servomotor,1,Slow-Cyclic Displacement-Controlled Lateral Loading,pinned connection free to move in the vertical direction,P2011SQF_Connection.jpg,P2011SQF12,29-Apr-11,14,2,7777,1,0.05,0.000125,0.2236,Model,0.45,7777,2,None,Longstone Sand,0.375,65,9999,3,7777,7777,7777,7777,1511,7777,0,0.075,93,7777,7777,7777,7777,7777,7777,1,7777,7777,7777,7777,7777,7777,7777,7777,7777,7777,7777,7777,Square,Aluminium,0.15,0.15,7777,7777,7777,0,0,0.02,0,0,SDOF,P2011SQF_Heavy_Structure.JPG,Steel,0.424,100.5,0.986,43.8,134.7,9999,71,P2011SQF1_Report.pdf,3.1,7777,3.07,0.432,42,7777,P2011SQF1_Report.pdf,1D Lateral Loading,14,1,0.0038,40,P2011SQF_Load_Protocol_1.pdf,P2011SQF_Load_Protocol_1-02.txt,P2011SQF12.pdf,P2011SQF12-02.txt,M=V*Height,0.0071,0.012,0.016,0.005,0.0017,0.0008,0.9,0.6,At the point of zero shear,0.92,0.905,0.599,P2011SQF2_Report.pdf,http://ssi.civil.ntua.gr/?page_id=413,(a) Foundation moment capacity (M_c_foot) is experimentally computed from static monotonic pushover tests. (b) Critical contact area ratio (A /A_c) is back-calculated from M_c_foot using statics equations (Gajan and Kutter 2008). (c) Average bearing pressure (q_ult_crit) at the critical contact area (A_c) is back-calculated based on A_c and the total vertical load (P_st).
175,"Anastasopoulos, I., Kourkoulis, R., Gelagoti, F., and Papadopoulos, E. (2012). ""Rocking Response of SDOF Systems on Shallow Improved Sand: An Experimental Study."" Soil Dynam. Earthquake Eng. 40, 15",G. Gazetas,I. Anastasopoulos,"A. Tsatsis, P. Kokkali, E. Papadopoulos",ERC,P2011SQF,"Laboratory of Soil Mechanics, NTUA, Athens, Greece",Small-Scale 1g ,Rigid Soil Container,1.48,0.78,0.65,Servomotor,1,Slow-Cyclic Displacement-Controlled Lateral Loading,pinned connection free to move in the vertical direction,P2011SQF_Connection.jpg,P2011SQF12,29-Apr-11,14,3,7777,1,0.05,0.000125,0.2236,Model,0.45,7777,2,None,Longstone Sand,0.375,65,9999,3,7777,7777,7777,7777,1511,7777,0,0.075,93,7777,7777,7777,7777,7777,7777,1,7777,7777,7777,7777,7777,7777,7777,7777,7777,7777,7777,7777,Square,Aluminium,0.15,0.15,7777,7777,7777,0,0,0.02,0,0,SDOF,P2011SQF_Heavy_Structure.JPG,Steel,0.424,100.5,0.986,43.8,134.7,9999,71,P2011SQF1_Report.pdf,3.1,7777,3.07,0.432,42,7777,P2011SQF1_Report.pdf,1D Lateral Loading,14,1,0.0056,60,P2011SQF_Load_Protocol_1.pdf,P2011SQF_Load_Protocol_1-03.txt,P2011SQF12.pdf,P2011SQF12-03.txt,M=V*Height,0.0111,0.02,0.037,0.0075,0.0036,0.0026,1.64,0.73,At the point of zero shear,1.05,1.638,0.733,P2011SQF2_Report.pdf,http://ssi.civil.ntua.gr/?page_id=413,(a) Foundation moment capacity (M_c_foot) is experimentally computed from static monotonic pushover tests. (b) Critical contact area ratio (A /A_c) is back-calculated from M_c_foot using statics equations (Gajan and Kutter 2008). (c) Average bearing pressure (q_ult_crit) at the critical contact area (A_c) is back-calculated based on A_c and the total vertical load (P_st).
176,"Anastasopoulos, I., Kourkoulis, R., Gelagoti, F., and Papadopoulos, E. (2012). ""Rocking Response of SDOF Systems on Shallow Improved Sand: An Experimental Study."" Soil Dynam. Earthquake Eng. 40, 15",G. Gazetas,I. Anastasopoulos,"A. Tsatsis, P. Kokkali, E. Papadopoulos",ERC,P2011SQF,"Laboratory of Soil Mechanics, NTUA, Athens, Greece",Small-Scale 1g ,Rigid Soil Container,1.48,0.78,0.65,Servomotor,1,Slow-Cyclic Displacement-Controlled Lateral Loading,pinned connection free to move in the vertical direction,P2011SQF_Connection.jpg,P2011SQF12,29-Apr-11,14,4,7777,1,0.05,0.000125,0.2236,Model,0.45,7777,2,None,Longstone Sand,0.375,65,9999,3,7777,7777,7777,7777,1511,7777,0,0.075,93,7777,7777,7777,7777,7777,7777,1,7777,7777,7777,7777,7777,7777,7777,7777,7777,7777,7777,7777,Square,Aluminium,0.15,0.15,7777,7777,7777,0,0,0.02,0,0,SDOF,P2011SQF_Heavy_Structure.JPG,Steel,0.424,100.5,0.986,43.8,134.7,9999,71,P2011SQF1_Report.pdf,3.1,7777,3.07,0.432,42,7777,P2011SQF1_Report.pdf,1D Lateral Loading,14,1,0.0075,80,P2011SQF_Load_Protocol_1.pdf,P2011SQF_Load_Protocol_1-04.txt,P2011SQF12.pdf,P2011SQF12-04.txt,M=V*Height,0.0152,0.028,0.065,0.0103,0.0054,0.0036,2.45,0.81,At the point of zero shear,1.12,2.446,0.808,P2011SQF2_Report.pdf,http://ssi.civil.ntua.gr/?page_id=413,(a) Foundation moment capacity (M_c_foot) is experimentally computed from static monotonic pushover tests. (b) Critical contact area ratio (A /A_c) is back-calculated from M_c_foot using statics equations (Gajan and Kutter 2008). (c) Average bearing pressure (q_ult_crit) at the critical contact area (A_c) is back-calculated based on A_c and the total vertical load (P_st).
177,"Anastasopoulos, I., Kourkoulis, R., Gelagoti, F., and Papadopoulos, E. (2012). ""Rocking Response of SDOF Systems on Shallow Improved Sand: An Experimental Study."" Soil Dynam. Earthquake Eng. 40, 15",G. Gazetas,I. Anastasopoulos,"A. Tsatsis, P. Kokkali, E. Papadopoulos",ERC,P2011SQF,"Laboratory of Soil Mechanics, NTUA, Athens, Greece",Small-Scale 1g ,Rigid Soil Container,1.48,0.78,0.65,Servomotor,1,Slow-Cyclic Displacement-Controlled Lateral Loading,pinned connection free to move in the vertical direction,P2011SQF_Connection.jpg,P2011SQF12,29-Apr-11,14,5,7777,1,0.05,0.000125,0.2236,Model,0.45,7777,2,None,Longstone Sand,0.375,65,9999,3,7777,7777,7777,7777,1511,7777,0,0.075,93,7777,7777,7777,7777,7777,7777,1,7777,7777,7777,7777,7777,7777,7777,7777,7777,7777,7777,7777,Square,Aluminium,0.15,0.15,7777,7777,7777,0,0,0.02,0,0,SDOF,P2011SQF_Heavy_Structure.JPG,Steel,0.424,100.5,0.986,43.8,134.7,9999,71,P2011SQF1_Report.pdf,3.1,7777,3.07,0.432,42,7777,P2011SQF1_Report.pdf,1D Lateral Loading,14,1,0.0094,100,P2011SQF_Load_Protocol_1.pdf,P2011SQF_Load_Protocol_1-05.txt,P2011SQF12.pdf,P2011SQF12-05.txt,M=V*Height,0.0193,0.037,0.102,0.0135,0.0052,0.0035,3.28,0.83,At the point of zero shear,1.13,3.276,0.83,P2011SQF2_Report.pdf,http://ssi.civil.ntua.gr/?page_id=413,(a) Foundation moment capacity (M_c_foot) is experimentally computed from static monotonic pushover tests. (b) Critical contact area ratio (A /A_c) is back-calculated from M_c_foot using statics equations (Gajan and Kutter 2008). (c) Average bearing pressure (q_ult_crit) at the critical contact area (A_c) is back-calculated based on A_c and the total vertical load (P_st).
178,"Anastasopoulos, I., Kourkoulis, R., Gelagoti, F., and Papadopoulos, E. (2012). ""Rocking Response of SDOF Systems on Shallow Improved Sand: An Experimental Study."" Soil Dynam. Earthquake Eng. 40, 15",G. Gazetas,I. Anastasopoulos,"A. Tsatsis, P. Kokkali, E. Papadopoulos",ERC,P2011SQF,"Laboratory of Soil Mechanics, NTUA, Athens, Greece",Small-Scale 1g ,Rigid Soil Container,1.48,0.78,0.65,Servomotor,1,Slow-Cyclic Displacement-Controlled Lateral Loading,pinned connection free to move in the vertical direction,P2011SQF_Connection.jpg,P2011SQF12,29-Apr-11,14,6,7777,1,0.05,0.000125,0.2236,Model,0.45,7777,2,None,Longstone Sand,0.375,65,9999,3,7777,7777,7777,7777,1511,7777,0,0.075,93,7777,7777,7777,7777,7777,7777,1,7777,7777,7777,7777,7777,7777,7777,7777,7777,7777,7777,7777,Square,Aluminium,0.15,0.15,7777,7777,7777,0,0,0.02,0,0,SDOF,P2011SQF_Heavy_Structure.JPG,Steel,0.424,100.5,0.986,43.8,134.7,9999,71,P2011SQF1_Report.pdf,3.1,7777,3.07,0.432,42,7777,P2011SQF1_Report.pdf,1D Lateral Loading,14,1,0.0113,120,P2011SQF_Load_Protocol_1.pdf,P2011SQF_Load_Protocol_1-06.txt,P2011SQF12.pdf,P2011SQF12-06.txt,M=V*Height,0.0232,0.044,0.146,0.0165,0.0077,0.0055,4.19,0.92,At the point of zero shear,1.15,4.192,0.917,P2011SQF2_Report.pdf,http://ssi.civil.ntua.gr/?page_id=413,(a) Foundation moment capacity (M_c_foot) is experimentally computed from static monotonic pushover tests. (b) Critical contact area ratio (A /A_c) is back-calculated from M_c_foot using statics equations (Gajan and Kutter 2008). (c) Average bearing pressure (q_ult_crit) at the critical contact area (A_c) is back-calculated based on A_c and the total vertical load (P_st).
179,"Anastasopoulos, I., Kourkoulis, R., Gelagoti, F., and Papadopoulos, E. (2012). ""Rocking Response of SDOF Systems on Shallow Improved Sand: An Experimental Study."" Soil Dynam. Earthquake Eng. 40, 15",G. Gazetas,I. Anastasopoulos,"A. Tsatsis, P. Kokkali, E. Papadopoulos",ERC,P2011SQF,"Laboratory of Soil Mechanics, NTUA, Athens, Greece",Small-Scale 1g ,Rigid Soil Container,1.48,0.78,0.65,Servomotor,1,Slow-Cyclic Displacement-Controlled Lateral Loading,pinned connection free to move in the vertical direction,P2011SQF_Connection.jpg,P2011SQF12,29-Apr-11,14,7,7777,1,0.05,0.000125,0.2236,Model,0.45,7777,2,None,Longstone Sand,0.375,65,9999,3,7777,7777,7777,7777,1511,7777,0,0.075,93,7777,7777,7777,7777,7777,7777,1,7777,7777,7777,7777,7777,7777,7777,7777,7777,7777,7777,7777,Square,Aluminium,0.15,0.15,7777,7777,7777,0,0,0.02,0,0,SDOF,P2011SQF_Heavy_Structure.JPG,Steel,0.424,100.5,0.986,43.8,134.7,9999,71,P2011SQF1_Report.pdf,3.1,7777,3.07,0.432,42,7777,P2011SQF1_Report.pdf,1D Lateral Loading,14,1,0.0131,140,P2011SQF_Load_Protocol_1.pdf,P2011SQF_Load_Protocol_1-07.txt,P2011SQF12.pdf,P2011SQF12-07.txt,M=V*Height,0.0272,0.052,0.198,0.0191,0.0104,0.0086,5.17,0.98,At the point of zero shear,1.2,5.174,0.981,P2011SQF2_Report.pdf,http://ssi.civil.ntua.gr/?page_id=413,(a) Foundation moment capacity (M_c_foot) is experimentally computed from static monotonic pushover tests. (b) Critical contact area ratio (A /A_c) is back-calculated from M_c_foot using statics equations (Gajan and Kutter 2008). (c) Average bearing pressure (q_ult_crit) at the critical contact area (A_c) is back-calculated based on A_c and the total vertical load (P_st).
180,"Anastasopoulos, I., Kourkoulis, R., Gelagoti, F., and Papadopoulos, E. (2012). ""Rocking Response of SDOF Systems on Shallow Improved Sand: An Experimental Study."" Soil Dynam. Earthquake Eng. 40, 15",G. Gazetas,I. Anastasopoulos,"A. Tsatsis, P. Kokkali, E. Papadopoulos",ERC,P2011SQF,"Laboratory of Soil Mechanics, NTUA, Athens, Greece",Small-Scale 1g ,Rigid Soil Container,1.48,0.78,0.65,Servomotor,1,Slow-Cyclic Displacement-Controlled Lateral Loading,pinned connection free to move in the vertical direction,P2011SQF_Connection.jpg,P2011SQF12,29-Apr-11,14,8,7777,1,0.05,0.000125,0.2236,Model,0.45,7777,2,None,Longstone Sand,0.375,65,9999,3,7777,7777,7777,7777,1511,7777,0,0.075,93,7777,7777,7777,7777,7777,7777,1,7777,7777,7777,7777,7777,7777,7777,7777,7777,7777,7777,7777,Square,Aluminium,0.15,0.15,7777,7777,7777,0,0,0.02,0,0,SDOF,P2011SQF_Heavy_Structure.JPG,Steel,0.424,100.5,0.986,43.8,134.7,9999,71,P2011SQF1_Report.pdf,3.1,7777,3.07,0.432,42,7777,P2011SQF1_Report.pdf,1D Lateral Loading,14,1,0.015,160,P2011SQF_Load_Protocol_1.pdf,P2011SQF_Load_Protocol_1-08.txt,P2011SQF12.pdf,P2011SQF12-08.txt,M=V*Height,0.0319,0.062,0.26,0.023,0.0114,0.0094,6.16,0.98,At the point of zero shear,1.2,6.155,0.982,P2011SQF2_Report.pdf,http://ssi.civil.ntua.gr/?page_id=413,(a) Foundation moment capacity (M_c_foot) is experimentally computed from static monotonic pushover tests. (b) Critical contact area ratio (A /A_c) is back-calculated from M_c_foot using statics equations (Gajan and Kutter 2008). (c) Average bearing pressure (q_ult_crit) at the critical contact area (A_c) is back-calculated based on A_c and the total vertical load (P_st).
181,"Anastasopoulos, I., Kourkoulis, R., Gelagoti, F., and Papadopoulos, E. (2012). ""Rocking Response of SDOF Systems on Shallow Improved Sand: An Experimental Study."" Soil Dynam. Earthquake Eng. 40, 15",G. Gazetas,I. Anastasopoulos,"A. Tsatsis, P. Kokkali, E. Papadopoulos",ERC,P2011SQF,"Laboratory of Soil Mechanics, NTUA, Athens, Greece",Small-Scale 1g ,Rigid Soil Container,1.48,0.78,0.65,Servomotor,1,Slow-Cyclic Displacement-Controlled Lateral Loading,pinned connection free to move in the vertical direction,P2011SQF_Connection.jpg,P2011SQF12,29-Apr-11,14,9,7777,1,0.05,0.000125,0.2236,Model,0.45,7777,2,None,Longstone Sand,0.375,65,9999,3,7777,7777,7777,7777,1511,7777,0,0.075,93,7777,7777,7777,7777,7777,7777,1,7777,7777,7777,7777,7777,7777,7777,7777,7777,7777,7777,7777,Square,Aluminium,0.15,0.15,7777,7777,7777,0,0,0.02,0,0,SDOF,P2011SQF_Heavy_Structure.JPG,Steel,0.424,100.5,0.986,43.8,134.7,9999,71,P2011SQF1_Report.pdf,3.1,7777,3.07,0.432,42,7777,P2011SQF1_Report.pdf,1D Lateral Loading,14,1,0.0169,180,P2011SQF_Load_Protocol_1.pdf,P2011SQF_Load_Protocol_1-09.txt,P2011SQF12.pdf,P2011SQF12-09.txt,M=V*Height,0.0363,0.071,0.331,0.0275,0.0143,0.0105,7.31,1.15,At the point of zero shear,1.24,7.307,1.151,P2011SQF2_Report.pdf,http://ssi.civil.ntua.gr/?page_id=413,(a) Foundation moment capacity (M_c_foot) is experimentally computed from static monotonic pushover tests. (b) Critical contact area ratio (A /A_c) is back-calculated from M_c_foot using statics equations (Gajan and Kutter 2008). (c) Average bearing pressure (q_ult_crit) at the critical contact area (A_c) is back-calculated based on A_c and the total vertical load (P_st).
182,"Anastasopoulos, I., Kourkoulis, R., Gelagoti, F., and Papadopoulos, E. (2012). ""Rocking Response of SDOF Systems on Shallow Improved Sand: An Experimental Study."" Soil Dynam. Earthquake Eng. 40, 15",G. Gazetas,I. Anastasopoulos,"A. Tsatsis, P. Kokkali, E. Papadopoulos",ERC,P2011SQF,"Laboratory of Soil Mechanics, NTUA, Athens, Greece",Small-Scale 1g ,Rigid Soil Container,1.48,0.78,0.65,Servomotor,1,Slow-Cyclic Displacement-Controlled Lateral Loading,pinned connection free to move in the vertical direction,P2011SQF_Connection.jpg,P2011SQF12,29-Apr-11,14,10,7777,1,0.05,0.000125,0.2236,Model,0.45,7777,2,None,Longstone Sand,0.375,65,9999,3,7777,7777,7777,7777,1511,7777,0,0.075,93,7777,7777,7777,7777,7777,7777,1,7777,7777,7777,7777,7777,7777,7777,7777,7777,7777,7777,7777,Square,Aluminium,0.15,0.15,7777,7777,7777,0,0,0.02,0,0,SDOF,P2011SQF_Heavy_Structure.JPG,Steel,0.424,100.5,0.986,43.8,134.7,9999,71,P2011SQF1_Report.pdf,3.1,7777,3.07,0.432,42,7777,P2011SQF1_Report.pdf,1D Lateral Loading,14,1,0.0188,200,P2011SQF_Load_Protocol_1.pdf,P2011SQF_Load_Protocol_1-10.txt,P2011SQF12.pdf,P2011SQF12-10.txt,M=V*Height,0.04,0.078,0.409,0.0312,0.0157,0.0132,8.58,1.27,At the point of zero shear,1.28,8.582,1.275,P2011SQF2_Report.pdf,http://ssi.civil.ntua.gr/?page_id=413,(a) Foundation moment capacity (M_c_foot) is experimentally computed from static monotonic pushover tests. (b) Critical contact area ratio (A /A_c) is back-calculated from M_c_foot using statics equations (Gajan and Kutter 2008). (c) Average bearing pressure (q_ult_crit) at the critical contact area (A_c) is back-calculated based on A_c and the total vertical load (P_st).
183,"Anastasopoulos, I., Kourkoulis, R., Gelagoti, F., and Papadopoulos, E. (2012). ""Rocking Response of SDOF Systems on Shallow Improved Sand: An Experimental Study."" Soil Dynam. Earthquake Eng. 40, 15",G. Gazetas,I. Anastasopoulos,"A. Tsatsis, P. Kokkali, E. Papadopoulos",ERC,P2011SQF,"Laboratory of Soil Mechanics, NTUA, Athens, Greece",Small-Scale 1g ,Rigid Soil Container,1.48,0.78,0.65,Servomotor,1,Slow-Cyclic Displacement-Controlled Lateral Loading,pinned connection free to move in the vertical direction,P2011SQF_Connection.jpg,P2011SQF12,29-Apr-11,14,11,7777,1,0.05,0.000125,0.2236,Model,0.45,7777,2,None,Longstone Sand,0.375,65,9999,3,7777,7777,7777,7777,1511,7777,0,0.075,93,7777,7777,7777,7777,7777,7777,1,7777,7777,7777,7777,7777,7777,7777,7777,7777,7777,7777,7777,Square,Aluminium,0.15,0.15,7777,7777,7777,0,0,0.02,0,0,SDOF,P2011SQF_Heavy_Structure.JPG,Steel,0.424,100.5,0.986,43.8,134.7,9999,71,P2011SQF1_Report.pdf,3.1,7777,3.07,0.432,42,7777,P2011SQF1_Report.pdf,1D Lateral Loading,14,1,0.0244,260,P2011SQF_Load_Protocol_1.pdf,P2011SQF_Load_Protocol_1-11.txt,P2011SQF12.pdf,P2011SQF12-11.txt,M=V*Height,0.0498,0.098,0.506,0.0409,0.0187,0.016,10.1,1.52,At the point of zero shear,1.32,10.105,1.523,P2011SQF2_Report.pdf,http://ssi.civil.ntua.gr/?page_id=413,(a) Foundation moment capacity (M_c_foot) is experimentally computed from static monotonic pushover tests. (b) Critical contact area ratio (A /A_c) is back-calculated from M_c_foot using statics equations (Gajan and Kutter 2008). (c) Average bearing pressure (q_ult_crit) at the critical contact area (A_c) is back-calculated based on A_c and the total vertical load (P_st).
184,"Anastasopoulos, I., Kourkoulis, R., Gelagoti, F., and Papadopoulos, E. (2012). ""Rocking Response of SDOF Systems on Shallow Improved Sand: An Experimental Study."" Soil Dynam. Earthquake Eng. 40, 15",G. Gazetas,I. Anastasopoulos,"A. Tsatsis, P. Kokkali, E. Papadopoulos",ERC,P2011SQF,"Laboratory of Soil Mechanics, NTUA, Athens, Greece",Small-Scale 1g ,Rigid Soil Container,1.48,0.78,0.65,Servomotor,1,Slow-Cyclic Displacement-Controlled Lateral Loading,pinned connection free to move in the vertical direction,P2011SQF_Connection.jpg,P2011SQF12,29-Apr-11,14,12,7777,1,0.05,0.000125,0.2236,Model,0.45,7777,2,None,Longstone Sand,0.375,65,9999,3,7777,7777,7777,7777,1511,7777,0,0.075,93,7777,7777,7777,7777,7777,7777,1,7777,7777,7777,7777,7777,7777,7777,7777,7777,7777,7777,7777,Square,Aluminium,0.15,0.15,7777,7777,7777,0,0,0.02,0,0,SDOF,P2011SQF_Heavy_Structure.JPG,Steel,0.424,100.5,0.986,43.8,134.7,9999,71,P2011SQF1_Report.pdf,3.1,7777,3.07,0.432,42,7777,P2011SQF1_Report.pdf,1D Lateral Loading,14,1,0.03,320,P2011SQF_Load_Protocol_1.pdf,P2011SQF_Load_Protocol_1-12.txt,P2011SQF12.pdf,P2011SQF12-12.txt,M=V*Height,0.0592,0.116,0.623,0.0511,8888,8888,12.09,1.99,At the point of zero shear,1.36,12.092,1.987,P2011SQF2_Report.pdf,http://ssi.civil.ntua.gr/?page_id=413,(a) Foundation moment capacity (M_c_foot) is experimentally computed from static monotonic pushover tests. (b) Critical contact area ratio (A /A_c) is back-calculated from M_c_foot using statics equations (Gajan and Kutter 2008). (c) Average bearing pressure (q_ult_crit) at the critical contact area (A_c) is back-calculated based on A_c and the total vertical load (P_st).
185,"Anastasopoulos, I., Kourkoulis, R., Gelagoti, F., and Papadopoulos, E. (2012). ""Rocking Response of SDOF Systems on Shallow Improved Sand: An Experimental Study."" Soil Dynam. Earthquake Eng. 40, 15",G. Gazetas,I. Anastasopoulos,"A. Tsatsis, P. Kokkali, E. Papadopoulos",ERC,P2011SQF,"Laboratory of Soil Mechanics, NTUA, Athens, Greece",Small-Scale 1g ,Rigid Soil Container,1.48,0.78,0.65,Servomotor,1,Slow-Cyclic Displacement-Controlled Lateral Loading,pinned connection free to move in the vertical direction,P2011SQF_Connection.jpg,P2011SQF12,29-Apr-11,14,13,7777,1,0.05,0.000125,0.2236,Model,0.45,7777,2,None,Longstone Sand,0.375,65,9999,3,7777,7777,7777,7777,1511,7777,0,0.075,93,7777,7777,7777,7777,7777,7777,1,7777,7777,7777,7777,7777,7777,7777,7777,7777,7777,7777,7777,Square,Aluminium,0.15,0.15,7777,7777,7777,0,0,0.02,0,0,SDOF,P2011SQF_Heavy_Structure.JPG,Steel,0.424,100.5,0.986,43.8,134.7,9999,71,P2011SQF1_Report.pdf,3.1,7777,3.07,0.432,42,7777,P2011SQF1_Report.pdf,1D Lateral Loading,14,1,0.0356,380,P2011SQF_Load_Protocol_1.pdf,P2011SQF_Load_Protocol_1-13.txt,P2011SQF12.pdf,P2011SQF12-13.txt,M=V*Height,0.0713,0.141,0.763,0.0637,8888,8888,14.19,2.09,At the point of zero shear,1.36,14.186,2.094,P2011SQF2_Report.pdf,http://ssi.civil.ntua.gr/?page_id=413,(a) Foundation moment capacity (M_c_foot) is experimentally computed from static monotonic pushover tests. (b) Critical contact area ratio (A /A_c) is back-calculated from M_c_foot using statics equations (Gajan and Kutter 2008). (c) Average bearing pressure (q_ult_crit) at the critical contact area (A_c) is back-calculated based on A_c and the total vertical load (P_st).
186,"Anastasopoulos, I., Kourkoulis, R., Gelagoti, F., and Papadopoulos, E. (2012). ""Rocking Response of SDOF Systems on Shallow Improved Sand: An Experimental Study."" Soil Dynam. Earthquake Eng. 40, 15",G. Gazetas,I. Anastasopoulos,"A. Tsatsis, P. Kokkali, E. Papadopoulos",ERC,P2011SQF,"Laboratory of Soil Mechanics, NTUA, Athens, Greece",Small-Scale 1g ,Rigid Soil Container,1.48,0.78,0.65,Servomotor,1,Slow-Cyclic Displacement-Controlled Lateral Loading,pinned connection free to move in the vertical direction,P2011SQF_Connection.jpg,P2011SQF12,29-Apr-11,14,14,7777,1,0.05,0.000125,0.2236,Model,0.45,7777,2,None,Longstone Sand,0.375,65,9999,3,7777,7777,7777,7777,1511,7777,0,0.075,93,7777,7777,7777,7777,7777,7777,1,7777,7777,7777,7777,7777,7777,7777,7777,7777,7777,7777,7777,Square,Aluminium,0.15,0.15,7777,7777,7777,0,0,0.02,0,0,SDOF,P2011SQF_Heavy_Structure.JPG,Steel,0.424,100.5,0.986,43.8,134.7,9999,71,P2011SQF1_Report.pdf,3.1,7777,3.07,0.432,42,7777,P2011SQF1_Report.pdf,1D Lateral Loading,14,1,0.0413,440,P2011SQF_Load_Protocol_1.pdf,P2011SQF_Load_Protocol_1-14.txt,P2011SQF12.pdf,P2011SQF12-14.txt,M=V*Height,0.082,0.162,0.925,0.0753,8888,8888,16.15,1.96,At the point of zero shear,1.36,16.149,1.963,P2011SQF2_Report.pdf,http://ssi.civil.ntua.gr/?page_id=413,(a) Foundation moment capacity (M_c_foot) is experimentally computed from static monotonic pushover tests. (b) Critical contact area ratio (A /A_c) is back-calculated from M_c_foot using statics equations (Gajan and Kutter 2008). (c) Average bearing pressure (q_ult_crit) at the critical contact area (A_c) is back-calculated based on A_c and the total vertical load (P_st).
187,"Anastasopoulos, I., Kourkoulis, R., Gelagoti, F., and Papadopoulos, E. (2012). ""Rocking Response of SDOF Systems on Shallow Improved Sand: An Experimental Study."" Soil Dynam. Earthquake Eng. 40, 15",G. Gazetas,I. Anastasopoulos,"A. Tsatsis, P. Kokkali, E. Papadopoulos",ERC,P2011SQF,"Laboratory of Soil Mechanics, NTUA, Athens, Greece",Small-Scale 1g ,Rigid Soil Container,1.48,0.78,0.65,Servomotor,1,Slow-Cyclic Displacement-Controlled Lateral Loading,pinned connection free to move in the vertical direction,P2011SQF_Connection.jpg,P2011SQF13,18-May-11,5,1,7777,1,0.05,0.000125,0.2236,Model,0.45,7777,2,None,Longstone Sand,0.375,65,9999,3,7777,7777,7777,7777,1511,7777,0,0.075,93,7777,7777,7777,7777,7777,7777,1,7777,7777,7777,7777,7777,7777,7777,7777,7777,7777,7777,7777,Square,Aluminium,0.15,0.15,7777,7777,7777,0,0,0.02,0,0,SDOF,P2011SQF_Heavy_Structure.JPG,Steel,0.424,100.5,0.986,43.8,134.7,9999,71,P2011SQF1_Report.pdf,3.1,7777,3.07,0.432,42,7777,P2011SQF1_Report.pdf,1D Lateral Loading,5,10,0.0038,40,P2011SQF_Load_Protocol_3.pdf,P2011SQF_Load_Protocol_3-01.txt,P2011SQF13.pdf,P2011SQF13-01.txt,M=V*Height,0.0079,0.123,0.123,0.0055,0.011,0.0083,4.25,4.25,At the point of zero shear,1.1,4.245,4.245,P2011SQF2_Report.pdf,http://ssi.civil.ntua.gr/?page_id=413,(a) Foundation moment capacity (M_c_foot) is experimentally computed from static monotonic pushover tests. (b) Critical contact area ratio (A /A_c) is back-calculated from M_c_foot using statics equations (Gajan and Kutter 2008). (c) Average bearing pressure (q_ult_crit) at the critical contact area (A_c) is back-calculated based on A_c and the total vertical load (P_st).
188,"Anastasopoulos, I., Kourkoulis, R., Gelagoti, F., and Papadopoulos, E. (2012). ""Rocking Response of SDOF Systems on Shallow Improved Sand: An Experimental Study."" Soil Dynam. Earthquake Eng. 40, 15",G. Gazetas,I. Anastasopoulos,"A. Tsatsis, P. Kokkali, E. Papadopoulos",ERC,P2011SQF,"Laboratory of Soil Mechanics, NTUA, Athens, Greece",Small-Scale 1g ,Rigid Soil Container,1.48,0.78,0.65,Servomotor,1,Slow-Cyclic Displacement-Controlled Lateral Loading,pinned connection free to move in the vertical direction,P2011SQF_Connection.jpg,P2011SQF13,18-May-11,5,2,7777,1,0.05,0.000125,0.2236,Model,0.45,7777,2,None,Longstone Sand,0.375,65,9999,3,7777,7777,7777,7777,1511,7777,0,0.075,93,7777,7777,7777,7777,7777,7777,1,7777,7777,7777,7777,7777,7777,7777,7777,7777,7777,7777,7777,Square,Aluminium,0.15,0.15,7777,7777,7777,0,0,0.02,0,0,SDOF,P2011SQF_Heavy_Structure.JPG,Steel,0.424,100.5,0.986,43.8,134.7,9999,71,P2011SQF1_Report.pdf,3.1,7777,3.07,0.432,42,7777,P2011SQF1_Report.pdf,1D Lateral Loading,5,10,0.0075,55,P2011SQF_Load_Protocol_3.pdf,P2011SQF_Load_Protocol_3-02.txt,P2011SQF13.pdf,P2011SQF13-02.txt,M=V*Height,0.0169,0.282,0.405,0.0089,0.0241,0.0136,4.82,0.57,At the point of zero shear,1.22,4.819,0.574,P2011SQF2_Report.pdf,http://ssi.civil.ntua.gr/?page_id=413,(a) Foundation moment capacity (M_c_foot) is experimentally computed from static monotonic pushover tests. (b) Critical contact area ratio (A /A_c) is back-calculated from M_c_foot using statics equations (Gajan and Kutter 2008). (c) Average bearing pressure (q_ult_crit) at the critical contact area (A_c) is back-calculated based on A_c and the total vertical load (P_st).
189,"Anastasopoulos, I., Kourkoulis, R., Gelagoti, F., and Papadopoulos, E. (2012). ""Rocking Response of SDOF Systems on Shallow Improved Sand: An Experimental Study."" Soil Dynam. Earthquake Eng. 40, 15",G. Gazetas,I. Anastasopoulos,"A. Tsatsis, P. Kokkali, E. Papadopoulos",ERC,P2011SQF,"Laboratory of Soil Mechanics, NTUA, Athens, Greece",Small-Scale 1g ,Rigid Soil Container,1.48,0.78,0.65,Servomotor,1,Slow-Cyclic Displacement-Controlled Lateral Loading,pinned connection free to move in the vertical direction,P2011SQF_Connection.jpg,P2011SQF13,18-May-11,5,3,7777,1,0.05,0.000125,0.2236,Model,0.45,7777,2,None,Longstone Sand,0.375,65,9999,3,7777,7777,7777,7777,1511,7777,0,0.075,93,7777,7777,7777,7777,7777,7777,1,7777,7777,7777,7777,7777,7777,7777,7777,7777,7777,7777,7777,Square,Aluminium,0.15,0.15,7777,7777,7777,0,0,0.02,0,0,SDOF,P2011SQF_Heavy_Structure.JPG,Steel,0.424,100.5,0.986,43.8,134.7,9999,71,P2011SQF1_Report.pdf,3.1,7777,3.07,0.432,42,7777,P2011SQF1_Report.pdf,1D Lateral Loading,5,5,0.015,110,P2011SQF_Load_Protocol_3.pdf,P2011SQF_Load_Protocol_3-03.txt,P2011SQF13.pdf,P2011SQF13-03.txt,M=V*Height,0.034,0.319,0.724,0.023,0.0559,0.0392,13.08,8.26,At the point of zero shear,1.35,13.082,8.263,P2011SQF2_Report.pdf,http://ssi.civil.ntua.gr/?page_id=413,(a) Foundation moment capacity (M_c_foot) is experimentally computed from static monotonic pushover tests. (b) Critical contact area ratio (A /A_c) is back-calculated from M_c_foot using statics equations (Gajan and Kutter 2008). (c) Average bearing pressure (q_ult_crit) at the critical contact area (A_c) is back-calculated based on A_c and the total vertical load (P_st).
190,"Anastasopoulos, I., Kourkoulis, R., Gelagoti, F., and Papadopoulos, E. (2012). ""Rocking Response of SDOF Systems on Shallow Improved Sand: An Experimental Study."" Soil Dynam. Earthquake Eng. 40, 15",G. Gazetas,I. Anastasopoulos,"A. Tsatsis, P. Kokkali, E. Papadopoulos",ERC,P2011SQF,"Laboratory of Soil Mechanics, NTUA, Athens, Greece",Small-Scale 1g ,Rigid Soil Container,1.48,0.78,0.65,Servomotor,1,Slow-Cyclic Displacement-Controlled Lateral Loading,pinned connection free to move in the vertical direction,P2011SQF_Connection.jpg,P2011SQF13,18-May-11,5,4,7777,1,0.05,0.000125,0.2236,Model,0.45,7777,2,None,Longstone Sand,0.375,65,9999,3,7777,7777,7777,7777,1511,7777,0,0.075,93,7777,7777,7777,7777,7777,7777,1,7777,7777,7777,7777,7777,7777,7777,7777,7777,7777,7777,7777,Square,Aluminium,0.15,0.15,7777,7777,7777,0,0,0.02,0,0,SDOF,P2011SQF_Heavy_Structure.JPG,Steel,0.424,100.5,0.986,43.8,134.7,9999,71,P2011SQF1_Report.pdf,3.1,7777,3.07,0.432,42,7777,P2011SQF1_Report.pdf,1D Lateral Loading,5,3,0.0225,160,P2011SQF_Load_Protocol_3.pdf,P2011SQF_Load_Protocol_3-04.txt,P2011SQF13.pdf,P2011SQF13-04.txt,M=V*Height,0.049,0.281,1.005,0.0366,0.0808,0.0612,17.05,3.96,At the point of zero shear,1.44,17.045,3.963,P2011SQF2_Report.pdf,http://ssi.civil.ntua.gr/?page_id=413,(a) Foundation moment capacity (M_c_foot) is experimentally computed from static monotonic pushover tests. (b) Critical contact area ratio (A /A_c) is back-calculated from M_c_foot using statics equations (Gajan and Kutter 2008). (c) Average bearing pressure (q_ult_crit) at the critical contact area (A_c) is back-calculated based on A_c and the total vertical load (P_st).
191,"Anastasopoulos, I., Kourkoulis, R., Gelagoti, F., and Papadopoulos, E. (2012). ""Rocking Response of SDOF Systems on Shallow Improved Sand: An Experimental Study."" Soil Dynam. Earthquake Eng. 40, 15",G. Gazetas,I. Anastasopoulos,"A. Tsatsis, P. Kokkali, E. Papadopoulos",ERC,P2011SQF,"Laboratory of Soil Mechanics, NTUA, Athens, Greece",Small-Scale 1g ,Rigid Soil Container,1.48,0.78,0.65,Servomotor,1,Slow-Cyclic Displacement-Controlled Lateral Loading,pinned connection free to move in the vertical direction,P2011SQF_Connection.jpg,P2011SQF13,18-May-11,5,5,7777,1,0.05,0.000125,0.2236,Model,0.45,7777,2,None,Longstone Sand,0.375,65,9999,3,7777,7777,7777,7777,1511,7777,0,0.075,93,7777,7777,7777,7777,7777,7777,1,7777,7777,7777,7777,7777,7777,7777,7777,7777,7777,7777,7777,Square,Aluminium,0.15,0.15,7777,7777,7777,0,0,0.02,0,0,SDOF,P2011SQF_Heavy_Structure.JPG,Steel,0.424,100.5,0.986,43.8,134.7,9999,71,P2011SQF1_Report.pdf,3.1,7777,3.07,0.432,42,7777,P2011SQF1_Report.pdf,1D Lateral Loading,5,3,0.0413,160,P2011SQF_Load_Protocol_3.pdf,P2011SQF_Load_Protocol_3-05.txt,P2011SQF13.pdf,P2011SQF13-05.txt,M=V*Height,0.0828,0.482,1.488,0.0729,8888,8888,23.24,6.19,At the point of zero shear,1.67,23.236,6.19,P2011SQF2_Report.pdf,http://ssi.civil.ntua.gr/?page_id=413,(a) Foundation moment capacity (M_c_foot) is experimentally computed from static monotonic pushover tests. (b) Critical contact area ratio (A /A_c) is back-calculated from M_c_foot using statics equations (Gajan and Kutter 2008). (c) Average bearing pressure (q_ult_crit) at the critical contact area (A_c) is back-calculated based on A_c and the total vertical load (P_st).
192,"Anastasopoulos, I., Kourkoulis, R., Gelagoti, F., and Papadopoulos, E. (2012). ""Rocking Response of SDOF Systems on Shallow Improved Sand: An Experimental Study."" Soil Dynam. Earthquake Eng. 40, 15",G. Gazetas,I. Anastasopoulos,"A. Tsatsis, P. Kokkali, E. Papadopoulos",ERC,P2011SQF,"Laboratory of Soil Mechanics, NTUA, Athens, Greece",Small-Scale 1g ,Rigid Soil Container,1.48,0.78,0.65,Servomotor,1,Monotonic Displacement-Controlled Lateral Loading,pinned connection free to move in the vertical direction,P2011SQF_Connection.jpg,P2011SQF14,20-Apr-11,1,1,7777,1,0.05,0.000125,0.2236,Model,0.45,7777,1,None,Longstone Sand,0.45,93,9999,3,7777,7777,7777,7777,1609,7777,7777,7777,7777,7777,7777,7777,7777,7777,7777,7777,7777,7777,7777,7777,7777,7777,7777,7777,7777,7777,7777,7777,Square,Aluminium,0.15,0.15,7777,7777,7777,0,0,0.02,0,0,SDOF,P2011SQF_Light_Structure.JPG,Steel,0.356,35.3,0.347,15.4,259.6,9999,121.6,P2011SQF1_Report.pdf,16.9,7777,3.07,-0.108,28.8,7777,P2011SQF1_Report.pdf,1D Lateral Loading,1,7777,7777,7777,P2011SQF14_Load_Protocol.pdf,P2011SQF14_Load_Protocol.txt,P2011SQF14.pdf,P2011SQF14-01.txt,M=V*Height,0.174,7777,7777,7777,7777,7777,7777,7777,N/A,1,7777,7777,P2011SQF2_Report.pdf,http://ssi.civil.ntua.gr/?page_id=413,(a) Foundation moment capacity (M_c_foot) is experimentally computed from static monotonic pushover tests. (b) Critical contact area ratio (A /A_c) is back-calculated from M_c_foot using statics equations (Gajan and Kutter 2008). (c) Average bearing pressure (q_ult_crit) at the critical contact area (A_c) is back-calculated based on A_c and the total vertical load (P_st).
193,"Anastasopoulos, I., Kourkoulis, R., Gelagoti, F., and Papadopoulos, E. (2012). ""Rocking Response of SDOF Systems on Shallow Improved Sand: An Experimental Study."" Soil Dynam. Earthquake Eng. 40, 15",G. Gazetas,I. Anastasopoulos,"A. Tsatsis, P. Kokkali, E. Papadopoulos",ERC,P2011SQF,"Laboratory of Soil Mechanics, NTUA, Athens, Greece",Small-Scale 1g ,Rigid Soil Container,1.48,0.78,0.65,Servomotor,1,Slow-Cyclic Displacement-Controlled Lateral Loading,pinned connection free to move in the vertical direction,P2011SQF_Connection.jpg,P2011SQF15,19-Apr-11,14,1,7777,1,0.05,0.000125,0.2236,Model,0.45,7777,1,None,Longstone Sand,0.45,93,9999,3,7777,7777,7777,7777,1609,7777,7777,7777,7777,7777,7777,7777,7777,7777,7777,7777,7777,7777,7777,7777,7777,7777,7777,7777,7777,7777,7777,7777,Square,Aluminium,0.15,0.15,7777,7777,7777,0,0,0.02,0,0,SDOF,P2011SQF_Light_Structure.JPG,Steel,0.356,35.3,0.347,15.4,259.6,9999,121.6,P2011SQF1_Report.pdf,16.9,7777,3.07,-0.108,28.8,7777,P2011SQF1_Report.pdf,1D Lateral Loading,14,1,0.0019,20,P2011SQF_Load_Protocol_1.pdf,P2011SQF_Load_Protocol_1-01.txt,P2011SQF15.pdf,P2011SQF15-01.txt,M=V*Height,0.0034,0.005,0.005,0.0007,0.0006,0.0002,0.17,0.17,At the point of zero shear,0.69,0.171,0.171,P2011SQF2_Report.pdf,http://ssi.civil.ntua.gr/?page_id=413,(a) Foundation moment capacity (M_c_foot) is experimentally computed from static monotonic pushover tests. (b) Critical contact area ratio (A /A_c) is back-calculated from M_c_foot using statics equations (Gajan and Kutter 2008). (c) Average bearing pressure (q_ult_crit) at the critical contact area (A_c) is back-calculated based on A_c and the total vertical load (P_st).
194,"Anastasopoulos, I., Kourkoulis, R., Gelagoti, F., and Papadopoulos, E. (2012). ""Rocking Response of SDOF Systems on Shallow Improved Sand: An Experimental Study."" Soil Dynam. Earthquake Eng. 40, 15",G. Gazetas,I. Anastasopoulos,"A. Tsatsis, P. Kokkali, E. Papadopoulos",ERC,P2011SQF,"Laboratory of Soil Mechanics, NTUA, Athens, Greece",Small-Scale 1g ,Rigid Soil Container,1.48,0.78,0.65,Servomotor,1,Slow-Cyclic Displacement-Controlled Lateral Loading,pinned connection free to move in the vertical direction,P2011SQF_Connection.jpg,P2011SQF15,19-Apr-11,14,2,7777,1,0.05,0.000125,0.2236,Model,0.45,7777,1,None,Longstone Sand,0.45,93,9999,3,7777,7777,7777,7777,1609,7777,7777,7777,7777,7777,7777,7777,7777,7777,7777,7777,7777,7777,7777,7777,7777,7777,7777,7777,7777,7777,7777,7777,Square,Aluminium,0.15,0.15,7777,7777,7777,0,0,0.02,0,0,SDOF,P2011SQF_Light_Structure.JPG,Steel,0.356,35.3,0.347,15.4,259.6,9999,121.6,P2011SQF1_Report.pdf,16.9,7777,3.07,-0.108,28.8,7777,P2011SQF1_Report.pdf,1D Lateral Loading,14,1,0.0038,40,P2011SQF_Load_Protocol_1.pdf,P2011SQF_Load_Protocol_1-02.txt,P2011SQF15.pdf,P2011SQF15-02.txt,M=V*Height,0.0077,0.013,0.018,0.0027,0.0011,0.0003,0.34,0.17,At the point of zero shear,0.79,0.343,0.172,P2011SQF2_Report.pdf,http://ssi.civil.ntua.gr/?page_id=413,(a) Foundation moment capacity (M_c_foot) is experimentally computed from static monotonic pushover tests. (b) Critical contact area ratio (A /A_c) is back-calculated from M_c_foot using statics equations (Gajan and Kutter 2008). (c) Average bearing pressure (q_ult_crit) at the critical contact area (A_c) is back-calculated based on A_c and the total vertical load (P_st).
195,"Anastasopoulos, I., Kourkoulis, R., Gelagoti, F., and Papadopoulos, E. (2012). ""Rocking Response of SDOF Systems on Shallow Improved Sand: An Experimental Study."" Soil Dynam. Earthquake Eng. 40, 15",G. Gazetas,I. Anastasopoulos,"A. Tsatsis, P. Kokkali, E. Papadopoulos",ERC,P2011SQF,"Laboratory of Soil Mechanics, NTUA, Athens, Greece",Small-Scale 1g ,Rigid Soil Container,1.48,0.78,0.65,Servomotor,1,Slow-Cyclic Displacement-Controlled Lateral Loading,pinned connection free to move in the vertical direction,P2011SQF_Connection.jpg,P2011SQF15,19-Apr-11,14,3,7777,1,0.05,0.000125,0.2236,Model,0.45,7777,1,None,Longstone Sand,0.45,93,9999,3,7777,7777,7777,7777,1609,7777,7777,7777,7777,7777,7777,7777,7777,7777,7777,7777,7777,7777,7777,7777,7777,7777,7777,7777,7777,7777,7777,7777,Square,Aluminium,0.15,0.15,7777,7777,7777,0,0,0.02,0,0,SDOF,P2011SQF_Light_Structure.JPG,Steel,0.356,35.3,0.347,15.4,259.6,9999,121.6,P2011SQF1_Report.pdf,16.9,7777,3.07,-0.108,28.8,7777,P2011SQF1_Report.pdf,1D Lateral Loading,14,1,0.0056,60,P2011SQF_Load_Protocol_1.pdf,P2011SQF_Load_Protocol_1-03.txt,P2011SQF15.pdf,P2011SQF15-03.txt,M=V*Height,0.012,0.022,0.04,0.0039,0.0027,0.0011,0.54,0.2,At the point of zero shear,0.89,0.544,0.201,P2011SQF2_Report.pdf,http://ssi.civil.ntua.gr/?page_id=413,(a) Foundation moment capacity (M_c_foot) is experimentally computed from static monotonic pushover tests. (b) Critical contact area ratio (A /A_c) is back-calculated from M_c_foot using statics equations (Gajan and Kutter 2008). (c) Average bearing pressure (q_ult_crit) at the critical contact area (A_c) is back-calculated based on A_c and the total vertical load (P_st).
196,"Anastasopoulos, I., Kourkoulis, R., Gelagoti, F., and Papadopoulos, E. (2012). ""Rocking Response of SDOF Systems on Shallow Improved Sand: An Experimental Study."" Soil Dynam. Earthquake Eng. 40, 15",G. Gazetas,I. Anastasopoulos,"A. Tsatsis, P. Kokkali, E. Papadopoulos",ERC,P2011SQF,"Laboratory of Soil Mechanics, NTUA, Athens, Greece",Small-Scale 1g ,Rigid Soil Container,1.48,0.78,0.65,Servomotor,1,Slow-Cyclic Displacement-Controlled Lateral Loading,pinned connection free to move in the vertical direction,P2011SQF_Connection.jpg,P2011SQF15,19-Apr-11,14,4,7777,1,0.05,0.000125,0.2236,Model,0.45,7777,1,None,Longstone Sand,0.45,93,9999,3,7777,7777,7777,7777,1609,7777,7777,7777,7777,7777,7777,7777,7777,7777,7777,7777,7777,7777,7777,7777,7777,7777,7777,7777,7777,7777,7777,7777,Square,Aluminium,0.15,0.15,7777,7777,7777,0,0,0.02,0,0,SDOF,P2011SQF_Light_Structure.JPG,Steel,0.356,35.3,0.347,15.4,259.6,9999,121.6,P2011SQF1_Report.pdf,16.9,7777,3.07,-0.108,28.8,7777,P2011SQF1_Report.pdf,1D Lateral Loading,14,1,0.0075,80,P2011SQF_Load_Protocol_1.pdf,P2011SQF_Load_Protocol_1-04.txt,P2011SQF15.pdf,P2011SQF15-04.txt,M=V*Height,0.0165,0.031,0.071,0.005,0.0029,0.0015,0.72,0.18,At the point of zero shear,0.93,0.721,0.177,P2011SQF2_Report.pdf,http://ssi.civil.ntua.gr/?page_id=413,(a) Foundation moment capacity (M_c_foot) is experimentally computed from static monotonic pushover tests. (b) Critical contact area ratio (A /A_c) is back-calculated from M_c_foot using statics equations (Gajan and Kutter 2008). (c) Average bearing pressure (q_ult_crit) at the critical contact area (A_c) is back-calculated based on A_c and the total vertical load (P_st).
197,"Anastasopoulos, I., Kourkoulis, R., Gelagoti, F., and Papadopoulos, E. (2012). ""Rocking Response of SDOF Systems on Shallow Improved Sand: An Experimental Study."" Soil Dynam. Earthquake Eng. 40, 15",G. Gazetas,I. Anastasopoulos,"A. Tsatsis, P. Kokkali, E. Papadopoulos",ERC,P2011SQF,"Laboratory of Soil Mechanics, NTUA, Athens, Greece",Small-Scale 1g ,Rigid Soil Container,1.48,0.78,0.65,Servomotor,1,Slow-Cyclic Displacement-Controlled Lateral Loading,pinned connection free to move in the vertical direction,P2011SQF_Connection.jpg,P2011SQF15,19-Apr-11,14,5,7777,1,0.05,0.000125,0.2236,Model,0.45,7777,1,None,Longstone Sand,0.45,93,9999,3,7777,7777,7777,7777,1609,7777,7777,7777,7777,7777,7777,7777,7777,7777,7777,7777,7777,7777,7777,7777,7777,7777,7777,7777,7777,7777,7777,7777,Square,Aluminium,0.15,0.15,7777,7777,7777,0,0,0.02,0,0,SDOF,P2011SQF_Light_Structure.JPG,Steel,0.356,35.3,0.347,15.4,259.6,9999,121.6,P2011SQF1_Report.pdf,16.9,7777,3.07,-0.108,28.8,7777,P2011SQF1_Report.pdf,1D Lateral Loading,14,1,0.0094,100,P2011SQF_Load_Protocol_1.pdf,P2011SQF_Load_Protocol_1-05.txt,P2011SQF15.pdf,P2011SQF15-05.txt,M=V*Height,0.021,0.04,0.111,0.0064,0.0036,0.0036,0.91,0.19,At the point of zero shear,0.97,0.914,0.193,P2011SQF2_Report.pdf,http://ssi.civil.ntua.gr/?page_id=413,(a) Foundation moment capacity (M_c_foot) is experimentally computed from static monotonic pushover tests. (b) Critical contact area ratio (A /A_c) is back-calculated from M_c_foot using statics equations (Gajan and Kutter 2008). (c) Average bearing pressure (q_ult_crit) at the critical contact area (A_c) is back-calculated based on A_c and the total vertical load (P_st).
198,"Anastasopoulos, I., Kourkoulis, R., Gelagoti, F., and Papadopoulos, E. (2012). ""Rocking Response of SDOF Systems on Shallow Improved Sand: An Experimental Study."" Soil Dynam. Earthquake Eng. 40, 15",G. Gazetas,I. Anastasopoulos,"A. Tsatsis, P. Kokkali, E. Papadopoulos",ERC,P2011SQF,"Laboratory of Soil Mechanics, NTUA, Athens, Greece",Small-Scale 1g ,Rigid Soil Container,1.48,0.78,0.65,Servomotor,1,Slow-Cyclic Displacement-Controlled Lateral Loading,pinned connection free to move in the vertical direction,P2011SQF_Connection.jpg,P2011SQF15,19-Apr-11,14,6,7777,1,0.05,0.000125,0.2236,Model,0.45,7777,1,None,Longstone Sand,0.45,93,9999,3,7777,7777,7777,7777,1609,7777,7777,7777,7777,7777,7777,7777,7777,7777,7777,7777,7777,7777,7777,7777,7777,7777,7777,7777,7777,7777,7777,7777,Square,Aluminium,0.15,0.15,7777,7777,7777,0,0,0.02,0,0,SDOF,P2011SQF_Light_Structure.JPG,Steel,0.356,35.3,0.347,15.4,259.6,9999,121.6,P2011SQF1_Report.pdf,16.9,7777,3.07,-0.108,28.8,7777,P2011SQF1_Report.pdf,1D Lateral Loading,14,1,0.0113,120,P2011SQF_Load_Protocol_1.pdf,P2011SQF_Load_Protocol_1-06.txt,P2011SQF15.pdf,P2011SQF15-06.txt,M=V*Height,0.0254,0.049,0.16,0.0077,0.0046,0.0048,1.08,0.17,At the point of zero shear,0.98,1.085,0.171,P2011SQF2_Report.pdf,http://ssi.civil.ntua.gr/?page_id=413,(a) Foundation moment capacity (M_c_foot) is experimentally computed from static monotonic pushover tests. (b) Critical contact area ratio (A /A_c) is back-calculated from M_c_foot using statics equations (Gajan and Kutter 2008). (c) Average bearing pressure (q_ult_crit) at the critical contact area (A_c) is back-calculated based on A_c and the total vertical load (P_st).
199,"Anastasopoulos, I., Kourkoulis, R., Gelagoti, F., and Papadopoulos, E. (2012). ""Rocking Response of SDOF Systems on Shallow Improved Sand: An Experimental Study."" Soil Dynam. Earthquake Eng. 40, 15",G. Gazetas,I. Anastasopoulos,"A. Tsatsis, P. Kokkali, E. Papadopoulos",ERC,P2011SQF,"Laboratory of Soil Mechanics, NTUA, Athens, Greece",Small-Scale 1g ,Rigid Soil Container,1.48,0.78,0.65,Servomotor,1,Slow-Cyclic Displacement-Controlled Lateral Loading,pinned connection free to move in the vertical direction,P2011SQF_Connection.jpg,P2011SQF15,19-Apr-11,14,7,7777,1,0.05,0.000125,0.2236,Model,0.45,7777,1,None,Longstone Sand,0.45,93,9999,3,7777,7777,7777,7777,1609,7777,7777,7777,7777,7777,7777,7777,7777,7777,7777,7777,7777,7777,7777,7777,7777,7777,7777,7777,7777,7777,7777,7777,Square,Aluminium,0.15,0.15,7777,7777,7777,0,0,0.02,0,0,SDOF,P2011SQF_Light_Structure.JPG,Steel,0.356,35.3,0.347,15.4,259.6,9999,121.6,P2011SQF1_Report.pdf,16.9,7777,3.07,-0.108,28.8,7777,P2011SQF1_Report.pdf,1D Lateral Loading,14,1,0.0131,140,P2011SQF_Load_Protocol_1.pdf,P2011SQF_Load_Protocol_1-07.txt,P2011SQF15.pdf,P2011SQF15-07.txt,M=V*Height,0.0299,0.058,0.218,0.0093,0.0054,0.0069,1.26,0.18,At the point of zero shear,0.99,1.263,0.178,P2011SQF2_Report.pdf,http://ssi.civil.ntua.gr/?page_id=413,(a) Foundation moment capacity (M_c_foot) is experimentally computed from static monotonic pushover tests. (b) Critical contact area ratio (A /A_c) is back-calculated from M_c_foot using statics equations (Gajan and Kutter 2008). (c) Average bearing pressure (q_ult_crit) at the critical contact area (A_c) is back-calculated based on A_c and the total vertical load (P_st).
200,"Anastasopoulos, I., Kourkoulis, R., Gelagoti, F., and Papadopoulos, E. (2012). ""Rocking Response of SDOF Systems on Shallow Improved Sand: An Experimental Study."" Soil Dynam. Earthquake Eng. 40, 15",G. Gazetas,I. Anastasopoulos,"A. Tsatsis, P. Kokkali, E. Papadopoulos",ERC,P2011SQF,"Laboratory of Soil Mechanics, NTUA, Athens, Greece",Small-Scale 1g ,Rigid Soil Container,1.48,0.78,0.65,Servomotor,1,Slow-Cyclic Displacement-Controlled Lateral Loading,pinned connection free to move in the vertical direction,P2011SQF_Connection.jpg,P2011SQF15,19-Apr-11,14,8,7777,1,0.05,0.000125,0.2236,Model,0.45,7777,1,None,Longstone Sand,0.45,93,9999,3,7777,7777,7777,7777,1609,7777,7777,7777,7777,7777,7777,7777,7777,7777,7777,7777,7777,7777,7777,7777,7777,7777,7777,7777,7777,7777,7777,7777,Square,Aluminium,0.15,0.15,7777,7777,7777,0,0,0.02,0,0,SDOF,P2011SQF_Light_Structure.JPG,Steel,0.356,35.3,0.347,15.4,259.6,9999,121.6,P2011SQF1_Report.pdf,16.9,7777,3.07,-0.108,28.8,7777,P2011SQF1_Report.pdf,1D Lateral Loading,14,1,0.015,160,P2011SQF_Load_Protocol_1.pdf,P2011SQF_Load_Protocol_1-08.txt,P2011SQF15.pdf,P2011SQF15-08.txt,M=V*Height,0.0341,0.066,0.284,0.011,0.0065,0.0087,1.49,0.23,At the point of zero shear,0.97,1.491,0.228,P2011SQF2_Report.pdf,http://ssi.civil.ntua.gr/?page_id=413,(a) Foundation moment capacity (M_c_foot) is experimentally computed from static monotonic pushover tests. (b) Critical contact area ratio (A /A_c) is back-calculated from M_c_foot using statics equations (Gajan and Kutter 2008). (c) Average bearing pressure (q_ult_crit) at the critical contact area (A_c) is back-calculated based on A_c and the total vertical load (P_st).
201,"Anastasopoulos, I., Kourkoulis, R., Gelagoti, F., and Papadopoulos, E. (2012). ""Rocking Response of SDOF Systems on Shallow Improved Sand: An Experimental Study."" Soil Dynam. Earthquake Eng. 40, 15",G. Gazetas,I. Anastasopoulos,"A. Tsatsis, P. Kokkali, E. Papadopoulos",ERC,P2011SQF,"Laboratory of Soil Mechanics, NTUA, Athens, Greece",Small-Scale 1g ,Rigid Soil Container,1.48,0.78,0.65,Servomotor,1,Slow-Cyclic Displacement-Controlled Lateral Loading,pinned connection free to move in the vertical direction,P2011SQF_Connection.jpg,P2011SQF15,19-Apr-11,14,9,7777,1,0.05,0.000125,0.2236,Model,0.45,7777,1,None,Longstone Sand,0.45,93,9999,3,7777,7777,7777,7777,1609,7777,7777,7777,7777,7777,7777,7777,7777,7777,7777,7777,7777,7777,7777,7777,7777,7777,7777,7777,7777,7777,7777,7777,Square,Aluminium,0.15,0.15,7777,7777,7777,0,0,0.02,0,0,SDOF,P2011SQF_Light_Structure.JPG,Steel,0.356,35.3,0.347,15.4,259.6,9999,121.6,P2011SQF1_Report.pdf,16.9,7777,3.07,-0.108,28.8,7777,P2011SQF1_Report.pdf,1D Lateral Loading,14,1,0.0169,180,P2011SQF_Load_Protocol_1.pdf,P2011SQF_Load_Protocol_1-09.txt,P2011SQF15.pdf,P2011SQF15-09.txt,M=V*Height,0.0385,0.075,0.359,0.0131,0.0079,0.01,1.65,0.16,At the point of zero shear,0.96,1.65,0.159,P2011SQF2_Report.pdf,http://ssi.civil.ntua.gr/?page_id=413,(a) Foundation moment capacity (M_c_foot) is experimentally computed from static monotonic pushover tests. (b) Critical contact area ratio (A /A_c) is back-calculated from M_c_foot using statics equations (Gajan and Kutter 2008). (c) Average bearing pressure (q_ult_crit) at the critical contact area (A_c) is back-calculated based on A_c and the total vertical load (P_st).
202,"Anastasopoulos, I., Kourkoulis, R., Gelagoti, F., and Papadopoulos, E. (2012). ""Rocking Response of SDOF Systems on Shallow Improved Sand: An Experimental Study."" Soil Dynam. Earthquake Eng. 40, 15",G. Gazetas,I. Anastasopoulos,"A. Tsatsis, P. Kokkali, E. Papadopoulos",ERC,P2011SQF,"Laboratory of Soil Mechanics, NTUA, Athens, Greece",Small-Scale 1g ,Rigid Soil Container,1.48,0.78,0.65,Servomotor,1,Slow-Cyclic Displacement-Controlled Lateral Loading,pinned connection free to move in the vertical direction,P2011SQF_Connection.jpg,P2011SQF15,19-Apr-11,14,10,7777,1,0.05,0.000125,0.2236,Model,0.45,7777,1,None,Longstone Sand,0.45,93,9999,3,7777,7777,7777,7777,1609,7777,7777,7777,7777,7777,7777,7777,7777,7777,7777,7777,7777,7777,7777,7777,7777,7777,7777,7777,7777,7777,7777,7777,Square,Aluminium,0.15,0.15,7777,7777,7777,0,0,0.02,0,0,SDOF,P2011SQF_Light_Structure.JPG,Steel,0.356,35.3,0.347,15.4,259.6,9999,121.6,P2011SQF1_Report.pdf,16.9,7777,3.07,-0.108,28.8,7777,P2011SQF1_Report.pdf,1D Lateral Loading,14,1,0.0188,200,P2011SQF_Load_Protocol_1.pdf,P2011SQF_Load_Protocol_1-10.txt,P2011SQF15.pdf,P2011SQF15-10.txt,M=V*Height,0.0428,0.084,0.443,0.015,0.0082,0.0117,1.81,0.16,At the point of zero shear,0.95,1.814,0.164,P2011SQF2_Report.pdf,http://ssi.civil.ntua.gr/?page_id=413,(a) Foundation moment capacity (M_c_foot) is experimentally computed from static monotonic pushover tests. (b) Critical contact area ratio (A /A_c) is back-calculated from M_c_foot using statics equations (Gajan and Kutter 2008). (c) Average bearing pressure (q_ult_crit) at the critical contact area (A_c) is back-calculated based on A_c and the total vertical load (P_st).
203,"Anastasopoulos, I., Kourkoulis, R., Gelagoti, F., and Papadopoulos, E. (2012). ""Rocking Response of SDOF Systems on Shallow Improved Sand: An Experimental Study."" Soil Dynam. Earthquake Eng. 40, 15",G. Gazetas,I. Anastasopoulos,"A. Tsatsis, P. Kokkali, E. Papadopoulos",ERC,P2011SQF,"Laboratory of Soil Mechanics, NTUA, Athens, Greece",Small-Scale 1g ,Rigid Soil Container,1.48,0.78,0.65,Servomotor,1,Slow-Cyclic Displacement-Controlled Lateral Loading,pinned connection free to move in the vertical direction,P2011SQF_Connection.jpg,P2011SQF15,19-Apr-11,14,11,7777,1,0.05,0.000125,0.2236,Model,0.45,7777,1,None,Longstone Sand,0.45,93,9999,3,7777,7777,7777,7777,1609,7777,7777,7777,7777,7777,7777,7777,7777,7777,7777,7777,7777,7777,7777,7777,7777,7777,7777,7777,7777,7777,7777,7777,Square,Aluminium,0.15,0.15,7777,7777,7777,0,0,0.02,0,0,SDOF,P2011SQF_Light_Structure.JPG,Steel,0.356,35.3,0.347,15.4,259.6,9999,121.6,P2011SQF1_Report.pdf,16.9,7777,3.07,-0.108,28.8,7777,P2011SQF1_Report.pdf,1D Lateral Loading,14,1,0.0244,260,P2011SQF_Load_Protocol_1.pdf,P2011SQF_Load_Protocol_1-11.txt,P2011SQF15.pdf,P2011SQF15-11.txt,M=V*Height,0.054,0.106,0.549,0.0199,0.0096,0.0154,2,0.18,At the point of zero shear,0.97,1.999,0.184,P2011SQF2_Report.pdf,http://ssi.civil.ntua.gr/?page_id=413,(a) Foundation moment capacity (M_c_foot) is experimentally computed from static monotonic pushover tests. (b) Critical contact area ratio (A /A_c) is back-calculated from M_c_foot using statics equations (Gajan and Kutter 2008). (c) Average bearing pressure (q_ult_crit) at the critical contact area (A_c) is back-calculated based on A_c and the total vertical load (P_st).
204,"Anastasopoulos, I., Kourkoulis, R., Gelagoti, F., and Papadopoulos, E. (2012). ""Rocking Response of SDOF Systems on Shallow Improved Sand: An Experimental Study."" Soil Dynam. Earthquake Eng. 40, 15",G. Gazetas,I. Anastasopoulos,"A. Tsatsis, P. Kokkali, E. Papadopoulos",ERC,P2011SQF,"Laboratory of Soil Mechanics, NTUA, Athens, Greece",Small-Scale 1g ,Rigid Soil Container,1.48,0.78,0.65,Servomotor,1,Slow-Cyclic Displacement-Controlled Lateral Loading,pinned connection free to move in the vertical direction,P2011SQF_Connection.jpg,P2011SQF15,19-Apr-11,14,12,7777,1,0.05,0.000125,0.2236,Model,0.45,7777,1,None,Longstone Sand,0.45,93,9999,3,7777,7777,7777,7777,1609,7777,7777,7777,7777,7777,7777,7777,7777,7777,7777,7777,7777,7777,7777,7777,7777,7777,7777,7777,7777,7777,7777,7777,Square,Aluminium,0.15,0.15,7777,7777,7777,0,0,0.02,0,0,SDOF,P2011SQF_Light_Structure.JPG,Steel,0.356,35.3,0.347,15.4,259.6,9999,121.6,P2011SQF1_Report.pdf,16.9,7777,3.07,-0.108,28.8,7777,P2011SQF1_Report.pdf,1D Lateral Loading,14,1,0.03,320,P2011SQF_Load_Protocol_1.pdf,P2011SQF_Load_Protocol_1-12.txt,P2011SQF15.pdf,P2011SQF15-12.txt,M=V*Height,0.0654,0.129,0.677,0.0287,0.0109,0.0191,2.08,0.08,At the point of zero shear,0.97,2.082,0.083,P2011SQF2_Report.pdf,http://ssi.civil.ntua.gr/?page_id=413,(a) Foundation moment capacity (M_c_foot) is experimentally computed from static monotonic pushover tests. (b) Critical contact area ratio (A /A_c) is back-calculated from M_c_foot using statics equations (Gajan and Kutter 2008). (c) Average bearing pressure (q_ult_crit) at the critical contact area (A_c) is back-calculated based on A_c and the total vertical load (P_st).
205,"Anastasopoulos, I., Kourkoulis, R., Gelagoti, F., and Papadopoulos, E. (2012). ""Rocking Response of SDOF Systems on Shallow Improved Sand: An Experimental Study."" Soil Dynam. Earthquake Eng. 40, 15",G. Gazetas,I. Anastasopoulos,"A. Tsatsis, P. Kokkali, E. Papadopoulos",ERC,P2011SQF,"Laboratory of Soil Mechanics, NTUA, Athens, Greece",Small-Scale 1g ,Rigid Soil Container,1.48,0.78,0.65,Servomotor,1,Slow-Cyclic Displacement-Controlled Lateral Loading,pinned connection free to move in the vertical direction,P2011SQF_Connection.jpg,P2011SQF15,19-Apr-11,14,13,7777,1,0.05,0.000125,0.2236,Model,0.45,7777,1,None,Longstone Sand,0.45,93,9999,3,7777,7777,7777,7777,1609,7777,7777,7777,7777,7777,7777,7777,7777,7777,7777,7777,7777,7777,7777,7777,7777,7777,7777,7777,7777,7777,7777,7777,Square,Aluminium,0.15,0.15,7777,7777,7777,0,0,0.02,0,0,SDOF,P2011SQF_Light_Structure.JPG,Steel,0.356,35.3,0.347,15.4,259.6,9999,121.6,P2011SQF1_Report.pdf,16.9,7777,3.07,-0.108,28.8,7777,P2011SQF1_Report.pdf,1D Lateral Loading,14,1,0.0356,380,P2011SQF_Load_Protocol_1.pdf,P2011SQF_Load_Protocol_1-13.txt,P2011SQF15.pdf,P2011SQF15-13.txt,M=V*Height,0.076,0.15,0.827,0.0425,0.0128,0.018,2.79,0.71,At the point of zero shear,0.93,2.791,0.71,P2011SQF2_Report.pdf,http://ssi.civil.ntua.gr/?page_id=413,(a) Foundation moment capacity (M_c_foot) is experimentally computed from static monotonic pushover tests. (b) Critical contact area ratio (A /A_c) is back-calculated from M_c_foot using statics equations (Gajan and Kutter 2008). (c) Average bearing pressure (q_ult_crit) at the critical contact area (A_c) is back-calculated based on A_c and the total vertical load (P_st).
206,"Anastasopoulos, I., Kourkoulis, R., Gelagoti, F., and Papadopoulos, E. (2012). ""Rocking Response of SDOF Systems on Shallow Improved Sand: An Experimental Study."" Soil Dynam. Earthquake Eng. 40, 15",G. Gazetas,I. Anastasopoulos,"A. Tsatsis, P. Kokkali, E. Papadopoulos",ERC,P2011SQF,"Laboratory of Soil Mechanics, NTUA, Athens, Greece",Small-Scale 1g ,Rigid Soil Container,1.48,0.78,0.65,Servomotor,1,Slow-Cyclic Displacement-Controlled Lateral Loading,pinned connection free to move in the vertical direction,P2011SQF_Connection.jpg,P2011SQF15,19-Apr-11,14,14,7777,1,0.05,0.000125,0.2236,Model,0.45,7777,1,None,Longstone Sand,0.45,93,9999,3,7777,7777,7777,7777,1609,7777,7777,7777,7777,7777,7777,7777,7777,7777,7777,7777,7777,7777,7777,7777,7777,7777,7777,7777,7777,7777,7777,7777,Square,Aluminium,0.15,0.15,7777,7777,7777,0,0,0.02,0,0,SDOF,P2011SQF_Light_Structure.JPG,Steel,0.356,35.3,0.347,15.4,259.6,9999,121.6,P2011SQF1_Report.pdf,16.9,7777,3.07,-0.108,28.8,7777,P2011SQF1_Report.pdf,1D Lateral Loading,14,1,0.0413,440,P2011SQF_Load_Protocol_1.pdf,P2011SQF_Load_Protocol_1-14.txt,P2011SQF15.pdf,P2011SQF15-14.txt,M=V*Height,0.0868,0.172,0.999,0.0538,0.0147,0.0213,3.18,0.39,At the point of zero shear,1.01,3.181,0.39,P2011SQF2_Report.pdf,http://ssi.civil.ntua.gr/?page_id=413,(a) Foundation moment capacity (M_c_foot) is experimentally computed from static monotonic pushover tests. (b) Critical contact area ratio (A /A_c) is back-calculated from M_c_foot using statics equations (Gajan and Kutter 2008). (c) Average bearing pressure (q_ult_crit) at the critical contact area (A_c) is back-calculated based on A_c and the total vertical load (P_st).
207,"Anastasopoulos, I., Kourkoulis, R., Gelagoti, F., and Papadopoulos, E. (2012). ""Rocking Response of SDOF Systems on Shallow Improved Sand: An Experimental Study."" Soil Dynam. Earthquake Eng. 40, 15",G. Gazetas,I. Anastasopoulos,"A. Tsatsis, P. Kokkali, E. Papadopoulos",ERC,P2011SQF,"Laboratory of Soil Mechanics, NTUA, Athens, Greece",Small-Scale 1g ,Rigid Soil Container,1.48,0.78,0.65,Servomotor,1,Slow-Cyclic Displacement-Controlled Lateral Loading,pinned connection free to move in the vertical direction,P2011SQF_Connection.jpg,P2011SQF16,10-May-11,5,1,7777,1,0.05,0.000125,0.2236,Model,0.45,7777,1,None,Longstone Sand,0.45,93,9999,3,7777,7777,7777,7777,1609,7777,7777,7777,7777,7777,7777,7777,7777,7777,7777,7777,7777,7777,7777,7777,7777,7777,7777,7777,7777,7777,7777,7777,Square,Aluminium,0.15,0.15,7777,7777,7777,0,0,0.02,0,0,SDOF,P2011SQF_Light_Structure.JPG,Steel,0.356,35.3,0.347,15.4,259.6,9999,121.6,P2011SQF1_Report.pdf,16.9,7777,3.07,-0.108,28.8,7777,P2011SQF1_Report.pdf,1D Lateral Loading,5,10,0.0038,40,P2011SQF_Load_Protocol_3.pdf,P2011SQF_Load_Protocol_3-01.txt,P2011SQF16.pdf,P2011SQF16-01.txt,M=V*Height,0.0082,0.13,0.13,0.0029,0.0103,0.0037,1.11,1.11,At the point of zero shear,0.82,1.114,1.114,P2011SQF2_Report.pdf,http://ssi.civil.ntua.gr/?page_id=413,(a) Foundation moment capacity (M_c_foot) is experimentally computed from static monotonic pushover tests. (b) Critical contact area ratio (A /A_c) is back-calculated from M_c_foot using statics equations (Gajan and Kutter 2008). (c) Average bearing pressure (q_ult_crit) at the critical contact area (A_c) is back-calculated based on A_c and the total vertical load (P_st).
208,"Anastasopoulos, I., Kourkoulis, R., Gelagoti, F., and Papadopoulos, E. (2012). ""Rocking Response of SDOF Systems on Shallow Improved Sand: An Experimental Study."" Soil Dynam. Earthquake Eng. 40, 15",G. Gazetas,I. Anastasopoulos,"A. Tsatsis, P. Kokkali, E. Papadopoulos",ERC,P2011SQF,"Laboratory of Soil Mechanics, NTUA, Athens, Greece",Small-Scale 1g ,Rigid Soil Container,1.48,0.78,0.65,Servomotor,1,Slow-Cyclic Displacement-Controlled Lateral Loading,pinned connection free to move in the vertical direction,P2011SQF_Connection.jpg,P2011SQF16,10-May-11,5,2,7777,1,0.05,0.000125,0.2236,Model,0.45,7777,1,None,Longstone Sand,0.45,93,9999,3,7777,7777,7777,7777,1609,7777,7777,7777,7777,7777,7777,7777,7777,7777,7777,7777,7777,7777,7777,7777,7777,7777,7777,7777,7777,7777,7777,7777,Square,Aluminium,0.15,0.15,7777,7777,7777,0,0,0.02,0,0,SDOF,P2011SQF_Light_Structure.JPG,Steel,0.356,35.3,0.347,15.4,259.6,9999,121.6,P2011SQF1_Report.pdf,16.9,7777,3.07,-0.108,28.8,7777,P2011SQF1_Report.pdf,1D Lateral Loading,5,10,0.0075,55,P2011SQF_Load_Protocol_3.pdf,P2011SQF_Load_Protocol_3-02.txt,P2011SQF16.pdf,P2011SQF16-02.txt,M=V*Height,0.0171,0.3,0.43,0.0028,0.0278,0.006,1.93,0.81,At the point of zero shear,0.88,1.926,0.811,P2011SQF2_Report.pdf,http://ssi.civil.ntua.gr/?page_id=413,(a) Foundation moment capacity (M_c_foot) is experimentally computed from static monotonic pushover tests. (b) Critical contact area ratio (A /A_c) is back-calculated from M_c_foot using statics equations (Gajan and Kutter 2008). (c) Average bearing pressure (q_ult_crit) at the critical contact area (A_c) is back-calculated based on A_c and the total vertical load (P_st).
209,"Anastasopoulos, I., Kourkoulis, R., Gelagoti, F., and Papadopoulos, E. (2012). ""Rocking Response of SDOF Systems on Shallow Improved Sand: An Experimental Study."" Soil Dynam. Earthquake Eng. 40, 15",G. Gazetas,I. Anastasopoulos,"A. Tsatsis, P. Kokkali, E. Papadopoulos",ERC,P2011SQF,"Laboratory of Soil Mechanics, NTUA, Athens, Greece",Small-Scale 1g ,Rigid Soil Container,1.48,0.78,0.65,Servomotor,1,Slow-Cyclic Displacement-Controlled Lateral Loading,pinned connection free to move in the vertical direction,P2011SQF_Connection.jpg,P2011SQF16,10-May-11,5,3,7777,1,0.05,0.000125,0.2236,Model,0.45,7777,1,None,Longstone Sand,0.45,93,9999,3,7777,7777,7777,7777,1609,7777,7777,7777,7777,7777,7777,7777,7777,7777,7777,7777,7777,7777,7777,7777,7777,7777,7777,7777,7777,7777,7777,7777,Square,Aluminium,0.15,0.15,7777,7777,7777,0,0,0.02,0,0,SDOF,P2011SQF_Light_Structure.JPG,Steel,0.356,35.3,0.347,15.4,259.6,9999,121.6,P2011SQF1_Report.pdf,16.9,7777,3.07,-0.108,28.8,7777,P2011SQF1_Report.pdf,1D Lateral Loading,5,5,0.015,110,P2011SQF_Load_Protocol_3.pdf,P2011SQF_Load_Protocol_3-03.txt,P2011SQF16.pdf,P2011SQF16-03.txt,M=V*Height,0.0339,0.32,0.75,0.0075,0.0581,0.0155,2.5,0.57,At the point of zero shear,0.9,2.496,0.57,P2011SQF2_Report.pdf,http://ssi.civil.ntua.gr/?page_id=413,(a) Foundation moment capacity (M_c_foot) is experimentally computed from static monotonic pushover tests. (b) Critical contact area ratio (A /A_c) is back-calculated from M_c_foot using statics equations (Gajan and Kutter 2008). (c) Average bearing pressure (q_ult_crit) at the critical contact area (A_c) is back-calculated based on A_c and the total vertical load (P_st).
210,"Anastasopoulos, I., Kourkoulis, R., Gelagoti, F., and Papadopoulos, E. (2012). ""Rocking Response of SDOF Systems on Shallow Improved Sand: An Experimental Study."" Soil Dynam. Earthquake Eng. 40, 15",G. Gazetas,I. Anastasopoulos,"A. Tsatsis, P. Kokkali, E. Papadopoulos",ERC,P2011SQF,"Laboratory of Soil Mechanics, NTUA, Athens, Greece",Small-Scale 1g ,Rigid Soil Container,1.48,0.78,0.65,Servomotor,1,Slow-Cyclic Displacement-Controlled Lateral Loading,pinned connection free to move in the vertical direction,P2011SQF_Connection.jpg,P2011SQF16,10-May-11,5,4,7777,1,0.05,0.000125,0.2236,Model,0.45,7777,1,None,Longstone Sand,0.45,93,9999,3,7777,7777,7777,7777,1609,7777,7777,7777,7777,7777,7777,7777,7777,7777,7777,7777,7777,7777,7777,7777,7777,7777,7777,7777,7777,7777,7777,7777,Square,Aluminium,0.15,0.15,7777,7777,7777,0,0,0.02,0,0,SDOF,P2011SQF_Light_Structure.JPG,Steel,0.356,35.3,0.347,15.4,259.6,9999,121.6,P2011SQF1_Report.pdf,16.9,7777,3.07,-0.108,28.8,7777,P2011SQF1_Report.pdf,1D Lateral Loading,5,3,0.0225,160,P2011SQF_Load_Protocol_3.pdf,P2011SQF_Load_Protocol_3-04.txt,P2011SQF16.pdf,P2011SQF16-04.txt,M=V*Height,0.0517,0.3,1.05,0.0148,0.0901,0.0262,2.87,0.38,At the point of zero shear,0.93,2.874,0.378,P2011SQF2_Report.pdf,http://ssi.civil.ntua.gr/?page_id=413,(a) Foundation moment capacity (M_c_foot) is experimentally computed from static monotonic pushover tests. (b) Critical contact area ratio (A /A_c) is back-calculated from M_c_foot using statics equations (Gajan and Kutter 2008). (c) Average bearing pressure (q_ult_crit) at the critical contact area (A_c) is back-calculated based on A_c and the total vertical load (P_st).
211,"Anastasopoulos, I., Kourkoulis, R., Gelagoti, F., and Papadopoulos, E. (2012). ""Rocking Response of SDOF Systems on Shallow Improved Sand: An Experimental Study."" Soil Dynam. Earthquake Eng. 40, 15",G. Gazetas,I. Anastasopoulos,"A. Tsatsis, P. Kokkali, E. Papadopoulos",ERC,P2011SQF,"Laboratory of Soil Mechanics, NTUA, Athens, Greece",Small-Scale 1g ,Rigid Soil Container,1.48,0.78,0.65,Servomotor,1,Slow-Cyclic Displacement-Controlled Lateral Loading,pinned connection free to move in the vertical direction,P2011SQF_Connection.jpg,P2011SQF16,10-May-11,5,5,7777,1,0.05,0.000125,0.2236,Model,0.45,7777,1,None,Longstone Sand,0.45,93,9999,3,7777,7777,7777,7777,1609,7777,7777,7777,7777,7777,7777,7777,7777,7777,7777,7777,7777,7777,7777,7777,7777,7777,7777,7777,7777,7777,7777,7777,Square,Aluminium,0.15,0.15,7777,7777,7777,0,0,0.02,0,0,SDOF,P2011SQF_Light_Structure.JPG,Steel,0.356,35.3,0.347,15.4,259.6,9999,121.6,P2011SQF1_Report.pdf,16.9,7777,3.07,-0.108,28.8,7777,P2011SQF1_Report.pdf,1D Lateral Loading,5,3,0.0413,160,P2011SQF_Load_Protocol_3.pdf,P2011SQF_Load_Protocol_3-05.txt,P2011SQF16.pdf,P2011SQF16-05.txt,M=V*Height,0.0875,0.502,1.552,0.0397,0.16,0.066,3.33,0.46,At the point of zero shear,0.92,3.33,0.456,P2011SQF2_Report.pdf,http://ssi.civil.ntua.gr/?page_id=413,(a) Foundation moment capacity (M_c_foot) is experimentally computed from static monotonic pushover tests. (b) Critical contact area ratio (A /A_c) is back-calculated from M_c_foot using statics equations (Gajan and Kutter 2008). (c) Average bearing pressure (q_ult_crit) at the critical contact area (A_c) is back-calculated based on A_c and the total vertical load (P_st).
212,"Anastasopoulos, I., Kourkoulis, R., Gelagoti, F., and Papadopoulos, E. (2012). ""Rocking Response of SDOF Systems on Shallow Improved Sand: An Experimental Study."" Soil Dynam. Earthquake Eng. 40, 15",G. Gazetas,I. Anastasopoulos,"A. Tsatsis, P. Kokkali, E. Papadopoulos",ERC,P2011SQF,"Laboratory of Soil Mechanics, NTUA, Athens, Greece",Small-Scale 1g ,Rigid Soil Container,1.48,0.78,0.65,Servomotor,1,Monotonic Displacement-Controlled Lateral Loading,pinned connection free to move in the vertical direction,P2011SQF_Connection.jpg,P2011SQF17,13-May-11,1,1,7777,1,0.05,0.000125,0.2236,Model,0.45,7777,1,None,Longstone Sand,0.45,45,9999,3,7777,7777,7777,7777,1448,7777,7777,7777,7777,7777,7777,7777,7777,7777,7777,7777,7777,7777,7777,7777,7777,7777,7777,7777,7777,7777,7777,7777,Square,Aluminium,0.15,0.15,7777,7777,7777,0,0,0.02,0,0,SDOF,P2011SQF_Light_Structure.JPG,Steel,0.356,35.3,0.347,15.4,75.6,9999,26.4,P2011SQF1_Report.pdf,4.9,7777,3.07,0.372,16.3,7777,P2011SQF1_Report.pdf,1D Lateral Loading,1,7777,7777,7777,P2011SQF17_Load_Protocol.pdf,P2011SQF17_Load_Protocol.txt,P2011SQF17.pdf,P2011SQF17-01.txt,M=V*Height,0.147,7777,7777,7777,7777,7777,7777,7777,N/A,1.1,7777,7777,P2011SQF2_Report.pdf,http://ssi.civil.ntua.gr/?page_id=413,(a) Foundation moment capacity (M_c_foot) is experimentally computed from static monotonic pushover tests. (b) Critical contact area ratio (A /A_c) is back-calculated from M_c_foot using statics equations (Gajan and Kutter 2008). (c) Average bearing pressure (q_ult_crit) at the critical contact area (A_c) is back-calculated based on A_c and the total vertical load (P_st).
213,"Anastasopoulos, I., Kourkoulis, R., Gelagoti, F., and Papadopoulos, E. (2012). ""Rocking Response of SDOF Systems on Shallow Improved Sand: An Experimental Study."" Soil Dynam. Earthquake Eng. 40, 15",G. Gazetas,I. Anastasopoulos,"A. Tsatsis, P. Kokkali, E. Papadopoulos",ERC,P2011SQF,"Laboratory of Soil Mechanics, NTUA, Athens, Greece",Small-Scale 1g ,Rigid Soil Container,1.48,0.78,0.65,Servomotor,1,Slow-Cyclic Displacement-Controlled Lateral Loading,pinned connection free to move in the vertical direction,P2011SQF_Connection.jpg,P2011SQF18,3-May-11,14,1,7777,1,0.05,0.000125,0.2236,Model,0.45,7777,1,None,Longstone Sand,0.45,45,9999,3,7777,7777,7777,7777,1448,7777,7777,7777,7777,7777,7777,7777,7777,7777,7777,7777,7777,7777,7777,7777,7777,7777,7777,7777,7777,7777,7777,7777,Square,Aluminium,0.15,0.15,7777,7777,7777,0,0,0.02,0,0,SDOF,P2011SQF_Light_Structure.JPG,Steel,0.356,35.3,0.347,15.4,75.6,9999,26.4,P2011SQF1_Report.pdf,4.9,7777,3.07,0.372,16.3,7777,P2011SQF1_Report.pdf,1D Lateral Loading,14,1,0.0019,20,P2011SQF_Load_Protocol_1.pdf,P2011SQF_Load_Protocol_1-01.txt,P2011SQF18.pdf,P2011SQF18-01.txt,M=V*Height,0.0033,0.005,0.005,0.002,0.0045,0.0023,0.4,0.4,At the point of zero shear,0.54,0.4,0.4,P2011SQF2_Report.pdf,http://ssi.civil.ntua.gr/?page_id=413,(a) Foundation moment capacity (M_c_foot) is experimentally computed from static monotonic pushover tests. (b) Critical contact area ratio (A /A_c) is back-calculated from M_c_foot using statics equations (Gajan and Kutter 2008). (c) Average bearing pressure (q_ult_crit) at the critical contact area (A_c) is back-calculated based on A_c and the total vertical load (P_st).
214,"Anastasopoulos, I., Kourkoulis, R., Gelagoti, F., and Papadopoulos, E. (2012). ""Rocking Response of SDOF Systems on Shallow Improved Sand: An Experimental Study."" Soil Dynam. Earthquake Eng. 40, 15",G. Gazetas,I. Anastasopoulos,"A. Tsatsis, P. Kokkali, E. Papadopoulos",ERC,P2011SQF,"Laboratory of Soil Mechanics, NTUA, Athens, Greece",Small-Scale 1g ,Rigid Soil Container,1.48,0.78,0.65,Servomotor,1,Slow-Cyclic Displacement-Controlled Lateral Loading,pinned connection free to move in the vertical direction,P2011SQF_Connection.jpg,P2011SQF18,3-May-11,14,2,7777,1,0.05,0.000125,0.2236,Model,0.45,7777,1,None,Longstone Sand,0.45,45,9999,3,7777,7777,7777,7777,1448,7777,7777,7777,7777,7777,7777,7777,7777,7777,7777,7777,7777,7777,7777,7777,7777,7777,7777,7777,7777,7777,7777,7777,Square,Aluminium,0.15,0.15,7777,7777,7777,0,0,0.02,0,0,SDOF,P2011SQF_Light_Structure.JPG,Steel,0.356,35.3,0.347,15.4,75.6,9999,26.4,P2011SQF1_Report.pdf,4.9,7777,3.07,0.372,16.3,7777,P2011SQF1_Report.pdf,1D Lateral Loading,14,1,0.0038,40,P2011SQF_Load_Protocol_1.pdf,P2011SQF_Load_Protocol_1-02.txt,P2011SQF18.pdf,P2011SQF18-02.txt,M=V*Height,0.0073,0.013,0.017,0.005,0.0109,0.0069,1.14,0.74,At the point of zero shear,0.77,1.141,0.741,P2011SQF2_Report.pdf,http://ssi.civil.ntua.gr/?page_id=413,(a) Foundation moment capacity (M_c_foot) is experimentally computed from static monotonic pushover tests. (b) Critical contact area ratio (A /A_c) is back-calculated from M_c_foot using statics equations (Gajan and Kutter 2008). (c) Average bearing pressure (q_ult_crit) at the critical contact area (A_c) is back-calculated based on A_c and the total vertical load (P_st).
215,"Anastasopoulos, I., Kourkoulis, R., Gelagoti, F., and Papadopoulos, E. (2012). ""Rocking Response of SDOF Systems on Shallow Improved Sand: An Experimental Study."" Soil Dynam. Earthquake Eng. 40, 15",G. Gazetas,I. Anastasopoulos,"A. Tsatsis, P. Kokkali, E. Papadopoulos",ERC,P2011SQF,"Laboratory of Soil Mechanics, NTUA, Athens, Greece",Small-Scale 1g ,Rigid Soil Container,1.48,0.78,0.65,Servomotor,1,Slow-Cyclic Displacement-Controlled Lateral Loading,pinned connection free to move in the vertical direction,P2011SQF_Connection.jpg,P2011SQF18,3-May-11,14,3,7777,1,0.05,0.000125,0.2236,Model,0.45,7777,1,None,Longstone Sand,0.45,45,9999,3,7777,7777,7777,7777,1448,7777,7777,7777,7777,7777,7777,7777,7777,7777,7777,7777,7777,7777,7777,7777,7777,7777,7777,7777,7777,7777,7777,7777,Square,Aluminium,0.15,0.15,7777,7777,7777,0,0,0.02,0,0,SDOF,P2011SQF_Light_Structure.JPG,Steel,0.356,35.3,0.347,15.4,75.6,9999,26.4,P2011SQF1_Report.pdf,4.9,7777,3.07,0.372,16.3,7777,P2011SQF1_Report.pdf,1D Lateral Loading,14,1,0.0056,60,P2011SQF_Load_Protocol_1.pdf,P2011SQF_Load_Protocol_1-03.txt,P2011SQF18.pdf,P2011SQF18-03.txt,M=V*Height,0.0114,0.021,0.038,0.0078,0.0188,0.013,2,0.86,At the point of zero shear,0.96,2,0.859,P2011SQF2_Report.pdf,http://ssi.civil.ntua.gr/?page_id=413,(a) Foundation moment capacity (M_c_foot) is experimentally computed from static monotonic pushover tests. (b) Critical contact area ratio (A /A_c) is back-calculated from M_c_foot using statics equations (Gajan and Kutter 2008). (c) Average bearing pressure (q_ult_crit) at the critical contact area (A_c) is back-calculated based on A_c and the total vertical load (P_st).
216,"Anastasopoulos, I., Kourkoulis, R., Gelagoti, F., and Papadopoulos, E. (2012). ""Rocking Response of SDOF Systems on Shallow Improved Sand: An Experimental Study."" Soil Dynam. Earthquake Eng. 40, 15",G. Gazetas,I. Anastasopoulos,"A. Tsatsis, P. Kokkali, E. Papadopoulos",ERC,P2011SQF,"Laboratory of Soil Mechanics, NTUA, Athens, Greece",Small-Scale 1g ,Rigid Soil Container,1.48,0.78,0.65,Servomotor,1,Slow-Cyclic Displacement-Controlled Lateral Loading,pinned connection free to move in the vertical direction,P2011SQF_Connection.jpg,P2011SQF18,3-May-11,14,4,7777,1,0.05,0.000125,0.2236,Model,0.45,7777,1,None,Longstone Sand,0.45,45,9999,3,7777,7777,7777,7777,1448,7777,7777,7777,7777,7777,7777,7777,7777,7777,7777,7777,7777,7777,7777,7777,7777,7777,7777,7777,7777,7777,7777,7777,Square,Aluminium,0.15,0.15,7777,7777,7777,0,0,0.02,0,0,SDOF,P2011SQF_Light_Structure.JPG,Steel,0.356,35.3,0.347,15.4,75.6,9999,26.4,P2011SQF1_Report.pdf,4.9,7777,3.07,0.372,16.3,7777,P2011SQF1_Report.pdf,1D Lateral Loading,14,1,0.0075,80,P2011SQF_Load_Protocol_1.pdf,P2011SQF_Load_Protocol_1-04.txt,P2011SQF18.pdf,P2011SQF18-04.txt,M=V*Height,0.0156,0.029,0.067,0.0101,0.0262,0.0173,2.94,0.94,At the point of zero shear,1.06,2.943,0.943,P2011SQF2_Report.pdf,http://ssi.civil.ntua.gr/?page_id=413,(a) Foundation moment capacity (M_c_foot) is experimentally computed from static monotonic pushover tests. (b) Critical contact area ratio (A /A_c) is back-calculated from M_c_foot using statics equations (Gajan and Kutter 2008). (c) Average bearing pressure (q_ult_crit) at the critical contact area (A_c) is back-calculated based on A_c and the total vertical load (P_st).
217,"Anastasopoulos, I., Kourkoulis, R., Gelagoti, F., and Papadopoulos, E. (2012). ""Rocking Response of SDOF Systems on Shallow Improved Sand: An Experimental Study."" Soil Dynam. Earthquake Eng. 40, 15",G. Gazetas,I. Anastasopoulos,"A. Tsatsis, P. Kokkali, E. Papadopoulos",ERC,P2011SQF,"Laboratory of Soil Mechanics, NTUA, Athens, Greece",Small-Scale 1g ,Rigid Soil Container,1.48,0.78,0.65,Servomotor,1,Slow-Cyclic Displacement-Controlled Lateral Loading,pinned connection free to move in the vertical direction,P2011SQF_Connection.jpg,P2011SQF18,3-May-11,14,5,7777,1,0.05,0.000125,0.2236,Model,0.45,7777,1,None,Longstone Sand,0.45,45,9999,3,7777,7777,7777,7777,1448,7777,7777,7777,7777,7777,7777,7777,7777,7777,7777,7777,7777,7777,7777,7777,7777,7777,7777,7777,7777,7777,7777,7777,Square,Aluminium,0.15,0.15,7777,7777,7777,0,0,0.02,0,0,SDOF,P2011SQF_Light_Structure.JPG,Steel,0.356,35.3,0.347,15.4,75.6,9999,26.4,P2011SQF1_Report.pdf,4.9,7777,3.07,0.372,16.3,7777,P2011SQF1_Report.pdf,1D Lateral Loading,14,1,0.0094,100,P2011SQF_Load_Protocol_1.pdf,P2011SQF_Load_Protocol_1-05.txt,P2011SQF18.pdf,P2011SQF18-05.txt,M=V*Height,0.0202,0.038,0.105,0.0124,0.034,0.0198,3.93,0.99,At the point of zero shear,1.17,3.935,0.991,P2011SQF2_Report.pdf,http://ssi.civil.ntua.gr/?page_id=413,(a) Foundation moment capacity (M_c_foot) is experimentally computed from static monotonic pushover tests. (b) Critical contact area ratio (A /A_c) is back-calculated from M_c_foot using statics equations (Gajan and Kutter 2008). (c) Average bearing pressure (q_ult_crit) at the critical contact area (A_c) is back-calculated based on A_c and the total vertical load (P_st).
218,"Anastasopoulos, I., Kourkoulis, R., Gelagoti, F., and Papadopoulos, E. (2012). ""Rocking Response of SDOF Systems on Shallow Improved Sand: An Experimental Study."" Soil Dynam. Earthquake Eng. 40, 15",G. Gazetas,I. Anastasopoulos,"A. Tsatsis, P. Kokkali, E. Papadopoulos",ERC,P2011SQF,"Laboratory of Soil Mechanics, NTUA, Athens, Greece",Small-Scale 1g ,Rigid Soil Container,1.48,0.78,0.65,Servomotor,1,Slow-Cyclic Displacement-Controlled Lateral Loading,pinned connection free to move in the vertical direction,P2011SQF_Connection.jpg,P2011SQF18,3-May-11,14,6,7777,1,0.05,0.000125,0.2236,Model,0.45,7777,1,None,Longstone Sand,0.45,45,9999,3,7777,7777,7777,7777,1448,7777,7777,7777,7777,7777,7777,7777,7777,7777,7777,7777,7777,7777,7777,7777,7777,7777,7777,7777,7777,7777,7777,7777,Square,Aluminium,0.15,0.15,7777,7777,7777,0,0,0.02,0,0,SDOF,P2011SQF_Light_Structure.JPG,Steel,0.356,35.3,0.347,15.4,75.6,9999,26.4,P2011SQF1_Report.pdf,4.9,7777,3.07,0.372,16.3,7777,P2011SQF1_Report.pdf,1D Lateral Loading,14,1,0.0113,120,P2011SQF_Load_Protocol_1.pdf,P2011SQF_Load_Protocol_1-06.txt,P2011SQF18.pdf,P2011SQF18-06.txt,M=V*Height,0.0245,0.047,0.152,0.015,0.0393,0.0218,4.9,0.96,At the point of zero shear,1.25,4.897,0.963,P2011SQF2_Report.pdf,http://ssi.civil.ntua.gr/?page_id=413,(a) Foundation moment capacity (M_c_foot) is experimentally computed from static monotonic pushover tests. (b) Critical contact area ratio (A /A_c) is back-calculated from M_c_foot using statics equations (Gajan and Kutter 2008). (c) Average bearing pressure (q_ult_crit) at the critical contact area (A_c) is back-calculated based on A_c and the total vertical load (P_st).
219,"Anastasopoulos, I., Kourkoulis, R., Gelagoti, F., and Papadopoulos, E. (2012). ""Rocking Response of SDOF Systems on Shallow Improved Sand: An Experimental Study."" Soil Dynam. Earthquake Eng. 40, 15",G. Gazetas,I. Anastasopoulos,"A. Tsatsis, P. Kokkali, E. Papadopoulos",ERC,P2011SQF,"Laboratory of Soil Mechanics, NTUA, Athens, Greece",Small-Scale 1g ,Rigid Soil Container,1.48,0.78,0.65,Servomotor,1,Slow-Cyclic Displacement-Controlled Lateral Loading,pinned connection free to move in the vertical direction,P2011SQF_Connection.jpg,P2011SQF18,3-May-11,14,7,7777,1,0.05,0.000125,0.2236,Model,0.45,7777,1,None,Longstone Sand,0.45,45,9999,3,7777,7777,7777,7777,1448,7777,7777,7777,7777,7777,7777,7777,7777,7777,7777,7777,7777,7777,7777,7777,7777,7777,7777,7777,7777,7777,7777,7777,Square,Aluminium,0.15,0.15,7777,7777,7777,0,0,0.02,0,0,SDOF,P2011SQF_Light_Structure.JPG,Steel,0.356,35.3,0.347,15.4,75.6,9999,26.4,P2011SQF1_Report.pdf,4.9,7777,3.07,0.372,16.3,7777,P2011SQF1_Report.pdf,1D Lateral Loading,14,1,0.0131,140,P2011SQF_Load_Protocol_1.pdf,P2011SQF_Load_Protocol_1-07.txt,P2011SQF18.pdf,P2011SQF18-07.txt,M=V*Height,0.0284,0.055,0.207,0.0172,0.0451,0.0281,5.81,0.91,At the point of zero shear,1.3,5.812,0.914,P2011SQF2_Report.pdf,http://ssi.civil.ntua.gr/?page_id=413,(a) Foundation moment capacity (M_c_foot) is experimentally computed from static monotonic pushover tests. (b) Critical contact area ratio (A /A_c) is back-calculated from M_c_foot using statics equations (Gajan and Kutter 2008). (c) Average bearing pressure (q_ult_crit) at the critical contact area (A_c) is back-calculated based on A_c and the total vertical load (P_st).
220,"Anastasopoulos, I., Kourkoulis, R., Gelagoti, F., and Papadopoulos, E. (2012). ""Rocking Response of SDOF Systems on Shallow Improved Sand: An Experimental Study."" Soil Dynam. Earthquake Eng. 40, 15",G. Gazetas,I. Anastasopoulos,"A. Tsatsis, P. Kokkali, E. Papadopoulos",ERC,P2011SQF,"Laboratory of Soil Mechanics, NTUA, Athens, Greece",Small-Scale 1g ,Rigid Soil Container,1.48,0.78,0.65,Servomotor,1,Slow-Cyclic Displacement-Controlled Lateral Loading,pinned connection free to move in the vertical direction,P2011SQF_Connection.jpg,P2011SQF18,3-May-11,14,8,7777,1,0.05,0.000125,0.2236,Model,0.45,7777,1,None,Longstone Sand,0.45,45,9999,3,7777,7777,7777,7777,1448,7777,7777,7777,7777,7777,7777,7777,7777,7777,7777,7777,7777,7777,7777,7777,7777,7777,7777,7777,7777,7777,7777,7777,Square,Aluminium,0.15,0.15,7777,7777,7777,0,0,0.02,0,0,SDOF,P2011SQF_Light_Structure.JPG,Steel,0.356,35.3,0.347,15.4,75.6,9999,26.4,P2011SQF1_Report.pdf,4.9,7777,3.07,0.372,16.3,7777,P2011SQF1_Report.pdf,1D Lateral Loading,14,1,0.015,160,P2011SQF_Load_Protocol_1.pdf,P2011SQF_Load_Protocol_1-08.txt,P2011SQF18.pdf,P2011SQF18-08.txt,M=V*Height,0.0326,0.063,0.27,0.0191,0.0527,0.0312,6.74,0.93,At the point of zero shear,1.33,6.743,0.931,P2011SQF2_Report.pdf,http://ssi.civil.ntua.gr/?page_id=413,(a) Foundation moment capacity (M_c_foot) is experimentally computed from static monotonic pushover tests. (b) Critical contact area ratio (A /A_c) is back-calculated from M_c_foot using statics equations (Gajan and Kutter 2008). (c) Average bearing pressure (q_ult_crit) at the critical contact area (A_c) is back-calculated based on A_c and the total vertical load (P_st).
221,"Anastasopoulos, I., Kourkoulis, R., Gelagoti, F., and Papadopoulos, E. (2012). ""Rocking Response of SDOF Systems on Shallow Improved Sand: An Experimental Study."" Soil Dynam. Earthquake Eng. 40, 15",G. Gazetas,I. Anastasopoulos,"A. Tsatsis, P. Kokkali, E. Papadopoulos",ERC,P2011SQF,"Laboratory of Soil Mechanics, NTUA, Athens, Greece",Small-Scale 1g ,Rigid Soil Container,1.48,0.78,0.65,Servomotor,1,Slow-Cyclic Displacement-Controlled Lateral Loading,pinned connection free to move in the vertical direction,P2011SQF_Connection.jpg,P2011SQF18,3-May-11,14,9,7777,1,0.05,0.000125,0.2236,Model,0.45,7777,1,None,Longstone Sand,0.45,45,9999,3,7777,7777,7777,7777,1448,7777,7777,7777,7777,7777,7777,7777,7777,7777,7777,7777,7777,7777,7777,7777,7777,7777,7777,7777,7777,7777,7777,7777,Square,Aluminium,0.15,0.15,7777,7777,7777,0,0,0.02,0,0,SDOF,P2011SQF_Light_Structure.JPG,Steel,0.356,35.3,0.347,15.4,75.6,9999,26.4,P2011SQF1_Report.pdf,4.9,7777,3.07,0.372,16.3,7777,P2011SQF1_Report.pdf,1D Lateral Loading,14,1,0.0169,180,P2011SQF_Load_Protocol_1.pdf,P2011SQF_Load_Protocol_1-09.txt,P2011SQF18.pdf,P2011SQF18-09.txt,M=V*Height,0.0368,0.072,0.342,0.0214,0.0592,0.0331,7.7,0.96,At the point of zero shear,1.38,7.699,0.957,P2011SQF2_Report.pdf,http://ssi.civil.ntua.gr/?page_id=413,(a) Foundation moment capacity (M_c_foot) is experimentally computed from static monotonic pushover tests. (b) Critical contact area ratio (A /A_c) is back-calculated from M_c_foot using statics equations (Gajan and Kutter 2008). (c) Average bearing pressure (q_ult_crit) at the critical contact area (A_c) is back-calculated based on A_c and the total vertical load (P_st).
222,"Anastasopoulos, I., Kourkoulis, R., Gelagoti, F., and Papadopoulos, E. (2012). ""Rocking Response of SDOF Systems on Shallow Improved Sand: An Experimental Study."" Soil Dynam. Earthquake Eng. 40, 15",G. Gazetas,I. Anastasopoulos,"A. Tsatsis, P. Kokkali, E. Papadopoulos",ERC,P2011SQF,"Laboratory of Soil Mechanics, NTUA, Athens, Greece",Small-Scale 1g ,Rigid Soil Container,1.48,0.78,0.65,Servomotor,1,Slow-Cyclic Displacement-Controlled Lateral Loading,pinned connection free to move in the vertical direction,P2011SQF_Connection.jpg,P2011SQF18,3-May-11,14,10,7777,1,0.05,0.000125,0.2236,Model,0.45,7777,1,None,Longstone Sand,0.45,45,9999,3,7777,7777,7777,7777,1448,7777,7777,7777,7777,7777,7777,7777,7777,7777,7777,7777,7777,7777,7777,7777,7777,7777,7777,7777,7777,7777,7777,7777,Square,Aluminium,0.15,0.15,7777,7777,7777,0,0,0.02,0,0,SDOF,P2011SQF_Light_Structure.JPG,Steel,0.356,35.3,0.347,15.4,75.6,9999,26.4,P2011SQF1_Report.pdf,4.9,7777,3.07,0.372,16.3,7777,P2011SQF1_Report.pdf,1D Lateral Loading,14,1,0.0188,200,P2011SQF_Load_Protocol_1.pdf,P2011SQF_Load_Protocol_1-10.txt,P2011SQF18.pdf,P2011SQF18-10.txt,M=V*Height,0.0409,0.08,0.422,0.0237,0.0668,0.0381,8.66,0.96,At the point of zero shear,1.43,8.662,0.963,P2011SQF2_Report.pdf,http://ssi.civil.ntua.gr/?page_id=413,(a) Foundation moment capacity (M_c_foot) is experimentally computed from static monotonic pushover tests. (b) Critical contact area ratio (A /A_c) is back-calculated from M_c_foot using statics equations (Gajan and Kutter 2008). (c) Average bearing pressure (q_ult_crit) at the critical contact area (A_c) is back-calculated based on A_c and the total vertical load (P_st).
223,"Anastasopoulos, I., Kourkoulis, R., Gelagoti, F., and Papadopoulos, E. (2012). ""Rocking Response of SDOF Systems on Shallow Improved Sand: An Experimental Study."" Soil Dynam. Earthquake Eng. 40, 15",G. Gazetas,I. Anastasopoulos,"A. Tsatsis, P. Kokkali, E. Papadopoulos",ERC,P2011SQF,"Laboratory of Soil Mechanics, NTUA, Athens, Greece",Small-Scale 1g ,Rigid Soil Container,1.48,0.78,0.65,Servomotor,1,Slow-Cyclic Displacement-Controlled Lateral Loading,pinned connection free to move in the vertical direction,P2011SQF_Connection.jpg,P2011SQF18,3-May-11,14,11,7777,1,0.05,0.000125,0.2236,Model,0.45,7777,1,None,Longstone Sand,0.45,45,9999,3,7777,7777,7777,7777,1448,7777,7777,7777,7777,7777,7777,7777,7777,7777,7777,7777,7777,7777,7777,7777,7777,7777,7777,7777,7777,7777,7777,7777,Square,Aluminium,0.15,0.15,7777,7777,7777,0,0,0.02,0,0,SDOF,P2011SQF_Light_Structure.JPG,Steel,0.356,35.3,0.347,15.4,75.6,9999,26.4,P2011SQF1_Report.pdf,4.9,7777,3.07,0.372,16.3,7777,P2011SQF1_Report.pdf,1D Lateral Loading,14,1,0.0244,260,P2011SQF_Load_Protocol_1.pdf,P2011SQF_Load_Protocol_1-11.txt,P2011SQF18.pdf,P2011SQF18-11.txt,M=V*Height,0.0515,0.101,0.523,0.0341,0.0839,0.0603,10.1,1.43,At the point of zero shear,1.38,10.096,1.434,P2011SQF2_Report.pdf,http://ssi.civil.ntua.gr/?page_id=413,(a) Foundation moment capacity (M_c_foot) is experimentally computed from static monotonic pushover tests. (b) Critical contact area ratio (A /A_c) is back-calculated from M_c_foot using statics equations (Gajan and Kutter 2008). (c) Average bearing pressure (q_ult_crit) at the critical contact area (A_c) is back-calculated based on A_c and the total vertical load (P_st).
224,"Anastasopoulos, I., Kourkoulis, R., Gelagoti, F., and Papadopoulos, E. (2012). ""Rocking Response of SDOF Systems on Shallow Improved Sand: An Experimental Study."" Soil Dynam. Earthquake Eng. 40, 15",G. Gazetas,I. Anastasopoulos,"A. Tsatsis, P. Kokkali, E. Papadopoulos",ERC,P2011SQF,"Laboratory of Soil Mechanics, NTUA, Athens, Greece",Small-Scale 1g ,Rigid Soil Container,1.48,0.78,0.65,Servomotor,1,Slow-Cyclic Displacement-Controlled Lateral Loading,pinned connection free to move in the vertical direction,P2011SQF_Connection.jpg,P2011SQF18,3-May-11,14,12,7777,1,0.05,0.000125,0.2236,Model,0.45,7777,1,None,Longstone Sand,0.45,45,9999,3,7777,7777,7777,7777,1448,7777,7777,7777,7777,7777,7777,7777,7777,7777,7777,7777,7777,7777,7777,7777,7777,7777,7777,7777,7777,7777,7777,7777,Square,Aluminium,0.15,0.15,7777,7777,7777,0,0,0.02,0,0,SDOF,P2011SQF_Light_Structure.JPG,Steel,0.356,35.3,0.347,15.4,75.6,9999,26.4,P2011SQF1_Report.pdf,4.9,7777,3.07,0.372,16.3,7777,P2011SQF1_Report.pdf,1D Lateral Loading,14,1,0.03,320,P2011SQF_Load_Protocol_1.pdf,P2011SQF_Load_Protocol_1-12.txt,P2011SQF18.pdf,P2011SQF18-12.txt,M=V*Height,0.0619,0.122,0.645,0.0441,0.1006,0.0871,10.77,0.67,At the point of zero shear,1.41,10.768,0.672,P2011SQF2_Report.pdf,http://ssi.civil.ntua.gr/?page_id=413,(a) Foundation moment capacity (M_c_foot) is experimentally computed from static monotonic pushover tests. (b) Critical contact area ratio (A /A_c) is back-calculated from M_c_foot using statics equations (Gajan and Kutter 2008). (c) Average bearing pressure (q_ult_crit) at the critical contact area (A_c) is back-calculated based on A_c and the total vertical load (P_st).
225,"Anastasopoulos, I., Kourkoulis, R., Gelagoti, F., and Papadopoulos, E. (2012). ""Rocking Response of SDOF Systems on Shallow Improved Sand: An Experimental Study."" Soil Dynam. Earthquake Eng. 40, 15",G. Gazetas,I. Anastasopoulos,"A. Tsatsis, P. Kokkali, E. Papadopoulos",ERC,P2011SQF,"Laboratory of Soil Mechanics, NTUA, Athens, Greece",Small-Scale 1g ,Rigid Soil Container,1.48,0.78,0.65,Servomotor,1,Slow-Cyclic Displacement-Controlled Lateral Loading,pinned connection free to move in the vertical direction,P2011SQF_Connection.jpg,P2011SQF18,3-May-11,14,13,7777,1,0.05,0.000125,0.2236,Model,0.45,7777,1,None,Longstone Sand,0.45,45,9999,3,7777,7777,7777,7777,1448,7777,7777,7777,7777,7777,7777,7777,7777,7777,7777,7777,7777,7777,7777,7777,7777,7777,7777,7777,7777,7777,7777,7777,Square,Aluminium,0.15,0.15,7777,7777,7777,0,0,0.02,0,0,SDOF,P2011SQF_Light_Structure.JPG,Steel,0.356,35.3,0.347,15.4,75.6,9999,26.4,P2011SQF1_Report.pdf,4.9,7777,3.07,0.372,16.3,7777,P2011SQF1_Report.pdf,1D Lateral Loading,14,1,0.0356,380,P2011SQF_Load_Protocol_1.pdf,P2011SQF_Load_Protocol_1-13.txt,P2011SQF18.pdf,P2011SQF18-13.txt,M=V*Height,0.0736,0.145,0.79,0.0551,0.1229,0.1138,11.74,0.97,At the point of zero shear,1.58,11.741,0.973,P2011SQF2_Report.pdf,http://ssi.civil.ntua.gr/?page_id=413,(a) Foundation moment capacity (M_c_foot) is experimentally computed from static monotonic pushover tests. (b) Critical contact area ratio (A /A_c) is back-calculated from M_c_foot using statics equations (Gajan and Kutter 2008). (c) Average bearing pressure (q_ult_crit) at the critical contact area (A_c) is back-calculated based on A_c and the total vertical load (P_st).
226,"Anastasopoulos, I., Kourkoulis, R., Gelagoti, F., and Papadopoulos, E. (2012). ""Rocking Response of SDOF Systems on Shallow Improved Sand: An Experimental Study."" Soil Dynam. Earthquake Eng. 40, 15",G. Gazetas,I. Anastasopoulos,"A. Tsatsis, P. Kokkali, E. Papadopoulos",ERC,P2011SQF,"Laboratory of Soil Mechanics, NTUA, Athens, Greece",Small-Scale 1g ,Rigid Soil Container,1.48,0.78,0.65,Servomotor,1,Slow-Cyclic Displacement-Controlled Lateral Loading,pinned connection free to move in the vertical direction,P2011SQF_Connection.jpg,P2011SQF18,3-May-11,14,14,7777,1,0.05,0.000125,0.2236,Model,0.45,7777,1,None,Longstone Sand,0.45,45,9999,3,7777,7777,7777,7777,1448,7777,7777,7777,7777,7777,7777,7777,7777,7777,7777,7777,7777,7777,7777,7777,7777,7777,7777,7777,7777,7777,7777,7777,Square,Aluminium,0.15,0.15,7777,7777,7777,0,0,0.02,0,0,SDOF,P2011SQF_Light_Structure.JPG,Steel,0.356,35.3,0.347,15.4,75.6,9999,26.4,P2011SQF1_Report.pdf,4.9,7777,3.07,0.372,16.3,7777,P2011SQF1_Report.pdf,1D Lateral Loading,14,1,0.0413,440,P2011SQF_Load_Protocol_1.pdf,P2011SQF_Load_Protocol_1-14.txt,P2011SQF18.pdf,P2011SQF18-14.txt,M=V*Height,0.0845,0.167,0.957,0.0661,8888,8888,12.43,0.69,At the point of zero shear,1.78,12.43,0.69,P2011SQF2_Report.pdf,http://ssi.civil.ntua.gr/?page_id=413,(a) Foundation moment capacity (M_c_foot) is experimentally computed from static monotonic pushover tests. (b) Critical contact area ratio (A /A_c) is back-calculated from M_c_foot using statics equations (Gajan and Kutter 2008). (c) Average bearing pressure (q_ult_crit) at the critical contact area (A_c) is back-calculated based on A_c and the total vertical load (P_st).
227,"Anastasopoulos, I., Kourkoulis, R., Gelagoti, F., and Papadopoulos, E. (2012). ""Rocking Response of SDOF Systems on Shallow Improved Sand: An Experimental Study."" Soil Dynam. Earthquake Eng. 40, 15",G. Gazetas,I. Anastasopoulos,"A. Tsatsis, P. Kokkali, E. Papadopoulos",ERC,P2011SQF,"Laboratory of Soil Mechanics, NTUA, Athens, Greece",Small-Scale 1g ,Rigid Soil Container,1.48,0.78,0.65,Servomotor,1,Slow-Cyclic Displacement-Controlled Lateral Loading,pinned connection free to move in the vertical direction,P2011SQF_Connection.jpg,P2011SQF19,5-May-11,5,1,7777,1,0.05,0.000125,0.2236,Model,0.45,7777,1,None,Longstone Sand,0.45,45,9999,3,7777,7777,7777,7777,1448,7777,7777,7777,7777,7777,7777,7777,7777,7777,7777,7777,7777,7777,7777,7777,7777,7777,7777,7777,7777,7777,7777,7777,Square,Aluminium,0.15,0.15,7777,7777,7777,0,0,0.02,0,0,SDOF,P2011SQF_Light_Structure.JPG,Steel,0.356,35.3,0.347,15.4,75.6,9999,26.4,P2011SQF1_Report.pdf,4.9,7777,3.07,0.372,16.3,7777,P2011SQF1_Report.pdf,1D Lateral Loading,5,10,0.0038,40,P2011SQF_Load_Protocol_3.pdf,P2011SQF_Load_Protocol_3-01.txt,P2011SQF19.pdf,P2011SQF19-01.txt,M=V*Height,0.0081,0.128,0.128,0.0052,0.0108,0.0076,4.33,4.33,At the point of zero shear,1.16,4.327,4.327,P2011SQF2_Report.pdf,http://ssi.civil.ntua.gr/?page_id=413,(a) Foundation moment capacity (M_c_foot) is experimentally computed from static monotonic pushover tests. (b) Critical contact area ratio (A /A_c) is back-calculated from M_c_foot using statics equations (Gajan and Kutter 2008). (c) Average bearing pressure (q_ult_crit) at the critical contact area (A_c) is back-calculated based on A_c and the total vertical load (P_st).
228,"Anastasopoulos, I., Kourkoulis, R., Gelagoti, F., and Papadopoulos, E. (2012). ""Rocking Response of SDOF Systems on Shallow Improved Sand: An Experimental Study."" Soil Dynam. Earthquake Eng. 40, 15",G. Gazetas,I. Anastasopoulos,"A. Tsatsis, P. Kokkali, E. Papadopoulos",ERC,P2011SQF,"Laboratory of Soil Mechanics, NTUA, Athens, Greece",Small-Scale 1g ,Rigid Soil Container,1.48,0.78,0.65,Servomotor,1,Slow-Cyclic Displacement-Controlled Lateral Loading,pinned connection free to move in the vertical direction,P2011SQF_Connection.jpg,P2011SQF19,5-May-11,5,2,7777,1,0.05,0.000125,0.2236,Model,0.45,7777,1,None,Longstone Sand,0.45,45,9999,3,7777,7777,7777,7777,1448,7777,7777,7777,7777,7777,7777,7777,7777,7777,7777,7777,7777,7777,7777,7777,7777,7777,7777,7777,7777,7777,7777,7777,Square,Aluminium,0.15,0.15,7777,7777,7777,0,0,0.02,0,0,SDOF,P2011SQF_Light_Structure.JPG,Steel,0.356,35.3,0.347,15.4,75.6,9999,26.4,P2011SQF1_Report.pdf,4.9,7777,3.07,0.372,16.3,7777,P2011SQF1_Report.pdf,1D Lateral Loading,5,10,0.0075,55,P2011SQF_Load_Protocol_3.pdf,P2011SQF_Load_Protocol_3-02.txt,P2011SQF19.pdf,P2011SQF19-02.txt,M=V*Height,0.018,0.294,0.422,0.0077,0.0262,0.013,8.21,3.88,At the point of zero shear,1.46,8.206,3.879,P2011SQF2_Report.pdf,http://ssi.civil.ntua.gr/?page_id=413,(a) Foundation moment capacity (M_c_foot) is experimentally computed from static monotonic pushover tests. (b) Critical contact area ratio (A /A_c) is back-calculated from M_c_foot using statics equations (Gajan and Kutter 2008). (c) Average bearing pressure (q_ult_crit) at the critical contact area (A_c) is back-calculated based on A_c and the total vertical load (P_st).
229,"Anastasopoulos, I., Kourkoulis, R., Gelagoti, F., and Papadopoulos, E. (2012). ""Rocking Response of SDOF Systems on Shallow Improved Sand: An Experimental Study."" Soil Dynam. Earthquake Eng. 40, 15",G. Gazetas,I. Anastasopoulos,"A. Tsatsis, P. Kokkali, E. Papadopoulos",ERC,P2011SQF,"Laboratory of Soil Mechanics, NTUA, Athens, Greece",Small-Scale 1g ,Rigid Soil Container,1.48,0.78,0.65,Servomotor,1,Slow-Cyclic Displacement-Controlled Lateral Loading,pinned connection free to move in the vertical direction,P2011SQF_Connection.jpg,P2011SQF19,5-May-11,5,3,7777,1,0.05,0.000125,0.2236,Model,0.45,7777,1,None,Longstone Sand,0.45,45,9999,3,7777,7777,7777,7777,1448,7777,7777,7777,7777,7777,7777,7777,7777,7777,7777,7777,7777,7777,7777,7777,7777,7777,7777,7777,7777,7777,7777,7777,Square,Aluminium,0.15,0.15,7777,7777,7777,0,0,0.02,0,0,SDOF,P2011SQF_Light_Structure.JPG,Steel,0.356,35.3,0.347,15.4,75.6,9999,26.4,P2011SQF1_Report.pdf,4.9,7777,3.07,0.372,16.3,7777,P2011SQF1_Report.pdf,1D Lateral Loading,5,5,0.015,110,P2011SQF_Load_Protocol_3.pdf,P2011SQF_Load_Protocol_3-03.txt,P2011SQF19.pdf,P2011SQF19-03.txt,M=V*Height,0.0348,0.319,0.742,0.0151,0.0571,0.0303,10.46,2.25,At the point of zero shear,1.5,10.456,2.25,P2011SQF2_Report.pdf,http://ssi.civil.ntua.gr/?page_id=413,(a) Foundation moment capacity (M_c_foot) is experimentally computed from static monotonic pushover tests. (b) Critical contact area ratio (A /A_c) is back-calculated from M_c_foot using statics equations (Gajan and Kutter 2008). (c) Average bearing pressure (q_ult_crit) at the critical contact area (A_c) is back-calculated based on A_c and the total vertical load (P_st).
230,"Anastasopoulos, I., Kourkoulis, R., Gelagoti, F., and Papadopoulos, E. (2012). ""Rocking Response of SDOF Systems on Shallow Improved Sand: An Experimental Study."" Soil Dynam. Earthquake Eng. 40, 15",G. Gazetas,I. Anastasopoulos,"A. Tsatsis, P. Kokkali, E. Papadopoulos",ERC,P2011SQF,"Laboratory of Soil Mechanics, NTUA, Athens, Greece",Small-Scale 1g ,Rigid Soil Container,1.48,0.78,0.65,Servomotor,1,Slow-Cyclic Displacement-Controlled Lateral Loading,pinned connection free to move in the vertical direction,P2011SQF_Connection.jpg,P2011SQF19,5-May-11,5,4,7777,1,0.05,0.000125,0.2236,Model,0.45,7777,1,None,Longstone Sand,0.45,45,9999,3,7777,7777,7777,7777,1448,7777,7777,7777,7777,7777,7777,7777,7777,7777,7777,7777,7777,7777,7777,7777,7777,7777,7777,7777,7777,7777,7777,7777,Square,Aluminium,0.15,0.15,7777,7777,7777,0,0,0.02,0,0,SDOF,P2011SQF_Light_Structure.JPG,Steel,0.356,35.3,0.347,15.4,75.6,9999,26.4,P2011SQF1_Report.pdf,4.9,7777,3.07,0.372,16.3,7777,P2011SQF1_Report.pdf,1D Lateral Loading,5,3,0.0225,160,P2011SQF_Load_Protocol_3.pdf,P2011SQF_Load_Protocol_3-04.txt,P2011SQF19.pdf,P2011SQF19-04.txt,M=V*Height,0.052,0.295,1.037,0.0253,0.0856,0.0563,12.05,1.6,At the point of zero shear,1.57,12.051,1.595,P2011SQF2_Report.pdf,http://ssi.civil.ntua.gr/?page_id=413,(a) Foundation moment capacity (M_c_foot) is experimentally computed from static monotonic pushover tests. (b) Critical contact area ratio (A /A_c) is back-calculated from M_c_foot using statics equations (Gajan and Kutter 2008). (c) Average bearing pressure (q_ult_crit) at the critical contact area (A_c) is back-calculated based on A_c and the total vertical load (P_st).
231,"Anastasopoulos, I., Kourkoulis, R., Gelagoti, F., and Papadopoulos, E. (2012). ""Rocking Response of SDOF Systems on Shallow Improved Sand: An Experimental Study."" Soil Dynam. Earthquake Eng. 40, 15",G. Gazetas,I. Anastasopoulos,"A. Tsatsis, P. Kokkali, E. Papadopoulos",ERC,P2011SQF,"Laboratory of Soil Mechanics, NTUA, Athens, Greece",Small-Scale 1g ,Rigid Soil Container,1.48,0.78,0.65,Servomotor,1,Slow-Cyclic Displacement-Controlled Lateral Loading,pinned connection free to move in the vertical direction,P2011SQF_Connection.jpg,P2011SQF19,5-May-11,5,5,7777,1,0.05,0.000125,0.2236,Model,0.45,7777,1,None,Longstone Sand,0.45,45,9999,3,7777,7777,7777,7777,1448,7777,7777,7777,7777,7777,7777,7777,7777,7777,7777,7777,7777,7777,7777,7777,7777,7777,7777,7777,7777,7777,7777,7777,Square,Aluminium,0.15,0.15,7777,7777,7777,0,0,0.02,0,0,SDOF,P2011SQF_Light_Structure.JPG,Steel,0.356,35.3,0.347,15.4,75.6,9999,26.4,P2011SQF1_Report.pdf,4.9,7777,3.07,0.372,16.3,7777,P2011SQF1_Report.pdf,1D Lateral Loading,5,3,0.0413,160,P2011SQF_Load_Protocol_3.pdf,P2011SQF_Load_Protocol_3-05.txt,P2011SQF19.pdf,P2011SQF19-05.txt,M=V*Height,0.0909,0.49,1.527,0.0584,8888,8888,13.93,1.88,At the point of zero shear,1.69,13.931,1.88,P2011SQF2_Report.pdf,http://ssi.civil.ntua.gr/?page_id=413,(a) Foundation moment capacity (M_c_foot) is experimentally computed from static monotonic pushover tests. (b) Critical contact area ratio (A /A_c) is back-calculated from M_c_foot using statics equations (Gajan and Kutter 2008). (c) Average bearing pressure (q_ult_crit) at the critical contact area (A_c) is back-calculated based on A_c and the total vertical load (P_st).
232,"Anastasopoulos, I., Kourkoulis, R., Gelagoti, F., and Papadopoulos, E. (2012). ""Rocking Response of SDOF Systems on Shallow Improved Sand: An Experimental Study."" Soil Dynam. Earthquake Eng. 40, 15",G. Gazetas,I. Anastasopoulos,"A. Tsatsis, P. Kokkali, E. Papadopoulos",ERC,P2011SQF,"Laboratory of Soil Mechanics, NTUA, Athens, Greece",Small-Scale 1g ,Rigid Soil Container,1.48,0.78,0.65,Servomotor,1,Monotonic Displacement-Controlled Lateral Loading,pinned connection free to move in the vertical direction,P2011SQF_Connection.jpg,P2011SQF20,30-May-11,1,1,7777,1,0.05,0.000125,0.2236,Model,0.45,7777,2,None,Longstone Sand,0.3,45,9999,3,7777,7777,7777,7777,1448,7777,0,0.15,93,7777,7777,7777,7777,7777,7777,1,7777,7777,7777,7777,7777,7777,7777,7777,7777,7777,7777,7777,Square,Aluminium,0.15,0.15,7777,7777,7777,0,0,0.02,0,0,SDOF,P2011SQF_Light_Structure.JPG,Steel,0.356,35.3,0.347,15.4,151.1,9999,69.8,P2011SQF1_Report.pdf,9.8,7777,3.07,0.066,24.3,7777,P2011SQF1_Report.pdf,1D Lateral Loading,1,7777,7777,7777,P2011SQF20_Load_Protocol.pdf,P2011SQF20_Load_Protocol.txt,P2011SQF20.pdf,P2011SQF20-01.txt,M=V*Height,0.157,7777,7777,7777,0.2502,7777,7777,7777,N/A,1.02,7777,7777,P2011SQF2_Report.pdf,http://ssi.civil.ntua.gr/?page_id=413,(a) Foundation moment capacity (M_c_foot) is experimentally computed from static monotonic pushover tests. (b) Critical contact area ratio (A /A_c) is back-calculated from M_c_foot using statics equations (Gajan and Kutter 2008). (c) Average bearing pressure (q_ult_crit) at the critical contact area (A_c) is back-calculated based on A_c and the total vertical load (P_st).
233,"Anastasopoulos, I., Kourkoulis, R., Gelagoti, F., and Papadopoulos, E. (2012). ""Rocking Response of SDOF Systems on Shallow Improved Sand: An Experimental Study."" Soil Dynam. Earthquake Eng. 40, 15",G. Gazetas,I. Anastasopoulos,"A. Tsatsis, P. Kokkali, E. Papadopoulos",ERC,P2011SQF,"Laboratory of Soil Mechanics, NTUA, Athens, Greece",Small-Scale 1g ,Rigid Soil Container,1.48,0.78,0.65,Servomotor,1,Slow-Cyclic Displacement-Controlled Lateral Loading,pinned connection free to move in the vertical direction,P2011SQF_Connection.jpg,P2011SQF21,4-May-11,14,1,7777,1,0.05,0.000125,0.2236,Model,0.45,7777,2,None,Longstone Sand,0.3,45,9999,3,7777,7777,7777,7777,1448,7777,0,0.15,93,7777,7777,7777,7777,7777,7777,1,7777,7777,7777,7777,7777,7777,7777,7777,7777,7777,7777,7777,Square,Aluminium,0.15,0.15,7777,7777,7777,0,0,0.02,0,0,SDOF,P2011SQF_Light_Structure.JPG,Steel,0.356,35.3,0.347,15.4,151.1,9999,69.8,P2011SQF1_Report.pdf,9.8,7777,3.07,0.066,24.3,7777,P2011SQF1_Report.pdf,1D Lateral Loading,14,1,0.0019,20,P2011SQF_Load_Protocol_1.pdf,P2011SQF_Load_Protocol_1-01.txt,P2011SQF21.pdf,P2011SQF21-01.txt,M=V*Height,0.0033,0.005,0.005,0.0015,0.0045,0.0018,0.28,0.28,At the point of zero shear,0.64,0.285,0.285,P2011SQF2_Report.pdf,http://ssi.civil.ntua.gr/?page_id=413,(a) Foundation moment capacity (M_c_foot) is experimentally computed from static monotonic pushover tests. (b) Critical contact area ratio (A /A_c) is back-calculated from M_c_foot using statics equations (Gajan and Kutter 2008). (c) Average bearing pressure (q_ult_crit) at the critical contact area (A_c) is back-calculated based on A_c and the total vertical load (P_st).
234,"Anastasopoulos, I., Kourkoulis, R., Gelagoti, F., and Papadopoulos, E. (2012). ""Rocking Response of SDOF Systems on Shallow Improved Sand: An Experimental Study."" Soil Dynam. Earthquake Eng. 40, 15",G. Gazetas,I. Anastasopoulos,"A. Tsatsis, P. Kokkali, E. Papadopoulos",ERC,P2011SQF,"Laboratory of Soil Mechanics, NTUA, Athens, Greece",Small-Scale 1g ,Rigid Soil Container,1.48,0.78,0.65,Servomotor,1,Slow-Cyclic Displacement-Controlled Lateral Loading,pinned connection free to move in the vertical direction,P2011SQF_Connection.jpg,P2011SQF21,4-May-11,14,2,7777,1,0.05,0.000125,0.2236,Model,0.45,7777,2,None,Longstone Sand,0.3,45,9999,3,7777,7777,7777,7777,1448,7777,0,0.15,93,7777,7777,7777,7777,7777,7777,1,7777,7777,7777,7777,7777,7777,7777,7777,7777,7777,7777,7777,Square,Aluminium,0.15,0.15,7777,7777,7777,0,0,0.02,0,0,SDOF,P2011SQF_Light_Structure.JPG,Steel,0.356,35.3,0.347,15.4,151.1,9999,69.8,P2011SQF1_Report.pdf,9.8,7777,3.07,0.066,24.3,7777,P2011SQF1_Report.pdf,1D Lateral Loading,14,1,0.0038,40,P2011SQF_Load_Protocol_1.pdf,P2011SQF_Load_Protocol_1-02.txt,P2011SQF21.pdf,P2011SQF21-02.txt,M=V*Height,0.0074,0.013,0.017,0.003,0.011,0.004,0.62,0.33,At the point of zero shear,0.86,0.619,0.335,P2011SQF2_Report.pdf,http://ssi.civil.ntua.gr/?page_id=413,(a) Foundation moment capacity (M_c_foot) is experimentally computed from static monotonic pushover tests. (b) Critical contact area ratio (A /A_c) is back-calculated from M_c_foot using statics equations (Gajan and Kutter 2008). (c) Average bearing pressure (q_ult_crit) at the critical contact area (A_c) is back-calculated based on A_c and the total vertical load (P_st).
235,"Anastasopoulos, I., Kourkoulis, R., Gelagoti, F., and Papadopoulos, E. (2012). ""Rocking Response of SDOF Systems on Shallow Improved Sand: An Experimental Study."" Soil Dynam. Earthquake Eng. 40, 15",G. Gazetas,I. Anastasopoulos,"A. Tsatsis, P. Kokkali, E. Papadopoulos",ERC,P2011SQF,"Laboratory of Soil Mechanics, NTUA, Athens, Greece",Small-Scale 1g ,Rigid Soil Container,1.48,0.78,0.65,Servomotor,1,Slow-Cyclic Displacement-Controlled Lateral Loading,pinned connection free to move in the vertical direction,P2011SQF_Connection.jpg,P2011SQF21,4-May-11,14,3,7777,1,0.05,0.000125,0.2236,Model,0.45,7777,2,None,Longstone Sand,0.3,45,9999,3,7777,7777,7777,7777,1448,7777,0,0.15,93,7777,7777,7777,7777,7777,7777,1,7777,7777,7777,7777,7777,7777,7777,7777,7777,7777,7777,7777,Square,Aluminium,0.15,0.15,7777,7777,7777,0,0,0.02,0,0,SDOF,P2011SQF_Light_Structure.JPG,Steel,0.356,35.3,0.347,15.4,151.1,9999,69.8,P2011SQF1_Report.pdf,9.8,7777,3.07,0.066,24.3,7777,P2011SQF1_Report.pdf,1D Lateral Loading,14,1,0.0056,60,P2011SQF_Load_Protocol_1.pdf,P2011SQF_Load_Protocol_1-03.txt,P2011SQF21.pdf,P2011SQF21-03.txt,M=V*Height,0.0117,0.021,0.039,0.004,0.0187,0.0067,0.91,0.29,At the point of zero shear,0.95,0.905,0.286,P2011SQF2_Report.pdf,http://ssi.civil.ntua.gr/?page_id=413,(a) Foundation moment capacity (M_c_foot) is experimentally computed from static monotonic pushover tests. (b) Critical contact area ratio (A /A_c) is back-calculated from M_c_foot using statics equations (Gajan and Kutter 2008). (c) Average bearing pressure (q_ult_crit) at the critical contact area (A_c) is back-calculated based on A_c and the total vertical load (P_st).
236,"Anastasopoulos, I., Kourkoulis, R., Gelagoti, F., and Papadopoulos, E. (2012). ""Rocking Response of SDOF Systems on Shallow Improved Sand: An Experimental Study."" Soil Dynam. Earthquake Eng. 40, 15",G. Gazetas,I. Anastasopoulos,"A. Tsatsis, P. Kokkali, E. Papadopoulos",ERC,P2011SQF,"Laboratory of Soil Mechanics, NTUA, Athens, Greece",Small-Scale 1g ,Rigid Soil Container,1.48,0.78,0.65,Servomotor,1,Slow-Cyclic Displacement-Controlled Lateral Loading,pinned connection free to move in the vertical direction,P2011SQF_Connection.jpg,P2011SQF21,4-May-11,14,4,7777,1,0.05,0.000125,0.2236,Model,0.45,7777,2,None,Longstone Sand,0.3,45,9999,3,7777,7777,7777,7777,1448,7777,0,0.15,93,7777,7777,7777,7777,7777,7777,1,7777,7777,7777,7777,7777,7777,7777,7777,7777,7777,7777,7777,Square,Aluminium,0.15,0.15,7777,7777,7777,0,0,0.02,0,0,SDOF,P2011SQF_Light_Structure.JPG,Steel,0.356,35.3,0.347,15.4,151.1,9999,69.8,P2011SQF1_Report.pdf,9.8,7777,3.07,0.066,24.3,7777,P2011SQF1_Report.pdf,1D Lateral Loading,14,1,0.0075,80,P2011SQF_Load_Protocol_1.pdf,P2011SQF_Load_Protocol_1-04.txt,P2011SQF21.pdf,P2011SQF21-04.txt,M=V*Height,0.0162,0.03,0.069,0.0049,0.0274,0.0082,1.16,0.26,At the point of zero shear,1,1.162,0.257,P2011SQF2_Report.pdf,http://ssi.civil.ntua.gr/?page_id=413,(a) Foundation moment capacity (M_c_foot) is experimentally computed from static monotonic pushover tests. (b) Critical contact area ratio (A /A_c) is back-calculated from M_c_foot using statics equations (Gajan and Kutter 2008). (c) Average bearing pressure (q_ult_crit) at the critical contact area (A_c) is back-calculated based on A_c and the total vertical load (P_st).
237,"Anastasopoulos, I., Kourkoulis, R., Gelagoti, F., and Papadopoulos, E. (2012). ""Rocking Response of SDOF Systems on Shallow Improved Sand: An Experimental Study."" Soil Dynam. Earthquake Eng. 40, 15",G. Gazetas,I. Anastasopoulos,"A. Tsatsis, P. Kokkali, E. Papadopoulos",ERC,P2011SQF,"Laboratory of Soil Mechanics, NTUA, Athens, Greece",Small-Scale 1g ,Rigid Soil Container,1.48,0.78,0.65,Servomotor,1,Slow-Cyclic Displacement-Controlled Lateral Loading,pinned connection free to move in the vertical direction,P2011SQF_Connection.jpg,P2011SQF21,4-May-11,14,5,7777,1,0.05,0.000125,0.2236,Model,0.45,7777,2,None,Longstone Sand,0.3,45,9999,3,7777,7777,7777,7777,1448,7777,0,0.15,93,7777,7777,7777,7777,7777,7777,1,7777,7777,7777,7777,7777,7777,7777,7777,7777,7777,7777,7777,Square,Aluminium,0.15,0.15,7777,7777,7777,0,0,0.02,0,0,SDOF,P2011SQF_Light_Structure.JPG,Steel,0.356,35.3,0.347,15.4,151.1,9999,69.8,P2011SQF1_Report.pdf,9.8,7777,3.07,0.066,24.3,7777,P2011SQF1_Report.pdf,1D Lateral Loading,14,1,0.0094,100,P2011SQF_Load_Protocol_1.pdf,P2011SQF_Load_Protocol_1-05.txt,P2011SQF21.pdf,P2011SQF21-05.txt,M=V*Height,0.0204,0.039,0.108,0.006,0.0357,0.0104,1.42,0.26,At the point of zero shear,1.01,1.418,0.256,P2011SQF2_Report.pdf,http://ssi.civil.ntua.gr/?page_id=413,(a) Foundation moment capacity (M_c_foot) is experimentally computed from static monotonic pushover tests. (b) Critical contact area ratio (A /A_c) is back-calculated from M_c_foot using statics equations (Gajan and Kutter 2008). (c) Average bearing pressure (q_ult_crit) at the critical contact area (A_c) is back-calculated based on A_c and the total vertical load (P_st).
238,"Anastasopoulos, I., Kourkoulis, R., Gelagoti, F., and Papadopoulos, E. (2012). ""Rocking Response of SDOF Systems on Shallow Improved Sand: An Experimental Study."" Soil Dynam. Earthquake Eng. 40, 15",G. Gazetas,I. Anastasopoulos,"A. Tsatsis, P. Kokkali, E. Papadopoulos",ERC,P2011SQF,"Laboratory of Soil Mechanics, NTUA, Athens, Greece",Small-Scale 1g ,Rigid Soil Container,1.48,0.78,0.65,Servomotor,1,Slow-Cyclic Displacement-Controlled Lateral Loading,pinned connection free to move in the vertical direction,P2011SQF_Connection.jpg,P2011SQF21,4-May-11,14,6,7777,1,0.05,0.000125,0.2236,Model,0.45,7777,2,None,Longstone Sand,0.3,45,9999,3,7777,7777,7777,7777,1448,7777,0,0.15,93,7777,7777,7777,7777,7777,7777,1,7777,7777,7777,7777,7777,7777,7777,7777,7777,7777,7777,7777,Square,Aluminium,0.15,0.15,7777,7777,7777,0,0,0.02,0,0,SDOF,P2011SQF_Light_Structure.JPG,Steel,0.356,35.3,0.347,15.4,151.1,9999,69.8,P2011SQF1_Report.pdf,9.8,7777,3.07,0.066,24.3,7777,P2011SQF1_Report.pdf,1D Lateral Loading,14,1,0.0113,120,P2011SQF_Load_Protocol_1.pdf,P2011SQF_Load_Protocol_1-06.txt,P2011SQF21.pdf,P2011SQF21-06.txt,M=V*Height,0.0249,0.048,0.156,0.0072,0.0448,0.0123,1.65,0.23,At the point of zero shear,1.03,1.645,0.227,P2011SQF2_Report.pdf,http://ssi.civil.ntua.gr/?page_id=413,(a) Foundation moment capacity (M_c_foot) is experimentally computed from static monotonic pushover tests. (b) Critical contact area ratio (A /A_c) is back-calculated from M_c_foot using statics equations (Gajan and Kutter 2008). (c) Average bearing pressure (q_ult_crit) at the critical contact area (A_c) is back-calculated based on A_c and the total vertical load (P_st).
239,"Anastasopoulos, I., Kourkoulis, R., Gelagoti, F., and Papadopoulos, E. (2012). ""Rocking Response of SDOF Systems on Shallow Improved Sand: An Experimental Study."" Soil Dynam. Earthquake Eng. 40, 15",G. Gazetas,I. Anastasopoulos,"A. Tsatsis, P. Kokkali, E. Papadopoulos",ERC,P2011SQF,"Laboratory of Soil Mechanics, NTUA, Athens, Greece",Small-Scale 1g ,Rigid Soil Container,1.48,0.78,0.65,Servomotor,1,Slow-Cyclic Displacement-Controlled Lateral Loading,pinned connection free to move in the vertical direction,P2011SQF_Connection.jpg,P2011SQF21,4-May-11,14,7,7777,1,0.05,0.000125,0.2236,Model,0.45,7777,2,None,Longstone Sand,0.3,45,9999,3,7777,7777,7777,7777,1448,7777,0,0.15,93,7777,7777,7777,7777,7777,7777,1,7777,7777,7777,7777,7777,7777,7777,7777,7777,7777,7777,7777,Square,Aluminium,0.15,0.15,7777,7777,7777,0,0,0.02,0,0,SDOF,P2011SQF_Light_Structure.JPG,Steel,0.356,35.3,0.347,15.4,151.1,9999,69.8,P2011SQF1_Report.pdf,9.8,7777,3.07,0.066,24.3,7777,P2011SQF1_Report.pdf,1D Lateral Loading,14,1,0.0131,140,P2011SQF_Load_Protocol_1.pdf,P2011SQF_Load_Protocol_1-07.txt,P2011SQF21.pdf,P2011SQF21-07.txt,M=V*Height,0.0293,0.057,0.212,0.0084,0.0519,0.0145,1.86,0.21,At the point of zero shear,1.04,1.856,0.21,P2011SQF2_Report.pdf,http://ssi.civil.ntua.gr/?page_id=413,(a) Foundation moment capacity (M_c_foot) is experimentally computed from static monotonic pushover tests. (b) Critical contact area ratio (A /A_c) is back-calculated from M_c_foot using statics equations (Gajan and Kutter 2008). (c) Average bearing pressure (q_ult_crit) at the critical contact area (A_c) is back-calculated based on A_c and the total vertical load (P_st).
240,"Anastasopoulos, I., Kourkoulis, R., Gelagoti, F., and Papadopoulos, E. (2012). ""Rocking Response of SDOF Systems on Shallow Improved Sand: An Experimental Study."" Soil Dynam. Earthquake Eng. 40, 15",G. Gazetas,I. Anastasopoulos,"A. Tsatsis, P. Kokkali, E. Papadopoulos",ERC,P2011SQF,"Laboratory of Soil Mechanics, NTUA, Athens, Greece",Small-Scale 1g ,Rigid Soil Container,1.48,0.78,0.65,Servomotor,1,Slow-Cyclic Displacement-Controlled Lateral Loading,pinned connection free to move in the vertical direction,P2011SQF_Connection.jpg,P2011SQF21,4-May-11,14,8,7777,1,0.05,0.000125,0.2236,Model,0.45,7777,2,None,Longstone Sand,0.3,45,9999,3,7777,7777,7777,7777,1448,7777,0,0.15,93,7777,7777,7777,7777,7777,7777,1,7777,7777,7777,7777,7777,7777,7777,7777,7777,7777,7777,7777,Square,Aluminium,0.15,0.15,7777,7777,7777,0,0,0.02,0,0,SDOF,P2011SQF_Light_Structure.JPG,Steel,0.356,35.3,0.347,15.4,151.1,9999,69.8,P2011SQF1_Report.pdf,9.8,7777,3.07,0.066,24.3,7777,P2011SQF1_Report.pdf,1D Lateral Loading,14,1,0.015,160,P2011SQF_Load_Protocol_1.pdf,P2011SQF_Load_Protocol_1-08.txt,P2011SQF21.pdf,P2011SQF21-08.txt,M=V*Height,0.034,0.066,0.278,0.0099,0.0586,0.0175,2.11,0.26,At the point of zero shear,1.09,2.111,0.255,P2011SQF2_Report.pdf,http://ssi.civil.ntua.gr/?page_id=413,(a) Foundation moment capacity (M_c_foot) is experimentally computed from static monotonic pushover tests. (b) Critical contact area ratio (A /A_c) is back-calculated from M_c_foot using statics equations (Gajan and Kutter 2008). (c) Average bearing pressure (q_ult_crit) at the critical contact area (A_c) is back-calculated based on A_c and the total vertical load (P_st).
241,"Anastasopoulos, I., Kourkoulis, R., Gelagoti, F., and Papadopoulos, E. (2012). ""Rocking Response of SDOF Systems on Shallow Improved Sand: An Experimental Study."" Soil Dynam. Earthquake Eng. 40, 15",G. Gazetas,I. Anastasopoulos,"A. Tsatsis, P. Kokkali, E. Papadopoulos",ERC,P2011SQF,"Laboratory of Soil Mechanics, NTUA, Athens, Greece",Small-Scale 1g ,Rigid Soil Container,1.48,0.78,0.65,Servomotor,1,Slow-Cyclic Displacement-Controlled Lateral Loading,pinned connection free to move in the vertical direction,P2011SQF_Connection.jpg,P2011SQF21,4-May-11,14,9,7777,1,0.05,0.000125,0.2236,Model,0.45,7777,2,None,Longstone Sand,0.3,45,9999,3,7777,7777,7777,7777,1448,7777,0,0.15,93,7777,7777,7777,7777,7777,7777,1,7777,7777,7777,7777,7777,7777,7777,7777,7777,7777,7777,7777,Square,Aluminium,0.15,0.15,7777,7777,7777,0,0,0.02,0,0,SDOF,P2011SQF_Light_Structure.JPG,Steel,0.356,35.3,0.347,15.4,151.1,9999,69.8,P2011SQF1_Report.pdf,9.8,7777,3.07,0.066,24.3,7777,P2011SQF1_Report.pdf,1D Lateral Loading,14,1,0.0169,180,P2011SQF_Load_Protocol_1.pdf,P2011SQF_Load_Protocol_1-09.txt,P2011SQF21.pdf,P2011SQF21-09.txt,M=V*Height,0.0384,0.075,0.353,0.0118,0.0667,0.0212,2.33,0.22,At the point of zero shear,1.08,2.331,0.22,P2011SQF2_Report.pdf,http://ssi.civil.ntua.gr/?page_id=413,(a) Foundation moment capacity (M_c_foot) is experimentally computed from static monotonic pushover tests. (b) Critical contact area ratio (A /A_c) is back-calculated from M_c_foot using statics equations (Gajan and Kutter 2008). (c) Average bearing pressure (q_ult_crit) at the critical contact area (A_c) is back-calculated based on A_c and the total vertical load (P_st).
242,"Anastasopoulos, I., Kourkoulis, R., Gelagoti, F., and Papadopoulos, E. (2012). ""Rocking Response of SDOF Systems on Shallow Improved Sand: An Experimental Study."" Soil Dynam. Earthquake Eng. 40, 15",G. Gazetas,I. Anastasopoulos,"A. Tsatsis, P. Kokkali, E. Papadopoulos",ERC,P2011SQF,"Laboratory of Soil Mechanics, NTUA, Athens, Greece",Small-Scale 1g ,Rigid Soil Container,1.48,0.78,0.65,Servomotor,1,Slow-Cyclic Displacement-Controlled Lateral Loading,pinned connection free to move in the vertical direction,P2011SQF_Connection.jpg,P2011SQF21,4-May-11,14,10,7777,1,0.05,0.000125,0.2236,Model,0.45,7777,2,None,Longstone Sand,0.3,45,9999,3,7777,7777,7777,7777,1448,7777,0,0.15,93,7777,7777,7777,7777,7777,7777,1,7777,7777,7777,7777,7777,7777,7777,7777,7777,7777,7777,7777,Square,Aluminium,0.15,0.15,7777,7777,7777,0,0,0.02,0,0,SDOF,P2011SQF_Light_Structure.JPG,Steel,0.356,35.3,0.347,15.4,151.1,9999,69.8,P2011SQF1_Report.pdf,9.8,7777,3.07,0.066,24.3,7777,P2011SQF1_Report.pdf,1D Lateral Loading,14,1,0.0188,200,P2011SQF_Load_Protocol_1.pdf,P2011SQF_Load_Protocol_1-10.txt,P2011SQF21.pdf,P2011SQF21-10.txt,M=V*Height,0.0427,0.083,0.437,0.0136,0.0743,0.0246,2.54,0.21,At the point of zero shear,1.09,2.539,0.208,P2011SQF2_Report.pdf,http://ssi.civil.ntua.gr/?page_id=413,(a) Foundation moment capacity (M_c_foot) is experimentally computed from static monotonic pushover tests. (b) Critical contact area ratio (A /A_c) is back-calculated from M_c_foot using statics equations (Gajan and Kutter 2008). (c) Average bearing pressure (q_ult_crit) at the critical contact area (A_c) is back-calculated based on A_c and the total vertical load (P_st).
243,"Anastasopoulos, I., Kourkoulis, R., Gelagoti, F., and Papadopoulos, E. (2012). ""Rocking Response of SDOF Systems on Shallow Improved Sand: An Experimental Study."" Soil Dynam. Earthquake Eng. 40, 15",G. Gazetas,I. Anastasopoulos,"A. Tsatsis, P. Kokkali, E. Papadopoulos",ERC,P2011SQF,"Laboratory of Soil Mechanics, NTUA, Athens, Greece",Small-Scale 1g ,Rigid Soil Container,1.48,0.78,0.65,Servomotor,1,Slow-Cyclic Displacement-Controlled Lateral Loading,pinned connection free to move in the vertical direction,P2011SQF_Connection.jpg,P2011SQF21,4-May-11,14,11,7777,1,0.05,0.000125,0.2236,Model,0.45,7777,2,None,Longstone Sand,0.3,45,9999,3,7777,7777,7777,7777,1448,7777,0,0.15,93,7777,7777,7777,7777,7777,7777,1,7777,7777,7777,7777,7777,7777,7777,7777,7777,7777,7777,7777,Square,Aluminium,0.15,0.15,7777,7777,7777,0,0,0.02,0,0,SDOF,P2011SQF_Light_Structure.JPG,Steel,0.356,35.3,0.347,15.4,151.1,9999,69.8,P2011SQF1_Report.pdf,9.8,7777,3.07,0.066,24.3,7777,P2011SQF1_Report.pdf,1D Lateral Loading,14,1,0.0244,260,P2011SQF_Load_Protocol_1.pdf,P2011SQF_Load_Protocol_1-11.txt,P2011SQF21.pdf,P2011SQF21-11.txt,M=V*Height,0.0534,0.105,0.542,0.0186,0.0918,0.0313,2.8,0.26,At the point of zero shear,1.02,2.798,0.259,P2011SQF2_Report.pdf,http://ssi.civil.ntua.gr/?page_id=413,(a) Foundation moment capacity (M_c_foot) is experimentally computed from static monotonic pushover tests. (b) Critical contact area ratio (A /A_c) is back-calculated from M_c_foot using statics equations (Gajan and Kutter 2008). (c) Average bearing pressure (q_ult_crit) at the critical contact area (A_c) is back-calculated based on A_c and the total vertical load (P_st).
244,"Anastasopoulos, I., Kourkoulis, R., Gelagoti, F., and Papadopoulos, E. (2012). ""Rocking Response of SDOF Systems on Shallow Improved Sand: An Experimental Study."" Soil Dynam. Earthquake Eng. 40, 15",G. Gazetas,I. Anastasopoulos,"A. Tsatsis, P. Kokkali, E. Papadopoulos",ERC,P2011SQF,"Laboratory of Soil Mechanics, NTUA, Athens, Greece",Small-Scale 1g ,Rigid Soil Container,1.48,0.78,0.65,Servomotor,1,Slow-Cyclic Displacement-Controlled Lateral Loading,pinned connection free to move in the vertical direction,P2011SQF_Connection.jpg,P2011SQF21,4-May-11,14,12,7777,1,0.05,0.000125,0.2236,Model,0.45,7777,2,None,Longstone Sand,0.3,45,9999,3,7777,7777,7777,7777,1448,7777,0,0.15,93,7777,7777,7777,7777,7777,7777,1,7777,7777,7777,7777,7777,7777,7777,7777,7777,7777,7777,7777,Square,Aluminium,0.15,0.15,7777,7777,7777,0,0,0.02,0,0,SDOF,P2011SQF_Light_Structure.JPG,Steel,0.356,35.3,0.347,15.4,151.1,9999,69.8,P2011SQF1_Report.pdf,9.8,7777,3.07,0.066,24.3,7777,P2011SQF1_Report.pdf,1D Lateral Loading,14,1,0.03,320,P2011SQF_Load_Protocol_1.pdf,P2011SQF_Load_Protocol_1-12.txt,P2011SQF21.pdf,P2011SQF21-12.txt,M=V*Height,0.0645,0.127,0.669,0.0264,0.1115,0.0458,2.99,0.19,At the point of zero shear,1.02,2.992,0.194,P2011SQF2_Report.pdf,http://ssi.civil.ntua.gr/?page_id=413,(a) Foundation moment capacity (M_c_foot) is experimentally computed from static monotonic pushover tests. (b) Critical contact area ratio (A /A_c) is back-calculated from M_c_foot using statics equations (Gajan and Kutter 2008). (c) Average bearing pressure (q_ult_crit) at the critical contact area (A_c) is back-calculated based on A_c and the total vertical load (P_st).
245,"Anastasopoulos, I., Kourkoulis, R., Gelagoti, F., and Papadopoulos, E. (2012). ""Rocking Response of SDOF Systems on Shallow Improved Sand: An Experimental Study."" Soil Dynam. Earthquake Eng. 40, 15",G. Gazetas,I. Anastasopoulos,"A. Tsatsis, P. Kokkali, E. Papadopoulos",ERC,P2011SQF,"Laboratory of Soil Mechanics, NTUA, Athens, Greece",Small-Scale 1g ,Rigid Soil Container,1.48,0.78,0.65,Servomotor,1,Slow-Cyclic Displacement-Controlled Lateral Loading,pinned connection free to move in the vertical direction,P2011SQF_Connection.jpg,P2011SQF21,4-May-11,14,13,7777,1,0.05,0.000125,0.2236,Model,0.45,7777,2,None,Longstone Sand,0.3,45,9999,3,7777,7777,7777,7777,1448,7777,0,0.15,93,7777,7777,7777,7777,7777,7777,1,7777,7777,7777,7777,7777,7777,7777,7777,7777,7777,7777,7777,Square,Aluminium,0.15,0.15,7777,7777,7777,0,0,0.02,0,0,SDOF,P2011SQF_Light_Structure.JPG,Steel,0.356,35.3,0.347,15.4,151.1,9999,69.8,P2011SQF1_Report.pdf,9.8,7777,3.07,0.066,24.3,7777,P2011SQF1_Report.pdf,1D Lateral Loading,14,1,0.0356,380,P2011SQF_Load_Protocol_1.pdf,P2011SQF_Load_Protocol_1-13.txt,P2011SQF21.pdf,P2011SQF21-13.txt,M=V*Height,0.0744,0.147,0.815,0.0347,0.1288,0.0596,3.04,0.05,At the point of zero shear,1.07,3.041,0.049,P2011SQF2_Report.pdf,http://ssi.civil.ntua.gr/?page_id=413,(a) Foundation moment capacity (M_c_foot) is experimentally computed from static monotonic pushover tests. (b) Critical contact area ratio (A /A_c) is back-calculated from M_c_foot using statics equations (Gajan and Kutter 2008). (c) Average bearing pressure (q_ult_crit) at the critical contact area (A_c) is back-calculated based on A_c and the total vertical load (P_st).
246,"Anastasopoulos, I., Kourkoulis, R., Gelagoti, F., and Papadopoulos, E. (2012). ""Rocking Response of SDOF Systems on Shallow Improved Sand: An Experimental Study."" Soil Dynam. Earthquake Eng. 40, 15",G. Gazetas,I. Anastasopoulos,"A. Tsatsis, P. Kokkali, E. Papadopoulos",ERC,P2011SQF,"Laboratory of Soil Mechanics, NTUA, Athens, Greece",Small-Scale 1g ,Rigid Soil Container,1.48,0.78,0.65,Servomotor,1,Slow-Cyclic Displacement-Controlled Lateral Loading,pinned connection free to move in the vertical direction,P2011SQF_Connection.jpg,P2011SQF21,4-May-11,14,14,7777,1,0.05,0.000125,0.2236,Model,0.45,7777,2,None,Longstone Sand,0.3,45,9999,3,7777,7777,7777,7777,1448,7777,0,0.15,93,7777,7777,7777,7777,7777,7777,1,7777,7777,7777,7777,7777,7777,7777,7777,7777,7777,7777,7777,Square,Aluminium,0.15,0.15,7777,7777,7777,0,0,0.02,0,0,SDOF,P2011SQF_Light_Structure.JPG,Steel,0.356,35.3,0.347,15.4,151.1,9999,69.8,P2011SQF1_Report.pdf,9.8,7777,3.07,0.066,24.3,7777,P2011SQF1_Report.pdf,1D Lateral Loading,14,1,0.0413,440,P2011SQF_Load_Protocol_1.pdf,P2011SQF_Load_Protocol_1-14.txt,P2011SQF21.pdf,P2011SQF21-14.txt,M=V*Height,0.0864,0.171,0.986,0.0461,0.1516,0.08,2.95,-0.09,At the point of zero shear,1.15,2.947,-0.094,P2011SQF2_Report.pdf,http://ssi.civil.ntua.gr/?page_id=413,(a) Foundation moment capacity (M_c_foot) is experimentally computed from static monotonic pushover tests. (b) Critical contact area ratio (A /A_c) is back-calculated from M_c_foot using statics equations (Gajan and Kutter 2008). (c) Average bearing pressure (q_ult_crit) at the critical contact area (A_c) is back-calculated based on A_c and the total vertical load (P_st).
247,"Anastasopoulos, I., Kourkoulis, R., Gelagoti, F., and Papadopoulos, E. (2012). ""Rocking Response of SDOF Systems on Shallow Improved Sand: An Experimental Study."" Soil Dynam. Earthquake Eng. 40, 15",G. Gazetas,I. Anastasopoulos,"A. Tsatsis, P. Kokkali, E. Papadopoulos",ERC,P2011SQF,"Laboratory of Soil Mechanics, NTUA, Athens, Greece",Small-Scale 1g ,Rigid Soil Container,1.48,0.78,0.65,Servomotor,1,Slow-Cyclic Displacement-Controlled Lateral Loading,pinned connection free to move in the vertical direction,P2011SQF_Connection.jpg,P2011SQF22,11-May-11,5,1,7777,1,0.05,0.000125,0.2236,Model,0.45,7777,2,None,Longstone Sand,0.3,45,9999,3,7777,7777,7777,7777,1448,7777,0,0.15,93,7777,7777,7777,7777,7777,7777,1,7777,7777,7777,7777,7777,7777,7777,7777,7777,7777,7777,7777,Square,Aluminium,0.15,0.15,7777,7777,7777,0,0,0.02,0,0,SDOF,P2011SQF_Light_Structure.JPG,Steel,0.356,35.3,0.347,15.4,151.1,9999,69.8,P2011SQF1_Report.pdf,9.8,7777,3.07,0.066,24.3,7777,P2011SQF1_Report.pdf,1D Lateral Loading,5,10,0.0038,40,P2011SQF_Load_Protocol_3.pdf,P2011SQF_Load_Protocol_3-01.txt,P2011SQF22.pdf,P2011SQF22-01.txt,M=V*Height,0.0083,0.134,0.134,0.0036,0.0115,0.0051,1.54,1.54,At the point of zero shear,0.98,1.536,1.536,P2011SQF2_Report.pdf,http://ssi.civil.ntua.gr/?page_id=413,(a) Foundation moment capacity (M_c_foot) is experimentally computed from static monotonic pushover tests. (b) Critical contact area ratio (A /A_c) is back-calculated from M_c_foot using statics equations (Gajan and Kutter 2008). (c) Average bearing pressure (q_ult_crit) at the critical contact area (A_c) is back-calculated based on A_c and the total vertical load (P_st).
248,"Anastasopoulos, I., Kourkoulis, R., Gelagoti, F., and Papadopoulos, E. (2012). ""Rocking Response of SDOF Systems on Shallow Improved Sand: An Experimental Study."" Soil Dynam. Earthquake Eng. 40, 15",G. Gazetas,I. Anastasopoulos,"A. Tsatsis, P. Kokkali, E. Papadopoulos",ERC,P2011SQF,"Laboratory of Soil Mechanics, NTUA, Athens, Greece",Small-Scale 1g ,Rigid Soil Container,1.48,0.78,0.65,Servomotor,1,Slow-Cyclic Displacement-Controlled Lateral Loading,pinned connection free to move in the vertical direction,P2011SQF_Connection.jpg,P2011SQF22,11-May-11,5,2,7777,1,0.05,0.000125,0.2236,Model,0.45,7777,2,None,Longstone Sand,0.3,45,9999,3,7777,7777,7777,7777,1448,7777,0,0.15,93,7777,7777,7777,7777,7777,7777,1,7777,7777,7777,7777,7777,7777,7777,7777,7777,7777,7777,7777,Square,Aluminium,0.15,0.15,7777,7777,7777,0,0,0.02,0,0,SDOF,P2011SQF_Light_Structure.JPG,Steel,0.356,35.3,0.347,15.4,151.1,9999,69.8,P2011SQF1_Report.pdf,9.8,7777,3.07,0.066,24.3,7777,P2011SQF1_Report.pdf,1D Lateral Loading,5,10,0.0075,55,P2011SQF_Load_Protocol_3.pdf,P2011SQF_Load_Protocol_3-02.txt,P2011SQF22.pdf,P2011SQF22-02.txt,M=V*Height,0.0173,0.304,0.438,0.003,0.0286,0.0069,2.46,0.93,At the point of zero shear,1.05,2.463,0.927,P2011SQF2_Report.pdf,http://ssi.civil.ntua.gr/?page_id=413,(a) Foundation moment capacity (M_c_foot) is experimentally computed from static monotonic pushover tests. (b) Critical contact area ratio (A /A_c) is back-calculated from M_c_foot using statics equations (Gajan and Kutter 2008). (c) Average bearing pressure (q_ult_crit) at the critical contact area (A_c) is back-calculated based on A_c and the total vertical load (P_st).
249,"Anastasopoulos, I., Kourkoulis, R., Gelagoti, F., and Papadopoulos, E. (2012). ""Rocking Response of SDOF Systems on Shallow Improved Sand: An Experimental Study."" Soil Dynam. Earthquake Eng. 40, 15",G. Gazetas,I. Anastasopoulos,"A. Tsatsis, P. Kokkali, E. Papadopoulos",ERC,P2011SQF,"Laboratory of Soil Mechanics, NTUA, Athens, Greece",Small-Scale 1g ,Rigid Soil Container,1.48,0.78,0.65,Servomotor,1,Slow-Cyclic Displacement-Controlled Lateral Loading,pinned connection free to move in the vertical direction,P2011SQF_Connection.jpg,P2011SQF22,11-May-11,5,3,7777,1,0.05,0.000125,0.2236,Model,0.45,7777,2,None,Longstone Sand,0.3,45,9999,3,7777,7777,7777,7777,1448,7777,0,0.15,93,7777,7777,7777,7777,7777,7777,1,7777,7777,7777,7777,7777,7777,7777,7777,7777,7777,7777,7777,Square,Aluminium,0.15,0.15,7777,7777,7777,0,0,0.02,0,0,SDOF,P2011SQF_Light_Structure.JPG,Steel,0.356,35.3,0.347,15.4,151.1,9999,69.8,P2011SQF1_Report.pdf,9.8,7777,3.07,0.066,24.3,7777,P2011SQF1_Report.pdf,1D Lateral Loading,5,5,0.015,110,P2011SQF_Load_Protocol_3.pdf,P2011SQF_Load_Protocol_3-03.txt,P2011SQF22.pdf,P2011SQF22-03.txt,M=V*Height,0.0342,0.324,0.762,0.0068,0.0602,0.0154,3.06,0.59,At the point of zero shear,1.08,3.056,0.593,P2011SQF2_Report.pdf,http://ssi.civil.ntua.gr/?page_id=413,(a) Foundation moment capacity (M_c_foot) is experimentally computed from static monotonic pushover tests. (b) Critical contact area ratio (A /A_c) is back-calculated from M_c_foot using statics equations (Gajan and Kutter 2008). (c) Average bearing pressure (q_ult_crit) at the critical contact area (A_c) is back-calculated based on A_c and the total vertical load (P_st).
250,"Anastasopoulos, I., Kourkoulis, R., Gelagoti, F., and Papadopoulos, E. (2012). ""Rocking Response of SDOF Systems on Shallow Improved Sand: An Experimental Study."" Soil Dynam. Earthquake Eng. 40, 15",G. Gazetas,I. Anastasopoulos,"A. Tsatsis, P. Kokkali, E. Papadopoulos",ERC,P2011SQF,"Laboratory of Soil Mechanics, NTUA, Athens, Greece",Small-Scale 1g ,Rigid Soil Container,1.48,0.78,0.65,Servomotor,1,Slow-Cyclic Displacement-Controlled Lateral Loading,pinned connection free to move in the vertical direction,P2011SQF_Connection.jpg,P2011SQF22,11-May-11,5,4,7777,1,0.05,0.000125,0.2236,Model,0.45,7777,2,None,Longstone Sand,0.3,45,9999,3,7777,7777,7777,7777,1448,7777,0,0.15,93,7777,7777,7777,7777,7777,7777,1,7777,7777,7777,7777,7777,7777,7777,7777,7777,7777,7777,7777,Square,Aluminium,0.15,0.15,7777,7777,7777,0,0,0.02,0,0,SDOF,P2011SQF_Light_Structure.JPG,Steel,0.356,35.3,0.347,15.4,151.1,9999,69.8,P2011SQF1_Report.pdf,9.8,7777,3.07,0.066,24.3,7777,P2011SQF1_Report.pdf,1D Lateral Loading,5,3,0.0225,160,P2011SQF_Load_Protocol_3.pdf,P2011SQF_Load_Protocol_3-04.txt,P2011SQF22.pdf,P2011SQF22-04.txt,M=V*Height,0.0517,0.298,1.059,0.0151,0.0927,0.0261,3.53,0.47,At the point of zero shear,1.06,3.53,0.474,P2011SQF2_Report.pdf,http://ssi.civil.ntua.gr/?page_id=413,(a) Foundation moment capacity (M_c_foot) is experimentally computed from static monotonic pushover tests. (b) Critical contact area ratio (A /A_c) is back-calculated from M_c_foot using statics equations (Gajan and Kutter 2008). (c) Average bearing pressure (q_ult_crit) at the critical contact area (A_c) is back-calculated based on A_c and the total vertical load (P_st).
251,"Anastasopoulos, I., Kourkoulis, R., Gelagoti, F., and Papadopoulos, E. (2012). ""Rocking Response of SDOF Systems on Shallow Improved Sand: An Experimental Study."" Soil Dynam. Earthquake Eng. 40, 15",G. Gazetas,I. Anastasopoulos,"A. Tsatsis, P. Kokkali, E. Papadopoulos",ERC,P2011SQF,"Laboratory of Soil Mechanics, NTUA, Athens, Greece",Small-Scale 1g ,Rigid Soil Container,1.48,0.78,0.65,Servomotor,1,Slow-Cyclic Displacement-Controlled Lateral Loading,pinned connection free to move in the vertical direction,P2011SQF_Connection.jpg,P2011SQF22,11-May-11,5,5,7777,1,0.05,0.000125,0.2236,Model,0.45,7777,2,None,Longstone Sand,0.3,45,9999,3,7777,7777,7777,7777,1448,7777,0,0.15,93,7777,7777,7777,7777,7777,7777,1,7777,7777,7777,7777,7777,7777,7777,7777,7777,7777,7777,7777,Square,Aluminium,0.15,0.15,7777,7777,7777,0,0,0.02,0,0,SDOF,P2011SQF_Light_Structure.JPG,Steel,0.356,35.3,0.347,15.4,151.1,9999,69.8,P2011SQF1_Report.pdf,9.8,7777,3.07,0.066,24.3,7777,P2011SQF1_Report.pdf,1D Lateral Loading,5,3,0.0413,160,P2011SQF_Load_Protocol_3.pdf,P2011SQF_Load_Protocol_3-05.txt,P2011SQF22.pdf,P2011SQF22-05.txt,M=V*Height,0.0861,0.504,1.564,0.0411,0.1541,0.072,3.84,0.31,At the point of zero shear,1.07,3.843,0.313,P2011SQF2_Report.pdf,http://ssi.civil.ntua.gr/?page_id=413,(a) Foundation moment capacity (M_c_foot) is experimentally computed from static monotonic pushover tests. (b) Critical contact area ratio (A /A_c) is back-calculated from M_c_foot using statics equations (Gajan and Kutter 2008). (c) Average bearing pressure (q_ult_crit) at the critical contact area (A_c) is back-calculated based on A_c and the total vertical load (P_st).
252,"Anastasopoulos, I., Kourkoulis, R., Gelagoti, F., and Papadopoulos, E. (2012). ""Rocking Response of SDOF Systems on Shallow Improved Sand: An Experimental Study."" Soil Dynam. Earthquake Eng. 40, 15",G. Gazetas,I. Anastasopoulos,"A. Tsatsis, P. Kokkali, E. Papadopoulos",ERC,P2011SQF,"Laboratory of Soil Mechanics, NTUA, Athens, Greece",Small-Scale 1g ,Rigid Soil Container,1.48,0.78,0.65,Servomotor,1,Monotonic Displacement-Controlled Lateral Loading,pinned connection free to move in the vertical direction,P2011SQF_Connection.jpg,P2011SQF23,16-May-11,1,1,7777,1,0.05,0.000125,0.2236,Model,0.45,7777,2,None,Longstone Sand,0.375,45,9999,3,7777,7777,7777,7777,1448,7777,0,0.075,93,7777,7777,7777,7777,7777,7777,1,7777,7777,7777,7777,7777,7777,7777,7777,7777,7777,7777,7777,Square,Aluminium,0.15,0.15,7777,7777,7777,0,0,0.02,0,0,SDOF,P2011SQF_Light_Structure.JPG,Steel,0.356,35.3,0.347,15.4,108.9,9999,50.2,P2011SQF1_Report.pdf,7.1,7777,3.07,0.114,23,7777,P2011SQF1_Report.pdf,1D Lateral Loading,1,7777,7777,7777,P2011SQF23_Load_Protocol.pdf,P2011SQF23_Load_Protocol.txt,P2011SQF23.pdf,P2011SQF23-01.txt,M=V*Height,0.152,7777,7777,7777,0.2509,7777,7777,7777,N/A,1,7777,7777,P2011SQF2_Report.pdf,http://ssi.civil.ntua.gr/?page_id=413,(a) Foundation moment capacity (M_c_foot) is experimentally computed from static monotonic pushover tests. (b) Critical contact area ratio (A /A_c) is back-calculated from M_c_foot using statics equations (Gajan and Kutter 2008). (c) Average bearing pressure (q_ult_crit) at the critical contact area (A_c) is back-calculated based on A_c and the total vertical load (P_st).
253,"Anastasopoulos, I., Kourkoulis, R., Gelagoti, F., and Papadopoulos, E. (2012). ""Rocking Response of SDOF Systems on Shallow Improved Sand: An Experimental Study."" Soil Dynam. Earthquake Eng. 40, 15",G. Gazetas,I. Anastasopoulos,"A. Tsatsis, P. Kokkali, E. Papadopoulos",ERC,P2011SQF,"Laboratory of Soil Mechanics, NTUA, Athens, Greece",Small-Scale 1g ,Rigid Soil Container,1.48,0.78,0.65,Servomotor,1,Slow-Cyclic Displacement-Controlled Lateral Loading,pinned connection free to move in the vertical direction,P2011SQF_Connection.jpg,P2011SQF24,4-May-11,14,1,7777,1,0.05,0.000125,0.2236,Model,0.45,7777,2,None,Longstone Sand,0.375,45,9999,3,7777,7777,7777,7777,1448,7777,0,0.075,93,7777,7777,7777,7777,7777,7777,1,7777,7777,7777,7777,7777,7777,7777,7777,7777,7777,7777,7777,Square,Aluminium,0.15,0.15,7777,7777,7777,0,0,0.02,0,0,SDOF,P2011SQF_Light_Structure.JPG,Steel,0.356,35.3,0.347,15.4,108.9,9999,50.2,P2011SQF1_Report.pdf,7.1,7777,3.07,0.114,23,7777,P2011SQF1_Report.pdf,1D Lateral Loading,14,1,0.0019,20,P2011SQF_Load_Protocol_1.pdf,P2011SQF_Load_Protocol_1-01.txt,P2011SQF24.pdf,P2011SQF24-01.txt,M=V*Height,0.0034,0.005,0.005,0.002,0.0055,0.0032,0.42,0.42,At the point of zero shear,0.49,0.422,0.422,P2011SQF2_Report.pdf,http://ssi.civil.ntua.gr/?page_id=413,(a) Foundation moment capacity (M_c_foot) is experimentally computed from static monotonic pushover tests. (b) Critical contact area ratio (A /A_c) is back-calculated from M_c_foot using statics equations (Gajan and Kutter 2008). (c) Average bearing pressure (q_ult_crit) at the critical contact area (A_c) is back-calculated based on A_c and the total vertical load (P_st).
254,"Anastasopoulos, I., Kourkoulis, R., Gelagoti, F., and Papadopoulos, E. (2012). ""Rocking Response of SDOF Systems on Shallow Improved Sand: An Experimental Study."" Soil Dynam. Earthquake Eng. 40, 15",G. Gazetas,I. Anastasopoulos,"A. Tsatsis, P. Kokkali, E. Papadopoulos",ERC,P2011SQF,"Laboratory of Soil Mechanics, NTUA, Athens, Greece",Small-Scale 1g ,Rigid Soil Container,1.48,0.78,0.65,Servomotor,1,Slow-Cyclic Displacement-Controlled Lateral Loading,pinned connection free to move in the vertical direction,P2011SQF_Connection.jpg,P2011SQF24,4-May-11,14,2,7777,1,0.05,0.000125,0.2236,Model,0.45,7777,2,None,Longstone Sand,0.375,45,9999,3,7777,7777,7777,7777,1448,7777,0,0.075,93,7777,7777,7777,7777,7777,7777,1,7777,7777,7777,7777,7777,7777,7777,7777,7777,7777,7777,7777,Square,Aluminium,0.15,0.15,7777,7777,7777,0,0,0.02,0,0,SDOF,P2011SQF_Light_Structure.JPG,Steel,0.356,35.3,0.347,15.4,108.9,9999,50.2,P2011SQF1_Report.pdf,7.1,7777,3.07,0.114,23,7777,P2011SQF1_Report.pdf,1D Lateral Loading,14,1,0.0038,40,P2011SQF_Load_Protocol_1.pdf,P2011SQF_Load_Protocol_1-02.txt,P2011SQF24.pdf,P2011SQF24-02.txt,M=V*Height,0.0073,0.013,0.017,0.0043,0.0117,0.0065,0.94,0.52,At the point of zero shear,0.8,0.944,0.522,P2011SQF2_Report.pdf,http://ssi.civil.ntua.gr/?page_id=413,(a) Foundation moment capacity (M_c_foot) is experimentally computed from static monotonic pushover tests. (b) Critical contact area ratio (A /A_c) is back-calculated from M_c_foot using statics equations (Gajan and Kutter 2008). (c) Average bearing pressure (q_ult_crit) at the critical contact area (A_c) is back-calculated based on A_c and the total vertical load (P_st).
255,"Anastasopoulos, I., Kourkoulis, R., Gelagoti, F., and Papadopoulos, E. (2012). ""Rocking Response of SDOF Systems on Shallow Improved Sand: An Experimental Study."" Soil Dynam. Earthquake Eng. 40, 15",G. Gazetas,I. Anastasopoulos,"A. Tsatsis, P. Kokkali, E. Papadopoulos",ERC,P2011SQF,"Laboratory of Soil Mechanics, NTUA, Athens, Greece",Small-Scale 1g ,Rigid Soil Container,1.48,0.78,0.65,Servomotor,1,Slow-Cyclic Displacement-Controlled Lateral Loading,pinned connection free to move in the vertical direction,P2011SQF_Connection.jpg,P2011SQF24,4-May-11,14,3,7777,1,0.05,0.000125,0.2236,Model,0.45,7777,2,None,Longstone Sand,0.375,45,9999,3,7777,7777,7777,7777,1448,7777,0,0.075,93,7777,7777,7777,7777,7777,7777,1,7777,7777,7777,7777,7777,7777,7777,7777,7777,7777,7777,7777,Square,Aluminium,0.15,0.15,7777,7777,7777,0,0,0.02,0,0,SDOF,P2011SQF_Light_Structure.JPG,Steel,0.356,35.3,0.347,15.4,108.9,9999,50.2,P2011SQF1_Report.pdf,7.1,7777,3.07,0.114,23,7777,P2011SQF1_Report.pdf,1D Lateral Loading,14,1,0.0056,60,P2011SQF_Load_Protocol_1.pdf,P2011SQF_Load_Protocol_1-03.txt,P2011SQF24.pdf,P2011SQF24-03.txt,M=V*Height,0.0117,0.021,0.039,0.0064,0.0189,0.0104,1.46,0.52,At the point of zero shear,0.93,1.464,0.52,P2011SQF2_Report.pdf,http://ssi.civil.ntua.gr/?page_id=413,(a) Foundation moment capacity (M_c_foot) is experimentally computed from static monotonic pushover tests. (b) Critical contact area ratio (A /A_c) is back-calculated from M_c_foot using statics equations (Gajan and Kutter 2008). (c) Average bearing pressure (q_ult_crit) at the critical contact area (A_c) is back-calculated based on A_c and the total vertical load (P_st).
256,"Anastasopoulos, I., Kourkoulis, R., Gelagoti, F., and Papadopoulos, E. (2012). ""Rocking Response of SDOF Systems on Shallow Improved Sand: An Experimental Study."" Soil Dynam. Earthquake Eng. 40, 15",G. Gazetas,I. Anastasopoulos,"A. Tsatsis, P. Kokkali, E. Papadopoulos",ERC,P2011SQF,"Laboratory of Soil Mechanics, NTUA, Athens, Greece",Small-Scale 1g ,Rigid Soil Container,1.48,0.78,0.65,Servomotor,1,Slow-Cyclic Displacement-Controlled Lateral Loading,pinned connection free to move in the vertical direction,P2011SQF_Connection.jpg,P2011SQF24,4-May-11,14,4,7777,1,0.05,0.000125,0.2236,Model,0.45,7777,2,None,Longstone Sand,0.375,45,9999,3,7777,7777,7777,7777,1448,7777,0,0.075,93,7777,7777,7777,7777,7777,7777,1,7777,7777,7777,7777,7777,7777,7777,7777,7777,7777,7777,7777,Square,Aluminium,0.15,0.15,7777,7777,7777,0,0,0.02,0,0,SDOF,P2011SQF_Light_Structure.JPG,Steel,0.356,35.3,0.347,15.4,108.9,9999,50.2,P2011SQF1_Report.pdf,7.1,7777,3.07,0.114,23,7777,P2011SQF1_Report.pdf,1D Lateral Loading,14,1,0.0075,80,P2011SQF_Load_Protocol_1.pdf,P2011SQF_Load_Protocol_1-04.txt,P2011SQF24.pdf,P2011SQF24-04.txt,M=V*Height,0.016,0.03,0.069,0.0078,0.026,0.0125,1.99,0.52,At the point of zero shear,1.01,1.987,0.523,P2011SQF2_Report.pdf,http://ssi.civil.ntua.gr/?page_id=413,(a) Foundation moment capacity (M_c_foot) is experimentally computed from static monotonic pushover tests. (b) Critical contact area ratio (A /A_c) is back-calculated from M_c_foot using statics equations (Gajan and Kutter 2008). (c) Average bearing pressure (q_ult_crit) at the critical contact area (A_c) is back-calculated based on A_c and the total vertical load (P_st).
257,"Anastasopoulos, I., Kourkoulis, R., Gelagoti, F., and Papadopoulos, E. (2012). ""Rocking Response of SDOF Systems on Shallow Improved Sand: An Experimental Study."" Soil Dynam. Earthquake Eng. 40, 15",G. Gazetas,I. Anastasopoulos,"A. Tsatsis, P. Kokkali, E. Papadopoulos",ERC,P2011SQF,"Laboratory of Soil Mechanics, NTUA, Athens, Greece",Small-Scale 1g ,Rigid Soil Container,1.48,0.78,0.65,Servomotor,1,Slow-Cyclic Displacement-Controlled Lateral Loading,pinned connection free to move in the vertical direction,P2011SQF_Connection.jpg,P2011SQF24,4-May-11,14,5,7777,1,0.05,0.000125,0.2236,Model,0.45,7777,2,None,Longstone Sand,0.375,45,9999,3,7777,7777,7777,7777,1448,7777,0,0.075,93,7777,7777,7777,7777,7777,7777,1,7777,7777,7777,7777,7777,7777,7777,7777,7777,7777,7777,7777,Square,Aluminium,0.15,0.15,7777,7777,7777,0,0,0.02,0,0,SDOF,P2011SQF_Light_Structure.JPG,Steel,0.356,35.3,0.347,15.4,108.9,9999,50.2,P2011SQF1_Report.pdf,7.1,7777,3.07,0.114,23,7777,P2011SQF1_Report.pdf,1D Lateral Loading,14,1,0.0094,100,P2011SQF_Load_Protocol_1.pdf,P2011SQF_Load_Protocol_1-05.txt,P2011SQF24.pdf,P2011SQF24-05.txt,M=V*Height,0.0204,0.039,0.108,0.009,0.0337,0.0149,2.45,0.47,At the point of zero shear,1.04,2.454,0.468,P2011SQF2_Report.pdf,http://ssi.civil.ntua.gr/?page_id=413,(a) Foundation moment capacity (M_c_foot) is experimentally computed from static monotonic pushover tests. (b) Critical contact area ratio (A /A_c) is back-calculated from M_c_foot using statics equations (Gajan and Kutter 2008). (c) Average bearing pressure (q_ult_crit) at the critical contact area (A_c) is back-calculated based on A_c and the total vertical load (P_st).
258,"Anastasopoulos, I., Kourkoulis, R., Gelagoti, F., and Papadopoulos, E. (2012). ""Rocking Response of SDOF Systems on Shallow Improved Sand: An Experimental Study."" Soil Dynam. Earthquake Eng. 40, 15",G. Gazetas,I. Anastasopoulos,"A. Tsatsis, P. Kokkali, E. Papadopoulos",ERC,P2011SQF,"Laboratory of Soil Mechanics, NTUA, Athens, Greece",Small-Scale 1g ,Rigid Soil Container,1.48,0.78,0.65,Servomotor,1,Slow-Cyclic Displacement-Controlled Lateral Loading,pinned connection free to move in the vertical direction,P2011SQF_Connection.jpg,P2011SQF24,4-May-11,14,6,7777,1,0.05,0.000125,0.2236,Model,0.45,7777,2,None,Longstone Sand,0.375,45,9999,3,7777,7777,7777,7777,1448,7777,0,0.075,93,7777,7777,7777,7777,7777,7777,1,7777,7777,7777,7777,7777,7777,7777,7777,7777,7777,7777,7777,Square,Aluminium,0.15,0.15,7777,7777,7777,0,0,0.02,0,0,SDOF,P2011SQF_Light_Structure.JPG,Steel,0.356,35.3,0.347,15.4,108.9,9999,50.2,P2011SQF1_Report.pdf,7.1,7777,3.07,0.114,23,7777,P2011SQF1_Report.pdf,1D Lateral Loading,14,1,0.0113,120,P2011SQF_Load_Protocol_1.pdf,P2011SQF_Load_Protocol_1-06.txt,P2011SQF24.pdf,P2011SQF24-06.txt,M=V*Height,0.0247,0.047,0.155,0.0098,0.0423,0.017,2.89,0.44,At the point of zero shear,1.08,2.892,0.438,P2011SQF2_Report.pdf,http://ssi.civil.ntua.gr/?page_id=413,(a) Foundation moment capacity (M_c_foot) is experimentally computed from static monotonic pushover tests. (b) Critical contact area ratio (A /A_c) is back-calculated from M_c_foot using statics equations (Gajan and Kutter 2008). (c) Average bearing pressure (q_ult_crit) at the critical contact area (A_c) is back-calculated based on A_c and the total vertical load (P_st).
259,"Anastasopoulos, I., Kourkoulis, R., Gelagoti, F., and Papadopoulos, E. (2012). ""Rocking Response of SDOF Systems on Shallow Improved Sand: An Experimental Study."" Soil Dynam. Earthquake Eng. 40, 15",G. Gazetas,I. Anastasopoulos,"A. Tsatsis, P. Kokkali, E. Papadopoulos",ERC,P2011SQF,"Laboratory of Soil Mechanics, NTUA, Athens, Greece",Small-Scale 1g ,Rigid Soil Container,1.48,0.78,0.65,Servomotor,1,Slow-Cyclic Displacement-Controlled Lateral Loading,pinned connection free to move in the vertical direction,P2011SQF_Connection.jpg,P2011SQF24,4-May-11,14,7,7777,1,0.05,0.000125,0.2236,Model,0.45,7777,2,None,Longstone Sand,0.375,45,9999,3,7777,7777,7777,7777,1448,7777,0,0.075,93,7777,7777,7777,7777,7777,7777,1,7777,7777,7777,7777,7777,7777,7777,7777,7777,7777,7777,7777,Square,Aluminium,0.15,0.15,7777,7777,7777,0,0,0.02,0,0,SDOF,P2011SQF_Light_Structure.JPG,Steel,0.356,35.3,0.347,15.4,108.9,9999,50.2,P2011SQF1_Report.pdf,7.1,7777,3.07,0.114,23,7777,P2011SQF1_Report.pdf,1D Lateral Loading,14,1,0.0131,140,P2011SQF_Load_Protocol_1.pdf,P2011SQF_Load_Protocol_1-07.txt,P2011SQF24.pdf,P2011SQF24-07.txt,M=V*Height,0.029,0.056,0.211,0.0108,0.0498,0.0179,3.28,0.39,At the point of zero shear,1.1,3.283,0.39,P2011SQF2_Report.pdf,http://ssi.civil.ntua.gr/?page_id=413,(a) Foundation moment capacity (M_c_foot) is experimentally computed from static monotonic pushover tests. (b) Critical contact area ratio (A /A_c) is back-calculated from M_c_foot using statics equations (Gajan and Kutter 2008). (c) Average bearing pressure (q_ult_crit) at the critical contact area (A_c) is back-calculated based on A_c and the total vertical load (P_st).
260,"Anastasopoulos, I., Kourkoulis, R., Gelagoti, F., and Papadopoulos, E. (2012). ""Rocking Response of SDOF Systems on Shallow Improved Sand: An Experimental Study."" Soil Dynam. Earthquake Eng. 40, 15",G. Gazetas,I. Anastasopoulos,"A. Tsatsis, P. Kokkali, E. Papadopoulos",ERC,P2011SQF,"Laboratory of Soil Mechanics, NTUA, Athens, Greece",Small-Scale 1g ,Rigid Soil Container,1.48,0.78,0.65,Servomotor,1,Slow-Cyclic Displacement-Controlled Lateral Loading,pinned connection free to move in the vertical direction,P2011SQF_Connection.jpg,P2011SQF24,4-May-11,14,8,7777,1,0.05,0.000125,0.2236,Model,0.45,7777,2,None,Longstone Sand,0.375,45,9999,3,7777,7777,7777,7777,1448,7777,0,0.075,93,7777,7777,7777,7777,7777,7777,1,7777,7777,7777,7777,7777,7777,7777,7777,7777,7777,7777,7777,Square,Aluminium,0.15,0.15,7777,7777,7777,0,0,0.02,0,0,SDOF,P2011SQF_Light_Structure.JPG,Steel,0.356,35.3,0.347,15.4,108.9,9999,50.2,P2011SQF1_Report.pdf,7.1,7777,3.07,0.114,23,7777,P2011SQF1_Report.pdf,1D Lateral Loading,14,1,0.015,160,P2011SQF_Load_Protocol_1.pdf,P2011SQF_Load_Protocol_1-08.txt,P2011SQF24.pdf,P2011SQF24-08.txt,M=V*Height,0.0325,0.063,0.274,0.0123,0.0553,0.0202,3.69,0.4,At the point of zero shear,1.07,3.688,0.405,P2011SQF2_Report.pdf,http://ssi.civil.ntua.gr/?page_id=413,(a) Foundation moment capacity (M_c_foot) is experimentally computed from static monotonic pushover tests. (b) Critical contact area ratio (A /A_c) is back-calculated from M_c_foot using statics equations (Gajan and Kutter 2008). (c) Average bearing pressure (q_ult_crit) at the critical contact area (A_c) is back-calculated based on A_c and the total vertical load (P_st).
261,"Anastasopoulos, I., Kourkoulis, R., Gelagoti, F., and Papadopoulos, E. (2012). ""Rocking Response of SDOF Systems on Shallow Improved Sand: An Experimental Study."" Soil Dynam. Earthquake Eng. 40, 15",G. Gazetas,I. Anastasopoulos,"A. Tsatsis, P. Kokkali, E. Papadopoulos",ERC,P2011SQF,"Laboratory of Soil Mechanics, NTUA, Athens, Greece",Small-Scale 1g ,Rigid Soil Container,1.48,0.78,0.65,Servomotor,1,Slow-Cyclic Displacement-Controlled Lateral Loading,pinned connection free to move in the vertical direction,P2011SQF_Connection.jpg,P2011SQF24,4-May-11,14,9,7777,1,0.05,0.000125,0.2236,Model,0.45,7777,2,None,Longstone Sand,0.375,45,9999,3,7777,7777,7777,7777,1448,7777,0,0.075,93,7777,7777,7777,7777,7777,7777,1,7777,7777,7777,7777,7777,7777,7777,7777,7777,7777,7777,7777,Square,Aluminium,0.15,0.15,7777,7777,7777,0,0,0.02,0,0,SDOF,P2011SQF_Light_Structure.JPG,Steel,0.356,35.3,0.347,15.4,108.9,9999,50.2,P2011SQF1_Report.pdf,7.1,7777,3.07,0.114,23,7777,P2011SQF1_Report.pdf,1D Lateral Loading,14,1,0.0169,180,P2011SQF_Load_Protocol_1.pdf,P2011SQF_Load_Protocol_1-09.txt,P2011SQF24.pdf,P2011SQF24-09.txt,M=V*Height,0.0367,0.071,0.345,0.0135,0.0621,0.0225,4.04,0.35,At the point of zero shear,1.08,4.041,0.353,P2011SQF2_Report.pdf,http://ssi.civil.ntua.gr/?page_id=413,(a) Foundation moment capacity (M_c_foot) is experimentally computed from static monotonic pushover tests. (b) Critical contact area ratio (A /A_c) is back-calculated from M_c_foot using statics equations (Gajan and Kutter 2008). (c) Average bearing pressure (q_ult_crit) at the critical contact area (A_c) is back-calculated based on A_c and the total vertical load (P_st).
262,"Anastasopoulos, I., Kourkoulis, R., Gelagoti, F., and Papadopoulos, E. (2012). ""Rocking Response of SDOF Systems on Shallow Improved Sand: An Experimental Study."" Soil Dynam. Earthquake Eng. 40, 15",G. Gazetas,I. Anastasopoulos,"A. Tsatsis, P. Kokkali, E. Papadopoulos",ERC,P2011SQF,"Laboratory of Soil Mechanics, NTUA, Athens, Greece",Small-Scale 1g ,Rigid Soil Container,1.48,0.78,0.65,Servomotor,1,Slow-Cyclic Displacement-Controlled Lateral Loading,pinned connection free to move in the vertical direction,P2011SQF_Connection.jpg,P2011SQF24,4-May-11,14,10,7777,1,0.05,0.000125,0.2236,Model,0.45,7777,2,None,Longstone Sand,0.375,45,9999,3,7777,7777,7777,7777,1448,7777,0,0.075,93,7777,7777,7777,7777,7777,7777,1,7777,7777,7777,7777,7777,7777,7777,7777,7777,7777,7777,7777,Square,Aluminium,0.15,0.15,7777,7777,7777,0,0,0.02,0,0,SDOF,P2011SQF_Light_Structure.JPG,Steel,0.356,35.3,0.347,15.4,108.9,9999,50.2,P2011SQF1_Report.pdf,7.1,7777,3.07,0.114,23,7777,P2011SQF1_Report.pdf,1D Lateral Loading,14,1,0.0188,200,P2011SQF_Load_Protocol_1.pdf,P2011SQF_Load_Protocol_1-10.txt,P2011SQF24.pdf,P2011SQF24-10.txt,M=V*Height,0.0409,0.08,0.425,0.0152,0.0704,0.0272,4.37,0.33,At the point of zero shear,1.09,4.367,0.326,P2011SQF2_Report.pdf,http://ssi.civil.ntua.gr/?page_id=413,(a) Foundation moment capacity (M_c_foot) is experimentally computed from static monotonic pushover tests. (b) Critical contact area ratio (A /A_c) is back-calculated from M_c_foot using statics equations (Gajan and Kutter 2008). (c) Average bearing pressure (q_ult_crit) at the critical contact area (A_c) is back-calculated based on A_c and the total vertical load (P_st).
263,"Anastasopoulos, I., Kourkoulis, R., Gelagoti, F., and Papadopoulos, E. (2012). ""Rocking Response of SDOF Systems on Shallow Improved Sand: An Experimental Study."" Soil Dynam. Earthquake Eng. 40, 15",G. Gazetas,I. Anastasopoulos,"A. Tsatsis, P. Kokkali, E. Papadopoulos",ERC,P2011SQF,"Laboratory of Soil Mechanics, NTUA, Athens, Greece",Small-Scale 1g ,Rigid Soil Container,1.48,0.78,0.65,Servomotor,1,Slow-Cyclic Displacement-Controlled Lateral Loading,pinned connection free to move in the vertical direction,P2011SQF_Connection.jpg,P2011SQF24,4-May-11,14,11,7777,1,0.05,0.000125,0.2236,Model,0.45,7777,2,None,Longstone Sand,0.375,45,9999,3,7777,7777,7777,7777,1448,7777,0,0.075,93,7777,7777,7777,7777,7777,7777,1,7777,7777,7777,7777,7777,7777,7777,7777,7777,7777,7777,7777,Square,Aluminium,0.15,0.15,7777,7777,7777,0,0,0.02,0,0,SDOF,P2011SQF_Light_Structure.JPG,Steel,0.356,35.3,0.347,15.4,108.9,9999,50.2,P2011SQF1_Report.pdf,7.1,7777,3.07,0.114,23,7777,P2011SQF1_Report.pdf,1D Lateral Loading,14,1,0.0244,260,P2011SQF_Load_Protocol_1.pdf,P2011SQF_Load_Protocol_1-11.txt,P2011SQF24.pdf,P2011SQF24-11.txt,M=V*Height,0.0516,0.101,0.526,0.0216,0.0879,0.0371,4.62,0.26,At the point of zero shear,1.1,4.624,0.257,P2011SQF2_Report.pdf,http://ssi.civil.ntua.gr/?page_id=413,(a) Foundation moment capacity (M_c_foot) is experimentally computed from static monotonic pushover tests. (b) Critical contact area ratio (A /A_c) is back-calculated from M_c_foot using statics equations (Gajan and Kutter 2008). (c) Average bearing pressure (q_ult_crit) at the critical contact area (A_c) is back-calculated based on A_c and the total vertical load (P_st).
264,"Anastasopoulos, I., Kourkoulis, R., Gelagoti, F., and Papadopoulos, E. (2012). ""Rocking Response of SDOF Systems on Shallow Improved Sand: An Experimental Study."" Soil Dynam. Earthquake Eng. 40, 15",G. Gazetas,I. Anastasopoulos,"A. Tsatsis, P. Kokkali, E. Papadopoulos",ERC,P2011SQF,"Laboratory of Soil Mechanics, NTUA, Athens, Greece",Small-Scale 1g ,Rigid Soil Container,1.48,0.78,0.65,Servomotor,1,Slow-Cyclic Displacement-Controlled Lateral Loading,pinned connection free to move in the vertical direction,P2011SQF_Connection.jpg,P2011SQF24,4-May-11,14,12,7777,1,0.05,0.000125,0.2236,Model,0.45,7777,2,None,Longstone Sand,0.375,45,9999,3,7777,7777,7777,7777,1448,7777,0,0.075,93,7777,7777,7777,7777,7777,7777,1,7777,7777,7777,7777,7777,7777,7777,7777,7777,7777,7777,7777,Square,Aluminium,0.15,0.15,7777,7777,7777,0,0,0.02,0,0,SDOF,P2011SQF_Light_Structure.JPG,Steel,0.356,35.3,0.347,15.4,108.9,9999,50.2,P2011SQF1_Report.pdf,7.1,7777,3.07,0.114,23,7777,P2011SQF1_Report.pdf,1D Lateral Loading,14,1,0.03,320,P2011SQF_Load_Protocol_1.pdf,P2011SQF_Load_Protocol_1-12.txt,P2011SQF24.pdf,P2011SQF24-12.txt,M=V*Height,0.0617,0.121,0.648,0.032,0.1043,0.0537,4.96,0.34,At the point of zero shear,1.07,4.962,0.338,P2011SQF2_Report.pdf,http://ssi.civil.ntua.gr/?page_id=413,(a) Foundation moment capacity (M_c_foot) is experimentally computed from static monotonic pushover tests. (b) Critical contact area ratio (A /A_c) is back-calculated from M_c_foot using statics equations (Gajan and Kutter 2008). (c) Average bearing pressure (q_ult_crit) at the critical contact area (A_c) is back-calculated based on A_c and the total vertical load (P_st).
265,"Anastasopoulos, I., Kourkoulis, R., Gelagoti, F., and Papadopoulos, E. (2012). ""Rocking Response of SDOF Systems on Shallow Improved Sand: An Experimental Study."" Soil Dynam. Earthquake Eng. 40, 15",G. Gazetas,I. Anastasopoulos,"A. Tsatsis, P. Kokkali, E. Papadopoulos",ERC,P2011SQF,"Laboratory of Soil Mechanics, NTUA, Athens, Greece",Small-Scale 1g ,Rigid Soil Container,1.48,0.78,0.65,Servomotor,1,Slow-Cyclic Displacement-Controlled Lateral Loading,pinned connection free to move in the vertical direction,P2011SQF_Connection.jpg,P2011SQF24,4-May-11,14,13,7777,1,0.05,0.000125,0.2236,Model,0.45,7777,2,None,Longstone Sand,0.375,45,9999,3,7777,7777,7777,7777,1448,7777,0,0.075,93,7777,7777,7777,7777,7777,7777,1,7777,7777,7777,7777,7777,7777,7777,7777,7777,7777,7777,7777,Square,Aluminium,0.15,0.15,7777,7777,7777,0,0,0.02,0,0,SDOF,P2011SQF_Light_Structure.JPG,Steel,0.356,35.3,0.347,15.4,108.9,9999,50.2,P2011SQF1_Report.pdf,7.1,7777,3.07,0.114,23,7777,P2011SQF1_Report.pdf,1D Lateral Loading,14,1,0.0356,380,P2011SQF_Load_Protocol_1.pdf,P2011SQF_Load_Protocol_1-13.txt,P2011SQF24.pdf,P2011SQF24-13.txt,M=V*Height,0.0733,0.145,0.792,0.0421,0.1233,0.0695,5.43,0.47,At the point of zero shear,1.11,5.432,0.469,P2011SQF2_Report.pdf,http://ssi.civil.ntua.gr/?page_id=413,(a) Foundation moment capacity (M_c_foot) is experimentally computed from static monotonic pushover tests. (b) Critical contact area ratio (A /A_c) is back-calculated from M_c_foot using statics equations (Gajan and Kutter 2008). (c) Average bearing pressure (q_ult_crit) at the critical contact area (A_c) is back-calculated based on A_c and the total vertical load (P_st).
266,"Anastasopoulos, I., Kourkoulis, R., Gelagoti, F., and Papadopoulos, E. (2012). ""Rocking Response of SDOF Systems on Shallow Improved Sand: An Experimental Study."" Soil Dynam. Earthquake Eng. 40, 15",G. Gazetas,I. Anastasopoulos,"A. Tsatsis, P. Kokkali, E. Papadopoulos",ERC,P2011SQF,"Laboratory of Soil Mechanics, NTUA, Athens, Greece",Small-Scale 1g ,Rigid Soil Container,1.48,0.78,0.65,Servomotor,1,Slow-Cyclic Displacement-Controlled Lateral Loading,pinned connection free to move in the vertical direction,P2011SQF_Connection.jpg,P2011SQF24,4-May-11,14,14,7777,1,0.05,0.000125,0.2236,Model,0.45,7777,2,None,Longstone Sand,0.375,45,9999,3,7777,7777,7777,7777,1448,7777,0,0.075,93,7777,7777,7777,7777,7777,7777,1,7777,7777,7777,7777,7777,7777,7777,7777,7777,7777,7777,7777,Square,Aluminium,0.15,0.15,7777,7777,7777,0,0,0.02,0,0,SDOF,P2011SQF_Light_Structure.JPG,Steel,0.356,35.3,0.347,15.4,108.9,9999,50.2,P2011SQF1_Report.pdf,7.1,7777,3.07,0.114,23,7777,P2011SQF1_Report.pdf,1D Lateral Loading,14,1,0.0413,440,P2011SQF_Load_Protocol_1.pdf,P2011SQF_Load_Protocol_1-14.txt,P2011SQF24.pdf,P2011SQF24-14.txt,M=V*Height,0.0838,0.166,0.958,0.0515,0.1413,0.0858,5.71,0.27,At the point of zero shear,1.13,5.706,0.274,P2011SQF2_Report.pdf,http://ssi.civil.ntua.gr/?page_id=413,(a) Foundation moment capacity (M_c_foot) is experimentally computed from static monotonic pushover tests. (b) Critical contact area ratio (A /A_c) is back-calculated from M_c_foot using statics equations (Gajan and Kutter 2008). (c) Average bearing pressure (q_ult_crit) at the critical contact area (A_c) is back-calculated based on A_c and the total vertical load (P_st).
267,"Anastasopoulos, I., Kourkoulis, R., Gelagoti, F., and Papadopoulos, E. (2012). ""Rocking Response of SDOF Systems on Shallow Improved Sand: An Experimental Study."" Soil Dynam. Earthquake Eng. 40, 15",G. Gazetas,I. Anastasopoulos,"A. Tsatsis, P. Kokkali, E. Papadopoulos",ERC,P2011SQF,"Laboratory of Soil Mechanics, NTUA, Athens, Greece",Small-Scale 1g ,Rigid Soil Container,1.48,0.78,0.65,Servomotor,1,Slow-Cyclic Displacement-Controlled Lateral Loading,pinned connection free to move in the vertical direction,P2011SQF_Connection.jpg,P2011SQF25,5-May-11,5,1,7777,1,0.05,0.000125,0.2236,Model,0.45,7777,2,None,Longstone Sand,0.375,45,9999,3,7777,7777,7777,7777,1448,7777,0,0.075,93,7777,7777,7777,7777,7777,7777,1,7777,7777,7777,7777,7777,7777,7777,7777,7777,7777,7777,7777,Square,Aluminium,0.15,0.15,7777,7777,7777,0,0,0.02,0,0,SDOF,P2011SQF_Light_Structure.JPG,Steel,0.356,35.3,0.347,15.4,108.9,9999,50.2,P2011SQF1_Report.pdf,7.1,7777,3.07,0.114,23,7777,P2011SQF1_Report.pdf,1D Lateral Loading,5,10,0.0038,40,P2011SQF_Load_Protocol_3.pdf,P2011SQF_Load_Protocol_3-01.txt,P2011SQF25.pdf,P2011SQF25-01.txt,M=V*Height,0.0083,0.129,0.129,0.0043,0.0101,0.0058,2.26,2.26,At the point of zero shear,1.03,2.263,2.263,P2011SQF2_Report.pdf,http://ssi.civil.ntua.gr/?page_id=413,(a) Foundation moment capacity (M_c_foot) is experimentally computed from static monotonic pushover tests. (b) Critical contact area ratio (A /A_c) is back-calculated from M_c_foot using statics equations (Gajan and Kutter 2008). (c) Average bearing pressure (q_ult_crit) at the critical contact area (A_c) is back-calculated based on A_c and the total vertical load (P_st).
268,"Anastasopoulos, I., Kourkoulis, R., Gelagoti, F., and Papadopoulos, E. (2012). ""Rocking Response of SDOF Systems on Shallow Improved Sand: An Experimental Study."" Soil Dynam. Earthquake Eng. 40, 15",G. Gazetas,I. Anastasopoulos,"A. Tsatsis, P. Kokkali, E. Papadopoulos",ERC,P2011SQF,"Laboratory of Soil Mechanics, NTUA, Athens, Greece",Small-Scale 1g ,Rigid Soil Container,1.48,0.78,0.65,Servomotor,1,Slow-Cyclic Displacement-Controlled Lateral Loading,pinned connection free to move in the vertical direction,P2011SQF_Connection.jpg,P2011SQF25,5-May-11,5,2,7777,1,0.05,0.000125,0.2236,Model,0.45,7777,2,None,Longstone Sand,0.375,45,9999,3,7777,7777,7777,7777,1448,7777,0,0.075,93,7777,7777,7777,7777,7777,7777,1,7777,7777,7777,7777,7777,7777,7777,7777,7777,7777,7777,7777,Square,Aluminium,0.15,0.15,7777,7777,7777,0,0,0.02,0,0,SDOF,P2011SQF_Light_Structure.JPG,Steel,0.356,35.3,0.347,15.4,108.9,9999,50.2,P2011SQF1_Report.pdf,7.1,7777,3.07,0.114,23,7777,P2011SQF1_Report.pdf,1D Lateral Loading,5,10,0.0075,55,P2011SQF_Load_Protocol_3.pdf,P2011SQF_Load_Protocol_3-02.txt,P2011SQF25.pdf,P2011SQF25-02.txt,M=V*Height,0.0168,0.294,0.423,0.0037,0.027,0.014,3.45,1.18,At the point of zero shear,1.09,3.446,1.184,P2011SQF2_Report.pdf,http://ssi.civil.ntua.gr/?page_id=413,(a) Foundation moment capacity (M_c_foot) is experimentally computed from static monotonic pushover tests. (b) Critical contact area ratio (A /A_c) is back-calculated from M_c_foot using statics equations (Gajan and Kutter 2008). (c) Average bearing pressure (q_ult_crit) at the critical contact area (A_c) is back-calculated based on A_c and the total vertical load (P_st).
269,"Anastasopoulos, I., Kourkoulis, R., Gelagoti, F., and Papadopoulos, E. (2012). ""Rocking Response of SDOF Systems on Shallow Improved Sand: An Experimental Study."" Soil Dynam. Earthquake Eng. 40, 15",G. Gazetas,I. Anastasopoulos,"A. Tsatsis, P. Kokkali, E. Papadopoulos",ERC,P2011SQF,"Laboratory of Soil Mechanics, NTUA, Athens, Greece",Small-Scale 1g ,Rigid Soil Container,1.48,0.78,0.65,Servomotor,1,Slow-Cyclic Displacement-Controlled Lateral Loading,pinned connection free to move in the vertical direction,P2011SQF_Connection.jpg,P2011SQF25,5-May-11,5,3,7777,1,0.05,0.000125,0.2236,Model,0.45,7777,2,None,Longstone Sand,0.375,45,9999,3,7777,7777,7777,7777,1448,7777,0,0.075,93,7777,7777,7777,7777,7777,7777,1,7777,7777,7777,7777,7777,7777,7777,7777,7777,7777,7777,7777,Square,Aluminium,0.15,0.15,7777,7777,7777,0,0,0.02,0,0,SDOF,P2011SQF_Light_Structure.JPG,Steel,0.356,35.3,0.347,15.4,108.9,9999,50.2,P2011SQF1_Report.pdf,7.1,7777,3.07,0.114,23,7777,P2011SQF1_Report.pdf,1D Lateral Loading,5,5,0.015,110,P2011SQF_Load_Protocol_3.pdf,P2011SQF_Load_Protocol_3-03.txt,P2011SQF25.pdf,P2011SQF25-03.txt,M=V*Height,0.0339,0.321,0.744,0.0088,0.0579,0.0229,4.15,0.7,At the point of zero shear,1.16,4.151,0.705,P2011SQF2_Report.pdf,http://ssi.civil.ntua.gr/?page_id=413,(a) Foundation moment capacity (M_c_foot) is experimentally computed from static monotonic pushover tests. (b) Critical contact area ratio (A /A_c) is back-calculated from M_c_foot using statics equations (Gajan and Kutter 2008). (c) Average bearing pressure (q_ult_crit) at the critical contact area (A_c) is back-calculated based on A_c and the total vertical load (P_st).
270,"Anastasopoulos, I., Kourkoulis, R., Gelagoti, F., and Papadopoulos, E. (2012). ""Rocking Response of SDOF Systems on Shallow Improved Sand: An Experimental Study."" Soil Dynam. Earthquake Eng. 40, 15",G. Gazetas,I. Anastasopoulos,"A. Tsatsis, P. Kokkali, E. Papadopoulos",ERC,P2011SQF,"Laboratory of Soil Mechanics, NTUA, Athens, Greece",Small-Scale 1g ,Rigid Soil Container,1.48,0.78,0.65,Servomotor,1,Slow-Cyclic Displacement-Controlled Lateral Loading,pinned connection free to move in the vertical direction,P2011SQF_Connection.jpg,P2011SQF25,5-May-11,5,4,7777,1,0.05,0.000125,0.2236,Model,0.45,7777,2,None,Longstone Sand,0.375,45,9999,3,7777,7777,7777,7777,1448,7777,0,0.075,93,7777,7777,7777,7777,7777,7777,1,7777,7777,7777,7777,7777,7777,7777,7777,7777,7777,7777,7777,Square,Aluminium,0.15,0.15,7777,7777,7777,0,0,0.02,0,0,SDOF,P2011SQF_Light_Structure.JPG,Steel,0.356,35.3,0.347,15.4,108.9,9999,50.2,P2011SQF1_Report.pdf,7.1,7777,3.07,0.114,23,7777,P2011SQF1_Report.pdf,1D Lateral Loading,5,3,0.0225,160,P2011SQF_Load_Protocol_3.pdf,P2011SQF_Load_Protocol_3-04.txt,P2011SQF25.pdf,P2011SQF25-04.txt,M=V*Height,0.052,0.301,1.045,0.016,0.0833,0.0342,4.66,0.51,At the point of zero shear,1.12,4.665,0.514,P2011SQF2_Report.pdf,http://ssi.civil.ntua.gr/?page_id=413,(a) Foundation moment capacity (M_c_foot) is experimentally computed from static monotonic pushover tests. (b) Critical contact area ratio (A /A_c) is back-calculated from M_c_foot using statics equations (Gajan and Kutter 2008). (c) Average bearing pressure (q_ult_crit) at the critical contact area (A_c) is back-calculated based on A_c and the total vertical load (P_st).
271,"Anastasopoulos, I., Kourkoulis, R., Gelagoti, F., and Papadopoulos, E. (2012). ""Rocking Response of SDOF Systems on Shallow Improved Sand: An Experimental Study."" Soil Dynam. Earthquake Eng. 40, 15",G. Gazetas,I. Anastasopoulos,"A. Tsatsis, P. Kokkali, E. Papadopoulos",ERC,P2011SQF,"Laboratory of Soil Mechanics, NTUA, Athens, Greece",Small-Scale 1g ,Rigid Soil Container,1.48,0.78,0.65,Servomotor,1,Slow-Cyclic Displacement-Controlled Lateral Loading,pinned connection free to move in the vertical direction,P2011SQF_Connection.jpg,P2011SQF25,5-May-11,5,5,7777,1,0.05,0.000125,0.2236,Model,0.45,7777,2,None,Longstone Sand,0.375,45,9999,3,7777,7777,7777,7777,1448,7777,0,0.075,93,7777,7777,7777,7777,7777,7777,1,7777,7777,7777,7777,7777,7777,7777,7777,7777,7777,7777,7777,Square,Aluminium,0.15,0.15,7777,7777,7777,0,0,0.02,0,0,SDOF,P2011SQF_Light_Structure.JPG,Steel,0.356,35.3,0.347,15.4,108.9,9999,50.2,P2011SQF1_Report.pdf,7.1,7777,3.07,0.114,23,7777,P2011SQF1_Report.pdf,1D Lateral Loading,5,3,0.0413,160,P2011SQF_Load_Protocol_3.pdf,P2011SQF_Load_Protocol_3-05.txt,P2011SQF25.pdf,P2011SQF25-05.txt,M=V*Height,0.0864,0.507,1.552,0.0371,0.1551,0.0631,5.34,0.67,At the point of zero shear,1.1,5.338,0.674,P2011SQF2_Report.pdf,http://ssi.civil.ntua.gr/?page_id=413,(a) Foundation moment capacity (M_c_foot) is experimentally computed from static monotonic pushover tests. (b) Critical contact area ratio (A /A_c) is back-calculated from M_c_foot using statics equations (Gajan and Kutter 2008). (c) Average bearing pressure (q_ult_crit) at the critical contact area (A_c) is back-calculated based on A_c and the total vertical load (P_st).
272,"Anastasopoulos, I., Kourkoulis, R., Gelagoti, F., and Papadopoulos, E. (2012). ""Rocking Response of SDOF Systems on Shallow Improved Sand: An Experimental Study."" Soil Dynam. Earthquake Eng. 40, 15",G. Gazetas,I. Anastasopoulos,"A. Tsatsis, P. Kokkali, E. Papadopoulos",ERC,P2011SQF,"Laboratory of Soil Mechanics, NTUA, Athens, Greece",Small-Scale 1g ,Rigid Soil Container,1.48,0.78,0.65,Servomotor,1,Monotonic Displacement-Controlled Lateral Loading,pinned connection free to move in the vertical direction,P2011SQF_Connection.jpg,P2011SQF26,17-May-11,1,1,7777,1,0.05,0.000125,0.2236,Model,0.45,7777,2,None,Longstone Sand,0.4125,45,9999,3,7777,7777,7777,7777,1448,7777,0,0.0375,93,7777,7777,7777,7777,7777,7777,1,7777,7777,7777,7777,7777,7777,7777,7777,7777,7777,7777,7777,Square,Aluminium,0.15,0.15,7777,7777,7777,0,0,0.02,0,0,SDOF,P2011SQF_Light_Structure.JPG,Steel,0.356,35.3,0.347,15.4,86.7,9999,27.9,P2011SQF1_Report.pdf,5.6,7777,3.07,0.349,16.9,7777,P2011SQF1_Report.pdf,1D Lateral Loading,1,7777,7777,7777,P2011SQF26_Load_Protocol.pdf,P2011SQF26_Load_Protocol.txt,P2011SQF26.pdf,P2011SQF26-01.txt,M=V*Height,0.151,7777,7777,7777,0.2493,7777,7777,7777,N/A,1.11,7777,7777,P2011SQF2_Report.pdf,http://ssi.civil.ntua.gr/?page_id=413,(a) Foundation moment capacity (M_c_foot) is experimentally computed from static monotonic pushover tests. (b) Critical contact area ratio (A /A_c) is back-calculated from M_c_foot using statics equations (Gajan and Kutter 2008). (c) Average bearing pressure (q_ult_crit) at the critical contact area (A_c) is back-calculated based on A_c and the total vertical load (P_st).
273,"Anastasopoulos, I., Kourkoulis, R., Gelagoti, F., and Papadopoulos, E. (2012). ""Rocking Response of SDOF Systems on Shallow Improved Sand: An Experimental Study."" Soil Dynam. Earthquake Eng. 40, 15",G. Gazetas,I. Anastasopoulos,"A. Tsatsis, P. Kokkali, E. Papadopoulos",ERC,P2011SQF,"Laboratory of Soil Mechanics, NTUA, Athens, Greece",Small-Scale 1g ,Rigid Soil Container,1.48,0.78,0.65,Servomotor,1,Slow-Cyclic Displacement-Controlled Lateral Loading,pinned connection free to move in the vertical direction,P2011SQF_Connection.jpg,P2011SQF27,6-May-11,14,1,7777,1,0.05,0.000125,0.2236,Model,0.45,7777,2,None,Longstone Sand,0.4125,45,9999,3,7777,7777,7777,7777,1448,7777,0,0.0375,93,7777,7777,7777,7777,7777,7777,1,7777,7777,7777,7777,7777,7777,7777,7777,7777,7777,7777,7777,Square,Aluminium,0.15,0.15,7777,7777,7777,0,0,0.02,0,0,SDOF,P2011SQF_Light_Structure.JPG,Steel,0.356,35.3,0.347,15.4,86.7,9999,27.9,P2011SQF1_Report.pdf,5.6,7777,3.07,0.349,16.9,7777,P2011SQF1_Report.pdf,1D Lateral Loading,14,1,0.0019,20,P2011SQF_Load_Protocol_1.pdf,P2011SQF_Load_Protocol_1-01.txt,P2011SQF27.pdf,P2011SQF27-01.txt,M=V*Height,0.0033,0.0046,0.0046,0.002,0.0053,0.0031,0.42,0.42,At the point of zero shear,0.61,0.422,0.422,P2011SQF2_Report.pdf,http://ssi.civil.ntua.gr/?page_id=413,(a) Foundation moment capacity (M_c_foot) is experimentally computed from static monotonic pushover tests. (b) Critical contact area ratio (A /A_c) is back-calculated from M_c_foot using statics equations (Gajan and Kutter 2008). (c) Average bearing pressure (q_ult_crit) at the critical contact area (A_c) is back-calculated based on A_c and the total vertical load (P_st).
274,"Anastasopoulos, I., Kourkoulis, R., Gelagoti, F., and Papadopoulos, E. (2012). ""Rocking Response of SDOF Systems on Shallow Improved Sand: An Experimental Study."" Soil Dynam. Earthquake Eng. 40, 15",G. Gazetas,I. Anastasopoulos,"A. Tsatsis, P. Kokkali, E. Papadopoulos",ERC,P2011SQF,"Laboratory of Soil Mechanics, NTUA, Athens, Greece",Small-Scale 1g ,Rigid Soil Container,1.48,0.78,0.65,Servomotor,1,Slow-Cyclic Displacement-Controlled Lateral Loading,pinned connection free to move in the vertical direction,P2011SQF_Connection.jpg,P2011SQF27,6-May-11,14,2,7777,1,0.05,0.000125,0.2236,Model,0.45,7777,2,None,Longstone Sand,0.4125,45,9999,3,7777,7777,7777,7777,1448,7777,0,0.0375,93,7777,7777,7777,7777,7777,7777,1,7777,7777,7777,7777,7777,7777,7777,7777,7777,7777,7777,7777,Square,Aluminium,0.15,0.15,7777,7777,7777,0,0,0.02,0,0,SDOF,P2011SQF_Light_Structure.JPG,Steel,0.356,35.3,0.347,15.4,86.7,9999,27.9,P2011SQF1_Report.pdf,5.6,7777,3.07,0.349,16.9,7777,P2011SQF1_Report.pdf,1D Lateral Loading,14,1,0.0038,40,P2011SQF_Load_Protocol_1.pdf,P2011SQF_Load_Protocol_1-02.txt,P2011SQF27.pdf,P2011SQF27-02.txt,M=V*Height,0.0072,0.0123,0.0169,0.0045,0.0111,0.0066,1.07,0.64,At the point of zero shear,0.93,1.066,0.644,P2011SQF2_Report.pdf,http://ssi.civil.ntua.gr/?page_id=413,(a) Foundation moment capacity (M_c_foot) is experimentally computed from static monotonic pushover tests. (b) Critical contact area ratio (A /A_c) is back-calculated from M_c_foot using statics equations (Gajan and Kutter 2008). (c) Average bearing pressure (q_ult_crit) at the critical contact area (A_c) is back-calculated based on A_c and the total vertical load (P_st).
275,"Anastasopoulos, I., Kourkoulis, R., Gelagoti, F., and Papadopoulos, E. (2012). ""Rocking Response of SDOF Systems on Shallow Improved Sand: An Experimental Study."" Soil Dynam. Earthquake Eng. 40, 15",G. Gazetas,I. Anastasopoulos,"A. Tsatsis, P. Kokkali, E. Papadopoulos",ERC,P2011SQF,"Laboratory of Soil Mechanics, NTUA, Athens, Greece",Small-Scale 1g ,Rigid Soil Container,1.48,0.78,0.65,Servomotor,1,Slow-Cyclic Displacement-Controlled Lateral Loading,pinned connection free to move in the vertical direction,P2011SQF_Connection.jpg,P2011SQF27,6-May-11,14,3,7777,1,0.05,0.000125,0.2236,Model,0.45,7777,2,None,Longstone Sand,0.4125,45,9999,3,7777,7777,7777,7777,1448,7777,0,0.0375,93,7777,7777,7777,7777,7777,7777,1,7777,7777,7777,7777,7777,7777,7777,7777,7777,7777,7777,7777,Square,Aluminium,0.15,0.15,7777,7777,7777,0,0,0.02,0,0,SDOF,P2011SQF_Light_Structure.JPG,Steel,0.356,35.3,0.347,15.4,86.7,9999,27.9,P2011SQF1_Report.pdf,5.6,7777,3.07,0.349,16.9,7777,P2011SQF1_Report.pdf,1D Lateral Loading,14,1,0.0056,60,P2011SQF_Load_Protocol_1.pdf,P2011SQF_Load_Protocol_1-03.txt,P2011SQF27.pdf,P2011SQF27-03.txt,M=V*Height,0.0115,0.021,0.0379,0.0069,0.0183,0.0106,1.78,0.72,At the point of zero shear,1.1,1.783,0.717,P2011SQF2_Report.pdf,http://ssi.civil.ntua.gr/?page_id=413,(a) Foundation moment capacity (M_c_foot) is experimentally computed from static monotonic pushover tests. (b) Critical contact area ratio (A /A_c) is back-calculated from M_c_foot using statics equations (Gajan and Kutter 2008). (c) Average bearing pressure (q_ult_crit) at the critical contact area (A_c) is back-calculated based on A_c and the total vertical load (P_st).
276,"Anastasopoulos, I., Kourkoulis, R., Gelagoti, F., and Papadopoulos, E. (2012). ""Rocking Response of SDOF Systems on Shallow Improved Sand: An Experimental Study."" Soil Dynam. Earthquake Eng. 40, 15",G. Gazetas,I. Anastasopoulos,"A. Tsatsis, P. Kokkali, E. Papadopoulos",ERC,P2011SQF,"Laboratory of Soil Mechanics, NTUA, Athens, Greece",Small-Scale 1g ,Rigid Soil Container,1.48,0.78,0.65,Servomotor,1,Slow-Cyclic Displacement-Controlled Lateral Loading,pinned connection free to move in the vertical direction,P2011SQF_Connection.jpg,P2011SQF27,6-May-11,14,4,7777,1,0.05,0.000125,0.2236,Model,0.45,7777,2,None,Longstone Sand,0.4125,45,9999,3,7777,7777,7777,7777,1448,7777,0,0.0375,93,7777,7777,7777,7777,7777,7777,1,7777,7777,7777,7777,7777,7777,7777,7777,7777,7777,7777,7777,Square,Aluminium,0.15,0.15,7777,7777,7777,0,0,0.02,0,0,SDOF,P2011SQF_Light_Structure.JPG,Steel,0.356,35.3,0.347,15.4,86.7,9999,27.9,P2011SQF1_Report.pdf,5.6,7777,3.07,0.349,16.9,7777,P2011SQF1_Report.pdf,1D Lateral Loading,14,1,0.0075,80,P2011SQF_Load_Protocol_1.pdf,P2011SQF_Load_Protocol_1-04.txt,P2011SQF27.pdf,P2011SQF27-04.txt,M=V*Height,0.0156,0.0293,0.0672,0.009,0.0264,0.0151,2.52,0.74,At the point of zero shear,1.2,2.519,0.735,P2011SQF2_Report.pdf,http://ssi.civil.ntua.gr/?page_id=413,(a) Foundation moment capacity (M_c_foot) is experimentally computed from static monotonic pushover tests. (b) Critical contact area ratio (A /A_c) is back-calculated from M_c_foot using statics equations (Gajan and Kutter 2008). (c) Average bearing pressure (q_ult_crit) at the critical contact area (A_c) is back-calculated based on A_c and the total vertical load (P_st).
277,"Anastasopoulos, I., Kourkoulis, R., Gelagoti, F., and Papadopoulos, E. (2012). ""Rocking Response of SDOF Systems on Shallow Improved Sand: An Experimental Study."" Soil Dynam. Earthquake Eng. 40, 15",G. Gazetas,I. Anastasopoulos,"A. Tsatsis, P. Kokkali, E. Papadopoulos",ERC,P2011SQF,"Laboratory of Soil Mechanics, NTUA, Athens, Greece",Small-Scale 1g ,Rigid Soil Container,1.48,0.78,0.65,Servomotor,1,Slow-Cyclic Displacement-Controlled Lateral Loading,pinned connection free to move in the vertical direction,P2011SQF_Connection.jpg,P2011SQF27,6-May-11,14,5,7777,1,0.05,0.000125,0.2236,Model,0.45,7777,2,None,Longstone Sand,0.4125,45,9999,3,7777,7777,7777,7777,1448,7777,0,0.0375,93,7777,7777,7777,7777,7777,7777,1,7777,7777,7777,7777,7777,7777,7777,7777,7777,7777,7777,7777,Square,Aluminium,0.15,0.15,7777,7777,7777,0,0,0.02,0,0,SDOF,P2011SQF_Light_Structure.JPG,Steel,0.356,35.3,0.347,15.4,86.7,9999,27.9,P2011SQF1_Report.pdf,5.6,7777,3.07,0.349,16.9,7777,P2011SQF1_Report.pdf,1D Lateral Loading,14,1,0.0094,100,P2011SQF_Load_Protocol_1.pdf,P2011SQF_Load_Protocol_1-05.txt,P2011SQF27.pdf,P2011SQF27-05.txt,M=V*Height,0.0199,0.0379,0.1051,0.0109,0.0344,0.0185,3.28,0.76,At the point of zero shear,1.27,3.282,0.764,P2011SQF2_Report.pdf,http://ssi.civil.ntua.gr/?page_id=413,(a) Foundation moment capacity (M_c_foot) is experimentally computed from static monotonic pushover tests. (b) Critical contact area ratio (A /A_c) is back-calculated from M_c_foot using statics equations (Gajan and Kutter 2008). (c) Average bearing pressure (q_ult_crit) at the critical contact area (A_c) is back-calculated based on A_c and the total vertical load (P_st).
278,"Anastasopoulos, I., Kourkoulis, R., Gelagoti, F., and Papadopoulos, E. (2012). ""Rocking Response of SDOF Systems on Shallow Improved Sand: An Experimental Study."" Soil Dynam. Earthquake Eng. 40, 15",G. Gazetas,I. Anastasopoulos,"A. Tsatsis, P. Kokkali, E. Papadopoulos",ERC,P2011SQF,"Laboratory of Soil Mechanics, NTUA, Athens, Greece",Small-Scale 1g ,Rigid Soil Container,1.48,0.78,0.65,Servomotor,1,Slow-Cyclic Displacement-Controlled Lateral Loading,pinned connection free to move in the vertical direction,P2011SQF_Connection.jpg,P2011SQF27,6-May-11,14,6,7777,1,0.05,0.000125,0.2236,Model,0.45,7777,2,None,Longstone Sand,0.4125,45,9999,3,7777,7777,7777,7777,1448,7777,0,0.0375,93,7777,7777,7777,7777,7777,7777,1,7777,7777,7777,7777,7777,7777,7777,7777,7777,7777,7777,7777,Square,Aluminium,0.15,0.15,7777,7777,7777,0,0,0.02,0,0,SDOF,P2011SQF_Light_Structure.JPG,Steel,0.356,35.3,0.347,15.4,86.7,9999,27.9,P2011SQF1_Report.pdf,5.6,7777,3.07,0.349,16.9,7777,P2011SQF1_Report.pdf,1D Lateral Loading,14,1,0.0113,120,P2011SQF_Load_Protocol_1.pdf,P2011SQF_Load_Protocol_1-06.txt,P2011SQF27.pdf,P2011SQF27-06.txt,M=V*Height,0.0245,0.047,0.1521,0.0126,0.0413,0.021,4.03,0.75,At the point of zero shear,1.34,4.028,0.746,P2011SQF2_Report.pdf,http://ssi.civil.ntua.gr/?page_id=413,(a) Foundation moment capacity (M_c_foot) is experimentally computed from static monotonic pushover tests. (b) Critical contact area ratio (A /A_c) is back-calculated from M_c_foot using statics equations (Gajan and Kutter 2008). (c) Average bearing pressure (q_ult_crit) at the critical contact area (A_c) is back-calculated based on A_c and the total vertical load (P_st).
279,"Anastasopoulos, I., Kourkoulis, R., Gelagoti, F., and Papadopoulos, E. (2012). ""Rocking Response of SDOF Systems on Shallow Improved Sand: An Experimental Study."" Soil Dynam. Earthquake Eng. 40, 15",G. Gazetas,I. Anastasopoulos,"A. Tsatsis, P. Kokkali, E. Papadopoulos",ERC,P2011SQF,"Laboratory of Soil Mechanics, NTUA, Athens, Greece",Small-Scale 1g ,Rigid Soil Container,1.48,0.78,0.65,Servomotor,1,Slow-Cyclic Displacement-Controlled Lateral Loading,pinned connection free to move in the vertical direction,P2011SQF_Connection.jpg,P2011SQF27,6-May-11,14,7,7777,1,0.05,0.000125,0.2236,Model,0.45,7777,2,None,Longstone Sand,0.4125,45,9999,3,7777,7777,7777,7777,1448,7777,0,0.0375,93,7777,7777,7777,7777,7777,7777,1,7777,7777,7777,7777,7777,7777,7777,7777,7777,7777,7777,7777,Square,Aluminium,0.15,0.15,7777,7777,7777,0,0,0.02,0,0,SDOF,P2011SQF_Light_Structure.JPG,Steel,0.356,35.3,0.347,15.4,86.7,9999,27.9,P2011SQF1_Report.pdf,5.6,7777,3.07,0.349,16.9,7777,P2011SQF1_Report.pdf,1D Lateral Loading,14,1,0.0131,140,P2011SQF_Load_Protocol_1.pdf,P2011SQF_Load_Protocol_1-07.txt,P2011SQF27.pdf,P2011SQF27-07.txt,M=V*Height,0.0287,0.0553,0.2074,0.0145,0.0482,0.0256,4.65,0.62,At the point of zero shear,1.39,4.648,0.62,P2011SQF2_Report.pdf,http://ssi.civil.ntua.gr/?page_id=413,(a) Foundation moment capacity (M_c_foot) is experimentally computed from static monotonic pushover tests. (b) Critical contact area ratio (A /A_c) is back-calculated from M_c_foot using statics equations (Gajan and Kutter 2008). (c) Average bearing pressure (q_ult_crit) at the critical contact area (A_c) is back-calculated based on A_c and the total vertical load (P_st).
280,"Anastasopoulos, I., Kourkoulis, R., Gelagoti, F., and Papadopoulos, E. (2012). ""Rocking Response of SDOF Systems on Shallow Improved Sand: An Experimental Study."" Soil Dynam. Earthquake Eng. 40, 15",G. Gazetas,I. Anastasopoulos,"A. Tsatsis, P. Kokkali, E. Papadopoulos",ERC,P2011SQF,"Laboratory of Soil Mechanics, NTUA, Athens, Greece",Small-Scale 1g ,Rigid Soil Container,1.48,0.78,0.65,Servomotor,1,Slow-Cyclic Displacement-Controlled Lateral Loading,pinned connection free to move in the vertical direction,P2011SQF_Connection.jpg,P2011SQF27,6-May-11,14,8,7777,1,0.05,0.000125,0.2236,Model,0.45,7777,2,None,Longstone Sand,0.4125,45,9999,3,7777,7777,7777,7777,1448,7777,0,0.0375,93,7777,7777,7777,7777,7777,7777,1,7777,7777,7777,7777,7777,7777,7777,7777,7777,7777,7777,7777,Square,Aluminium,0.15,0.15,7777,7777,7777,0,0,0.02,0,0,SDOF,P2011SQF_Light_Structure.JPG,Steel,0.356,35.3,0.347,15.4,86.7,9999,27.9,P2011SQF1_Report.pdf,5.6,7777,3.07,0.349,16.9,7777,P2011SQF1_Report.pdf,1D Lateral Loading,14,1,0.015,160,P2011SQF_Load_Protocol_1.pdf,P2011SQF_Load_Protocol_1-08.txt,P2011SQF27.pdf,P2011SQF27-08.txt,M=V*Height,0.0329,0.0638,0.2712,0.017,0.0547,0.0305,5.24,0.59,At the point of zero shear,1.42,5.238,0.59,P2011SQF2_Report.pdf,http://ssi.civil.ntua.gr/?page_id=413,(a) Foundation moment capacity (M_c_foot) is experimentally computed from static monotonic pushover tests. (b) Critical contact area ratio (A /A_c) is back-calculated from M_c_foot using statics equations (Gajan and Kutter 2008). (c) Average bearing pressure (q_ult_crit) at the critical contact area (A_c) is back-calculated based on A_c and the total vertical load (P_st).
281,"Anastasopoulos, I., Kourkoulis, R., Gelagoti, F., and Papadopoulos, E. (2012). ""Rocking Response of SDOF Systems on Shallow Improved Sand: An Experimental Study."" Soil Dynam. Earthquake Eng. 40, 15",G. Gazetas,I. Anastasopoulos,"A. Tsatsis, P. Kokkali, E. Papadopoulos",ERC,P2011SQF,"Laboratory of Soil Mechanics, NTUA, Athens, Greece",Small-Scale 1g ,Rigid Soil Container,1.48,0.78,0.65,Servomotor,1,Slow-Cyclic Displacement-Controlled Lateral Loading,pinned connection free to move in the vertical direction,P2011SQF_Connection.jpg,P2011SQF27,6-May-11,14,9,7777,1,0.05,0.000125,0.2236,Model,0.45,7777,2,None,Longstone Sand,0.4125,45,9999,3,7777,7777,7777,7777,1448,7777,0,0.0375,93,7777,7777,7777,7777,7777,7777,1,7777,7777,7777,7777,7777,7777,7777,7777,7777,7777,7777,7777,Square,Aluminium,0.15,0.15,7777,7777,7777,0,0,0.02,0,0,SDOF,P2011SQF_Light_Structure.JPG,Steel,0.356,35.3,0.347,15.4,86.7,9999,27.9,P2011SQF1_Report.pdf,5.6,7777,3.07,0.349,16.9,7777,P2011SQF1_Report.pdf,1D Lateral Loading,14,1,0.0169,180,P2011SQF_Load_Protocol_1.pdf,P2011SQF_Load_Protocol_1-09.txt,P2011SQF27.pdf,P2011SQF27-09.txt,M=V*Height,0.0369,0.0719,0.3431,0.0185,0.0618,0.038,5.9,0.66,At the point of zero shear,1.43,5.898,0.66,P2011SQF2_Report.pdf,http://ssi.civil.ntua.gr/?page_id=413,(a) Foundation moment capacity (M_c_foot) is experimentally computed from static monotonic pushover tests. (b) Critical contact area ratio (A /A_c) is back-calculated from M_c_foot using statics equations (Gajan and Kutter 2008). (c) Average bearing pressure (q_ult_crit) at the critical contact area (A_c) is back-calculated based on A_c and the total vertical load (P_st).
282,"Anastasopoulos, I., Kourkoulis, R., Gelagoti, F., and Papadopoulos, E. (2012). ""Rocking Response of SDOF Systems on Shallow Improved Sand: An Experimental Study."" Soil Dynam. Earthquake Eng. 40, 15",G. Gazetas,I. Anastasopoulos,"A. Tsatsis, P. Kokkali, E. Papadopoulos",ERC,P2011SQF,"Laboratory of Soil Mechanics, NTUA, Athens, Greece",Small-Scale 1g ,Rigid Soil Container,1.48,0.78,0.65,Servomotor,1,Slow-Cyclic Displacement-Controlled Lateral Loading,pinned connection free to move in the vertical direction,P2011SQF_Connection.jpg,P2011SQF27,6-May-11,14,10,7777,1,0.05,0.000125,0.2236,Model,0.45,7777,2,None,Longstone Sand,0.4125,45,9999,3,7777,7777,7777,7777,1448,7777,0,0.0375,93,7777,7777,7777,7777,7777,7777,1,7777,7777,7777,7777,7777,7777,7777,7777,7777,7777,7777,7777,Square,Aluminium,0.15,0.15,7777,7777,7777,0,0,0.02,0,0,SDOF,P2011SQF_Light_Structure.JPG,Steel,0.356,35.3,0.347,15.4,86.7,9999,27.9,P2011SQF1_Report.pdf,5.6,7777,3.07,0.349,16.9,7777,P2011SQF1_Report.pdf,1D Lateral Loading,14,1,0.0188,200,P2011SQF_Load_Protocol_1.pdf,P2011SQF_Load_Protocol_1-10.txt,P2011SQF27.pdf,P2011SQF27-10.txt,M=V*Height,0.0413,0.0806,0.4237,0.02,0.0685,0.0456,6.54,0.65,At the point of zero shear,1.47,6.544,0.646,P2011SQF2_Report.pdf,http://ssi.civil.ntua.gr/?page_id=413,(a) Foundation moment capacity (M_c_foot) is experimentally computed from static monotonic pushover tests. (b) Critical contact area ratio (A /A_c) is back-calculated from M_c_foot using statics equations (Gajan and Kutter 2008). (c) Average bearing pressure (q_ult_crit) at the critical contact area (A_c) is back-calculated based on A_c and the total vertical load (P_st).
283,"Anastasopoulos, I., Kourkoulis, R., Gelagoti, F., and Papadopoulos, E. (2012). ""Rocking Response of SDOF Systems on Shallow Improved Sand: An Experimental Study."" Soil Dynam. Earthquake Eng. 40, 15",G. Gazetas,I. Anastasopoulos,"A. Tsatsis, P. Kokkali, E. Papadopoulos",ERC,P2011SQF,"Laboratory of Soil Mechanics, NTUA, Athens, Greece",Small-Scale 1g ,Rigid Soil Container,1.48,0.78,0.65,Servomotor,1,Slow-Cyclic Displacement-Controlled Lateral Loading,pinned connection free to move in the vertical direction,P2011SQF_Connection.jpg,P2011SQF27,6-May-11,14,11,7777,1,0.05,0.000125,0.2236,Model,0.45,7777,2,None,Longstone Sand,0.4125,45,9999,3,7777,7777,7777,7777,1448,7777,0,0.0375,93,7777,7777,7777,7777,7777,7777,1,7777,7777,7777,7777,7777,7777,7777,7777,7777,7777,7777,7777,Square,Aluminium,0.15,0.15,7777,7777,7777,0,0,0.02,0,0,SDOF,P2011SQF_Light_Structure.JPG,Steel,0.356,35.3,0.347,15.4,86.7,9999,27.9,P2011SQF1_Report.pdf,5.6,7777,3.07,0.349,16.9,7777,P2011SQF1_Report.pdf,1D Lateral Loading,14,1,0.0244,260,P2011SQF_Load_Protocol_1.pdf,P2011SQF_Load_Protocol_1-11.txt,P2011SQF27.pdf,P2011SQF27-11.txt,M=V*Height,0.0523,0.1025,0.5262,0.0283,0.0861,0.0586,7.11,0.56,At the point of zero shear,1.54,7.105,0.561,P2011SQF2_Report.pdf,http://ssi.civil.ntua.gr/?page_id=413,(a) Foundation moment capacity (M_c_foot) is experimentally computed from static monotonic pushover tests. (b) Critical contact area ratio (A /A_c) is back-calculated from M_c_foot using statics equations (Gajan and Kutter 2008). (c) Average bearing pressure (q_ult_crit) at the critical contact area (A_c) is back-calculated based on A_c and the total vertical load (P_st).
284,"Anastasopoulos, I., Kourkoulis, R., Gelagoti, F., and Papadopoulos, E. (2012). ""Rocking Response of SDOF Systems on Shallow Improved Sand: An Experimental Study."" Soil Dynam. Earthquake Eng. 40, 15",G. Gazetas,I. Anastasopoulos,"A. Tsatsis, P. Kokkali, E. Papadopoulos",ERC,P2011SQF,"Laboratory of Soil Mechanics, NTUA, Athens, Greece",Small-Scale 1g ,Rigid Soil Container,1.48,0.78,0.65,Servomotor,1,Slow-Cyclic Displacement-Controlled Lateral Loading,pinned connection free to move in the vertical direction,P2011SQF_Connection.jpg,P2011SQF27,6-May-11,14,12,7777,1,0.05,0.000125,0.2236,Model,0.45,7777,2,None,Longstone Sand,0.4125,45,9999,3,7777,7777,7777,7777,1448,7777,0,0.0375,93,7777,7777,7777,7777,7777,7777,1,7777,7777,7777,7777,7777,7777,7777,7777,7777,7777,7777,7777,Square,Aluminium,0.15,0.15,7777,7777,7777,0,0,0.02,0,0,SDOF,P2011SQF_Light_Structure.JPG,Steel,0.356,35.3,0.347,15.4,86.7,9999,27.9,P2011SQF1_Report.pdf,5.6,7777,3.07,0.349,16.9,7777,P2011SQF1_Report.pdf,1D Lateral Loading,14,1,0.03,320,P2011SQF_Load_Protocol_1.pdf,P2011SQF_Load_Protocol_1-12.txt,P2011SQF27.pdf,P2011SQF27-12.txt,M=V*Height,0.0633,0.1247,0.6509,0.0408,0.1064,0.0694,7.63,0.52,At the point of zero shear,1.47,7.63,0.524,P2011SQF2_Report.pdf,http://ssi.civil.ntua.gr/?page_id=413,(a) Foundation moment capacity (M_c_foot) is experimentally computed from static monotonic pushover tests. (b) Critical contact area ratio (A /A_c) is back-calculated from M_c_foot using statics equations (Gajan and Kutter 2008). (c) Average bearing pressure (q_ult_crit) at the critical contact area (A_c) is back-calculated based on A_c and the total vertical load (P_st).
285,"Anastasopoulos, I., Kourkoulis, R., Gelagoti, F., and Papadopoulos, E. (2012). ""Rocking Response of SDOF Systems on Shallow Improved Sand: An Experimental Study."" Soil Dynam. Earthquake Eng. 40, 15",G. Gazetas,I. Anastasopoulos,"A. Tsatsis, P. Kokkali, E. Papadopoulos",ERC,P2011SQF,"Laboratory of Soil Mechanics, NTUA, Athens, Greece",Small-Scale 1g ,Rigid Soil Container,1.48,0.78,0.65,Servomotor,1,Slow-Cyclic Displacement-Controlled Lateral Loading,pinned connection free to move in the vertical direction,P2011SQF_Connection.jpg,P2011SQF27,6-May-11,14,13,7777,1,0.05,0.000125,0.2236,Model,0.45,7777,2,None,Longstone Sand,0.4125,45,9999,3,7777,7777,7777,7777,1448,7777,0,0.0375,93,7777,7777,7777,7777,7777,7777,1,7777,7777,7777,7777,7777,7777,7777,7777,7777,7777,7777,7777,Square,Aluminium,0.15,0.15,7777,7777,7777,0,0,0.02,0,0,SDOF,P2011SQF_Light_Structure.JPG,Steel,0.356,35.3,0.347,15.4,86.7,9999,27.9,P2011SQF1_Report.pdf,5.6,7777,3.07,0.349,16.9,7777,P2011SQF1_Report.pdf,1D Lateral Loading,14,1,0.0356,380,P2011SQF_Load_Protocol_1.pdf,P2011SQF_Load_Protocol_1-13.txt,P2011SQF27.pdf,P2011SQF27-13.txt,M=V*Height,0.0737,0.1454,0.7963,0.0513,0.1234,0.086,8.39,0.76,At the point of zero shear,1.53,8.389,0.759,P2011SQF2_Report.pdf,http://ssi.civil.ntua.gr/?page_id=413,(a) Foundation moment capacity (M_c_foot) is experimentally computed from static monotonic pushover tests. (b) Critical contact area ratio (A /A_c) is back-calculated from M_c_foot using statics equations (Gajan and Kutter 2008). (c) Average bearing pressure (q_ult_crit) at the critical contact area (A_c) is back-calculated based on A_c and the total vertical load (P_st).
286,"Anastasopoulos, I., Kourkoulis, R., Gelagoti, F., and Papadopoulos, E. (2012). ""Rocking Response of SDOF Systems on Shallow Improved Sand: An Experimental Study."" Soil Dynam. Earthquake Eng. 40, 15",G. Gazetas,I. Anastasopoulos,"A. Tsatsis, P. Kokkali, E. Papadopoulos",ERC,P2011SQF,"Laboratory of Soil Mechanics, NTUA, Athens, Greece",Small-Scale 1g ,Rigid Soil Container,1.48,0.78,0.65,Servomotor,1,Slow-Cyclic Displacement-Controlled Lateral Loading,pinned connection free to move in the vertical direction,P2011SQF_Connection.jpg,P2011SQF27,6-May-11,14,14,7777,1,0.05,0.000125,0.2236,Model,0.45,7777,2,None,Longstone Sand,0.4125,45,9999,3,7777,7777,7777,7777,1448,7777,0,0.0375,93,7777,7777,7777,7777,7777,7777,1,7777,7777,7777,7777,7777,7777,7777,7777,7777,7777,7777,7777,Square,Aluminium,0.15,0.15,7777,7777,7777,0,0,0.02,0,0,SDOF,P2011SQF_Light_Structure.JPG,Steel,0.356,35.3,0.347,15.4,86.7,9999,27.9,P2011SQF1_Report.pdf,5.6,7777,3.07,0.349,16.9,7777,P2011SQF1_Report.pdf,1D Lateral Loading,14,1,0.0413,440,P2011SQF_Load_Protocol_1.pdf,P2011SQF_Load_Protocol_1-14.txt,P2011SQF27.pdf,P2011SQF27-14.txt,M=V*Height,0.0844,0.1669,0.9632,0.0615,0.1422,0.1032,9.11,0.73,At the point of zero shear,1.53,9.114,0.726,P2011SQF2_Report.pdf,http://ssi.civil.ntua.gr/?page_id=413,(a) Foundation moment capacity (M_c_foot) is experimentally computed from static monotonic pushover tests. (b) Critical contact area ratio (A /A_c) is back-calculated from M_c_foot using statics equations (Gajan and Kutter 2008). (c) Average bearing pressure (q_ult_crit) at the critical contact area (A_c) is back-calculated based on A_c and the total vertical load (P_st).
287,"Anastasopoulos, I., Kourkoulis, R., Gelagoti, F., and Papadopoulos, E. (2012). ""Rocking Response of SDOF Systems on Shallow Improved Sand: An Experimental Study."" Soil Dynam. Earthquake Eng. 40, 15",G. Gazetas,I. Anastasopoulos,"A. Tsatsis, P. Kokkali, E. Papadopoulos",ERC,P2011SQF,"Laboratory of Soil Mechanics, NTUA, Athens, Greece",Small-Scale 1g ,Rigid Soil Container,1.48,0.78,0.65,Servomotor,1,Slow-Cyclic Displacement-Controlled Lateral Loading,pinned connection free to move in the vertical direction,P2011SQF_Connection.jpg,P2011SQF28,6-May-11,5,1,7777,1,0.05,0.000125,0.2236,Model,0.45,7777,2,None,Longstone Sand,0.4125,45,9999,3,7777,7777,7777,7777,1448,7777,0,0.0375,93,7777,7777,7777,7777,7777,7777,1,7777,7777,7777,7777,7777,7777,7777,7777,7777,7777,7777,7777,Square,Aluminium,0.15,0.15,7777,7777,7777,0,0,0.02,0,0,SDOF,P2011SQF_Light_Structure.JPG,Steel,0.356,35.3,0.347,15.4,86.7,9999,27.9,P2011SQF1_Report.pdf,5.6,7777,3.07,0.349,16.9,7777,P2011SQF1_Report.pdf,1D Lateral Loading,5,10,0.0038,40,P2011SQF_Load_Protocol_3.pdf,P2011SQF_Load_Protocol_3-01.txt,P2011SQF28.pdf,P2011SQF28-01.txt,M=V*Height,0.0085,0.126,0.126,0.0051,0.0104,0.0075,3.94,3.94,At the point of zero shear,1.22,3.939,3.939,P2011SQF2_Report.pdf,http://ssi.civil.ntua.gr/?page_id=413,(a) Foundation moment capacity (M_c_foot) is experimentally computed from static monotonic pushover tests. (b) Critical contact area ratio (A /A_c) is back-calculated from M_c_foot using statics equations (Gajan and Kutter 2008). (c) Average bearing pressure (q_ult_crit) at the critical contact area (A_c) is back-calculated based on A_c and the total vertical load (P_st).
288,"Anastasopoulos, I., Kourkoulis, R., Gelagoti, F., and Papadopoulos, E. (2012). ""Rocking Response of SDOF Systems on Shallow Improved Sand: An Experimental Study."" Soil Dynam. Earthquake Eng. 40, 15",G. Gazetas,I. Anastasopoulos,"A. Tsatsis, P. Kokkali, E. Papadopoulos",ERC,P2011SQF,"Laboratory of Soil Mechanics, NTUA, Athens, Greece",Small-Scale 1g ,Rigid Soil Container,1.48,0.78,0.65,Servomotor,1,Slow-Cyclic Displacement-Controlled Lateral Loading,pinned connection free to move in the vertical direction,P2011SQF_Connection.jpg,P2011SQF28,6-May-11,5,2,7777,1,0.05,0.000125,0.2236,Model,0.45,7777,2,None,Longstone Sand,0.4125,45,9999,3,7777,7777,7777,7777,1448,7777,0,0.0375,93,7777,7777,7777,7777,7777,7777,1,7777,7777,7777,7777,7777,7777,7777,7777,7777,7777,7777,7777,Square,Aluminium,0.15,0.15,7777,7777,7777,0,0,0.02,0,0,SDOF,P2011SQF_Light_Structure.JPG,Steel,0.356,35.3,0.347,15.4,86.7,9999,27.9,P2011SQF1_Report.pdf,5.6,7777,3.07,0.349,16.9,7777,P2011SQF1_Report.pdf,1D Lateral Loading,5,10,0.0075,55,P2011SQF_Load_Protocol_3.pdf,P2011SQF_Load_Protocol_3-02.txt,P2011SQF28.pdf,P2011SQF28-02.txt,M=V*Height,0.0175,0.292,0.418,0.0072,0.0256,0.0122,7,3.06,At the point of zero shear,1.46,6.998,3.059,P2011SQF2_Report.pdf,http://ssi.civil.ntua.gr/?page_id=413,(a) Foundation moment capacity (M_c_foot) is experimentally computed from static monotonic pushover tests. (b) Critical contact area ratio (A /A_c) is back-calculated from M_c_foot using statics equations (Gajan and Kutter 2008). (c) Average bearing pressure (q_ult_crit) at the critical contact area (A_c) is back-calculated based on A_c and the total vertical load (P_st).
289,"Anastasopoulos, I., Kourkoulis, R., Gelagoti, F., and Papadopoulos, E. (2012). ""Rocking Response of SDOF Systems on Shallow Improved Sand: An Experimental Study."" Soil Dynam. Earthquake Eng. 40, 15",G. Gazetas,I. Anastasopoulos,"A. Tsatsis, P. Kokkali, E. Papadopoulos",ERC,P2011SQF,"Laboratory of Soil Mechanics, NTUA, Athens, Greece",Small-Scale 1g ,Rigid Soil Container,1.48,0.78,0.65,Servomotor,1,Slow-Cyclic Displacement-Controlled Lateral Loading,pinned connection free to move in the vertical direction,P2011SQF_Connection.jpg,P2011SQF28,6-May-11,5,3,7777,1,0.05,0.000125,0.2236,Model,0.45,7777,2,None,Longstone Sand,0.4125,45,9999,3,7777,7777,7777,7777,1448,7777,0,0.0375,93,7777,7777,7777,7777,7777,7777,1,7777,7777,7777,7777,7777,7777,7777,7777,7777,7777,7777,7777,Square,Aluminium,0.15,0.15,7777,7777,7777,0,0,0.02,0,0,SDOF,P2011SQF_Light_Structure.JPG,Steel,0.356,35.3,0.347,15.4,86.7,9999,27.9,P2011SQF1_Report.pdf,5.6,7777,3.07,0.349,16.9,7777,P2011SQF1_Report.pdf,1D Lateral Loading,5,5,0.015,110,P2011SQF_Load_Protocol_3.pdf,P2011SQF_Load_Protocol_3-03.txt,P2011SQF28.pdf,P2011SQF28-03.txt,M=V*Height,0.0355,0.324,0.743,0.0156,0.0691,0.0379,8.87,1.87,At the point of zero shear,1.55,8.873,1.875,P2011SQF2_Report.pdf,http://ssi.civil.ntua.gr/?page_id=413,(a) Foundation moment capacity (M_c_foot) is experimentally computed from static monotonic pushover tests. (b) Critical contact area ratio (A /A_c) is back-calculated from M_c_foot using statics equations (Gajan and Kutter 2008). (c) Average bearing pressure (q_ult_crit) at the critical contact area (A_c) is back-calculated based on A_c and the total vertical load (P_st).
290,"Anastasopoulos, I., Kourkoulis, R., Gelagoti, F., and Papadopoulos, E. (2012). ""Rocking Response of SDOF Systems on Shallow Improved Sand: An Experimental Study."" Soil Dynam. Earthquake Eng. 40, 15",G. Gazetas,I. Anastasopoulos,"A. Tsatsis, P. Kokkali, E. Papadopoulos",ERC,P2011SQF,"Laboratory of Soil Mechanics, NTUA, Athens, Greece",Small-Scale 1g ,Rigid Soil Container,1.48,0.78,0.65,Servomotor,1,Slow-Cyclic Displacement-Controlled Lateral Loading,pinned connection free to move in the vertical direction,P2011SQF_Connection.jpg,P2011SQF28,6-May-11,5,4,7777,1,0.05,0.000125,0.2236,Model,0.45,7777,2,None,Longstone Sand,0.4125,45,9999,3,7777,7777,7777,7777,1448,7777,0,0.0375,93,7777,7777,7777,7777,7777,7777,1,7777,7777,7777,7777,7777,7777,7777,7777,7777,7777,7777,7777,Square,Aluminium,0.15,0.15,7777,7777,7777,0,0,0.02,0,0,SDOF,P2011SQF_Light_Structure.JPG,Steel,0.356,35.3,0.347,15.4,86.7,9999,27.9,P2011SQF1_Report.pdf,5.6,7777,3.07,0.349,16.9,7777,P2011SQF1_Report.pdf,1D Lateral Loading,5,3,0.0225,160,P2011SQF_Load_Protocol_3.pdf,P2011SQF_Load_Protocol_3-04.txt,P2011SQF28.pdf,P2011SQF28-04.txt,M=V*Height,0.0516,0.294,1.036,0.0248,0.0835,0.0409,10.15,1.27,At the point of zero shear,1.62,10.148,1.274,P2011SQF2_Report.pdf,http://ssi.civil.ntua.gr/?page_id=413,(a) Foundation moment capacity (M_c_foot) is experimentally computed from static monotonic pushover tests. (b) Critical contact area ratio (A /A_c) is back-calculated from M_c_foot using statics equations (Gajan and Kutter 2008). (c) Average bearing pressure (q_ult_crit) at the critical contact area (A_c) is back-calculated based on A_c and the total vertical load (P_st).
291,"Anastasopoulos, I., Kourkoulis, R., Gelagoti, F., and Papadopoulos, E. (2012). ""Rocking Response of SDOF Systems on Shallow Improved Sand: An Experimental Study."" Soil Dynam. Earthquake Eng. 40, 15",G. Gazetas,I. Anastasopoulos,"A. Tsatsis, P. Kokkali, E. Papadopoulos",ERC,P2011SQF,"Laboratory of Soil Mechanics, NTUA, Athens, Greece",Small-Scale 1g ,Rigid Soil Container,1.48,0.78,0.65,Servomotor,1,Slow-Cyclic Displacement-Controlled Lateral Loading,pinned connection free to move in the vertical direction,P2011SQF_Connection.jpg,P2011SQF28,6-May-11,5,5,7777,1,0.05,0.000125,0.2236,Model,0.45,7777,2,None,Longstone Sand,0.4125,45,9999,3,7777,7777,7777,7777,1448,7777,0,0.0375,93,7777,7777,7777,7777,7777,7777,1,7777,7777,7777,7777,7777,7777,7777,7777,7777,7777,7777,7777,Square,Aluminium,0.15,0.15,7777,7777,7777,0,0,0.02,0,0,SDOF,P2011SQF_Light_Structure.JPG,Steel,0.356,35.3,0.347,15.4,86.7,9999,27.9,P2011SQF1_Report.pdf,5.6,7777,3.07,0.349,16.9,7777,P2011SQF1_Report.pdf,1D Lateral Loading,5,3,0.0413,160,P2011SQF_Load_Protocol_3.pdf,P2011SQF_Load_Protocol_3-05.txt,P2011SQF28.pdf,P2011SQF28-05.txt,M=V*Height,0.0859,0.49,1.527,0.05,0.1579,0.0843,11.44,1.29,At the point of zero shear,1.79,11.441,1.293,P2011SQF2_Report.pdf,http://ssi.civil.ntua.gr/?page_id=413,(a) Foundation moment capacity (M_c_foot) is experimentally computed from static monotonic pushover tests. (b) Critical contact area ratio (A /A_c) is back-calculated from M_c_foot using statics equations (Gajan and Kutter 2008). (c) Average bearing pressure (q_ult_crit) at the critical contact area (A_c) is back-calculated based on A_c and the total vertical load (P_st).
292,"Liu, W., Hutchinson, T. C., Gavras, A. G., Kutter, B. L., & Hakhamaneshi, M. (2015). Seismic Behavior of Frame-Wall-Rocking Foundation Systems. I: Test Program and Slow Cyclic Results. ASCE Journal of Structural Engineering, 04015059. ",Bruce L. Kutter,"Sashi Kunnath, Tara  C. Hutchinson, Mark Aschheim","Weian Liu, Manny Hakhamaneshi, Andreas Gavras",NSF-NEESR,MAH03,"UC Davis, Center for Geotechnical Modeling, 9m radius centrifuge",Centrifuge,Rigid Container,1.69,0.9,0.5,servo-hydraulic,1,Slow Cyclic disp controlled Lateral Loading,pin and slider to apply pure lateral load ,MAH03-model1.JPG,MAH03-1,15-Nov-12,7,1,56,30,0.0333,0.000037,0.0333,Model,0.16,7777,1,None,Nevada Sand,0.16,90,9999,7777,7777,7777,7777,7777,1760,7777,7777,7777,7777,7777,7777,7777,7777,7777,7777,7777,7777,7777,7777,7777,7777,7777,7777,7777,7777,7777,7777,7777,Rectangle,Aluminum,0.102,0.174,7777,7777,7777,0,0,0.0254,0,0,Shear Wall,MAH03-model1.JPG,Steel,0.28,4.933,1.816,102.3213883,1440,7777,7777,Gajan2008.pdf,14.33,7777,1.609195402,0.188,131,7777,Gajan2008.pdf,1D lateral loading,7,3,0.0126,5,MAH03-1.bmp,MAH03-1.txt,MAH03_Event1.bmp,MAH03-1_1.txt,M=V*Height+P*Delta,0.00045,0.0027,0.0027,0.000030297,0.02651,0.02091943,0.00121546,0.00121546,At the point of zero shear,0.470197044,0.00121546,0.00121546,MAH03.pdf,https://www.designsafe-ci.org/data/browser/public/nees.public/NEES-2009-0732.groups,No comment
293,"Liu, W., Hutchinson, T. C., Gavras, A. G., Kutter, B. L., & Hakhamaneshi, M. (2015). Seismic Behavior of Frame-Wall-Rocking Foundation Systems. I: Test Program and Slow Cyclic Results. ASCE Journal of Structural Engineering, 04015059. ",Bruce L. Kutter,"Sashi Kunnath, Tara  C. Hutchinson, Mark Aschheim","Weian Liu, Manny Hakhamaneshi, Andreas Gavras",NSF-NEESR,MAH03,"UC Davis, Center for Geotechnical Modeling, 9m radius centrifuge",Centrifuge,Rigid Container,1.69,0.9,0.5,servo-hydraulic,1,Slow Cyclic disp controlled Lateral Loading,pin and slider to apply pure lateral load ,MAH03-model1.JPG,MAH03-1,15-Nov-12,7,2,56,30,0.0333,0.000037,0.0333,Model,0.16,7777,1,None,Nevada Sand,0.16,90,9999,7777,7777,7777,7777,7777,1760,7777,7777,7777,7777,7777,7777,7777,7777,7777,7777,7777,7777,7777,7777,7777,7777,7777,7777,7777,7777,7777,7777,7777,Rectangle,Aluminum,0.102,0.174,7777,7777,7777,0,0,0.0254,0,0,Shear Wall,MAH03-model1.JPG,Steel,0.28,4.933,1.816,102.3213883,1440,7777,7777,Gajan2008.pdf,14.33,7777,1.609195402,0.188,131,7777,Gajan2008.pdf,1D lateral loading,7,3,0.0126,5,MAH03-1.bmp,MAH03-1.txt,MAH03_Event1.bmp,MAH03-1_2.txt,M=V*Height+P*Delta,0.00134,0.00804,0.01074,0.0000368,0.05953,0.0346277,0.01628,0.01506454,At the point of zero shear,0.66362069,0.01628,0.01506454,MAH03.pdf,https://www.designsafe-ci.org/data/browser/public/nees.public/NEES-2009-0732.groups,No comment
294,"Liu, W., Hutchinson, T. C., Gavras, A. G., Kutter, B. L., & Hakhamaneshi, M. (2015). Seismic Behavior of Frame-Wall-Rocking Foundation Systems. I: Test Program and Slow Cyclic Results. ASCE Journal of Structural Engineering, 04015059. ",Bruce L. Kutter,"Sashi Kunnath, Tara  C. Hutchinson, Mark Aschheim","Weian Liu, Manny Hakhamaneshi, Andreas Gavras",NSF-NEESR,MAH03,"UC Davis, Center for Geotechnical Modeling, 9m radius centrifuge",Centrifuge,Rigid Container,1.69,0.9,0.5,servo-hydraulic,1,Slow Cyclic disp controlled Lateral Loading,pin and slider to apply pure lateral load ,MAH03-model1.JPG,MAH03-1,15-Nov-12,7,3,56,30,0.0333,0.000037,0.0333,Model,0.16,7777,1,None,Nevada Sand,0.16,90,9999,7777,7777,7777,7777,7777,1760,7777,7777,7777,7777,7777,7777,7777,7777,7777,7777,7777,7777,7777,7777,7777,7777,7777,7777,7777,7777,7777,7777,7777,Rectangle,Aluminum,0.102,0.174,7777,7777,7777,0,0,0.0254,0,0,Shear Wall,MAH03-model1.JPG,Steel,0.28,4.933,1.816,102.3213883,1440,7777,7777,Gajan2008.pdf,14.33,7777,1.609195402,0.188,131,7777,Gajan2008.pdf,1D lateral loading,7,3,0.0126,5,MAH03-1.bmp,MAH03-1.txt,MAH03_Event1.bmp,MAH03-1_3.txt,M=V*Height+P*Delta,0.00272,0.01632,0.02436,0.00007558,0.14401,0.0999926,0.06883,0.05255,At the point of zero shear,0.848596059,0.06883,0.05255,MAH03.pdf,https://www.designsafe-ci.org/data/browser/public/nees.public/NEES-2009-0732.groups,No comment
295,"Liu, W., Hutchinson, T. C., Gavras, A. G., Kutter, B. L., & Hakhamaneshi, M. (2015). Seismic Behavior of Frame-Wall-Rocking Foundation Systems. I: Test Program and Slow Cyclic Results. ASCE Journal of Structural Engineering, 04015059. ",Bruce L. Kutter,"Sashi Kunnath, Tara  C. Hutchinson, Mark Aschheim","Weian Liu, Manny Hakhamaneshi, Andreas Gavras",NSF-NEESR,MAH03,"UC Davis, Center for Geotechnical Modeling, 9m radius centrifuge",Centrifuge,Rigid Container,1.69,0.9,0.5,servo-hydraulic,1,Slow Cyclic disp controlled Lateral Loading,pin and slider to apply pure lateral load ,MAH03-model1.JPG,MAH03-1,15-Nov-12,7,4,56,30,0.0333,0.000037,0.0333,Model,0.16,7777,1,None,Nevada Sand,0.16,90,9999,7777,7777,7777,7777,7777,1760,7777,7777,7777,7777,7777,7777,7777,7777,7777,7777,7777,7777,7777,7777,7777,7777,7777,7777,7777,7777,7777,7777,7777,Rectangle,Aluminum,0.102,0.174,7777,7777,7777,0,0,0.0254,0,0,Shear Wall,MAH03-model1.JPG,Steel,0.28,4.933,1.816,102.3213883,1440,7777,7777,Gajan2008.pdf,14.33,7777,1.609195402,0.188,131,7777,Gajan2008.pdf,1D lateral loading,7,3,0.0126,5,MAH03-1.bmp,MAH03-1.txt,MAH03_Event1.bmp,MAH03-1_4.txt,M=V*Height+P*Delta,0.00669,0.04014,0.05646,0.00017937,0.31422,0.194827,0.14799,0.07916,At the point of zero shear,1.008657635,0.14799,0.07916,MAH03.pdf,https://www.designsafe-ci.org/data/browser/public/nees.public/NEES-2009-0732.groups,No comment
296,"Liu, W., Hutchinson, T. C., Gavras, A. G., Kutter, B. L., & Hakhamaneshi, M. (2015). Seismic Behavior of Frame-Wall-Rocking Foundation Systems. I: Test Program and Slow Cyclic Results. ASCE Journal of Structural Engineering, 04015059. ",Bruce L. Kutter,"Sashi Kunnath, Tara  C. Hutchinson, Mark Aschheim","Weian Liu, Manny Hakhamaneshi, Andreas Gavras",NSF-NEESR,MAH03,"UC Davis, Center for Geotechnical Modeling, 9m radius centrifuge",Centrifuge,Rigid Container,1.69,0.9,0.5,servo-hydraulic,1,Slow Cyclic disp controlled Lateral Loading,pin and slider to apply pure lateral load ,MAH03-model1.JPG,MAH03-1,15-Nov-12,7,5,56,30,0.0333,0.000037,0.0333,Model,0.16,7777,1,None,Nevada Sand,0.16,90,9999,7777,7777,7777,7777,7777,1760,7777,7777,7777,7777,7777,7777,7777,7777,7777,7777,7777,7777,7777,7777,7777,7777,7777,7777,7777,7777,7777,7777,7777,Rectangle,Aluminum,0.102,0.174,7777,7777,7777,0,0,0.0254,0,0,Shear Wall,MAH03-model1.JPG,Steel,0.28,4.933,1.816,102.3213883,1440,7777,7777,Gajan2008.pdf,14.33,7777,1.609195402,0.188,131,7777,Gajan2008.pdf,1D lateral loading,7,3,0.0126,5,MAH03-1.bmp,MAH03-1.txt,MAH03_Event1.bmp,MAH03-1_5.txt,M=V*Height+P*Delta,0.01482,0.08892,0.12906,0.0028105,0.60632,0.34175,0.24016,0.09217,At the point of zero shear,1.116502463,0.24016,0.09217,MAH03.pdf,https://www.designsafe-ci.org/data/browser/public/nees.public/NEES-2009-0732.groups,No comment
297,"Liu, W., Hutchinson, T. C., Gavras, A. G., Kutter, B. L., & Hakhamaneshi, M. (2015). Seismic Behavior of Frame-Wall-Rocking Foundation Systems. I: Test Program and Slow Cyclic Results. ASCE Journal of Structural Engineering, 04015059. ",Bruce L. Kutter,"Sashi Kunnath, Tara  C. Hutchinson, Mark Aschheim","Weian Liu, Manny Hakhamaneshi, Andreas Gavras",NSF-NEESR,MAH03,"UC Davis, Center for Geotechnical Modeling, 9m radius centrifuge",Centrifuge,Rigid Container,1.69,0.9,0.5,servo-hydraulic,1,Slow Cyclic disp controlled Lateral Loading,pin and slider to apply pure lateral load ,MAH03-model1.JPG,MAH03-1,15-Nov-12,7,6,56,30,0.0333,0.000037,0.0333,Model,0.16,7777,1,None,Nevada Sand,0.16,90,9999,7777,7777,7777,7777,7777,1760,7777,7777,7777,7777,7777,7777,7777,7777,7777,7777,7777,7777,7777,7777,7777,7777,7777,7777,7777,7777,7777,7777,7777,Rectangle,Aluminum,0.102,0.174,7777,7777,7777,0,0,0.0254,0,0,Shear Wall,MAH03-model1.JPG,Steel,0.28,4.933,1.816,102.3213883,1440,7777,7777,Gajan2008.pdf,14.33,7777,1.609195402,0.188,131,7777,Gajan2008.pdf,1D lateral loading,7,3,0.0126,5,MAH03-1.bmp,MAH03-1.txt,MAH03_Event1.bmp,MAH03-1_6.txt,M=V*Height+P*Delta,0.03151,0.18906,0.27798,0.0034808,1.09078,0.64489,0.34128,0.10112,At the point of zero shear,1.158928571,0.34128,0.10112,MAH03.pdf,https://www.designsafe-ci.org/data/browser/public/nees.public/NEES-2009-0732.groups,No comment
298,"Liu, W., Hutchinson, T. C., Gavras, A. G., Kutter, B. L., & Hakhamaneshi, M. (2015). Seismic Behavior of Frame-Wall-Rocking Foundation Systems. I: Test Program and Slow Cyclic Results. ASCE Journal of Structural Engineering, 04015059. ",Bruce L. Kutter,"Sashi Kunnath, Tara  C. Hutchinson, Mark Aschheim","Weian Liu, Manny Hakhamaneshi, Andreas Gavras",NSF-NEESR,MAH03,"UC Davis, Center for Geotechnical Modeling, 9m radius centrifuge",Centrifuge,Rigid Container,1.69,0.9,0.5,servo-hydraulic,1,Slow Cyclic disp controlled Lateral Loading,pin and slider to apply pure lateral load ,MAH03-model1.JPG,MAH03-1,15-Nov-12,7,7,56,30,0.0333,0.000037,0.0333,Model,0.16,7777,1,None,Nevada Sand,0.16,90,9999,7777,7777,7777,7777,7777,1760,7777,7777,7777,7777,7777,7777,7777,7777,7777,7777,7777,7777,7777,7777,7777,7777,7777,7777,7777,7777,7777,7777,7777,Rectangle,Aluminum,0.102,0.174,7777,7777,7777,0,0,0.0254,0,0,Shear Wall,MAH03-model1.JPG,Steel,0.28,4.933,1.816,102.3213883,1440,7777,7777,Gajan2008.pdf,14.33,7777,1.609195402,0.188,131,7777,Gajan2008.pdf,1D lateral loading,7,3,0.0126,5,MAH03-1.bmp,MAH03-1.txt,MAH03_Event1.bmp,MAH03-1_7.txt,M=V*Height+P*Delta,0.04861,0.29166,0.48072,0.002717,1.68326,1.1211,0.47368,0.1324,At the point of zero shear,1.151268473,0.47368,0.1324,MAH03.pdf,https://www.designsafe-ci.org/data/browser/public/nees.public/NEES-2009-0732.groups,No comment
299,"Liu, W., Hutchinson, T. C., Gavras, A. G., Kutter, B. L., & Hakhamaneshi, M. (2015). Seismic Behavior of Frame-Wall-Rocking Foundation Systems. I: Test Program and Slow Cyclic Results. ASCE Journal of Structural Engineering, 04015059. ",Bruce L. Kutter,"Sashi Kunnath, Tara  C. Hutchinson, Mark Aschheim","Weian Liu, Manny Hakhamaneshi, Andreas Gavras",NSF-NEESR,MAH03,"UC Davis, Center for Geotechnical Modeling, 9m radius centrifuge",Centrifuge,Rigid Container,1.69,0.9,0.5,servo-hydraulic,1,Slow Cyclic disp controlled Lateral Loading,pin and slider to apply pure lateral load ,MAH03-model2.JPG,MAH03-2,17-Dec-12,7,1,56,30,0.0333,0.000037,0.0333,Model,0.16,7777,1,None,Nevada Sand,0.16,90,9999,7777,7777,7777,7777,7777,1760,7777,7777,7777,7777,7777,7777,7777,7777,7777,7777,7777,7777,7777,7777,7777,7777,7777,7777,7777,7777,7777,7777,7777,Rectangle,Aluminum,0.102,0.174,7777,7777,7777,0,0,0.0254,0,0,Shear Wall,MAH03-model2.JPG,Steel,0.28,4.933,1.816,102.3213883,1440,7777,7777,Gajan2008.pdf,14.33,7777,1.609195402,0.188,131,7777,Gajan2008.pdf,1D lateral loading,7,3,0.0126,5,MAH03-2.bmp,MAH03-2.txt,MAH03_Event2.bmp,MAH03-2_1.txt,M=V*Height+P*Delta,0.00042,0.00252,0.00252,0.0000112,0.04933,0.00309284,0.00940301,0.00940301,At the point of zero shear,0.263214286,0.00940301,0.00940301,MAH03.pdf,https://www.designsafe-ci.org/data/browser/public/nees.public/NEES-2009-0732.groups,No comment
300,"Liu, W., Hutchinson, T. C., Gavras, A. G., Kutter, B. L., & Hakhamaneshi, M. (2015). Seismic Behavior of Frame-Wall-Rocking Foundation Systems. I: Test Program and Slow Cyclic Results. ASCE Journal of Structural Engineering, 04015059. ",Bruce L. Kutter,"Sashi Kunnath, Tara  C. Hutchinson, Mark Aschheim","Weian Liu, Manny Hakhamaneshi, Andreas Gavras",NSF-NEESR,MAH03,"UC Davis, Center for Geotechnical Modeling, 9m radius centrifuge",Centrifuge,Rigid Container,1.69,0.9,0.5,servo-hydraulic,1,Slow Cyclic disp controlled Lateral Loading,pin and slider to apply pure lateral load ,MAH03-model2.JPG,MAH03-2,17-Dec-12,7,2,56,30,0.0333,0.000037,0.0333,Model,0.16,7777,1,None,Nevada Sand,0.16,90,9999,7777,7777,7777,7777,7777,1760,7777,7777,7777,7777,7777,7777,7777,7777,7777,7777,7777,7777,7777,7777,7777,7777,7777,7777,7777,7777,7777,7777,7777,Rectangle,Aluminum,0.102,0.174,7777,7777,7777,0,0,0.0254,0,0,Shear Wall,MAH03-model2.JPG,Steel,0.28,4.933,1.816,102.3213883,1440,7777,7777,Gajan2008.pdf,14.33,7777,1.609195402,0.188,131,7777,Gajan2008.pdf,1D lateral loading,7,3,0.0126,5,MAH03-2.bmp,MAH03-2.txt,MAH03_Event2.bmp,MAH03-2_2.txt,M=V*Height+P*Delta,0.00113,0.00678,0.0093,0.000290283,0.08936,0.0836191,0.01362,0.00421699,At the point of zero shear,0.495036946,0.01362,0.00421699,MAH03.pdf,https://www.designsafe-ci.org/data/browser/public/nees.public/NEES-2009-0732.groups,No comment
301,"Liu, W., Hutchinson, T. C., Gavras, A. G., Kutter, B. L., & Hakhamaneshi, M. (2015). Seismic Behavior of Frame-Wall-Rocking Foundation Systems. I: Test Program and Slow Cyclic Results. ASCE Journal of Structural Engineering, 04015059. ",Bruce L. Kutter,"Sashi Kunnath, Tara  C. Hutchinson, Mark Aschheim","Weian Liu, Manny Hakhamaneshi, Andreas Gavras",NSF-NEESR,MAH03,"UC Davis, Center for Geotechnical Modeling, 9m radius centrifuge",Centrifuge,Rigid Container,1.69,0.9,0.5,servo-hydraulic,1,Slow Cyclic disp controlled Lateral Loading,pin and slider to apply pure lateral load ,MAH03-model2.JPG,MAH03-2,17-Dec-12,7,3,56,30,0.0333,0.000037,0.0333,Model,0.16,7777,1,None,Nevada Sand,0.16,90,9999,7777,7777,7777,7777,7777,1760,7777,7777,7777,7777,7777,7777,7777,7777,7777,7777,7777,7777,7777,7777,7777,7777,7777,7777,7777,7777,7777,7777,7777,Rectangle,Aluminum,0.102,0.174,7777,7777,7777,0,0,0.0254,0,0,Shear Wall,MAH03-model2.JPG,Steel,0.28,4.933,1.816,102.3213883,1440,7777,7777,Gajan2008.pdf,14.33,7777,1.609195402,0.188,131,7777,Gajan2008.pdf,1D lateral loading,7,3,0.0126,5,MAH03-2.bmp,MAH03-2.txt,MAH03_Event2.bmp,MAH03-2_3.txt,M=V*Height+P*Delta,0.0034,0.0204,0.02718,0.00030907,0.10897,0.0922314,0.0366,0.02298,At the point of zero shear,0.760738916,0.0366,0.02298,MAH03.pdf,https://www.designsafe-ci.org/data/browser/public/nees.public/NEES-2009-0732.groups,No comment
302,"Liu, W., Hutchinson, T. C., Gavras, A. G., Kutter, B. L., & Hakhamaneshi, M. (2015). Seismic Behavior of Frame-Wall-Rocking Foundation Systems. I: Test Program and Slow Cyclic Results. ASCE Journal of Structural Engineering, 04015059. ",Bruce L. Kutter,"Sashi Kunnath, Tara  C. Hutchinson, Mark Aschheim","Weian Liu, Manny Hakhamaneshi, Andreas Gavras",NSF-NEESR,MAH03,"UC Davis, Center for Geotechnical Modeling, 9m radius centrifuge",Centrifuge,Rigid Container,1.69,0.9,0.5,servo-hydraulic,1,Slow Cyclic disp controlled Lateral Loading,pin and slider to apply pure lateral load ,MAH03-model2.JPG,MAH03-2,17-Dec-12,7,4,56,30,0.0333,0.000037,0.0333,Model,0.16,7777,1,None,Nevada Sand,0.16,90,9999,7777,7777,7777,7777,7777,1760,7777,7777,7777,7777,7777,7777,7777,7777,7777,7777,7777,7777,7777,7777,7777,7777,7777,7777,7777,7777,7777,7777,7777,Rectangle,Aluminum,0.102,0.174,7777,7777,7777,0,0,0.0254,0,0,Shear Wall,MAH03-model2.JPG,Steel,0.28,4.933,1.816,102.3213883,1440,7777,7777,Gajan2008.pdf,14.33,7777,1.609195402,0.188,131,7777,Gajan2008.pdf,1D lateral loading,7,3,0.0126,5,MAH03-2.bmp,MAH03-2.txt,MAH03_Event2.bmp,MAH03-2_4.txt,M=V*Height+P*Delta,0.00815,0.0489,0.0693,0.0010858,0.18219,0.102503,0.11178,0.07518,At the point of zero shear,1.003325123,0.11178,0.07518,MAH03.pdf,https://www.designsafe-ci.org/data/browser/public/nees.public/NEES-2009-0732.groups,No comment
303,"Liu, W., Hutchinson, T. C., Gavras, A. G., Kutter, B. L., & Hakhamaneshi, M. (2015). Seismic Behavior of Frame-Wall-Rocking Foundation Systems. I: Test Program and Slow Cyclic Results. ASCE Journal of Structural Engineering, 04015059. ",Bruce L. Kutter,"Sashi Kunnath, Tara  C. Hutchinson, Mark Aschheim","Weian Liu, Manny Hakhamaneshi, Andreas Gavras",NSF-NEESR,MAH03,"UC Davis, Center for Geotechnical Modeling, 9m radius centrifuge",Centrifuge,Rigid Container,1.69,0.9,0.5,servo-hydraulic,1,Slow Cyclic disp controlled Lateral Loading,pin and slider to apply pure lateral load ,MAH03-model2.JPG,MAH03-2,17-Dec-12,7,5,56,30,0.0333,0.000037,0.0333,Model,0.16,7777,1,None,Nevada Sand,0.16,90,9999,7777,7777,7777,7777,7777,1760,7777,7777,7777,7777,7777,7777,7777,7777,7777,7777,7777,7777,7777,7777,7777,7777,7777,7777,7777,7777,7777,7777,7777,Rectangle,Aluminum,0.102,0.174,7777,7777,7777,0,0,0.0254,0,0,Shear Wall,MAH03-model2.JPG,Steel,0.28,4.933,1.816,102.3213883,1440,7777,7777,Gajan2008.pdf,14.33,7777,1.609195402,0.188,131,7777,Gajan2008.pdf,1D lateral loading,7,3,0.0126,5,MAH03-2.bmp,MAH03-2.txt,MAH03_Event2.bmp,MAH03-2_5.txt,M=V*Height+P*Delta,0.02043,0.12258,0.17148,0.002085,0.60869,0.16583,0.18815,0.07637,At the point of zero shear,1.155775862,0.18815,0.07637,MAH03.pdf,https://www.designsafe-ci.org/data/browser/public/nees.public/NEES-2009-0732.groups,No comment
304,"Liu, W., Hutchinson, T. C., Gavras, A. G., Kutter, B. L., & Hakhamaneshi, M. (2015). Seismic Behavior of Frame-Wall-Rocking Foundation Systems. I: Test Program and Slow Cyclic Results. ASCE Journal of Structural Engineering, 04015059. ",Bruce L. Kutter,"Sashi Kunnath, Tara  C. Hutchinson, Mark Aschheim","Weian Liu, Manny Hakhamaneshi, Andreas Gavras",NSF-NEESR,MAH03,"UC Davis, Center for Geotechnical Modeling, 9m radius centrifuge",Centrifuge,Rigid Container,1.69,0.9,0.5,servo-hydraulic,1,Slow Cyclic disp controlled Lateral Loading,pin and slider to apply pure lateral load ,MAH03-model2.JPG,MAH03-2,17-Dec-12,7,6,56,30,0.0333,0.000037,0.0333,Model,0.16,7777,1,None,Nevada Sand,0.16,90,9999,7777,7777,7777,7777,7777,1760,7777,7777,7777,7777,7777,7777,7777,7777,7777,7777,7777,7777,7777,7777,7777,7777,7777,7777,7777,7777,7777,7777,7777,Rectangle,Aluminum,0.102,0.174,7777,7777,7777,0,0,0.0254,0,0,Shear Wall,MAH03-model2.JPG,Steel,0.28,4.933,1.816,102.3213883,1440,7777,7777,Gajan2008.pdf,14.33,7777,1.609195402,0.188,131,7777,Gajan2008.pdf,1D lateral loading,7,3,0.0126,5,MAH03-2.bmp,MAH03-2.txt,MAH03_Event2.bmp,MAH03-2_6.txt,M=V*Height+P*Delta,0.04715,0.2829,0.40548,0.002896,1.46282,0.25664,0.2873,0.09915,At the point of zero shear,1.235751232,0.2873,0.09915,MAH03.pdf,https://www.designsafe-ci.org/data/browser/public/nees.public/NEES-2009-0732.groups,No comment
305,"Liu, W., Hutchinson, T. C., Gavras, A. G., Kutter, B. L., & Hakhamaneshi, M. (2015). Seismic Behavior of Frame-Wall-Rocking Foundation Systems. I: Test Program and Slow Cyclic Results. ASCE Journal of Structural Engineering, 04015059. ",Bruce L. Kutter,"Sashi Kunnath, Tara  C. Hutchinson, Mark Aschheim","Weian Liu, Manny Hakhamaneshi, Andreas Gavras",NSF-NEESR,MAH03,"UC Davis, Center for Geotechnical Modeling, 9m radius centrifuge",Centrifuge,Rigid Container,1.69,0.9,0.5,servo-hydraulic,1,Slow Cyclic disp controlled Lateral Loading,pin and slider to apply pure lateral load ,MAH03-model2.JPG,MAH03-2,17-Dec-12,7,7,56,30,0.0333,0.000037,0.0333,Model,0.16,7777,1,None,Nevada Sand,0.16,90,9999,7777,7777,7777,7777,7777,1760,7777,7777,7777,7777,7777,7777,7777,7777,7777,7777,7777,7777,7777,7777,7777,7777,7777,7777,7777,7777,7777,7777,7777,Rectangle,Aluminum,0.102,0.174,7777,7777,7777,0,0,0.0254,0,0,Shear Wall,MAH03-model2.JPG,Steel,0.28,4.933,1.816,102.3213883,1440,7777,7777,Gajan2008.pdf,14.33,7777,1.609195402,0.188,131,7777,Gajan2008.pdf,1D lateral loading,7,3,0.0126,5,MAH03-2.bmp,MAH03-2.txt,MAH03_Event2.bmp,MAH03-2_7.txt,M=V*Height+P*Delta,0.07293,0.43758,0.72048,0.0060137,2.40547,0.40218,0.36499,0.07769,At the point of zero shear,1.248953202,0.36499,0.07769,MAH03.pdf,https://www.designsafe-ci.org/data/browser/public/nees.public/NEES-2009-0732.groups,No comment
306,"Hakhamaneshi, M., Kutter, B.L., Deng, L., Hutchinson, T.C. and Liu, W. (2012). New findings from centrifuge modeling of rocking shallow foundations in clayey ground. Proceedings of ASCE 2012 Geo-congress, Oakland, March 25-29.",Bruce L. Kutter,"Sashi Kunnath, Tara  C. Hutchinson, Mark Aschheim","Manouchehr Hakhamaneshi, Weian Liu",NSF-NEESR,MAH01,"UC Davis, Center for Geotechnical Modeling, 9m radius centrifuge",Centrifuge,Rigid Container,1.69,0.9,0.5,servo-hydraulic,1,Slow Cyclic disp controlled Lateral Loading,pin and slider to apply pure lateral load ,MAH01.jpg,SC_Al_30_1,24-Nov-10,6,1,56,30,0.0333,0.000037,0.0333,Model,0.17,0,2,None,Nevada Sand,0.02,91,9999,7777,7777,7777,7777,7777,1715,7777,0,0.14,7777,,7777,60,7777,7777,7777,7777,7777,0,0.3,7777,7777,7777,7777,7777,7777,7777,7777,7777,Square,Aluminum,0.111,0.111,7777,7777,7777,0,0,0.009525,0.01,0.58,Shear Wall,MAH01.jpg,Steel,0.104,3.11,0.915273,74.28560993,7777,7777,7777,Gajan2008.pdf,4.2,7777,0.936936937,0.238095238,38.70297257,7777,Gajan2008.pdf,1D lateral loading,6,3,0.000225,5,MAH01.jpg,MAH01_0.1.txt,SC_Al_30_1.bmp,MAH01-33_1.txt,M=V*Height+P*Delta,0.00223,0.01338,0.01338,0.000360366,0.069,0.0205528,0.07065,0.07065,At the point of zero shear,0.619355625,0.07065,0.07065,MAH01.pdf,https://www.designsafe-ci.org/data/browser/public/nees.public/NEES-2009-0732.groups,No comment
307,"Hakhamaneshi, M., Kutter, B.L., Deng, L., Hutchinson, T.C. and Liu, W. (2012). New findings from centrifuge modeling of rocking shallow foundations in clayey ground. Proceedings of ASCE 2012 Geo-congress, Oakland, March 25-29.",Bruce L. Kutter,"Sashi Kunnath, Tara  C. Hutchinson, Mark Aschheim","Manouchehr Hakhamaneshi, Weian Liu",NSF-NEESR,MAH01,"UC Davis, Center for Geotechnical Modeling, 9m radius centrifuge",Centrifuge,Rigid Container,1.69,0.9,0.5,servo-hydraulic,1,Slow Cyclic disp controlled Lateral Loading,pin and slider to apply pure lateral load ,MAH01.jpg,SC_Al_30_1,24-Nov-10,6,2,56,30,0.0333,0.000037,0.0333,Model,0.17,0,2,None,Nevada Sand,0.02,91,9999,7777,7777,7777,7777,7777,1715,7777,0,0.14,7777,,7777,60,7777,7777,7777,7777,7777,0,0.3,7777,7777,7777,7777,7777,7777,7777,7777,7777,Square,Aluminum,0.111,0.111,7777,7777,7777,0,0,0.009525,0.01,0.58,Shear Wall,MAH01.jpg,Steel,0.104,3.11,0.915273,74.28560993,7777,7777,7777,Gajan2008.pdf,4.2,7777,0.936936937,0.238095238,38.70297257,7777,Gajan2008.pdf,1D lateral loading,6,3,0.000563,5,MAH01.jpg,MAH01_0.25.txt,SC_Al_30_1.bmp,MAH01-33_2.txt,M=V*Height+P*Delta,0.00484,0.02904,0.04242,0.0024234,0.08,0.055593,0.1703,0.09965,At the point of zero shear,0.770161875,0.1703,0.09965,MAH01.pdf,https://www.designsafe-ci.org/data/browser/public/nees.public/NEES-2009-0732.groups,No comment
308,"Hakhamaneshi, M., Kutter, B.L., Deng, L., Hutchinson, T.C. and Liu, W. (2012). New findings from centrifuge modeling of rocking shallow foundations in clayey ground. Proceedings of ASCE 2012 Geo-congress, Oakland, March 25-29.",Bruce L. Kutter,"Sashi Kunnath, Tara  C. Hutchinson, Mark Aschheim","Manouchehr Hakhamaneshi, Weian Liu",NSF-NEESR,MAH01,"UC Davis, Center for Geotechnical Modeling, 9m radius centrifuge",Centrifuge,Rigid Container,1.69,0.9,0.5,servo-hydraulic,1,Slow Cyclic disp controlled Lateral Loading,pin and slider to apply pure lateral load ,MAH01.jpg,SC_Al_30_1,24-Nov-10,6,3,56,30,0.0333,0.000037,0.0333,Model,0.17,0,2,None,Nevada Sand,0.02,91,9999,7777,7777,7777,7777,7777,1715,7777,0,0.14,7777,,7777,60,7777,7777,7777,7777,7777,0,0.3,7777,7777,7777,7777,7777,7777,7777,7777,7777,Square,Aluminum,0.111,0.111,7777,7777,7777,0,0,0.009525,0.01,0.58,Shear Wall,MAH01.jpg,Steel,0.104,3.11,0.915273,74.28560993,7777,7777,7777,Gajan2008.pdf,4.2,7777,0.936936937,0.238095238,38.70297257,7777,Gajan2008.pdf,1D lateral loading,6,3,0.001126,5,MAH01.jpg,MAH01_0.5.txt,SC_Al_30_1.bmp,MAH01-33_3.txt,M=V*Height+P*Delta,0.00952,0.05712,0.08616,0.005003,0.1,0.034737,0.2701,0.0998,At the point of zero shear,0.88704,0.2701,0.0998,MAH01.pdf,https://www.designsafe-ci.org/data/browser/public/nees.public/NEES-2009-0732.groups,No comment
309,"Hakhamaneshi, M., Kutter, B.L., Deng, L., Hutchinson, T.C. and Liu, W. (2012). New findings from centrifuge modeling of rocking shallow foundations in clayey ground. Proceedings of ASCE 2012 Geo-congress, Oakland, March 25-29.",Bruce L. Kutter,"Sashi Kunnath, Tara  C. Hutchinson, Mark Aschheim","Manouchehr Hakhamaneshi, Weian Liu",NSF-NEESR,MAH01,"UC Davis, Center for Geotechnical Modeling, 9m radius centrifuge",Centrifuge,Rigid Container,1.69,0.9,0.5,servo-hydraulic,1,Slow Cyclic disp controlled Lateral Loading,pin and slider to apply pure lateral load ,MAH01.jpg,SC_Al_30_1,24-Nov-10,6,4,56,30,0.0333,0.000037,0.0333,Model,0.17,0,2,None,Nevada Sand,0.02,91,9999,7777,7777,7777,7777,7777,1715,7777,0,0.14,7777,,7777,60,7777,7777,7777,7777,7777,0,0.3,7777,7777,7777,7777,7777,7777,7777,7777,7777,Square,Aluminum,0.111,0.111,7777,7777,7777,0,0,0.009525,0.01,0.58,Shear Wall,MAH01.jpg,Steel,0.104,3.11,0.915273,74.28560993,7777,7777,7777,Gajan2008.pdf,4.2,7777,0.936936937,0.238095238,38.70297257,7777,Gajan2008.pdf,1D lateral loading,6,3,0.002252,5,MAH01.jpg,MAH01_1.txt,SC_Al_30_1.bmp,MAH01-33_4.txt,M=V*Height+P*Delta,0.01887,0.11322,0.17034,0.0096445,0.152,0.0225174,0.4527,0.1826,At the point of zero shear,0.98429625,0.4527,0.1826,MAH01.pdf,https://www.designsafe-ci.org/data/browser/public/nees.public/NEES-2009-0732.groups,No comment
310,"Hakhamaneshi, M., Kutter, B.L., Deng, L., Hutchinson, T.C. and Liu, W. (2012). New findings from centrifuge modeling of rocking shallow foundations in clayey ground. Proceedings of ASCE 2012 Geo-congress, Oakland, March 25-29.",Bruce L. Kutter,"Sashi Kunnath, Tara  C. Hutchinson, Mark Aschheim","Manouchehr Hakhamaneshi, Weian Liu",NSF-NEESR,MAH01,"UC Davis, Center for Geotechnical Modeling, 9m radius centrifuge",Centrifuge,Rigid Container,1.69,0.9,0.5,servo-hydraulic,1,Slow Cyclic disp controlled Lateral Loading,pin and slider to apply pure lateral load ,MAH01.jpg,SC_Al_30_1,24-Nov-10,6,5,56,30,0.0333,0.000037,0.0333,Model,0.17,0,2,None,Nevada Sand,0.02,91,9999,7777,7777,7777,7777,7777,1715,7777,0,0.14,7777,,7777,60,7777,7777,7777,7777,7777,0,0.3,7777,7777,7777,7777,7777,7777,7777,7777,7777,Square,Aluminum,0.111,0.111,7777,7777,7777,0,0,0.009525,0.01,0.58,Shear Wall,MAH01.jpg,Steel,0.104,3.11,0.915273,74.28560993,7777,7777,7777,Gajan2008.pdf,4.2,7777,0.936936937,0.238095238,38.70297257,7777,Gajan2008.pdf,1D lateral loading,6,3,0.004504,5,MAH01.jpg,MAH01_2.txt,SC_Al_30_1.bmp,MAH01-33_5.txt,M=V*Height+P*Delta,0.03911,0.23466,0.34788,0.015855,0.151,0.0233088,0.7318,0.2791,At the point of zero shear,1.039460625,0.7318,0.2791,MAH01.pdf,https://www.designsafe-ci.org/data/browser/public/nees.public/NEES-2009-0732.groups,No comment
311,"Hakhamaneshi, M., Kutter, B.L., Deng, L., Hutchinson, T.C. and Liu, W. (2012). New findings from centrifuge modeling of rocking shallow foundations in clayey ground. Proceedings of ASCE 2012 Geo-congress, Oakland, March 25-29.",Bruce L. Kutter,"Sashi Kunnath, Tara  C. Hutchinson, Mark Aschheim","Manouchehr Hakhamaneshi, Weian Liu",NSF-NEESR,MAH01,"UC Davis, Center for Geotechnical Modeling, 9m radius centrifuge",Centrifuge,Rigid Container,1.69,0.9,0.5,servo-hydraulic,1,Slow Cyclic disp controlled Lateral Loading,pin and slider to apply pure lateral load ,MAH01.jpg,SC_Al_30_1,24-Nov-10,6,6,56,30,0.0333,0.000037,0.0333,Model,0.17,0,2,None,Nevada Sand,0.02,91,9999,7777,7777,7777,7777,7777,1715,7777,0,0.14,7777,,7777,60,7777,7777,7777,7777,7777,0,0.3,7777,7777,7777,7777,7777,7777,7777,7777,7777,Square,Aluminum,0.111,0.111,7777,7777,7777,0,0,0.009525,0.01,0.58,Shear Wall,MAH01.jpg,Steel,0.104,3.11,0.915273,74.28560993,7777,7777,7777,Gajan2008.pdf,4.2,7777,0.936936937,0.238095238,38.70297257,7777,Gajan2008.pdf,1D lateral loading,6,3,0.009008,5,MAH01.jpg,MAH01_4.txt,SC_Al_30_1.bmp,MAH01-33_6.txt,M=V*Height+P*Delta,0.05832,0.34992,0.58458,0.021501,0.368,0.253902,0.9316,0.1998,At the point of zero shear,1.02393375,0.9316,0.1998,MAH01.pdf,https://www.designsafe-ci.org/data/browser/public/nees.public/NEES-2009-0732.groups,No comment
312,"Hakhamaneshi, M., Kutter, B.L., Deng, L., Hutchinson, T.C. and Liu, W. (2012). New findings from centrifuge modeling of rocking shallow foundations in clayey ground. Proceedings of ASCE 2012 Geo-congress, Oakland, March 25-29.",Bruce L. Kutter,"Sashi Kunnath, Tara  C. Hutchinson, Mark Aschheim","Manouchehr Hakhamaneshi, Weian Liu",NSF-NEESR,MAH01,"UC Davis, Center for Geotechnical Modeling, 9m radius centrifuge",Centrifuge,Rigid Container,1.69,0.9,0.5,servo-hydraulic,1,Slow Cyclic disp controlled Lateral Loading,pin and slider to apply pure lateral load ,MAH01.jpg,SC_Al_60_1,24-Nov-10,6,1,112,60,0.0167,0.00000463,0.0167,Model,0.17,0,2,None,Nevada Sand,0.02,92,9999,7777,7777,7777,7777,7777,1720,7777,0,0.14,7777,,7777,70,7777,7777,7777,7777,7777,0,0.6,7777,7777,7777,7777,7777,7777,7777,7777,7777,Square,Aluminum,0.111,0.111,7777,7777,7777,0,0,0.009525,0.01,0.58,Shear Wall,MAH01.jpg,Steel,0.104,3.11,1.830546,148.5712199,7777,7777,7777,Gajan2008.pdf,2.5,7777,0.936936937,0.4,60.9571818,7777,Gajan2008.pdf,1D lateral loading,6,3,0.000225,5,MAH01.jpg,MAH01_0.1.txt,SC_Al_60_1.bmp,MAH01-34_1.txt,M=V*Height+P*Delta,0.00132,0.00792,0.00792,0.00131135,0.087,0.0647834,0.05594,0.05594,At the point of zero shear,0.4943,0.05594,0.05594,MAH01.pdf,https://www.designsafe-ci.org/data/browser/public/nees.public/NEES-2009-0732.groups,No comment
313,"Hakhamaneshi, M., Kutter, B.L., Deng, L., Hutchinson, T.C. and Liu, W. (2012). New findings from centrifuge modeling of rocking shallow foundations in clayey ground. Proceedings of ASCE 2012 Geo-congress, Oakland, March 25-29.",Bruce L. Kutter,"Sashi Kunnath, Tara  C. Hutchinson, Mark Aschheim","Manouchehr Hakhamaneshi, Weian Liu",NSF-NEESR,MAH01,"UC Davis, Center for Geotechnical Modeling, 9m radius centrifuge",Centrifuge,Rigid Container,1.69,0.9,0.5,servo-hydraulic,1,Slow Cyclic disp controlled Lateral Loading,pin and slider to apply pure lateral load ,MAH01.jpg,SC_Al_60_1,24-Nov-10,6,2,112,60,0.0167,0.00000463,0.0167,Model,0.17,0,2,None,Nevada Sand,0.02,92,9999,7777,7777,7777,7777,7777,1720,7777,0,0.14,7777,,7777,70,7777,7777,7777,7777,7777,0,0.6,7777,7777,7777,7777,7777,7777,7777,7777,7777,Square,Aluminum,0.111,0.111,7777,7777,7777,0,0,0.009525,0.01,0.58,Shear Wall,MAH01.jpg,Steel,0.104,3.11,1.830546,148.5712199,7777,7777,7777,Gajan2008.pdf,2.5,7777,0.936936937,0.4,60.9571818,7777,Gajan2008.pdf,1D lateral loading,6,3,0.000563,5,MAH01.jpg,MAH01_0.25.txt,SC_Al_60_1.bmp,MAH01-34_2.txt,M=V*Height+P*Delta,0.00337,0.02022,0.02814,0.0023355,0.124,0.124183,0.1556,0.09966,At the point of zero shear,0.618333333,0.1556,0.09966,MAH01.pdf,https://www.designsafe-ci.org/data/browser/public/nees.public/NEES-2009-0732.groups,No comment
314,"Hakhamaneshi, M., Kutter, B.L., Deng, L., Hutchinson, T.C. and Liu, W. (2012). New findings from centrifuge modeling of rocking shallow foundations in clayey ground. Proceedings of ASCE 2012 Geo-congress, Oakland, March 25-29.",Bruce L. Kutter,"Sashi Kunnath, Tara  C. Hutchinson, Mark Aschheim","Manouchehr Hakhamaneshi, Weian Liu",NSF-NEESR,MAH01,"UC Davis, Center for Geotechnical Modeling, 9m radius centrifuge",Centrifuge,Rigid Container,1.69,0.9,0.5,servo-hydraulic,1,Slow Cyclic disp controlled Lateral Loading,pin and slider to apply pure lateral load ,MAH01.jpg,SC_Al_60_1,24-Nov-10,6,3,112,60,0.0167,0.00000463,0.0167,Model,0.17,0,2,None,Nevada Sand,0.02,92,9999,7777,7777,7777,7777,7777,1720,7777,0,0.14,7777,,7777,70,7777,7777,7777,7777,7777,0,0.6,7777,7777,7777,7777,7777,7777,7777,7777,7777,Square,Aluminum,0.111,0.111,7777,7777,7777,0,0,0.009525,0.01,0.58,Shear Wall,MAH01.jpg,Steel,0.104,3.11,1.830546,148.5712199,7777,7777,7777,Gajan2008.pdf,2.5,7777,0.936936937,0.4,60.9571818,7777,Gajan2008.pdf,1D lateral loading,6,3,0.001126,5,MAH01.jpg,MAH01_0.5.txt,SC_Al_60_1.bmp,MAH01-34_3.txt,M=V*Height+P*Delta,0.00755,0.0453,0.06552,0.0049082,0.135,0.0904266,0.3053,0.1497,At the point of zero shear,0.756233333,0.3053,0.1497,MAH01.pdf,https://www.designsafe-ci.org/data/browser/public/nees.public/NEES-2009-0732.groups,No comment
315,"Hakhamaneshi, M., Kutter, B.L., Deng, L., Hutchinson, T.C. and Liu, W. (2012). New findings from centrifuge modeling of rocking shallow foundations in clayey ground. Proceedings of ASCE 2012 Geo-congress, Oakland, March 25-29.",Bruce L. Kutter,"Sashi Kunnath, Tara  C. Hutchinson, Mark Aschheim","Manouchehr Hakhamaneshi, Weian Liu",NSF-NEESR,MAH01,"UC Davis, Center for Geotechnical Modeling, 9m radius centrifuge",Centrifuge,Rigid Container,1.69,0.9,0.5,servo-hydraulic,1,Slow Cyclic disp controlled Lateral Loading,pin and slider to apply pure lateral load ,MAH01.jpg,SC_Al_60_1,24-Nov-10,6,4,112,60,0.0167,0.00000463,0.0167,Model,0.17,0,2,None,Nevada Sand,0.02,92,9999,7777,7777,7777,7777,7777,1720,7777,0,0.14,7777,,7777,70,7777,7777,7777,7777,7777,0,0.6,7777,7777,7777,7777,7777,7777,7777,7777,7777,Square,Aluminum,0.111,0.111,7777,7777,7777,0,0,0.009525,0.01,0.58,Shear Wall,MAH01.jpg,Steel,0.104,3.11,1.830546,148.5712199,7777,7777,7777,Gajan2008.pdf,2.5,7777,0.936936937,0.4,60.9571818,7777,Gajan2008.pdf,1D lateral loading,6,3,0.002252,5,MAH01.jpg,MAH01_1.txt,SC_Al_60_1.bmp,MAH01-34_4.txt,M=V*Height+P*Delta,0.01643,0.09858,0.14388,0.009049,0.215,0.0772659,0.6709,0.3656,At the point of zero shear,0.916216667,0.6709,0.3656,MAH01.pdf,https://www.designsafe-ci.org/data/browser/public/nees.public/NEES-2009-0732.groups,No comment
316,"Hakhamaneshi, M., Kutter, B.L., Deng, L., Hutchinson, T.C. and Liu, W. (2012). New findings from centrifuge modeling of rocking shallow foundations in clayey ground. Proceedings of ASCE 2012 Geo-congress, Oakland, March 25-29.",Bruce L. Kutter,"Sashi Kunnath, Tara  C. Hutchinson, Mark Aschheim","Manouchehr Hakhamaneshi, Weian Liu",NSF-NEESR,MAH01,"UC Davis, Center for Geotechnical Modeling, 9m radius centrifuge",Centrifuge,Rigid Container,1.69,0.9,0.5,servo-hydraulic,1,Slow Cyclic disp controlled Lateral Loading,pin and slider to apply pure lateral load ,MAH01.jpg,SC_Al_60_1,24-Nov-10,6,5,112,60,0.0167,0.00000463,0.0167,Model,0.17,0,2,None,Nevada Sand,0.02,92,9999,7777,7777,7777,7777,7777,1720,7777,0,0.14,7777,,7777,70,7777,7777,7777,7777,7777,0,0.6,7777,7777,7777,7777,7777,7777,7777,7777,7777,Square,Aluminum,0.111,0.111,7777,7777,7777,0,0,0.009525,0.01,0.58,Shear Wall,MAH01.jpg,Steel,0.104,3.11,1.830546,148.5712199,7777,7777,7777,Gajan2008.pdf,2.5,7777,0.936936937,0.4,60.9571818,7777,Gajan2008.pdf,1D lateral loading,6,3,0.004504,5,MAH01.jpg,MAH01_2.txt,SC_Al_60_1.bmp,MAH01-34_5.txt,M=V*Height+P*Delta,0.03735,0.2241,0.32268,0.017693,0.359,0.237703,1.5,0.8291,At the point of zero shear,1.022783333,1.5,0.8291,MAH01.pdf,https://www.designsafe-ci.org/data/browser/public/nees.public/NEES-2009-0732.groups,No comment
317,"Hakhamaneshi, M., Kutter, B.L., Deng, L., Hutchinson, T.C. and Liu, W. (2012). New findings from centrifuge modeling of rocking shallow foundations in clayey ground. Proceedings of ASCE 2012 Geo-congress, Oakland, March 25-29.",Bruce L. Kutter,"Sashi Kunnath, Tara  C. Hutchinson, Mark Aschheim","Manouchehr Hakhamaneshi, Weian Liu",NSF-NEESR,MAH01,"UC Davis, Center for Geotechnical Modeling, 9m radius centrifuge",Centrifuge,Rigid Container,1.69,0.9,0.5,servo-hydraulic,1,Slow Cyclic disp controlled Lateral Loading,pin and slider to apply pure lateral load ,MAH01.jpg,SC_Al_60_1,24-Nov-10,6,6,112,60,0.0167,0.00000463,0.0167,Model,0.17,0,2,None,Nevada Sand,0.02,92,9999,7777,7777,7777,7777,7777,1720,7777,0,0.14,7777,,7777,70,7777,7777,7777,7777,7777,0,0.6,7777,7777,7777,7777,7777,7777,7777,7777,7777,Square,Aluminum,0.111,0.111,7777,7777,7777,0,0,0.009525,0.01,0.58,Shear Wall,MAH01.jpg,Steel,0.104,3.11,1.830546,148.5712199,7777,7777,7777,Gajan2008.pdf,2.5,7777,0.936936937,0.4,60.9571818,7777,Gajan2008.pdf,1D lateral loading,6,3,0.009008,5,MAH01.jpg,MAH01_4.txt,SC_Al_60_1.bmp,MAH01-34_6.txt,M=V*Height+P*Delta,0.05783,0.34698,0.57108,0.028896,0.641,0.626718,2.6,1.1,At the point of zero shear,0.975533333,2.6,1.1,MAH01.pdf,https://www.designsafe-ci.org/data/browser/public/nees.public/NEES-2009-0732.groups,No comment
318,"Hakhamaneshi, M., Kutter, B.L., Deng, L., Hutchinson, T.C. and Liu, W. (2012). New findings from centrifuge modeling of rocking shallow foundations in clayey ground. Proceedings of ASCE 2012 Geo-congress, Oakland, March 25-29.",Bruce L. Kutter,"Sashi Kunnath, Tara  C. Hutchinson, Mark Aschheim","Manouchehr Hakhamaneshi, Weian Liu",NSF-NEESR,MAH01,"UC Davis, Center for Geotechnical Modeling, 9m radius centrifuge",Centrifuge,Rigid Container,1.69,0.9,0.5,servo-hydraulic,1,Slow Cyclic disp controlled Lateral Loading,pin and slider to apply pure lateral load ,MAH01.jpg,SC_St_30,1-Dec-10,6,1,56,30,0.0333,0.000037,0.0333,Model,0.17,0,2,None,Nevada Sand,0.02,90,9999,7777,7777,7777,7777,7777,1711,7777,0,0.14,7777,,7777,60,7777,7777,7777,7777,7777,0,0.3,7777,7777,7777,7777,7777,7777,7777,7777,7777,Square,Aluminum,0.111,0.111,7777,7777,7777,0,0,0.009525,0.01,0.58,Shear Wall,MAH01.jpg,Steel,0.148,6.375,1.8761625,152.2735573,7777,7777,7777,Gajan2008.pdf,2,7777,1.333333333,0.5,52.06350938,7777,Gajan2008.pdf,1D lateral loading,6,3,0.000225,5,MAH01.jpg,MAH01_0.1.txt,SC_St_30.bmp,MAH01-37_1.txt,M=V*Height+P*Delta,0.00145,0.0087,0.0087,0.00145156,0.144,0.0180663,0.06026,0.06026,At the point of zero shear,0.44546,0.06026,0.06026,MAH01.pdf,https://www.designsafe-ci.org/data/browser/public/nees.public/NEES-2009-0732.groups,No comment
319,"Hakhamaneshi, M., Kutter, B.L., Deng, L., Hutchinson, T.C. and Liu, W. (2012). New findings from centrifuge modeling of rocking shallow foundations in clayey ground. Proceedings of ASCE 2012 Geo-congress, Oakland, March 25-29.",Bruce L. Kutter,"Sashi Kunnath, Tara  C. Hutchinson, Mark Aschheim","Manouchehr Hakhamaneshi, Weian Liu",NSF-NEESR,MAH01,"UC Davis, Center for Geotechnical Modeling, 9m radius centrifuge",Centrifuge,Rigid Container,1.69,0.9,0.5,servo-hydraulic,1,Slow Cyclic disp controlled Lateral Loading,pin and slider to apply pure lateral load ,MAH01.jpg,SC_St_30,1-Dec-10,6,2,56,30,0.0333,0.000037,0.0333,Model,0.17,0,2,None,Nevada Sand,0.02,90,9999,7777,7777,7777,7777,7777,1711,7777,0,0.14,7777,,7777,60,7777,7777,7777,7777,7777,0,0.3,7777,7777,7777,7777,7777,7777,7777,7777,7777,Square,Aluminum,0.111,0.111,7777,7777,7777,0,0,0.009525,0.01,0.58,Shear Wall,MAH01.jpg,Steel,0.148,6.375,1.8761625,152.2735573,7777,7777,7777,Gajan2008.pdf,2,7777,1.333333333,0.5,52.06350938,7777,Gajan2008.pdf,1D lateral loading,6,3,0.000563,5,MAH01.jpg,MAH01_0.25.txt,SC_St_30.bmp,MAH01-37_2.txt,M=V*Height+P*Delta,0.00285,0.0171,0.0258,0.0019154,0.217,0.0209496,0.1776,0.11734,At the point of zero shear,0.56672,0.1776,0.11734,MAH01.pdf,https://www.designsafe-ci.org/data/browser/public/nees.public/NEES-2009-0732.groups,No comment
320,"Hakhamaneshi, M., Kutter, B.L., Deng, L., Hutchinson, T.C. and Liu, W. (2012). New findings from centrifuge modeling of rocking shallow foundations in clayey ground. Proceedings of ASCE 2012 Geo-congress, Oakland, March 25-29.",Bruce L. Kutter,"Sashi Kunnath, Tara  C. Hutchinson, Mark Aschheim","Manouchehr Hakhamaneshi, Weian Liu",NSF-NEESR,MAH01,"UC Davis, Center for Geotechnical Modeling, 9m radius centrifuge",Centrifuge,Rigid Container,1.69,0.9,0.5,servo-hydraulic,1,Slow Cyclic disp controlled Lateral Loading,pin and slider to apply pure lateral load ,MAH01.jpg,SC_St_30,1-Dec-10,6,3,56,30,0.0333,0.000037,0.0333,Model,0.17,0,2,None,Nevada Sand,0.02,90,9999,7777,7777,7777,7777,7777,1711,7777,0,0.14,7777,,7777,60,7777,7777,7777,7777,7777,0,0.3,7777,7777,7777,7777,7777,7777,7777,7777,7777,Square,Aluminum,0.111,0.111,7777,7777,7777,0,0,0.009525,0.01,0.58,Shear Wall,MAH01.jpg,Steel,0.148,6.375,1.8761625,152.2735573,7777,7777,7777,Gajan2008.pdf,2,7777,1.333333333,0.5,52.06350938,7777,Gajan2008.pdf,1D lateral loading,6,3,0.001126,5,MAH01.jpg,MAH01_0.5.txt,SC_St_30.bmp,MAH01-37_3.txt,M=V*Height+P*Delta,0.00646,0.03876,0.05586,0.002846,0.317,0.0112667,0.3954,0.2178,At the point of zero shear,0.72696,0.3954,0.2178,MAH01.pdf,https://www.designsafe-ci.org/data/browser/public/nees.public/NEES-2009-0732.groups,No comment
321,"Hakhamaneshi, M., Kutter, B.L., Deng, L., Hutchinson, T.C. and Liu, W. (2012). New findings from centrifuge modeling of rocking shallow foundations in clayey ground. Proceedings of ASCE 2012 Geo-congress, Oakland, March 25-29.",Bruce L. Kutter,"Sashi Kunnath, Tara  C. Hutchinson, Mark Aschheim","Manouchehr Hakhamaneshi, Weian Liu",NSF-NEESR,MAH01,"UC Davis, Center for Geotechnical Modeling, 9m radius centrifuge",Centrifuge,Rigid Container,1.69,0.9,0.5,servo-hydraulic,1,Slow Cyclic disp controlled Lateral Loading,pin and slider to apply pure lateral load ,MAH01.jpg,SC_St_30,1-Dec-10,6,4,56,30,0.0333,0.000037,0.0333,Model,0.17,0,2,None,Nevada Sand,0.02,90,9999,7777,7777,7777,7777,7777,1711,7777,0,0.14,7777,,7777,60,7777,7777,7777,7777,7777,0,0.3,7777,7777,7777,7777,7777,7777,7777,7777,7777,Square,Aluminum,0.111,0.111,7777,7777,7777,0,0,0.009525,0.01,0.58,Shear Wall,MAH01.jpg,Steel,0.148,6.375,1.8761625,152.2735573,7777,7777,7777,Gajan2008.pdf,2,7777,1.333333333,0.5,52.06350938,7777,Gajan2008.pdf,1D lateral loading,6,3,0.002252,5,MAH01.jpg,MAH01_1.txt,SC_St_30.bmp,MAH01-37_4.txt,M=V*Height+P*Delta,0.01483,0.08898,0.12774,0.0070323,0.543,0.14938,0.982,0.5866,At the point of zero shear,0.90064,0.982,0.5866,MAH01.pdf,https://www.designsafe-ci.org/data/browser/public/nees.public/NEES-2009-0732.groups,No comment
322,"Hakhamaneshi, M., Kutter, B.L., Deng, L., Hutchinson, T.C. and Liu, W. (2012). New findings from centrifuge modeling of rocking shallow foundations in clayey ground. Proceedings of ASCE 2012 Geo-congress, Oakland, March 25-29.",Bruce L. Kutter,"Sashi Kunnath, Tara  C. Hutchinson, Mark Aschheim","Manouchehr Hakhamaneshi, Weian Liu",NSF-NEESR,MAH01,"UC Davis, Center for Geotechnical Modeling, 9m radius centrifuge",Centrifuge,Rigid Container,1.69,0.9,0.5,servo-hydraulic,1,Slow Cyclic disp controlled Lateral Loading,pin and slider to apply pure lateral load ,MAH01.jpg,SC_St_30,1-Dec-10,6,5,56,30,0.0333,0.000037,0.0333,Model,0.17,0,2,None,Nevada Sand,0.02,90,9999,7777,7777,7777,7777,7777,1711,7777,0,0.14,7777,,7777,60,7777,7777,7777,7777,7777,0,0.3,7777,7777,7777,7777,7777,7777,7777,7777,7777,Square,Aluminum,0.111,0.111,7777,7777,7777,0,0,0.009525,0.01,0.58,Shear Wall,MAH01.jpg,Steel,0.148,6.375,1.8761625,152.2735573,7777,7777,7777,Gajan2008.pdf,2,7777,1.333333333,0.5,52.06350938,7777,Gajan2008.pdf,1D lateral loading,6,3,0.004504,5,MAH01.jpg,MAH01_2.txt,SC_St_30.bmp,MAH01-37_5.txt,M=V*Height+P*Delta,0.0339,0.2034,0.29238,0.020054,2.344,1.3854,2.5,1.518,At the point of zero shear,0.98808,2.5,1.518,MAH01.pdf,https://www.designsafe-ci.org/data/browser/public/nees.public/NEES-2009-0732.groups,No comment
323,"Hakhamaneshi, M., Kutter, B.L., Deng, L., Hutchinson, T.C. and Liu, W. (2012). New findings from centrifuge modeling of rocking shallow foundations in clayey ground. Proceedings of ASCE 2012 Geo-congress, Oakland, March 25-29.",Bruce L. Kutter,"Sashi Kunnath, Tara  C. Hutchinson, Mark Aschheim","Manouchehr Hakhamaneshi, Weian Liu",NSF-NEESR,MAH01,"UC Davis, Center for Geotechnical Modeling, 9m radius centrifuge",Centrifuge,Rigid Container,1.69,0.9,0.5,servo-hydraulic,1,Slow Cyclic disp controlled Lateral Loading,pin and slider to apply pure lateral load ,MAH01.jpg,SC_St_30,1-Dec-10,6,6,56,30,0.0333,0.000037,0.0333,Model,0.17,0,2,None,Nevada Sand,0.02,90,9999,7777,7777,7777,7777,7777,1711,7777,0,0.14,7777,,7777,60,7777,7777,7777,7777,7777,0,0.3,7777,7777,7777,7777,7777,7777,7777,7777,7777,Square,Aluminum,0.111,0.111,7777,7777,7777,0,0,0.009525,0.01,0.58,Shear Wall,MAH01.jpg,Steel,0.148,6.375,1.8761625,152.2735573,7777,7777,7777,Gajan2008.pdf,2,7777,1.333333333,0.5,52.06350938,7777,Gajan2008.pdf,1D lateral loading,6,3,0.009008,5,MAH01.jpg,MAH01_4.txt,SC_St_30.bmp,MAH01-37_6.txt,M=V*Height+P*Delta,0.0539,0.3234,0.5268,0.044704,2.258,1.6242,4.6,2.1,At the point of zero shear,1.04562,4.6,2.1,MAH01.pdf,https://www.designsafe-ci.org/data/browser/public/nees.public/NEES-2009-0732.groups,No comment
324,"Hakhamaneshi, M., Kutter, B.L., Deng, L., Hutchinson, T.C. and Liu, W. (2012). New findings from centrifuge modeling of rocking shallow foundations in clayey ground. Proceedings of ASCE 2012 Geo-congress, Oakland, March 25-29.",Bruce L. Kutter,"Sashi Kunnath, Tara  C. Hutchinson, Mark Aschheim","Manouchehr Hakhamaneshi, Weian Liu",NSF-NEESR,MAH01,"UC Davis, Center for Geotechnical Modeling, 9m radius centrifuge",Centrifuge,Rigid Container,1.69,0.9,0.5,servo-hydraulic,1,Slow Cyclic disp controlled Lateral Loading,pin and slider to apply pure lateral load ,MAH01.jpg,SC_St_60,1-Dec-10,6,1,112,60,0.0167,0.00000463,0.0167,Model,0.17,0,2,None,Nevada Sand,0.02,92,9999,7777,7777,7777,7777,7777,1720,7777,0,0.14,7777,,7777,70,7777,7777,7777,7777,7777,0,0.6,7777,7777,7777,7777,7777,7777,7777,7777,7777,Square,Aluminum,0.111,0.111,7777,7777,7777,0,0,0.009525,0.01,0.58,Shear Wall,MAH01.jpg,Steel,0.148,6.375,3.752325,304.5471147,7777,7777,7777,Gajan2008.pdf,1.2,7777,1.333333333,0.833333333,34.70900625,7777,Gajan2008.pdf,1D lateral loading,6,3,0.000225,5,MAH01.jpg,MAH01_0.1.txt,SC_St_60.bmp,MAH01-38_1.txt,M=V*Height+P*Delta,0.00151,0.00906,0.00906,0.000818969,0.166,0.121576,0.09738,0.09738,At the point of zero shear,0.59658,0.09738,0.09738,MAH01.pdf,https://www.designsafe-ci.org/data/browser/public/nees.public/NEES-2009-0732.groups,No comment
325,"Hakhamaneshi, M., Kutter, B.L., Deng, L., Hutchinson, T.C. and Liu, W. (2012). New findings from centrifuge modeling of rocking shallow foundations in clayey ground. Proceedings of ASCE 2012 Geo-congress, Oakland, March 25-29.",Bruce L. Kutter,"Sashi Kunnath, Tara  C. Hutchinson, Mark Aschheim","Manouchehr Hakhamaneshi, Weian Liu",NSF-NEESR,MAH01,"UC Davis, Center for Geotechnical Modeling, 9m radius centrifuge",Centrifuge,Rigid Container,1.69,0.9,0.5,servo-hydraulic,1,Slow Cyclic disp controlled Lateral Loading,pin and slider to apply pure lateral load ,MAH01.jpg,SC_St_60,1-Dec-10,6,2,112,60,0.0167,0.00000463,0.0167,Model,0.17,0,2,None,Nevada Sand,0.02,92,9999,7777,7777,7777,7777,7777,1720,7777,0,0.14,7777,,7777,70,7777,7777,7777,7777,7777,0,0.6,7777,7777,7777,7777,7777,7777,7777,7777,7777,Square,Aluminum,0.111,0.111,7777,7777,7777,0,0,0.009525,0.01,0.58,Shear Wall,MAH01.jpg,Steel,0.148,6.375,3.752325,304.5471147,7777,7777,7777,Gajan2008.pdf,1.2,7777,1.333333333,0.833333333,34.70900625,7777,Gajan2008.pdf,1D lateral loading,6,3,0.000563,5,MAH01.jpg,MAH01_0.25.txt,SC_St_60.bmp,MAH01-38_2.txt,M=V*Height+P*Delta,0.00244,0.01464,0.0237,0.00174861,0.208,0.121576,0.09738,0,At the point of zero shear,0.89424,0.09738,0,MAH01.pdf,https://www.designsafe-ci.org/data/browser/public/nees.public/NEES-2009-0732.groups,No comment
326,"Hakhamaneshi, M., Kutter, B.L., Deng, L., Hutchinson, T.C. and Liu, W. (2012). New findings from centrifuge modeling of rocking shallow foundations in clayey ground. Proceedings of ASCE 2012 Geo-congress, Oakland, March 25-29.",Bruce L. Kutter,"Sashi Kunnath, Tara  C. Hutchinson, Mark Aschheim","Manouchehr Hakhamaneshi, Weian Liu",NSF-NEESR,MAH01,"UC Davis, Center for Geotechnical Modeling, 9m radius centrifuge",Centrifuge,Rigid Container,1.69,0.9,0.5,servo-hydraulic,1,Slow Cyclic disp controlled Lateral Loading,pin and slider to apply pure lateral load ,MAH01.jpg,SC_St_60,1-Dec-10,6,3,112,60,0.0167,0.00000463,0.0167,Model,0.17,0,2,None,Nevada Sand,0.02,92,9999,7777,7777,7777,7777,7777,1720,7777,0,0.14,7777,,7777,70,7777,7777,7777,7777,7777,0,0.6,7777,7777,7777,7777,7777,7777,7777,7777,7777,Square,Aluminum,0.111,0.111,7777,7777,7777,0,0,0.009525,0.01,0.58,Shear Wall,MAH01.jpg,Steel,0.148,6.375,3.752325,304.5471147,7777,7777,7777,Gajan2008.pdf,1.2,7777,1.333333333,0.833333333,34.70900625,7777,Gajan2008.pdf,1D lateral loading,6,3,0.001126,5,MAH01.jpg,MAH01_0.5.txt,SC_St_60.bmp,MAH01-38_3.txt,M=V*Height+P*Delta,0.00662,0.03972,0.05436,0.0045394,0.371,0.32592,1.1,1.00262,At the point of zero shear,1.137,1.1,1.00262,MAH01.pdf,https://www.designsafe-ci.org/data/browser/public/nees.public/NEES-2009-0732.groups,No comment
327,"Hakhamaneshi, M., Kutter, B.L., Deng, L., Hutchinson, T.C. and Liu, W. (2012). New findings from centrifuge modeling of rocking shallow foundations in clayey ground. Proceedings of ASCE 2012 Geo-congress, Oakland, March 25-29.",Bruce L. Kutter,"Sashi Kunnath, Tara  C. Hutchinson, Mark Aschheim","Manouchehr Hakhamaneshi, Weian Liu",NSF-NEESR,MAH01,"UC Davis, Center for Geotechnical Modeling, 9m radius centrifuge",Centrifuge,Rigid Container,1.69,0.9,0.5,servo-hydraulic,1,Slow Cyclic disp controlled Lateral Loading,pin and slider to apply pure lateral load ,MAH01.jpg,SC_St_60,1-Dec-10,6,4,112,60,0.0167,0.00000463,0.0167,Model,0.17,0,2,None,Nevada Sand,0.02,92,9999,7777,7777,7777,7777,7777,1720,7777,0,0.14,7777,,7777,70,7777,7777,7777,7777,7777,0,0.6,7777,7777,7777,7777,7777,7777,7777,7777,7777,Square,Aluminum,0.111,0.111,7777,7777,7777,0,0,0.009525,0.01,0.58,Shear Wall,MAH01.jpg,Steel,0.148,6.375,3.752325,304.5471147,7777,7777,7777,Gajan2008.pdf,1.2,7777,1.333333333,0.833333333,34.70900625,7777,Gajan2008.pdf,1D lateral loading,6,3,0.002252,5,MAH01.jpg,MAH01_1.txt,SC_St_60.bmp,MAH01-38_4.txt,M=V*Height+P*Delta,0.01499,0.08994,0.12966,0.0068654,0.658,0.57806,2.7,1.6,At the point of zero shear,1.39626,2.7,1.6,MAH01.pdf,https://www.designsafe-ci.org/data/browser/public/nees.public/NEES-2009-0732.groups,No comment
328,"Hakhamaneshi, M., Kutter, B.L., Deng, L., Hutchinson, T.C. and Liu, W. (2012). New findings from centrifuge modeling of rocking shallow foundations in clayey ground. Proceedings of ASCE 2012 Geo-congress, Oakland, March 25-29.",Bruce L. Kutter,"Sashi Kunnath, Tara  C. Hutchinson, Mark Aschheim","Manouchehr Hakhamaneshi, Weian Liu",NSF-NEESR,MAH01,"UC Davis, Center for Geotechnical Modeling, 9m radius centrifuge",Centrifuge,Rigid Container,1.69,0.9,0.5,servo-hydraulic,1,Slow Cyclic disp controlled Lateral Loading,pin and slider to apply pure lateral load ,MAH01.jpg,SC_St_60,1-Dec-10,6,5,112,60,0.0167,0.00000463,0.0167,Model,0.17,0,2,None,Nevada Sand,0.02,92,9999,7777,7777,7777,7777,7777,1720,7777,0,0.14,7777,,7777,70,7777,7777,7777,7777,7777,0,0.6,7777,7777,7777,7777,7777,7777,7777,7777,7777,Square,Aluminum,0.111,0.111,7777,7777,7777,0,0,0.009525,0.01,0.58,Shear Wall,MAH01.jpg,Steel,0.148,6.375,3.752325,304.5471147,7777,7777,7777,Gajan2008.pdf,1.2,7777,1.333333333,0.833333333,34.70900625,7777,Gajan2008.pdf,1D lateral loading,6,3,0.004504,5,MAH01.jpg,MAH01_2.txt,SC_St_60.bmp,MAH01-38_5.txt,M=V*Height+P*Delta,0.03685,0.2211,0.31104,0.024538,2.896,0.96123,6.1,3.4,At the point of zero shear,1.81872,6.1,3.4,MAH01.pdf,https://www.designsafe-ci.org/data/browser/public/nees.public/NEES-2009-0732.groups,No comment
329,"Hakhamaneshi, M., Kutter, B.L., Deng, L., Hutchinson, T.C. and Liu, W. (2012). New findings from centrifuge modeling of rocking shallow foundations in clayey ground. Proceedings of ASCE 2012 Geo-congress, Oakland, March 25-29.",Bruce L. Kutter,"Sashi Kunnath, Tara  C. Hutchinson, Mark Aschheim","Manouchehr Hakhamaneshi, Weian Liu",NSF-NEESR,MAH01,"UC Davis, Center for Geotechnical Modeling, 9m radius centrifuge",Centrifuge,Rigid Container,1.69,0.9,0.5,servo-hydraulic,1,Slow Cyclic disp controlled Lateral Loading,pin and slider to apply pure lateral load ,MAH01.jpg,SC_St_60,1-Dec-10,6,6,112,60,0.0167,0.00000463,0.0167,Model,0.17,0,2,None,Nevada Sand,0.02,92,9999,7777,7777,7777,7777,7777,1720,7777,0,0.14,7777,,7777,70,7777,7777,7777,7777,7777,0,0.6,7777,7777,7777,7777,7777,7777,7777,7777,7777,Square,Aluminum,0.111,0.111,7777,7777,7777,0,0,0.009525,0.01,0.58,Shear Wall,MAH01.jpg,Steel,0.148,6.375,3.752325,304.5471147,7777,7777,7777,Gajan2008.pdf,1.2,7777,1.333333333,0.833333333,34.70900625,7777,Gajan2008.pdf,1D lateral loading,6,3,0.009008,5,MAH01.jpg,MAH01_4.txt,SC_St_60.bmp,MAH01-38_6.txt,M=V*Height+P*Delta,0.05313,0.31878,0.53988,0.050583,5.893,2.5063,9.1,3,At the point of zero shear,1.78194,9.1,3,MAH01.pdf,https://www.designsafe-ci.org/data/browser/public/nees.public/NEES-2009-0732.groups,No comment
330,"Shirato, M., Kouno, T., Asai, R., Nakatani, S., Fukui, J. and Paolucci, R.(2008).Large-scale Experiments on Nonlinear Behavior of Shallow Foundations Subjected to Strong Earthquakes, Large-scale Experiments on Nonlinear Behavior of Shallow Foundations Subjected to Strong Earthquakes,SOILS AND FOUNDATIONS Vol. 48, No. 5, 673","Shirato, M.","Kouno, T.","Nakatani, S.",Public Works Research Institute,Cyclic loading experiment,"Spesial basic research projects laboratory at the PWRI, Tsukuba, Japan",small-scale 1g,deep test pit,4,3,5,Displacement controlled hydraulic actuator,1,Displacment-controlled,The jigs were used not to constrain either the rotational purpose.,PWRI-C.jpg,Case 3,31-Mar-03,1,1,7777,1,9999,9999,9999,Model,2,7777,1,None,Toyoura Sand,2,80.479,42.2,0.56,7777,7777,7777,7777,1604,7777,7777,7777,7777,7777,7777,7777,7777,7777,7777,7777,7777,7777,7777,7777,7777,7777,7777,7777,7777,7777,7777,7777,Square,Steel,0.5,0.5,7777,7777,7777,0,0,0.25,0,0,SDOF,Model-H.jpg,steel,0.65,910,8.918,35.672,979.2,210.7,191.7,Bearing-capacity80.pdf,14.06,27.45010092,1.3,0.186219739,1815,7777,SoilsFoundations.pdf,1D,1,1,0.011,7777,Loading_Protocol_Plot-C3.jpg,Case3_LoadingProtocol.txt,deformation_plots-C3.jpg,Case3_M-theta-Mod.txt,M=V*Height+P*Delta,0.069,0.069,0.069,0.0058927,1.422,1.272784349,0.0981056,0.0981056,At the point of zero moment,1.108407323,0.09766544,0.09766544,PWRI_Ref.pdf,http://www.pwri.go.jp/caesar/profile/docs/level2html/table2-5-No3.html,A detail report and all results of a measurement have been uploaded on Project Website (in Japanese).
331,"Shirato, M., Kouno, T., Asai, R., Nakatani, S., Fukui, J. and Paolucci, R.(2008).Large-scale Experiments on Nonlinear Behavior of Shallow Foundations Subjected to Strong Earthquakes, Large-scale Experiments on Nonlinear Behavior of Shallow Foundations Subjected to Strong Earthquakes,SOILS AND FOUNDATIONS Vol. 48, No. 5, 673","Shirato, M.","Kouno, T.","Nakatani, S.",Public Works Research Institute,Cyclic loading experiment,"Spesial basic research projects laboratory at the PWRI, Tsukuba, Japan",small-scale 1g,deep test pit,4,3,5,Displacement controlled hydraulic actuator,1,Displacment-controlled,The jigs were used not to constrain either the rotational purpose.,PWRI-C.jpg,Case 4,31-Mar-03,10,1,7777,1,9999,9999,9999,Model,2,7777,1,None,Toyoura Sand,2,80.479,42.2,0.37,7777,7777,7777,7777,1604,7777,7777,7777,7777,7777,7777,7777,7777,7777,7777,7777,7777,7777,7777,7777,7777,7777,7777,7777,7777,7777,7777,7777,Square,Steel,0.5,0.5,7777,7777,7777,0,0,0.25,0,0,SDOF,Model-H.jpg,steel,0.65,910,8.918,35.672,979.2,210.7,191.7,Bearing-capacity80.pdf,14.06,27.45010092,1.3,0.186219739,1815,7777,SoilsFoundations.pdf,1D,10,1,0.001375,7777,Loading_Protocol_Plot-C4.jpg,Case4_LoadingProtocol.txt,deformation_plots-C4.jpg,Case4_M-theta_Mod-1.txt,M=V*Height+P*Delta,0.0003466,0.0003466,0.0003466,0.00000911,0.0397361,0.01530952,0.011113125,-0.086992475,At the point of zero moment,0.62424714,0.011216668,-0.086448772,PWRI_Ref.pdf,http://www.pwri.go.jp/caesar/profile/docs/level2html/table2-5-No3.html,A detail report and all results of a measurement have been uploaded on Project Website (in Japanese).
332,"Shirato, M., Kouno, T., Asai, R., Nakatani, S., Fukui, J. and Paolucci, R.(2008).Large-scale Experiments on Nonlinear Behavior of Shallow Foundations Subjected to Strong Earthquakes, Large-scale Experiments on Nonlinear Behavior of Shallow Foundations Subjected to Strong Earthquakes,SOILS AND FOUNDATIONS Vol. 48, No. 5, 673","Shirato, M.","Kouno, T.","Nakatani, S.",Public Works Research Institute,Cyclic loading experiment,"Spesial basic research projects laboratory at the PWRI, Tsukuba, Japan",small-scale 1g,deep test pit,4,3,5,Displacement controlled hydraulic actuator,1,Displacment-controlled,The jigs were used not to constrain either the rotational purpose.,PWRI-C.jpg,Case 4,31-Mar-03,10,2,7777,1,9999,9999,9999,Model,2,7777,1,None,Toyoura Sand,2,80.479,42.2,0.37,7777,7777,7777,7777,1604,7777,7777,7777,7777,7777,7777,7777,7777,7777,7777,7777,7777,7777,7777,7777,7777,7777,7777,7777,7777,7777,7777,7777,Square,Steel,0.5,0.5,7777,7777,7777,0,0,0.25,0,0,SDOF,Model-H.jpg,steel,0.65,910,8.918,35.672,979.2,210.7,191.7,Bearing-capacity80.pdf,14.06,27.45010092,1.3,0.186219739,1815,7777,SoilsFoundations.pdf,1D,10,1,0.00275,7777,Loading_Protocol_Plot-C4.jpg,Case4_LoadingProtocol.txt,deformation_plots-C4.jpg,Case4_M-theta_Mod-2.txt,M=V*Height+P*Delta,0.001197824,0.001197824,0.001544424,0.000260325,0.049033628,0.033079862,0.02704875,0.015935625,At the point of zero moment,0.956032037,0.027052695,0.015836027,PWRI_Ref.pdf,http://www.pwri.go.jp/caesar/profile/docs/level2html/table2-5-No3.html,A detail report and all results of a measurement have been uploaded on Project Website (in Japanese).
333,"Shirato, M., Kouno, T., Asai, R., Nakatani, S., Fukui, J. and Paolucci, R.(2008).Large-scale Experiments on Nonlinear Behavior of Shallow Foundations Subjected to Strong Earthquakes, Large-scale Experiments on Nonlinear Behavior of Shallow Foundations Subjected to Strong Earthquakes,SOILS AND FOUNDATIONS Vol. 48, No. 5, 673","Shirato, M.","Kouno, T.","Nakatani, S.",Public Works Research Institute,Cyclic loading experiment,"Spesial basic research projects laboratory at the PWRI, Tsukuba, Japan",small-scale 1g,deep test pit,4,3,5,Displacement controlled hydraulic actuator,1,Displacment-controlled,The jigs were used not to constrain either the rotational purpose.,PWRI-C.jpg,Case 4,31-Mar-03,10,3,7777,1,9999,9999,9999,Model,2,7777,1,None,Toyoura Sand,2,80.479,42.2,0.37,7777,7777,7777,7777,1604,7777,7777,7777,7777,7777,7777,7777,7777,7777,7777,7777,7777,7777,7777,7777,7777,7777,7777,7777,7777,7777,7777,7777,Square,Steel,0.5,0.5,7777,7777,7777,0,0,0.25,0,0,SDOF,Model-H.jpg,steel,0.65,910,8.918,35.672,979.2,210.7,191.7,Bearing-capacity80.pdf,14.06,27.45010092,1.3,0.186219739,1815,7777,SoilsFoundations.pdf,1D,10,1,0.0055,7777,Loading_Protocol_Plot-C4.jpg,Case4_LoadingProtocol.txt,deformation_plots-C4.jpg,Case4_M-theta_Mod-3.txt,M=V*Height+P*Delta,0.002619069,0.002619069,0.004163493,0.0005304,0.053725028,0.002669213,0.04242,0.01537125,At the point of zero moment,0.994002975,0.042327875,0.01527518,PWRI_Ref.pdf,http://www.pwri.go.jp/caesar/profile/docs/level2html/table2-5-No3.html,A detail report and all results of a measurement have been uploaded on Project Website (in Japanese).
334,"Shirato, M., Kouno, T., Asai, R., Nakatani, S., Fukui, J. and Paolucci, R.(2008).Large-scale Experiments on Nonlinear Behavior of Shallow Foundations Subjected to Strong Earthquakes, Large-scale Experiments on Nonlinear Behavior of Shallow Foundations Subjected to Strong Earthquakes,SOILS AND FOUNDATIONS Vol. 48, No. 5, 673","Shirato, M.","Kouno, T.","Nakatani, S.",Public Works Research Institute,Cyclic loading experiment,"Spesial basic research projects laboratory at the PWRI, Tsukuba, Japan",small-scale 1g,deep test pit,4,3,5,Displacement controlled hydraulic actuator,1,Displacment-controlled,The jigs were used not to constrain either the rotational purpose.,PWRI-C.jpg,Case 4,31-Mar-03,10,4,7777,1,9999,9999,9999,Model,2,7777,1,None,Toyoura Sand,2,80.479,42.2,0.37,7777,7777,7777,7777,1604,7777,7777,7777,7777,7777,7777,7777,7777,7777,7777,7777,7777,7777,7777,7777,7777,7777,7777,7777,7777,7777,7777,7777,Square,Steel,0.5,0.5,7777,7777,7777,0,0,0.25,0,0,SDOF,Model-H.jpg,steel,0.65,910,8.918,35.672,979.2,210.7,191.7,Bearing-capacity80.pdf,14.06,27.45010092,1.3,0.186219739,1815,7777,SoilsFoundations.pdf,1D,10,3,0.011,7777,Loading_Protocol_Plot-C4.jpg,Case4_LoadingProtocol.txt,deformation_plots-C4.jpg,Case4_M-theta_Mod-4.txt,M=V*Height+P*Delta,0.006665226,0.02135,0.025513493,0.001302849,0.155967521,0.123433252,0.0641725,0.0217525,At the point of zero moment,1.077686499,0.063944422,0.021616547,PWRI_Ref.pdf,http://www.pwri.go.jp/caesar/profile/docs/level2html/table2-5-No3.html,A detail report and all results of a measurement have been uploaded on Project Website (in Japanese).
335,"Shirato, M., Kouno, T., Asai, R., Nakatani, S., Fukui, J. and Paolucci, R.(2008).Large-scale Experiments on Nonlinear Behavior of Shallow Foundations Subjected to Strong Earthquakes, Large-scale Experiments on Nonlinear Behavior of Shallow Foundations Subjected to Strong Earthquakes,SOILS AND FOUNDATIONS Vol. 48, No. 5, 673","Shirato, M.","Kouno, T.","Nakatani, S.",Public Works Research Institute,Cyclic loading experiment,"Spesial basic research projects laboratory at the PWRI, Tsukuba, Japan",small-scale 1g,deep test pit,4,3,5,Displacement controlled hydraulic actuator,1,Displacment-controlled,The jigs were used not to constrain either the rotational purpose.,PWRI-C.jpg,Case 4,31-Mar-03,10,5,7777,1,9999,9999,9999,Model,2,7777,1,None,Toyoura Sand,2,80.479,42.2,0.37,7777,7777,7777,7777,1604,7777,7777,7777,7777,7777,7777,7777,7777,7777,7777,7777,7777,7777,7777,7777,7777,7777,7777,7777,7777,7777,7777,7777,Square,Steel,0.5,0.5,7777,7777,7777,0,0,0.25,0,0,SDOF,Model-H.jpg,steel,0.65,910,8.918,35.672,979.2,210.7,191.7,Bearing-capacity80.pdf,14.06,27.45010092,1.3,0.186219739,1815,7777,SoilsFoundations.pdf,1D,10,3,0.022,7777,Loading_Protocol_Plot-C4.jpg,Case4_LoadingProtocol.txt,deformation_plots-C4.jpg,Case4_M-theta_Mod-5.txt,M=V*Height+P*Delta,0.014633029,0.04568,0.071193493,0.002502844,0.387524728,0.331817501,0.09792245,0.03374995,At the point of zero moment,1.083830664,0.097483435,0.033539013,PWRI_Ref.pdf,http://www.pwri.go.jp/caesar/profile/docs/level2html/table2-5-No3.html,A detail report and all results of a measurement have been uploaded on Project Website (in Japanese).
336,"Shirato, M., Kouno, T., Asai, R., Nakatani, S., Fukui, J. and Paolucci, R.(2008).Large-scale Experiments on Nonlinear Behavior of Shallow Foundations Subjected to Strong Earthquakes, Large-scale Experiments on Nonlinear Behavior of Shallow Foundations Subjected to Strong Earthquakes,SOILS AND FOUNDATIONS Vol. 48, No. 5, 673","Shirato, M.","Kouno, T.","Nakatani, S.",Public Works Research Institute,Cyclic loading experiment,"Spesial basic research projects laboratory at the PWRI, Tsukuba, Japan",small-scale 1g,deep test pit,4,3,5,Displacement controlled hydraulic actuator,1,Displacment-controlled,The jigs were used not to constrain either the rotational purpose.,PWRI-C.jpg,Case 4,31-Mar-03,10,6,7777,1,9999,9999,9999,Model,2,7777,1,None,Toyoura Sand,2,80.479,42.2,0.37,7777,7777,7777,7777,1604,7777,7777,7777,7777,7777,7777,7777,7777,7777,7777,7777,7777,7777,7777,7777,7777,7777,7777,7777,7777,7777,7777,7777,Square,Steel,0.5,0.5,7777,7777,7777,0,0,0.25,0,0,SDOF,Model-H.jpg,steel,0.65,910,8.918,35.672,979.2,210.7,191.7,Bearing-capacity80.pdf,14.06,27.45010092,1.3,0.186219739,1815,7777,SoilsFoundations.pdf,1D,10,2,0.033,7777,Loading_Protocol_Plot-C4.jpg,Case4_LoadingProtocol.txt,deformation_plots-C4.jpg,Case4_M-theta_Mod-6.txt,M=V*Height+P*Delta,0.021515752,0.04568,0.116873493,0.003620309,0.696860399,0.552540653,0.10804875,0.0101263,At the point of zero moment,1.099805492,0.107546445,0.010063011,PWRI_Ref.pdf,http://www.pwri.go.jp/caesar/profile/docs/level2html/table2-5-No3.html,A detail report and all results of a measurement have been uploaded on Project Website (in Japanese).
337,"Shirato, M., Kouno, T., Asai, R., Nakatani, S., Fukui, J. and Paolucci, R.(2008).Large-scale Experiments on Nonlinear Behavior of Shallow Foundations Subjected to Strong Earthquakes, Large-scale Experiments on Nonlinear Behavior of Shallow Foundations Subjected to Strong Earthquakes,SOILS AND FOUNDATIONS Vol. 48, No. 5, 673","Shirato, M.","Kouno, T.","Nakatani, S.",Public Works Research Institute,Cyclic loading experiment,"Spesial basic research projects laboratory at the PWRI, Tsukuba, Japan",small-scale 1g,deep test pit,4,3,5,Displacement controlled hydraulic actuator,1,Displacment-controlled,The jigs were used not to constrain either the rotational purpose.,PWRI-C.jpg,Case 4,31-Mar-03,10,7,7777,1,9999,9999,9999,Model,2,7777,1,None,Toyoura Sand,2,80.479,42.2,0.37,7777,7777,7777,7777,1604,7777,7777,7777,7777,7777,7777,7777,7777,7777,7777,7777,7777,7777,7777,7777,7777,7777,7777,7777,7777,7777,7777,7777,Square,Steel,0.5,0.5,7777,7777,7777,0,0,0.25,0,0,SDOF,Model-H.jpg,steel,0.65,910,8.918,35.672,979.2,210.7,191.7,Bearing-capacity80.pdf,14.06,27.45010092,1.3,0.186219739,1815,7777,SoilsFoundations.pdf,1D,10,2,0.044,7777,Loading_Protocol_Plot-C4.jpg,Case4_LoadingProtocol.txt,deformation_plots-C4.jpg,Case4_M-theta_Mod-7.txt,M=V*Height+P*Delta,0.02865872,0.06089,0.177763493,0.005067782,1.265248239,1.265248239,0.11704875,0.009,At the point of zero moment,1.075228833,0.116490195,0.00894375,PWRI_Ref.pdf,http://www.pwri.go.jp/caesar/profile/docs/level2html/table2-5-No3.html,A detail report and all results of a measurement have been uploaded on Project Website (in Japanese).
338,"Shirato, M., Kouno, T., Asai, R., Nakatani, S., Fukui, J. and Paolucci, R.(2008).Large-scale Experiments on Nonlinear Behavior of Shallow Foundations Subjected to Strong Earthquakes, Large-scale Experiments on Nonlinear Behavior of Shallow Foundations Subjected to Strong Earthquakes,SOILS AND FOUNDATIONS Vol. 48, No. 5, 673","Shirato, M.","Kouno, T.","Nakatani, S.",Public Works Research Institute,Cyclic loading experiment,"Spesial basic research projects laboratory at the PWRI, Tsukuba, Japan",small-scale 1g,deep test pit,4,3,5,Displacement controlled hydraulic actuator,1,Displacment-controlled,The jigs were used not to constrain either the rotational purpose.,PWRI-C.jpg,Case 4,31-Mar-03,10,8,7777,1,9999,9999,9999,Model,2,7777,1,None,Toyoura Sand,2,80.479,42.2,0.37,7777,7777,7777,7777,1604,7777,7777,7777,7777,7777,7777,7777,7777,7777,7777,7777,7777,7777,7777,7777,7777,7777,7777,7777,7777,7777,7777,7777,Square,Steel,0.5,0.5,7777,7777,7777,0,0,0.25,0,0,SDOF,Model-H.jpg,steel,0.65,910,8.918,35.672,979.2,210.7,191.7,Bearing-capacity80.pdf,14.06,27.45010092,1.3,0.186219739,1815,7777,SoilsFoundations.pdf,1D,10,1,0.055,7777,Loading_Protocol_Plot-C4.jpg,Case4_LoadingProtocol.txt,deformation_plots-C4.jpg,Case4_M-theta_Mod-8.txt,M=V*Height+P*Delta,0.034735093,0.0347,0.212463493,0.007171451,1.507908804,1.422144282,0.1179862,0.00093745,At the point of zero moment,1.01993135,0.117421786,0.000931591,PWRI_Ref.pdf,http://www.pwri.go.jp/caesar/profile/docs/level2html/table2-5-No3.html,A detail report and all results of a measurement have been uploaded on Project Website (in Japanese).
339,"Shirato, M., Kouno, T., Asai, R., Nakatani, S., Fukui, J. and Paolucci, R.(2008).Large-scale Experiments on Nonlinear Behavior of Shallow Foundations Subjected to Strong Earthquakes, Large-scale Experiments on Nonlinear Behavior of Shallow Foundations Subjected to Strong Earthquakes,SOILS AND FOUNDATIONS Vol. 48, No. 5, 673","Shirato, M.","Kouno, T.","Nakatani, S.",Public Works Research Institute,Cyclic loading experiment,"Spesial basic research projects laboratory at the PWRI, Tsukuba, Japan",small-scale 1g,deep test pit,4,3,5,Displacement controlled hydraulic actuator,1,Displacment-controlled,The jigs were used not to constrain either the rotational purpose.,PWRI-C.jpg,Case 4,31-Mar-03,10,9,7777,1,9999,9999,9999,Model,2,7777,1,None,Toyoura Sand,2,80.479,42.2,0.37,7777,7777,7777,7777,1604,7777,7777,7777,7777,7777,7777,7777,7777,7777,7777,7777,7777,7777,7777,7777,7777,7777,7777,7777,7777,7777,7777,7777,Square,Steel,0.5,0.5,7777,7777,7777,0,0,0.25,0,0,SDOF,Model-H.jpg,steel,0.65,910,8.918,35.672,979.2,210.7,191.7,Bearing-capacity80.pdf,14.06,27.45010092,1.3,0.186219739,1815,7777,SoilsFoundations.pdf,1D,10,1,0.066,7777,Loading_Protocol_Plot-C4.jpg,Case4_LoadingProtocol.txt,deformation_plots-C4.jpg,Case4_M-theta_Mod-9.txt,M=V*Height+P*Delta,0.041756035,0.0417,0.254163493,0.009080074,1.845078218,1.803544944,0.1177987,-0.0001875,At the point of zero moment,1.002727689,0.117235458,-0.000186328,PWRI_Ref.pdf,http://www.pwri.go.jp/caesar/profile/docs/level2html/table2-5-No3.html,A detail report and all results of a measurement have been uploaded on Project Website (in Japanese).
340,"Shirato, M., Kouno, T., Asai, R., Nakatani, S., Fukui, J. and Paolucci, R.(2008).Large-scale Experiments on Nonlinear Behavior of Shallow Foundations Subjected to Strong Earthquakes, Large-scale Experiments on Nonlinear Behavior of Shallow Foundations Subjected to Strong Earthquakes,SOILS AND FOUNDATIONS Vol. 48, No. 5, 673","Shirato, M.","Kouno, T.","Nakatani, S.",Public Works Research Institute,Cyclic loading experiment,"Spesial basic research projects laboratory at the PWRI, Tsukuba, Japan",small-scale 1g,deep test pit,4,3,5,Displacement controlled hydraulic actuator,1,Displacment-controlled,The jigs were used not to constrain either the rotational purpose.,PWRI-C.jpg,Case 4,31-Mar-03,10,10,7777,1,9999,9999,9999,Model,2,7777,1,None,Toyoura Sand,2,80.479,42.2,0.37,7777,7777,7777,7777,1604,7777,7777,7777,7777,7777,7777,7777,7777,7777,7777,7777,7777,7777,7777,7777,7777,7777,7777,7777,7777,7777,7777,7777,Square,Steel,0.5,0.5,7777,7777,7777,0,0,0.25,0,0,SDOF,Model-H.jpg,steel,0.65,910,8.918,35.672,979.2,210.7,191.7,Bearing-capacity80.pdf,14.06,27.45010092,1.3,0.186219739,1815,7777,SoilsFoundations.pdf,1D,10,1,0.088,7777,Loading_Protocol_Plot-C4.jpg,Case5_LoadingProtocol.txt,deformation_plots-C4.jpg,Case4_M-theta_Mod-10.txt,M=V*Height+P*Delta,0.056640919,0.0564,0.310563493,0.009661273,2.410800678,2.352889378,0.1266112,0.0088125,At the point of zero moment,0.990439359,0.12599288,0.008757422,PWRI_Ref.pdf,http://www.pwri.go.jp/caesar/profile/docs/level2html/table2-5-No3.html,A detail report and all results of a measurement have been uploaded on Project Website (in Japanese).
341,"Shirato, M., Kouno, T., Asai, R., Nakatani, S., Fukui, J. and Paolucci, R.(2008).Large-scale Experiments on Nonlinear Behavior of Shallow Foundations Subjected to Strong Earthquakes, Large-scale Experiments on Nonlinear Behavior of Shallow Foundations Subjected to Strong Earthquakes,SOILS AND FOUNDATIONS Vol. 48, No. 5, 673","Shirato, M.","Kouno, T.","Nakatani, S.",Public Works Research Institute,Cyclic loading experiment,"Spesial basic research projects laboratory at the PWRI, Tsukuba, Japan",small-scale 1g,deep test pit,4,3,5,Displacement controlled hydraulic actuator,1,Displacment-controlled,The jigs were used not to constrain either the rotational purpose.,PWRI-C.jpg,Case 5,31-Mar-03,10,1,7777,1,9999,9999,9999,Model,2,7777,1,None,Toyoura Sand,2,80.517,42.2,0.28,7777,7777,7777,7777,1604,7777,7777,7777,7777,7777,7777,7777,7777,7777,7777,7777,7777,7777,7777,7777,7777,7777,7777,7777,7777,7777,7777,7777,Square,Steel,0.5,0.5,7777,7777,7777,0,0,0.25,0,0,SDOF,Model-H.jpg,steel,0.65,910,8.918,35.672,979.2,210.7,191.7,Bearing-capacity80.pdf,14.06,27.45010092,1.3,0.186219739,1815,7777,SoilsFoundations.pdf,1D,10,1,0.001375,7777,Loading_Protocol_Plot-C5.jpg,Case5_LoadingProtocol.txt,deformation_plots-C5.jpg,Case5_M-theta-Mod-1.txt,M=V*Height+P*Delta,0.0003471,0.0006,0.0006,0.00000165,0.032702116,0.02398285,0.013293753,0.013293753,At the point of zero moment,0.522254005,0.013383667,0.013383667,PWRI_Ref.pdf,http://www.pwri.go.jp/caesar/profile/docs/level2html/table2-5-No3.html,A detail report and all results of a measurement have been uploaded on Project Website (in Japanese).
342,"Shirato, M., Kouno, T., Asai, R., Nakatani, S., Fukui, J. and Paolucci, R.(2008).Large-scale Experiments on Nonlinear Behavior of Shallow Foundations Subjected to Strong Earthquakes, Large-scale Experiments on Nonlinear Behavior of Shallow Foundations Subjected to Strong Earthquakes,SOILS AND FOUNDATIONS Vol. 48, No. 5, 673","Shirato, M.","Kouno, T.","Nakatani, S.",Public Works Research Institute,Cyclic loading experiment,"Spesial basic research projects laboratory at the PWRI, Tsukuba, Japan",small-scale 1g,deep test pit,4,3,5,Displacement controlled hydraulic actuator,1,Displacment-controlled,The jigs were used not to constrain either the rotational purpose.,PWRI-C.jpg,Case 5,31-Mar-03,10,2,7777,1,9999,9999,9999,Model,2,7777,1,None,Toyoura Sand,2,80.517,42.2,0.28,7777,7777,7777,7777,1604,7777,7777,7777,7777,7777,7777,7777,7777,7777,7777,7777,7777,7777,7777,7777,7777,7777,7777,7777,7777,7777,7777,7777,Square,Steel,0.5,0.5,7777,7777,7777,0,0,0.25,0,0,SDOF,Model-H.jpg,steel,0.65,910,8.918,35.672,979.2,210.7,191.7,Bearing-capacity80.pdf,14.06,27.45010092,1.3,0.186219739,1815,7777,SoilsFoundations.pdf,1D,10,1,0.00275,7777,Loading_Protocol_Plot-C5.jpg,Case5_LoadingProtocol.txt,deformation_plots-C5.jpg,Case5_M-theta-Mod-2.txt,M=V*Height+P*Delta,0.00153165,0.00253,0.00313,0.00018165,0.054062802,0.01590472,0.033168755,0.019875002,At the point of zero moment,0.77416476,0.03313445,0.019750783,PWRI_Ref.pdf,http://www.pwri.go.jp/caesar/profile/docs/level2html/table2-5-No3.html,A detail report and all results of a measurement have been uploaded on Project Website (in Japanese).
343,"Shirato, M., Kouno, T., Asai, R., Nakatani, S., Fukui, J. and Paolucci, R.(2008).Large-scale Experiments on Nonlinear Behavior of Shallow Foundations Subjected to Strong Earthquakes, Large-scale Experiments on Nonlinear Behavior of Shallow Foundations Subjected to Strong Earthquakes,SOILS AND FOUNDATIONS Vol. 48, No. 5, 673","Shirato, M.","Kouno, T.","Nakatani, S.",Public Works Research Institute,Cyclic loading experiment,"Spesial basic research projects laboratory at the PWRI, Tsukuba, Japan",small-scale 1g,deep test pit,4,3,5,Displacement controlled hydraulic actuator,1,Displacment-controlled,The jigs were used not to constrain either the rotational purpose.,PWRI-C.jpg,Case 5,31-Mar-03,10,3,7777,1,9999,9999,9999,Model,2,7777,1,None,Toyoura Sand,2,80.517,42.2,0.28,7777,7777,7777,7777,1604,7777,7777,7777,7777,7777,7777,7777,7777,7777,7777,7777,7777,7777,7777,7777,7777,7777,7777,7777,7777,7777,7777,7777,Square,Steel,0.5,0.5,7777,7777,7777,0,0,0.25,0,0,SDOF,Model-H.jpg,steel,0.65,910,8.918,35.672,979.2,210.7,191.7,Bearing-capacity80.pdf,14.06,27.45010092,1.3,0.186219739,1815,7777,SoilsFoundations.pdf,1D,10,1,0.0055,7777,Loading_Protocol_Plot-C5.jpg,Case5_LoadingProtocol.txt,deformation_plots-C5.jpg,Case5_M-theta-Mod-3.txt,M=V*Height+P*Delta,0.00338414,0.00568,0.00881,0.0002304,0.061834446,0.050510821,0.06598125,0.032812495,At the point of zero moment,0.921624714,0.065741867,0.032607417,PWRI_Ref.pdf,http://www.pwri.go.jp/caesar/profile/docs/level2html/table2-5-No3.html,A detail report and all results of a measurement have been uploaded on Project Website (in Japanese).
344,"Shirato, M., Kouno, T., Asai, R., Nakatani, S., Fukui, J. and Paolucci, R.(2008).Large-scale Experiments on Nonlinear Behavior of Shallow Foundations Subjected to Strong Earthquakes, Large-scale Experiments on Nonlinear Behavior of Shallow Foundations Subjected to Strong Earthquakes,SOILS AND FOUNDATIONS Vol. 48, No. 5, 673","Shirato, M.","Kouno, T.","Nakatani, S.",Public Works Research Institute,Cyclic loading experiment,"Spesial basic research projects laboratory at the PWRI, Tsukuba, Japan",small-scale 1g,deep test pit,4,3,5,Displacement controlled hydraulic actuator,1,Displacment-controlled,The jigs were used not to constrain either the rotational purpose.,PWRI-C.jpg,Case 5,31-Mar-03,10,4,7777,1,9999,9999,9999,Model,2,7777,1,None,Toyoura Sand,2,80.517,42.2,0.28,7777,7777,7777,7777,1604,7777,7777,7777,7777,7777,7777,7777,7777,7777,7777,7777,7777,7777,7777,7777,7777,7777,7777,7777,7777,7777,7777,7777,Square,Steel,0.5,0.5,7777,7777,7777,0,0,0.25,0,0,SDOF,Model-H.jpg,steel,0.65,910,8.918,35.672,979.2,210.7,191.7,Bearing-capacity80.pdf,14.06,27.45010092,1.3,0.186219739,1815,7777,SoilsFoundations.pdf,1D,10,3,0.011,7777,Loading_Protocol_Plot-C5.jpg,Case5_LoadingProtocol.txt,deformation_plots-C5.jpg,Case5_M-theta-Mod-4.txt,M=V*Height+P*Delta,0.00716778,0.04138,0.05019,0.0002229,0.130782061,0.059001586,0.11960625,0.053625,At the point of zero moment,1.044508009,0.119031711,0.053289844,PWRI_Ref.pdf,http://www.pwri.go.jp/caesar/profile/docs/level2html/table2-5-No3.html,A detail report and all results of a measurement have been uploaded on Project Website (in Japanese).
345,"Shirato, M., Kouno, T., Asai, R., Nakatani, S., Fukui, J. and Paolucci, R.(2008).Large-scale Experiments on Nonlinear Behavior of Shallow Foundations Subjected to Strong Earthquakes, Large-scale Experiments on Nonlinear Behavior of Shallow Foundations Subjected to Strong Earthquakes,SOILS AND FOUNDATIONS Vol. 48, No. 5, 673","Shirato, M.","Kouno, T.","Nakatani, S.",Public Works Research Institute,Cyclic loading experiment,"Spesial basic research projects laboratory at the PWRI, Tsukuba, Japan",small-scale 1g,deep test pit,4,3,5,Displacement controlled hydraulic actuator,1,Displacment-controlled,The jigs were used not to constrain either the rotational purpose.,PWRI-C.jpg,Case 5,31-Mar-03,10,5,7777,1,9999,9999,9999,Model,2,7777,1,None,Toyoura Sand,2,80.517,42.2,0.28,7777,7777,7777,7777,1604,7777,7777,7777,7777,7777,7777,7777,7777,7777,7777,7777,7777,7777,7777,7777,7777,7777,7777,7777,7777,7777,7777,7777,Square,Steel,0.5,0.5,7777,7777,7777,0,0,0.25,0,0,SDOF,Model-H.jpg,steel,0.65,910,8.918,35.672,979.2,210.7,191.7,Bearing-capacity80.pdf,14.06,27.45010092,1.3,0.186219739,1815,7777,SoilsFoundations.pdf,1D,10,3,0.022,7777,Loading_Protocol_Plot-C5.jpg,Case5_LoadingProtocol.txt,deformation_plots-C5.jpg,Case5_M-theta-Mod-5.txt,M=V*Height+P*Delta,0.01567912,0.0899,0.14009,0.0006579,0.183782124,0.000215703,0.174356225,0.054749975,At the point of zero moment,1.109636156,0.173439499,0.054407788,PWRI_Ref.pdf,http://www.pwri.go.jp/caesar/profile/docs/level2html/table2-5-No3.html,A detail report and all results of a measurement have been uploaded on Project Website (in Japanese).
346,"Shirato, M., Kouno, T., Asai, R., Nakatani, S., Fukui, J. and Paolucci, R.(2008).Large-scale Experiments on Nonlinear Behavior of Shallow Foundations Subjected to Strong Earthquakes, Large-scale Experiments on Nonlinear Behavior of Shallow Foundations Subjected to Strong Earthquakes,SOILS AND FOUNDATIONS Vol. 48, No. 5, 673","Shirato, M.","Kouno, T.","Nakatani, S.",Public Works Research Institute,Cyclic loading experiment,"Spesial basic research projects laboratory at the PWRI, Tsukuba, Japan",small-scale 1g,deep test pit,4,3,5,Displacement controlled hydraulic actuator,1,Displacment-controlled,The jigs were used not to constrain either the rotational purpose.,PWRI-C.jpg,Case 5,31-Mar-03,10,6,7777,1,9999,9999,9999,Model,2,7777,1,None,Toyoura Sand,2,80.517,42.2,0.28,7777,7777,7777,7777,1604,7777,7777,7777,7777,7777,7777,7777,7777,7777,7777,7777,7777,7777,7777,7777,7777,7777,7777,7777,7777,7777,7777,7777,Square,Steel,0.5,0.5,7777,7777,7777,0,0,0.25,0,0,SDOF,Model-H.jpg,steel,0.65,910,8.918,35.672,979.2,210.7,191.7,Bearing-capacity80.pdf,14.06,27.45010092,1.3,0.186219739,1815,7777,SoilsFoundations.pdf,1D,10,2,0.033,7777,Loading_Protocol_Plot-C5.jpg,Case5_LoadingProtocol.txt,deformation_plots-C5.jpg,Case5_M-theta-Mod-6.txt,M=V*Height+P*Delta,0.02419943,0.09473,0.23482,0.00026415,0.215256863,0.054512056,0.207168745,0.03281252,At the point of zero moment,1.110864989,0.20604694,0.032607442,PWRI_Ref.pdf,http://www.pwri.go.jp/caesar/profile/docs/level2html/table2-5-No3.html,A detail report and all results of a measurement have been uploaded on Project Website (in Japanese).
347,"Shirato, M., Kouno, T., Asai, R., Nakatani, S., Fukui, J. and Paolucci, R.(2008).Large-scale Experiments on Nonlinear Behavior of Shallow Foundations Subjected to Strong Earthquakes, Large-scale Experiments on Nonlinear Behavior of Shallow Foundations Subjected to Strong Earthquakes,SOILS AND FOUNDATIONS Vol. 48, No. 5, 673","Shirato, M.","Kouno, T.","Nakatani, S.",Public Works Research Institute,Cyclic loading experiment,"Spesial basic research projects laboratory at the PWRI, Tsukuba, Japan",small-scale 1g,deep test pit,4,3,5,Displacement controlled hydraulic actuator,1,Displacment-controlled,The jigs were used not to constrain either the rotational purpose.,PWRI-C.jpg,Case 5,31-Mar-03,10,7,7777,1,9999,9999,9999,Model,2,7777,1,None,Toyoura Sand,2,80.517,42.2,0.28,7777,7777,7777,7777,1604,7777,7777,7777,7777,7777,7777,7777,7777,7777,7777,7777,7777,7777,7777,7777,7777,7777,7777,7777,7777,7777,7777,7777,Square,Steel,0.5,0.5,7777,7777,7777,0,0,0.25,0,0,SDOF,Model-H.jpg,steel,0.65,910,8.918,35.672,979.2,210.7,191.7,Bearing-capacity80.pdf,14.06,27.45010092,1.3,0.186219739,1815,7777,SoilsFoundations.pdf,1D,10,2,0.044,7777,Loading_Protocol_Plot-C5.jpg,Case5_LoadingProtocol.txt,deformation_plots-C5.jpg,Case5_M-theta-Mod-7.txt,M=V*Height+P*Delta,0.03263425,0.1277,0.36252,0.0006396,0.29636676,0.124842828,0.2437312,0.036562455,At the point of zero moment,1.102263158,0.24238088,0.03633394,PWRI_Ref.pdf,http://www.pwri.go.jp/caesar/profile/docs/level2html/table2-5-No3.html,A detail report and all results of a measurement have been uploaded on Project Website (in Japanese).
348,"Shirato, M., Kouno, T., Asai, R., Nakatani, S., Fukui, J. and Paolucci, R.(2008).Large-scale Experiments on Nonlinear Behavior of Shallow Foundations Subjected to Strong Earthquakes, Large-scale Experiments on Nonlinear Behavior of Shallow Foundations Subjected to Strong Earthquakes,SOILS AND FOUNDATIONS Vol. 48, No. 5, 673","Shirato, M.","Kouno, T.","Nakatani, S.",Public Works Research Institute,Cyclic loading experiment,"Spesial basic research projects laboratory at the PWRI, Tsukuba, Japan",small-scale 1g,deep test pit,4,3,5,Displacement controlled hydraulic actuator,1,Displacment-controlled,The jigs were used not to constrain either the rotational purpose.,PWRI-C.jpg,Case 5,31-Mar-03,10,8,7777,1,9999,9999,9999,Model,2,7777,1,None,Toyoura Sand,2,80.517,42.2,0.28,7777,7777,7777,7777,1604,7777,7777,7777,7777,7777,7777,7777,7777,7777,7777,7777,7777,7777,7777,7777,7777,7777,7777,7777,7777,7777,7777,7777,Square,Steel,0.5,0.5,7777,7777,7777,0,0,0.25,0,0,SDOF,Model-H.jpg,steel,0.65,910,8.918,35.672,979.2,210.7,191.7,Bearing-capacity80.pdf,14.06,27.45010092,1.3,0.186219739,1815,7777,SoilsFoundations.pdf,1D,10,1,0.055,7777,Loading_Protocol_Plot-C5.jpg,Case5_LoadingProtocol.txt,deformation_plots-C5.jpg,Case5_M-theta-Mod-8.txt,M=V*Height+P*Delta,0.04121374,0.0806,0.44312,0.0001479,0.234320032,0.165734341,0.27373125,0.03000005,At the point of zero moment,1.081864531,0.27219343,0.02981255,PWRI_Ref.pdf,http://www.pwri.go.jp/caesar/profile/docs/level2html/table2-5-No3.html,A detail report and all results of a measurement have been uploaded on Project Website (in Japanese).
349,"Shirato, M., Kouno, T., Asai, R., Nakatani, S., Fukui, J. and Paolucci, R.(2008).Large-scale Experiments on Nonlinear Behavior of Shallow Foundations Subjected to Strong Earthquakes, Large-scale Experiments on Nonlinear Behavior of Shallow Foundations Subjected to Strong Earthquakes,SOILS AND FOUNDATIONS Vol. 48, No. 5, 673","Shirato, M.","Kouno, T.","Nakatani, S.",Public Works Research Institute,Cyclic loading experiment,"Spesial basic research projects laboratory at the PWRI, Tsukuba, Japan",small-scale 1g,deep test pit,4,3,5,Displacement controlled hydraulic actuator,1,Displacment-controlled,The jigs were used not to constrain either the rotational purpose.,PWRI-C.jpg,Case 5,31-Mar-03,10,9,7777,1,9999,9999,9999,Model,2,7777,1,None,Toyoura Sand,2,80.517,42.2,0.28,7777,7777,7777,7777,1604,7777,7777,7777,7777,7777,7777,7777,7777,7777,7777,7777,7777,7777,7777,7777,7777,7777,7777,7777,7777,7777,7777,7777,Square,Steel,0.5,0.5,7777,7777,7777,0,0,0.25,0,0,SDOF,Model-H.jpg,steel,0.65,910,8.918,35.672,979.2,210.7,191.7,Bearing-capacity80.pdf,14.06,27.45010092,1.3,0.186219739,1815,7777,SoilsFoundations.pdf,1D,10,1,0.066,7777,Loading_Protocol_Plot-C5.jpg,Case5_LoadingProtocol.txt,deformation_plots-C5.jpg,Case5_M-theta-Mod-9.txt,M=V*Height+P*Delta,0.04962586,0.09839,0.54151,0.00036915,0.271432032,0.061568838,0.30429375,0.0305625,At the point of zero moment,1.058025172,0.302564914,0.030371484,PWRI_Ref.pdf,http://www.pwri.go.jp/caesar/profile/docs/level2html/table2-5-No3.html,A detail report and all results of a measurement have been uploaded on Project Website (in Japanese).
350,"Shirato, M., Kouno, T., Asai, R., Nakatani, S., Fukui, J. and Paolucci, R.(2008).Large-scale Experiments on Nonlinear Behavior of Shallow Foundations Subjected to Strong Earthquakes, Large-scale Experiments on Nonlinear Behavior of Shallow Foundations Subjected to Strong Earthquakes,SOILS AND FOUNDATIONS Vol. 48, No. 5, 673","Shirato, M.","Kouno, T.","Nakatani, S.",Public Works Research Institute,Cyclic loading experiment,"Spesial basic research projects laboratory at the PWRI, Tsukuba, Japan",small-scale 1g,deep test pit,4,3,5,Displacement controlled hydraulic actuator,1,Displacment-controlled,The jigs were used not to constrain either the rotational purpose.,PWRI-C.jpg,Case 5,31-Mar-03,10,10,7777,1,9999,9999,9999,Model,2,7777,1,None,Toyoura Sand,2,80.517,42.2,0.28,7777,7777,7777,7777,1604,7777,7777,7777,7777,7777,7777,7777,7777,7777,7777,7777,7777,7777,7777,7777,7777,7777,7777,7777,7777,7777,7777,7777,Square,Steel,0.5,0.5,7777,7777,7777,0,0,0.25,0,0,SDOF,Model-H.jpg,steel,0.65,910,8.918,35.672,979.2,210.7,191.7,Bearing-capacity80.pdf,14.06,27.45010092,1.3,0.186219739,1815,7777,SoilsFoundations.pdf,1D,10,1,0.088,7777,Loading_Protocol_Plot-C5.jpg,Case5_LoadingProtocol.txt,deformation_plots-C5.jpg,Case5_M-theta-Mod-10.txt,M=V*Height+P*Delta,0.0665557,0.1298,0.67131,0.0001479,0.482865583,0.007477042,0.34498125,0.0406875,At the point of zero moment,1.022389016,0.342998117,0.040433203,PWRI_Ref.pdf,http://www.pwri.go.jp/caesar/profile/docs/level2html/table2-5-No3.html,A detail report and all results of a measurement have been uploaded on Project Website (in Japanese).
351,"Shirato, M., Kouno, T., Asai, R., Nakatani, S., Fukui, J. and Paolucci, R.(2008).Large-scale Experiments on Nonlinear Behavior of Shallow Foundations Subjected to Strong Earthquakes, Large-scale Experiments on Nonlinear Behavior of Shallow Foundations Subjected to Strong Earthquakes,SOILS AND FOUNDATIONS Vol. 48, No. 5, 673","Shirato, M.","Kouno, T.","Nakatani, S.",Public Works Research Institute,Cyclic loading experiment,"Spesial basic research projects laboratory at the PWRI, Tsukuba, Japan",small-scale 1g,deep test pit,4,3,5,Displacement controlled hydraulic actuator,1,Displacment-controlled,The jigs were used not to constrain either the rotational purpose.,PWRI-C.jpg,Case 6,31-Mar-03,1,1,7777,1,9999,9999,9999,Model,2,7777,1,None,Toyoura Sand,2,79.568,42.2,0.3,7777,7777,7777,7777,1604,7777,7777,7777,7777,7777,7777,7777,7777,7777,7777,7777,7777,7777,7777,7777,7777,7777,7777,7777,7777,7777,7777,7777,Square,Steel,0.5,0.5,7777,7777,7777,0,0,0.25,0,0,SDOF,Model-L.jpg,steel,0.45,890,8.728,34.912,979.2,208.6,173.9,Bearing-capacity80.pdf,14.33,28.04766269,0.9,0.200803213,1744,7777,SoilsFoundations.pdf,1D,1,1,0.016,7777,Loading_Protocol_Plot-C6.jpg,Case6_LoadingProtocol.txt,deformation_plots-C6.jpg,Case6_M-theta-Mod.txt,M=V*Height+P*Delta,0.091,0.0918,0.0918,0.0072307,4,1.24707,3.36608,7777,At the point of zero moment,1.038542714,3.345215,7777,PWRI_Ref.pdf,http://www.pwri.go.jp/caesar/profile/docs/level2html/table2-5-No3.html,A detail report and all results of a measurement have been uploaded on Project Website (in Japanese).
352,"Shirato, M., Kouno, T., Asai, R., Nakatani, S., Fukui, J. and Paolucci, R.(2008).Large-scale Experiments on Nonlinear Behavior of Shallow Foundations Subjected to Strong Earthquakes, Large-scale Experiments on Nonlinear Behavior of Shallow Foundations Subjected to Strong Earthquakes,SOILS AND FOUNDATIONS Vol. 48, No. 5, 673","Shirato, M.","Kouno, T.","Nakatani, S.",Public Works Research Institute,Cyclic loading experiment,"Spesial basic research projects laboratory at the PWRI, Tsukuba, Japan",small-scale 1g,deep test pit,4,3,5,Displacement controlled hydraulic actuator,1,Displacment-controlled,The jigs were used not to constrain either the rotational purpose.,PWRI-C.jpg,Case 7,31-Mar-03,9,1,7777,1,9999,9999,9999,Model,2,7777,1,None,Toyoura Sand,2,80.365,42.2,0.27,7777,7777,7777,7777,1604,7777,7777,7777,7777,7777,7777,7777,7777,7777,7777,7777,7777,7777,7777,7777,7777,7777,7777,7777,7777,7777,7777,7777,Square,Steel,0.5,0.5,7777,7777,7777,0,0,0.25,0,0,SDOF,Model-L.jpg,steel,0.45,890,8.728,34.912,979.2,208.6,173.9,Bearing-capacity80.pdf,14.33,28.04766269,0.9,0.200803213,1744,7777,SoilsFoundations.pdf,1D,9,3,0.002,7777,Loading_Protocol_Plot-C7.jpg,Case7_LoadingProtocol.txt,deformation_plots-C7.jpg,Case7_M-theta-Mod-1.txt,M=V*Height+P*Delta,0.001375562,0.003,0.003,0.000225563,0.096646122,0.001689532,0.034025628,0.034874994,At the point of zero moment,0.753256281,0.033985968,0.033985968,PWRI_Ref.pdf,http://www.pwri.go.jp/caesar/profile/docs/level2html/table2-5-No3.html,A detail report and all results of a measurement have been uploaded on Project Website (in Japanese).
353,"Shirato, M., Kouno, T., Asai, R., Nakatani, S., Fukui, J. and Paolucci, R.(2008).Large-scale Experiments on Nonlinear Behavior of Shallow Foundations Subjected to Strong Earthquakes, Large-scale Experiments on Nonlinear Behavior of Shallow Foundations Subjected to Strong Earthquakes,SOILS AND FOUNDATIONS Vol. 48, No. 5, 673","Shirato, M.","Kouno, T.","Nakatani, S.",Public Works Research Institute,Cyclic loading experiment,"Spesial basic research projects laboratory at the PWRI, Tsukuba, Japan",small-scale 1g,deep test pit,4,3,5,Displacement controlled hydraulic actuator,1,Displacment-controlled,The jigs were used not to constrain either the rotational purpose.,PWRI-C.jpg,Case 7,31-Mar-03,9,2,7777,1,9999,9999,9999,Model,2,7777,1,None,Toyoura Sand,2,80.365,42.2,0.27,7777,7777,7777,7777,1604,7777,7777,7777,7777,7777,7777,7777,7777,7777,7777,7777,7777,7777,7777,7777,7777,7777,7777,7777,7777,7777,7777,7777,Square,Steel,0.5,0.5,7777,7777,7777,0,0,0.25,0,0,SDOF,Model-L.jpg,steel,0.45,890,8.728,34.912,979.2,208.6,173.9,Bearing-capacity80.pdf,14.33,28.04766269,0.9,0.200803213,1744,7777,SoilsFoundations.pdf,1D,9,3,0.004,7777,Loading_Protocol_Plot-C7.jpg,Case7_LoadingProtocol.txt,deformation_plots-C7.jpg,Case7_M-theta-Mod-2.txt,M=V*Height+P*Delta,0.0033443,0.01559,0.01859,0.000494312,0.083793858,0.04725591,0.087838125,0.053812497,At the point of zero moment,0.950954774,0.087462137,0.053476169,PWRI_Ref.pdf,http://www.pwri.go.jp/caesar/profile/docs/level2html/table2-5-No3.html,A detail report and all results of a measurement have been uploaded on Project Website (in Japanese).
354,"Shirato, M., Kouno, T., Asai, R., Nakatani, S., Fukui, J. and Paolucci, R.(2008).Large-scale Experiments on Nonlinear Behavior of Shallow Foundations Subjected to Strong Earthquakes, Large-scale Experiments on Nonlinear Behavior of Shallow Foundations Subjected to Strong Earthquakes,SOILS AND FOUNDATIONS Vol. 48, No. 5, 673","Shirato, M.","Kouno, T.","Nakatani, S.",Public Works Research Institute,Cyclic loading experiment,"Spesial basic research projects laboratory at the PWRI, Tsukuba, Japan",small-scale 1g,deep test pit,4,3,5,Displacement controlled hydraulic actuator,1,Displacment-controlled,The jigs were used not to constrain either the rotational purpose.,PWRI-C.jpg,Case 7,31-Mar-03,9,3,7777,1,9999,9999,9999,Model,2,7777,1,None,Toyoura Sand,2,80.365,42.2,0.27,7777,7777,7777,7777,1604,7777,7777,7777,7777,7777,7777,7777,7777,7777,7777,7777,7777,7777,7777,7777,7777,7777,7777,7777,7777,7777,7777,7777,Square,Steel,0.5,0.5,7777,7777,7777,0,0,0.25,0,0,SDOF,Model-L.jpg,steel,0.45,890,8.728,34.912,979.2,208.6,173.9,Bearing-capacity80.pdf,14.33,28.04766269,0.9,0.200803213,1744,7777,SoilsFoundations.pdf,1D,9,3,0.008,7777,Loading_Protocol_Plot-C7.jpg,Case7_LoadingProtocol.txt,deformation_plots-C7.jpg,Case7_M-theta-Mod-3.txt,M=V*Height+P*Delta,0.007487922,0.04026,0.05885,0.0000119,0.129026254,0.006991268,0.13302563,0.045187505,At the point of zero moment,1.076080402,0.13236722,0.044905083,PWRI_Ref.pdf,http://www.pwri.go.jp/caesar/profile/docs/level2html/table2-5-No3.html,A detail report and all results of a measurement have been uploaded on Project Website (in Japanese).
355,"Shirato, M., Kouno, T., Asai, R., Nakatani, S., Fukui, J. and Paolucci, R.(2008).Large-scale Experiments on Nonlinear Behavior of Shallow Foundations Subjected to Strong Earthquakes, Large-scale Experiments on Nonlinear Behavior of Shallow Foundations Subjected to Strong Earthquakes,SOILS AND FOUNDATIONS Vol. 48, No. 5, 673","Shirato, M.","Kouno, T.","Nakatani, S.",Public Works Research Institute,Cyclic loading experiment,"Spesial basic research projects laboratory at the PWRI, Tsukuba, Japan",small-scale 1g,deep test pit,4,3,5,Displacement controlled hydraulic actuator,1,Displacment-controlled,The jigs were used not to constrain either the rotational purpose.,PWRI-C.jpg,Case 7,31-Mar-03,9,4,7777,1,9999,9999,9999,Model,2,7777,1,None,Toyoura Sand,2,80.365,42.2,0.27,7777,7777,7777,7777,1604,7777,7777,7777,7777,7777,7777,7777,7777,7777,7777,7777,7777,7777,7777,7777,7777,7777,7777,7777,7777,7777,7777,7777,Square,Steel,0.5,0.5,7777,7777,7777,0,0,0.25,0,0,SDOF,Model-L.jpg,steel,0.45,890,8.728,34.912,979.2,208.6,173.9,Bearing-capacity80.pdf,14.33,28.04766269,0.9,0.200803213,1744,7777,SoilsFoundations.pdf,1D,9,10,0.016,7777,Loading_Protocol_Plot-C7.jpg,Case7_LoadingProtocol.txt,deformation_plots-C7.jpg,Case7_M-theta-Mod-4.txt,M=V*Height+P*Delta,0.016449078,0.304,0.36285,0.000124438,0.23798965,0.118602699,0.28865065,0.15562502,At the point of zero moment,1.11361809,0.287019583,0.154652364,PWRI_Ref.pdf,http://www.pwri.go.jp/caesar/profile/docs/level2html/table2-5-No3.html,A detail report and all results of a measurement have been uploaded on Project Website (in Japanese).
356,"Shirato, M., Kouno, T., Asai, R., Nakatani, S., Fukui, J. and Paolucci, R.(2008).Large-scale Experiments on Nonlinear Behavior of Shallow Foundations Subjected to Strong Earthquakes, Large-scale Experiments on Nonlinear Behavior of Shallow Foundations Subjected to Strong Earthquakes,SOILS AND FOUNDATIONS Vol. 48, No. 5, 673","Shirato, M.","Kouno, T.","Nakatani, S.",Public Works Research Institute,Cyclic loading experiment,"Spesial basic research projects laboratory at the PWRI, Tsukuba, Japan",small-scale 1g,deep test pit,4,3,5,Displacement controlled hydraulic actuator,1,Displacment-controlled,The jigs were used not to constrain either the rotational purpose.,PWRI-C.jpg,Case 7,31-Mar-03,9,5,7777,1,9999,9999,9999,Model,2,7777,1,None,Toyoura Sand,2,80.365,42.2,0.27,7777,7777,7777,7777,1604,7777,7777,7777,7777,7777,7777,7777,7777,7777,7777,7777,7777,7777,7777,7777,7777,7777,7777,7777,7777,7777,7777,7777,Square,Steel,0.5,0.5,7777,7777,7777,0,0,0.25,0,0,SDOF,Model-L.jpg,steel,0.45,890,8.728,34.912,979.2,208.6,173.9,Bearing-capacity80.pdf,14.33,28.04766269,0.9,0.200803213,1744,7777,SoilsFoundations.pdf,1D,9,10,0.032,7777,Loading_Protocol_Plot-C7.jpg,Case7_LoadingProtocol.txt,deformation_plots-C7.jpg,Case7_M-theta-Mod-5.txt,M=V*Height+P*Delta,0.0344307,0.65,1.01285,0.000256812,0.506620174,0.03774394,0.55058815,0.2619375,At the point of zero moment,1.107361809,0.547319974,0.260300391,PWRI_Ref.pdf,http://www.pwri.go.jp/caesar/profile/docs/level2html/table2-5-No3.html,A detail report and all results of a measurement have been uploaded on Project Website (in Japanese).
357,"Shirato, M., Kouno, T., Asai, R., Nakatani, S., Fukui, J. and Paolucci, R.(2008).Large-scale Experiments on Nonlinear Behavior of Shallow Foundations Subjected to Strong Earthquakes, Large-scale Experiments on Nonlinear Behavior of Shallow Foundations Subjected to Strong Earthquakes,SOILS AND FOUNDATIONS Vol. 48, No. 5, 673","Shirato, M.","Kouno, T.","Nakatani, S.",Public Works Research Institute,Cyclic loading experiment,"Spesial basic research projects laboratory at the PWRI, Tsukuba, Japan",small-scale 1g,deep test pit,4,3,5,Displacement controlled hydraulic actuator,1,Displacment-controlled,The jigs were used not to constrain either the rotational purpose.,PWRI-C.jpg,Case 7,31-Mar-03,9,6,7777,1,9999,9999,9999,Model,2,7777,1,None,Toyoura Sand,2,80.365,42.2,0.27,7777,7777,7777,7777,1604,7777,7777,7777,7777,7777,7777,7777,7777,7777,7777,7777,7777,7777,7777,7777,7777,7777,7777,7777,7777,7777,7777,7777,Square,Steel,0.5,0.5,7777,7777,7777,0,0,0.25,0,0,SDOF,Model-L.jpg,steel,0.45,890,8.728,34.912,979.2,208.6,173.9,Bearing-capacity80.pdf,14.33,28.04766269,0.9,0.200803213,1744,7777,SoilsFoundations.pdf,1D,9,5,0.048,7777,Loading_Protocol_Plot-C7.jpg,Case7_LoadingProtocol.txt,deformation_plots-C7.jpg,Case7_M-theta-Mod-6.txt,M=V*Height+P*Delta,0.051392764,0.5,1.51285,0.000194312,0.430210845,0.09768415,0.75046315,0.199875,At the point of zero moment,1.014768844,0.745945755,0.198625781,PWRI_Ref.pdf,http://www.pwri.go.jp/caesar/profile/docs/level2html/table2-5-No3.html,A detail report and all results of a measurement have been uploaded on Project Website (in Japanese).
358,"Shirato, M., Kouno, T., Asai, R., Nakatani, S., Fukui, J. and Paolucci, R.(2008).Large-scale Experiments on Nonlinear Behavior of Shallow Foundations Subjected to Strong Earthquakes, Large-scale Experiments on Nonlinear Behavior of Shallow Foundations Subjected to Strong Earthquakes,SOILS AND FOUNDATIONS Vol. 48, No. 5, 673","Shirato, M.","Kouno, T.","Nakatani, S.",Public Works Research Institute,Cyclic loading experiment,"Spesial basic research projects laboratory at the PWRI, Tsukuba, Japan",small-scale 1g,deep test pit,4,3,5,Displacement controlled hydraulic actuator,1,Displacment-controlled,The jigs were used not to constrain either the rotational purpose.,PWRI-C.jpg,Case 7,31-Mar-03,9,7,7777,1,9999,9999,9999,Model,2,7777,1,None,Toyoura Sand,2,80.365,42.2,0.27,7777,7777,7777,7777,1604,7777,7777,7777,7777,7777,7777,7777,7777,7777,7777,7777,7777,7777,7777,7777,7777,7777,7777,7777,7777,7777,7777,7777,Square,Steel,0.5,0.5,7777,7777,7777,0,0,0.25,0,0,SDOF,Model-L.jpg,steel,0.45,890,8.728,34.912,979.2,208.6,173.9,Bearing-capacity80.pdf,14.33,28.04766269,0.9,0.200803213,1744,7777,SoilsFoundations.pdf,1D,9,5,0.064,7777,Loading_Protocol_Plot-C7.jpg,Case7_LoadingProtocol.txt,deformation_plots-C7.jpg,Case7_M-theta-Mod-7.txt,M=V*Height+P*Delta,0.068561677,0.68,2.19285,0.000356815,0.649419744,0.08375791,1.04108805,0.2906249,At the point of zero moment,1.009763819,1.03475425,0.288808494,PWRI_Ref.pdf,http://www.pwri.go.jp/caesar/profile/docs/level2html/table2-5-No3.html,A detail report and all results of a measurement have been uploaded on Project Website (in Japanese).
359,"Shirato, M., Kouno, T., Asai, R., Nakatani, S., Fukui, J. and Paolucci, R.(2008).Large-scale Experiments on Nonlinear Behavior of Shallow Foundations Subjected to Strong Earthquakes, Large-scale Experiments on Nonlinear Behavior of Shallow Foundations Subjected to Strong Earthquakes,SOILS AND FOUNDATIONS Vol. 48, No. 5, 673","Shirato, M.","Kouno, T.","Nakatani, S.",Public Works Research Institute,Cyclic loading experiment,"Spesial basic research projects laboratory at the PWRI, Tsukuba, Japan",small-scale 1g,deep test pit,4,3,5,Displacement controlled hydraulic actuator,1,Displacment-controlled,The jigs were used not to constrain either the rotational purpose.,PWRI-C.jpg,Case 7,31-Mar-03,9,8,7777,1,9999,9999,9999,Model,2,7777,1,None,Toyoura Sand,2,80.365,42.2,0.27,7777,7777,7777,7777,1604,7777,7777,7777,7777,7777,7777,7777,7777,7777,7777,7777,7777,7777,7777,7777,7777,7777,7777,7777,7777,7777,7777,7777,Square,Steel,0.5,0.5,7777,7777,7777,0,0,0.25,0,0,SDOF,Model-L.jpg,steel,0.45,890,8.728,34.912,979.2,208.6,173.9,Bearing-capacity80.pdf,14.33,28.04766269,0.9,0.200803213,1744,7777,SoilsFoundations.pdf,1D,9,3,0.08,7777,Loading_Protocol_Plot-C7.jpg,Case7_LoadingProtocol.txt,deformation_plots-C7.jpg,Case7_M-theta-Mod-8.txt,M=V*Height+P*Delta,0.088084536,0.516,2.70885,0.000269312,0.755559316,0.148848493,1.27246315,0.2313751,At the point of zero moment,0.980984925,1.264683255,0.229929006,PWRI_Ref.pdf,http://www.pwri.go.jp/caesar/profile/docs/level2html/table2-5-No3.html,A detail report and all results of a measurement have been uploaded on Project Website (in Japanese).
360,"Shirato, M., Kouno, T., Asai, R., Nakatani, S., Fukui, J. and Paolucci, R.(2008).Large-scale Experiments on Nonlinear Behavior of Shallow Foundations Subjected to Strong Earthquakes, Large-scale Experiments on Nonlinear Behavior of Shallow Foundations Subjected to Strong Earthquakes,SOILS AND FOUNDATIONS Vol. 48, No. 5, 673","Shirato, M.","Kouno, T.","Nakatani, S.",Public Works Research Institute,Cyclic loading experiment,"Spesial basic research projects laboratory at the PWRI, Tsukuba, Japan",small-scale 1g,deep test pit,4,3,5,Displacement controlled hydraulic actuator,1,Displacment-controlled,The jigs were used not to constrain either the rotational purpose.,PWRI-C.jpg,Case 7,31-Mar-03,9,9,7777,1,9999,9999,9999,Model,2,7777,1,None,Toyoura Sand,2,80.365,42.2,0.27,7777,7777,7777,7777,1604,7777,7777,7777,7777,7777,7777,7777,7777,7777,7777,7777,7777,7777,7777,7777,7777,7777,7777,7777,7777,7777,7777,7777,Square,Steel,0.5,0.5,7777,7777,7777,0,0,0.25,0,0,SDOF,Model-L.jpg,steel,0.45,890,8.728,34.912,979.2,208.6,173.9,Bearing-capacity80.pdf,14.33,28.04766269,0.9,0.200803213,1744,7777,SoilsFoundations.pdf,1D,9,3,0.096,7777,Loading_Protocol_Plot-C7.jpg,Case7_LoadingProtocol.txt,deformation_plots-C7.jpg,Case7_M-theta-Mod-9.txt,M=V*Height+P*Delta,0.104339011,0.06,2.76885,0.003036929,0.94796871,0.864790926,1.53890065,0.2664375,At the point of zero moment,0.989743719,1.529455521,0.264772266,PWRI_Ref.pdf,http://www.pwri.go.jp/caesar/profile/docs/level2html/table2-5-No3.html,A detail report and all results of a measurement have been uploaded on Project Website (in Japanese).
361,"Shirato, M., Kouno, T., Asai, R., Nakatani, S., Fukui, J. and Paolucci, R.(2008).Large-scale Experiments on Nonlinear Behavior of Shallow Foundations Subjected to Strong Earthquakes, Large-scale Experiments on Nonlinear Behavior of Shallow Foundations Subjected to Strong Earthquakes,SOILS AND FOUNDATIONS Vol. 48, No. 5, 673","Shirato, M.","Kouno, T.","Nakatani, S.",Public Works Research Institute,Cyclic loading experiment,"Spesial basic research projects laboratory at the PWRI, Tsukuba, Japan",small-scale 1g,deep test pit,4,3,5,Displacement controlled hydraulic actuator,1,Displacment-controlled,The jigs were used not to constrain either the rotational purpose.,PWRI-C.jpg,Case 8,31-Mar-03,10,1,7777,1,9999,9999,9999,Model,2,7777,1,None,Toyoura Sand,2,80.441,42.2,0.33,7777,7777,7777,7777,1604,7777,7777,7777,7777,7777,7777,7777,7777,7777,7777,7777,7777,7777,7777,7777,7777,7777,7777,7777,7777,7777,7777,7777,Square,Steel,0.5,0.5,7777,7777,7777,0,0,0.25,0,0,SDOF,Model-L.jpg,steel,0.45,890,8.728,34.912,979.2,208.6,173.9,Bearing-capacity80.pdf,14.33,28.04766269,0.9,0.200803213,1744,7777,SoilsFoundations.pdf,1D,9,1,0.002,7777,Loading_Protocol_Plot-C8.jpg,Case8_LoadingProtocol.txt,deformation_plots-C8.jpg,Case8_M-theta-Mod-1.txt,M=V*Height+P*Delta,0.002096372,0.0021,0.0021,0.000208875,0.112729406,0.000679388,0.024768743,0.013125002,At the point of zero moment,0.70320603,0.024786938,0.024786938,PWRI_Ref.pdf,http://www.pwri.go.jp/caesar/profile/docs/level2html/table2-5-No3.html,A detail report and all results of a measurement have been uploaded on Project Website (in Japanese).
362,"Shirato, M., Kouno, T., Asai, R., Nakatani, S., Fukui, J. and Paolucci, R.(2008).Large-scale Experiments on Nonlinear Behavior of Shallow Foundations Subjected to Strong Earthquakes, Large-scale Experiments on Nonlinear Behavior of Shallow Foundations Subjected to Strong Earthquakes,SOILS AND FOUNDATIONS Vol. 48, No. 5, 673","Shirato, M.","Kouno, T.","Nakatani, S.",Public Works Research Institute,Cyclic loading experiment,"Spesial basic research projects laboratory at the PWRI, Tsukuba, Japan",small-scale 1g,deep test pit,4,3,5,Displacement controlled hydraulic actuator,1,Displacment-controlled,The jigs were used not to constrain either the rotational purpose.,PWRI-C.jpg,Case 8,31-Mar-03,10,2,7777,1,9999,9999,9999,Model,2,7777,1,None,Toyoura Sand,2,80.441,42.2,0.33,7777,7777,7777,7777,1604,7777,7777,7777,7777,7777,7777,7777,7777,7777,7777,7777,7777,7777,7777,7777,7777,7777,7777,7777,7777,7777,7777,7777,Square,Steel,0.5,0.5,7777,7777,7777,0,0,0.25,0,0,SDOF,Model-L.jpg,steel,0.45,890,8.728,34.912,979.2,208.6,173.9,Bearing-capacity80.pdf,14.33,28.04766269,0.9,0.200803213,1744,7777,SoilsFoundations.pdf,1D,9,1,0.004,7777,Loading_Protocol_Plot-C8.jpg,Case8_LoadingProtocol.txt,deformation_plots-C8.jpg,Case8_M-theta-Mod-2.txt,M=V*Height+P*Delta,0.003733858,0.00687,0.00897,0.000371375,0.088219944,0.044607599,0.058518745,0.033750002,At the point of zero moment,0.884638191,0.058326003,0.033539065,PWRI_Ref.pdf,http://www.pwri.go.jp/caesar/profile/docs/level2html/table2-5-No3.html,A detail report and all results of a measurement have been uploaded on Project Website (in Japanese).
363,"Shirato, M., Kouno, T., Asai, R., Nakatani, S., Fukui, J. and Paolucci, R.(2008).Large-scale Experiments on Nonlinear Behavior of Shallow Foundations Subjected to Strong Earthquakes, Large-scale Experiments on Nonlinear Behavior of Shallow Foundations Subjected to Strong Earthquakes,SOILS AND FOUNDATIONS Vol. 48, No. 5, 673","Shirato, M.","Kouno, T.","Nakatani, S.",Public Works Research Institute,Cyclic loading experiment,"Spesial basic research projects laboratory at the PWRI, Tsukuba, Japan",small-scale 1g,deep test pit,4,3,5,Displacement controlled hydraulic actuator,1,Displacment-controlled,The jigs were used not to constrain either the rotational purpose.,PWRI-C.jpg,Case 8,31-Mar-03,10,3,7777,1,9999,9999,9999,Model,2,7777,1,None,Toyoura Sand,2,80.441,42.2,0.33,7777,7777,7777,7777,1604,7777,7777,7777,7777,7777,7777,7777,7777,7777,7777,7777,7777,7777,7777,7777,7777,7777,7777,7777,7777,7777,7777,7777,Square,Steel,0.5,0.5,7777,7777,7777,0,0,0.25,0,0,SDOF,Model-L.jpg,steel,0.45,890,8.728,34.912,979.2,208.6,173.9,Bearing-capacity80.pdf,14.33,28.04766269,0.9,0.200803213,1744,7777,SoilsFoundations.pdf,1D,9,1,0.008,7777,Loading_Protocol_Plot-C8.jpg,Case8_LoadingProtocol.txt,deformation_plots-C8.jpg,Case8_M-theta-Mod-3.txt,M=V*Height+P*Delta,0.007496235,0.0145,0.02347,0.000340125,0.161640597,0.020358422,0.072956245,0.0144375,At the point of zero moment,1.009763819,0.072673268,0.014347266,PWRI_Ref.pdf,http://www.pwri.go.jp/caesar/profile/docs/level2html/table2-5-No3.html,A detail report and all results of a measurement have been uploaded on Project Website (in Japanese).
364,"Shirato, M., Kouno, T., Asai, R., Nakatani, S., Fukui, J. and Paolucci, R.(2008).Large-scale Experiments on Nonlinear Behavior of Shallow Foundations Subjected to Strong Earthquakes, Large-scale Experiments on Nonlinear Behavior of Shallow Foundations Subjected to Strong Earthquakes,SOILS AND FOUNDATIONS Vol. 48, No. 5, 673","Shirato, M.","Kouno, T.","Nakatani, S.",Public Works Research Institute,Cyclic loading experiment,"Spesial basic research projects laboratory at the PWRI, Tsukuba, Japan",small-scale 1g,deep test pit,4,3,5,Displacement controlled hydraulic actuator,1,Displacment-controlled,The jigs were used not to constrain either the rotational purpose.,PWRI-C.jpg,Case 8,31-Mar-03,10,4,7777,1,9999,9999,9999,Model,2,7777,1,None,Toyoura Sand,2,80.441,42.2,0.33,7777,7777,7777,7777,1604,7777,7777,7777,7777,7777,7777,7777,7777,7777,7777,7777,7777,7777,7777,7777,7777,7777,7777,7777,7777,7777,7777,7777,Square,Steel,0.5,0.5,7777,7777,7777,0,0,0.25,0,0,SDOF,Model-L.jpg,steel,0.45,890,8.728,34.912,979.2,208.6,173.9,Bearing-capacity80.pdf,14.33,28.04766269,0.9,0.200803213,1744,7777,SoilsFoundations.pdf,1D,9,3,0.016,7777,Loading_Protocol_Plot-C8.jpg,Case8_LoadingProtocol.txt,deformation_plots-C8.jpg,Case8_M-theta-Mod-4.txt,M=V*Height+P*Delta,0.028113964,0.0888,0.11227,0.000327625,0.316254454,0.004183843,0.177956235,0.10499999,At the point of zero moment,1.108613065,0.177017009,0.10434374,PWRI_Ref.pdf,http://www.pwri.go.jp/caesar/profile/docs/level2html/table2-5-No3.html,A detail report and all results of a measurement have been uploaded on Project Website (in Japanese).
365,"Shirato, M., Kouno, T., Asai, R., Nakatani, S., Fukui, J. and Paolucci, R.(2008).Large-scale Experiments on Nonlinear Behavior of Shallow Foundations Subjected to Strong Earthquakes, Large-scale Experiments on Nonlinear Behavior of Shallow Foundations Subjected to Strong Earthquakes,SOILS AND FOUNDATIONS Vol. 48, No. 5, 673","Shirato, M.","Kouno, T.","Nakatani, S.",Public Works Research Institute,Cyclic loading experiment,"Spesial basic research projects laboratory at the PWRI, Tsukuba, Japan",small-scale 1g,deep test pit,4,3,5,Displacement controlled hydraulic actuator,1,Displacment-controlled,The jigs were used not to constrain either the rotational purpose.,PWRI-C.jpg,Case 8,31-Mar-03,10,5,7777,1,9999,9999,9999,Model,2,7777,1,None,Toyoura Sand,2,80.441,42.2,0.33,7777,7777,7777,7777,1604,7777,7777,7777,7777,7777,7777,7777,7777,7777,7777,7777,7777,7777,7777,7777,7777,7777,7777,7777,7777,7777,7777,7777,Square,Steel,0.5,0.5,7777,7777,7777,0,0,0.25,0,0,SDOF,Model-L.jpg,steel,0.45,890,8.728,34.912,979.2,208.6,173.9,Bearing-capacity80.pdf,14.33,28.04766269,0.9,0.200803213,1744,7777,SoilsFoundations.pdf,1D,9,3,0.032,7777,Loading_Protocol_Plot-C8.jpg,Case8_LoadingProtocol.txt,deformation_plots-C8.jpg,Case8_M-theta-Mod-5.txt,M=V*Height+P*Delta,0.034307908,0.192,0.30427,0.000502625,0.674747224,0.067718839,0.30433125,0.126375015,At the point of zero moment,1.082336683,0.30260218,0.125585171,PWRI_Ref.pdf,http://www.pwri.go.jp/caesar/profile/docs/level2html/table2-5-No3.html,A detail report and all results of a measurement have been uploaded on Project Website (in Japanese).
366,"Shirato, M., Kouno, T., Asai, R., Nakatani, S., Fukui, J. and Paolucci, R.(2008).Large-scale Experiments on Nonlinear Behavior of Shallow Foundations Subjected to Strong Earthquakes, Large-scale Experiments on Nonlinear Behavior of Shallow Foundations Subjected to Strong Earthquakes,SOILS AND FOUNDATIONS Vol. 48, No. 5, 673","Shirato, M.","Kouno, T.","Nakatani, S.",Public Works Research Institute,Cyclic loading experiment,"Spesial basic research projects laboratory at the PWRI, Tsukuba, Japan",small-scale 1g,deep test pit,4,3,5,Displacement controlled hydraulic actuator,1,Displacment-controlled,The jigs were used not to constrain either the rotational purpose.,PWRI-C.jpg,Case 8,31-Mar-03,10,6,7777,1,9999,9999,9999,Model,2,7777,1,None,Toyoura Sand,2,80.441,42.2,0.33,7777,7777,7777,7777,1604,7777,7777,7777,7777,7777,7777,7777,7777,7777,7777,7777,7777,7777,7777,7777,7777,7777,7777,7777,7777,7777,7777,7777,Square,Steel,0.5,0.5,7777,7777,7777,0,0,0.25,0,0,SDOF,Model-L.jpg,steel,0.45,890,8.728,34.912,979.2,208.6,173.9,Bearing-capacity80.pdf,14.33,28.04766269,0.9,0.200803213,1744,7777,SoilsFoundations.pdf,1D,9,2,0.048,7777,Loading_Protocol_Plot-C8.jpg,Case8_LoadingProtocol.txt,deformation_plots-C8.jpg,Case8_M-theta-Mod-6.txt,M=V*Height+P*Delta,0.052011914,0.2,0.50427,0.0000974,0.613971535,0.13658333,0.41083125,0.1065,At the point of zero moment,0.993497487,0.408436555,0.105834375,PWRI_Ref.pdf,http://www.pwri.go.jp/caesar/profile/docs/level2html/table2-5-No3.html,A detail report and all results of a measurement have been uploaded on Project Website (in Japanese).
367,"Shirato, M., Kouno, T., Asai, R., Nakatani, S., Fukui, J. and Paolucci, R.(2008).Large-scale Experiments on Nonlinear Behavior of Shallow Foundations Subjected to Strong Earthquakes, Large-scale Experiments on Nonlinear Behavior of Shallow Foundations Subjected to Strong Earthquakes,SOILS AND FOUNDATIONS Vol. 48, No. 5, 673","Shirato, M.","Kouno, T.","Nakatani, S.",Public Works Research Institute,Cyclic loading experiment,"Spesial basic research projects laboratory at the PWRI, Tsukuba, Japan",small-scale 1g,deep test pit,4,3,5,Displacement controlled hydraulic actuator,1,Displacment-controlled,The jigs were used not to constrain either the rotational purpose.,PWRI-C.jpg,Case 8,31-Mar-03,10,7,7777,1,9999,9999,9999,Model,2,7777,1,None,Toyoura Sand,2,80.441,42.2,0.33,7777,7777,7777,7777,1604,7777,7777,7777,7777,7777,7777,7777,7777,7777,7777,7777,7777,7777,7777,7777,7777,7777,7777,7777,7777,7777,7777,7777,Square,Steel,0.5,0.5,7777,7777,7777,0,0,0.25,0,0,SDOF,Model-L.jpg,steel,0.45,890,8.728,34.912,979.2,208.6,173.9,Bearing-capacity80.pdf,14.33,28.04766269,0.9,0.200803213,1744,7777,SoilsFoundations.pdf,1D,9,1,0.064,7777,Loading_Protocol_Plot-C8.jpg,Case8_LoadingProtocol.txt,deformation_plots-C8.jpg,Case8_M-theta-Mod-7.txt,M=V*Height+P*Delta,0.068750343,0.272,0.77627,0.000271375,0.705779996,0.188991305,0.48901875,0.0781875,At the point of zero moment,0.958462312,0.486135383,0.077698828,PWRI_Ref.pdf,http://www.pwri.go.jp/caesar/profile/docs/level2html/table2-5-No3.html,A detail report and all results of a measurement have been uploaded on Project Website (in Japanese).
368,"Shirato, M., Kouno, T., Asai, R., Nakatani, S., Fukui, J. and Paolucci, R.(2008).Large-scale Experiments on Nonlinear Behavior of Shallow Foundations Subjected to Strong Earthquakes, Large-scale Experiments on Nonlinear Behavior of Shallow Foundations Subjected to Strong Earthquakes,SOILS AND FOUNDATIONS Vol. 48, No. 5, 673","Shirato, M.","Kouno, T.","Nakatani, S.",Public Works Research Institute,Cyclic loading experiment,"Spesial basic research projects laboratory at the PWRI, Tsukuba, Japan",small-scale 1g,deep test pit,4,3,5,Displacement controlled hydraulic actuator,1,Displacment-controlled,The jigs were used not to constrain either the rotational purpose.,PWRI-C.jpg,Case 8,31-Mar-03,10,8,7777,1,9999,9999,9999,Model,2,7777,1,None,Toyoura Sand,2,80.441,42.2,0.33,7777,7777,7777,7777,1604,7777,7777,7777,7777,7777,7777,7777,7777,7777,7777,7777,7777,7777,7777,7777,7777,7777,7777,7777,7777,7777,7777,7777,Square,Steel,0.5,0.5,7777,7777,7777,0,0,0.25,0,0,SDOF,Model-L.jpg,steel,0.45,890,8.728,34.912,979.2,208.6,173.9,Bearing-capacity80.pdf,14.33,28.04766269,0.9,0.200803213,1744,7777,SoilsFoundations.pdf,1D,9,1,0.08,7777,Loading_Protocol_Plot-C8.jpg,Case8_LoadingProtocol.txt,deformation_plots-C8.jpg,Case8_M-theta-Mod-8.txt,M=V*Height+P*Delta,0.068682919,0.17,0.94627,0.000759875,0.399691774,0.326718451,0.57245625,0.0834375,At the point of zero moment,0.939693467,0.569051398,0.082916016,PWRI_Ref.pdf,http://www.pwri.go.jp/caesar/profile/docs/level2html/table2-5-No3.html,A detail report and all results of a measurement have been uploaded on Project Website (in Japanese).
369,"Shirato, M., Kouno, T., Asai, R., Nakatani, S., Fukui, J. and Paolucci, R.(2008).Large-scale Experiments on Nonlinear Behavior of Shallow Foundations Subjected to Strong Earthquakes, Large-scale Experiments on Nonlinear Behavior of Shallow Foundations Subjected to Strong Earthquakes,SOILS AND FOUNDATIONS Vol. 48, No. 5, 673","Shirato, M.","Kouno, T.","Nakatani, S.",Public Works Research Institute,Cyclic loading experiment,"Spesial basic research projects laboratory at the PWRI, Tsukuba, Japan",small-scale 1g,deep test pit,4,3,5,Displacement controlled hydraulic actuator,1,Displacment-controlled,The jigs were used not to constrain either the rotational purpose.,PWRI-C.jpg,Case 8,31-Mar-03,10,9,7777,1,9999,9999,9999,Model,2,7777,1,None,Toyoura Sand,2,80.441,42.2,0.33,7777,7777,7777,7777,1604,7777,7777,7777,7777,7777,7777,7777,7777,7777,7777,7777,7777,7777,7777,7777,7777,7777,7777,7777,7777,7777,7777,7777,Square,Steel,0.5,0.5,7777,7777,7777,0,0,0.25,0,0,SDOF,Model-L.jpg,steel,0.45,890,8.728,34.912,979.2,208.6,173.9,Bearing-capacity80.pdf,14.33,28.04766269,0.9,0.200803213,1744,7777,SoilsFoundations.pdf,1D,9,1,0.096,7777,Loading_Protocol_Plot-C8.jpg,Case8_LoadingProtocol.txt,deformation_plots-C8.jpg,Case8_M-theta-Mod-9.txt,M=V*Height+P*Delta,0.085158661,0.2,1.14627,0.001184874,0.662449928,0.525341411,0.66733125,0.094875,At the point of zero moment,0.948452261,0.66333343,0.094282031,PWRI_Ref.pdf,http://www.pwri.go.jp/caesar/profile/docs/level2html/table2-5-No3.html,A detail report and all results of a measurement have been uploaded on Project Website (in Japanese).
370,"Shirato, M., Kouno, T., Asai, R., Nakatani, S., Fukui, J. and Paolucci, R.(2008).Large-scale Experiments on Nonlinear Behavior of Shallow Foundations Subjected to Strong Earthquakes, Large-scale Experiments on Nonlinear Behavior of Shallow Foundations Subjected to Strong Earthquakes,SOILS AND FOUNDATIONS Vol. 48, No. 5, 673","Shirato, M.","Kouno, T.","Nakatani, S.",Public Works Research Institute,Cyclic loading experiment,"Spesial basic research projects laboratory at the PWRI, Tsukuba, Japan",small-scale 1g,deep test pit,4,3,5,Displacement controlled hydraulic actuator,1,Displacment-controlled,The jigs were used not to constrain either the rotational purpose.,PWRI-C.jpg,Case 9,31-Mar-03,1,1,7777,1,9999,9999,9999,Model,2,7777,1,None,Toyoura Sand,2,60.24,42.2,0.22,7777,7777,7777,7777,1604,7777,7777,7777,7777,7777,7777,7777,7777,7777,7777,7777,7777,7777,7777,7777,7777,7777,7777,7777,7777,7777,7777,7777,Square,Steel,0.5,0.5,7777,7777,7777,0,0,0.25,0,0,SDOF,Model-L.jpg,steel,0.45,890,8.728,34.912,515.2,134.3,111.3,Bearing-capacity60.pdf,7.71,28.04766269,0.9,0.313479624,1497,7777,SoilsFoundations.pdf,1D,1,1,0.018,7777,Loading_Protocol_Plot-C9.jpg,Case9_LoadingProtocol.txt,deformation_plots-C9.jpg,Case9_M-theta-Mod.txt,M=V*Height+P*Delta,0.084,0.084,0.084,0.0525549,3.26,3.217570862,-0.14028746,7777,At the point of zero moment,1.099748858,-0.139237663,7777,PWRI_Ref.pdf,http://www.pwri.go.jp/caesar/profile/docs/level2html/table2-5-No3.html,A detail report and all results of a measurement have been uploaded on Project Website (in Japanese).
371,"Shirato, M., Kouno, T., Asai, R., Nakatani, S., Fukui, J. and Paolucci, R.(2008).Large-scale Experiments on Nonlinear Behavior of Shallow Foundations Subjected to Strong Earthquakes, Large-scale Experiments on Nonlinear Behavior of Shallow Foundations Subjected to Strong Earthquakes,SOILS AND FOUNDATIONS Vol. 48, No. 5, 673","Shirato, M.","Kouno, T.","Nakatani, S.",Public Works Research Institute,Cyclic loading experiment,"Spesial basic research projects laboratory at the PWRI, Tsukuba, Japan",small-scale 1g,deep test pit,4,3,5,Displacement controlled hydraulic actuator,1,Displacment-controlled,The jigs were used not to constrain either the rotational purpose.,PWRI-C.jpg,Case 10,31-Mar-03,8,1,7777,1,9999,9999,9999,Model,2,7777,1,None,Toyoura Sand,2,59.952,42.2,0.24,7777,7777,7777,7777,1604,7777,7777,7777,7777,7777,7777,7777,7777,7777,7777,7777,7777,7777,7777,7777,7777,7777,7777,7777,7777,7777,7777,7777,Square,Steel,0.5,0.5,7777,7777,7777,0,0,0.25,0,0,SDOF,Model-L.jpg,steel,0.45,890,8.728,34.912,515.2,134.3,111.3,Bearing-capacity60.pdf,7.71,28.04766269,0.9,0.313479624,1497,7777,SoilsFoundations.pdf,1D,8,3,0.00225,7777,Loading_Protocol_Plot-C10.jpg,Case10_LoadingProtocol.txt,deformation_plots-C10.jpg,Case10_M-theta-Mod-1.txt,M=V*Height+P*Delta,0.002693681,0.0123,0.0123,0.000168688,0.072426834,0.01537966,0.101248115,0.103687499,At the point of zero moment,0.984675799,0.100788314,0.100788314,PWRI_Ref.pdf,http://www.pwri.go.jp/caesar/profile/docs/level2html/table2-5-No3.html,A detail report and all results of a measurement have been uploaded on Project Website (in Japanese).
372,"Shirato, M., Kouno, T., Asai, R., Nakatani, S., Fukui, J. and Paolucci, R.(2008).Large-scale Experiments on Nonlinear Behavior of Shallow Foundations Subjected to Strong Earthquakes, Large-scale Experiments on Nonlinear Behavior of Shallow Foundations Subjected to Strong Earthquakes,SOILS AND FOUNDATIONS Vol. 48, No. 5, 673","Shirato, M.","Kouno, T.","Nakatani, S.",Public Works Research Institute,Cyclic loading experiment,"Spesial basic research projects laboratory at the PWRI, Tsukuba, Japan",small-scale 1g,deep test pit,4,3,5,Displacement controlled hydraulic actuator,1,Displacment-controlled,The jigs were used not to constrain either the rotational purpose.,PWRI-C.jpg,Case 10,31-Mar-03,8,2,7777,1,9999,9999,9999,Model,2,7777,1,None,Toyoura Sand,2,59.952,42.2,0.24,7777,7777,7777,7777,1604,7777,7777,7777,7777,7777,7777,7777,7777,7777,7777,7777,7777,7777,7777,7777,7777,7777,7777,7777,7777,7777,7777,7777,Square,Steel,0.5,0.5,7777,7777,7777,0,0,0.25,0,0,SDOF,Model-L.jpg,steel,0.45,890,8.728,34.912,515.2,134.3,111.3,Bearing-capacity60.pdf,7.71,28.04766269,0.9,0.313479624,1497,7777,SoilsFoundations.pdf,1D,8,3,0.0045,7777,Loading_Protocol_Plot-C10.jpg,Case10_LoadingProtocol.txt,deformation_plots-C10.jpg,Case10_M-theta-Mod-2.txt,M=V*Height+P*Delta,0.004112415,0.024,0.0363,0.001606186,0.125688528,0.052786381,0.169873115,0.068625,At the point of zero moment,1.123054795,0.168984408,0.068196094,PWRI_Ref.pdf,http://www.pwri.go.jp/caesar/profile/docs/level2html/table2-5-No3.html,A detail report and all results of a measurement have been uploaded on Project Website (in Japanese).
373,"Shirato, M., Kouno, T., Asai, R., Nakatani, S., Fukui, J. and Paolucci, R.(2008).Large-scale Experiments on Nonlinear Behavior of Shallow Foundations Subjected to Strong Earthquakes, Large-scale Experiments on Nonlinear Behavior of Shallow Foundations Subjected to Strong Earthquakes,SOILS AND FOUNDATIONS Vol. 48, No. 5, 673","Shirato, M.","Kouno, T.","Nakatani, S.",Public Works Research Institute,Cyclic loading experiment,"Spesial basic research projects laboratory at the PWRI, Tsukuba, Japan",small-scale 1g,deep test pit,4,3,5,Displacement controlled hydraulic actuator,1,Displacment-controlled,The jigs were used not to constrain either the rotational purpose.,PWRI-C.jpg,Case 10,31-Mar-03,8,3,7777,1,9999,9999,9999,Model,2,7777,1,None,Toyoura Sand,2,59.952,42.2,0.24,7777,7777,7777,7777,1604,7777,7777,7777,7777,7777,7777,7777,7777,7777,7777,7777,7777,7777,7777,7777,7777,7777,7777,7777,7777,7777,7777,7777,Square,Steel,0.5,0.5,7777,7777,7777,0,0,0.25,0,0,SDOF,Model-L.jpg,steel,0.45,890,8.728,34.912,515.2,134.3,111.3,Bearing-capacity60.pdf,7.71,28.04766269,0.9,0.313479624,1497,7777,SoilsFoundations.pdf,1D,8,3,0.009,7777,Loading_Protocol_Plot-C10.jpg,Case10_LoadingProtocol.txt,deformation_plots-C10.jpg,Case10_M-theta-Mod-3.txt,M=V*Height+P*Delta,0.008812209,0.0492,0.0855,0.000506189,0.250786491,0.113999537,0.27074814,0.100875025,At the point of zero moment,1.222105023,0.269228964,0.100244556,PWRI_Ref.pdf,http://www.pwri.go.jp/caesar/profile/docs/level2html/table2-5-No3.html,A detail report and all results of a measurement have been uploaded on Project Website (in Japanese).
374,"Shirato, M., Kouno, T., Asai, R., Nakatani, S., Fukui, J. and Paolucci, R.(2008).Large-scale Experiments on Nonlinear Behavior of Shallow Foundations Subjected to Strong Earthquakes, Large-scale Experiments on Nonlinear Behavior of Shallow Foundations Subjected to Strong Earthquakes,SOILS AND FOUNDATIONS Vol. 48, No. 5, 673","Shirato, M.","Kouno, T.","Nakatani, S.",Public Works Research Institute,Cyclic loading experiment,"Spesial basic research projects laboratory at the PWRI, Tsukuba, Japan",small-scale 1g,deep test pit,4,3,5,Displacement controlled hydraulic actuator,1,Displacment-controlled,The jigs were used not to constrain either the rotational purpose.,PWRI-C.jpg,Case 10,31-Mar-03,8,4,7777,1,9999,9999,9999,Model,2,7777,1,None,Toyoura Sand,2,59.952,42.2,0.24,7777,7777,7777,7777,1604,7777,7777,7777,7777,7777,7777,7777,7777,7777,7777,7777,7777,7777,7777,7777,7777,7777,7777,7777,7777,7777,7777,7777,Square,Steel,0.5,0.5,7777,7777,7777,0,0,0.25,0,0,SDOF,Model-L.jpg,steel,0.45,890,8.728,34.912,515.2,134.3,111.3,Bearing-capacity60.pdf,7.71,28.04766269,0.9,0.313479624,1497,7777,SoilsFoundations.pdf,1D,8,10,0.018,7777,Loading_Protocol_Plot-C10.jpg,Case10_LoadingProtocol.txt,deformation_plots-C10.jpg,Case10_M-theta-Mod-4.txt,M=V*Height+P*Delta,0.019397503,0.36,0.4455,0.001056188,0.470457014,0.170511398,0.73424815,0.46350001,At the point of zero moment,1.242497717,0.729832099,0.460603135,PWRI_Ref.pdf,http://www.pwri.go.jp/caesar/profile/docs/level2html/table2-5-No3.html,A detail report and all results of a measurement have been uploaded on Project Website (in Japanese).
375,"Shirato, M., Kouno, T., Asai, R., Nakatani, S., Fukui, J. and Paolucci, R.(2008).Large-scale Experiments on Nonlinear Behavior of Shallow Foundations Subjected to Strong Earthquakes, Large-scale Experiments on Nonlinear Behavior of Shallow Foundations Subjected to Strong Earthquakes,SOILS AND FOUNDATIONS Vol. 48, No. 5, 673","Shirato, M.","Kouno, T.","Nakatani, S.",Public Works Research Institute,Cyclic loading experiment,"Spesial basic research projects laboratory at the PWRI, Tsukuba, Japan",small-scale 1g,deep test pit,4,3,5,Displacement controlled hydraulic actuator,1,Displacment-controlled,The jigs were used not to constrain either the rotational purpose.,PWRI-C.jpg,Case 10,31-Mar-03,8,5,7777,1,9999,9999,9999,Model,2,7777,1,None,Toyoura Sand,2,59.952,42.2,0.24,7777,7777,7777,7777,1604,7777,7777,7777,7777,7777,7777,7777,7777,7777,7777,7777,7777,7777,7777,7777,7777,7777,7777,7777,7777,7777,7777,7777,Square,Steel,0.5,0.5,7777,7777,7777,0,0,0.25,0,0,SDOF,Model-L.jpg,steel,0.45,890,8.728,34.912,515.2,134.3,111.3,Bearing-capacity60.pdf,7.71,28.04766269,0.9,0.313479624,1497,7777,SoilsFoundations.pdf,1D,8,10,0.036,7777,Loading_Protocol_Plot-C10.jpg,Case10_LoadingProtocol.txt,deformation_plots-C10.jpg,Case10_M-theta-Mod-5.txt,M=V*Height+P*Delta,0.040296852,0.72,1.1655,0.002012434,0.924764427,0.320136503,1.7484356,1.01418745,At the point of zero moment,1.226474886,1.737680878,1.007848778,PWRI_Ref.pdf,http://www.pwri.go.jp/caesar/profile/docs/level2html/table2-5-No3.html,A detail report and all results of a measurement have been uploaded on Project Website (in Japanese).
376,"Shirato, M., Kouno, T., Asai, R., Nakatani, S., Fukui, J. and Paolucci, R.(2008).Large-scale Experiments on Nonlinear Behavior of Shallow Foundations Subjected to Strong Earthquakes, Large-scale Experiments on Nonlinear Behavior of Shallow Foundations Subjected to Strong Earthquakes,SOILS AND FOUNDATIONS Vol. 48, No. 5, 673","Shirato, M.","Kouno, T.","Nakatani, S.",Public Works Research Institute,Cyclic loading experiment,"Spesial basic research projects laboratory at the PWRI, Tsukuba, Japan",small-scale 1g,deep test pit,4,3,5,Displacement controlled hydraulic actuator,1,Displacment-controlled,The jigs were used not to constrain either the rotational purpose.,PWRI-C.jpg,Case 10,31-Mar-03,8,6,7777,1,9999,9999,9999,Model,2,7777,1,None,Toyoura Sand,2,59.952,42.2,0.24,7777,7777,7777,7777,1604,7777,7777,7777,7777,7777,7777,7777,7777,7777,7777,7777,7777,7777,7777,7777,7777,7777,7777,7777,7777,7777,7777,7777,Square,Steel,0.5,0.5,7777,7777,7777,0,0,0.25,0,0,SDOF,Model-L.jpg,steel,0.45,890,8.728,34.912,515.2,134.3,111.3,Bearing-capacity60.pdf,7.71,28.04766269,0.9,0.313479624,1497,7777,SoilsFoundations.pdf,1D,8,5,0.054,7777,Loading_Protocol_Plot-C10.jpg,Case10_LoadingProtocol.txt,deformation_plots-C10.jpg,Case10_M-theta-Mod-6.txt,M=V*Height+P*Delta,0.060644238,0.54,1.7055,0.002281196,1.172949811,0.283081333,2.488873,0.7404374,At the point of zero moment,1.114315068,2.473490544,0.735809666,PWRI_Ref.pdf,http://www.pwri.go.jp/caesar/profile/docs/level2html/table2-5-No3.html,A detail report and all results of a measurement have been uploaded on Project Website (in Japanese).
377,"Shirato, M., Kouno, T., Asai, R., Nakatani, S., Fukui, J. and Paolucci, R.(2008).Large-scale Experiments on Nonlinear Behavior of Shallow Foundations Subjected to Strong Earthquakes, Large-scale Experiments on Nonlinear Behavior of Shallow Foundations Subjected to Strong Earthquakes,SOILS AND FOUNDATIONS Vol. 48, No. 5, 673","Shirato, M.","Kouno, T.","Nakatani, S.",Public Works Research Institute,Cyclic loading experiment,"Spesial basic research projects laboratory at the PWRI, Tsukuba, Japan",small-scale 1g,deep test pit,4,3,5,Displacement controlled hydraulic actuator,1,Displacment-controlled,The jigs were used not to constrain either the rotational purpose.,PWRI-C.jpg,Case 10,31-Mar-03,8,7,7777,1,9999,9999,9999,Model,2,7777,1,None,Toyoura Sand,2,59.952,42.2,0.24,7777,7777,7777,7777,1604,7777,7777,7777,7777,7777,7777,7777,7777,7777,7777,7777,7777,7777,7777,7777,7777,7777,7777,7777,7777,7777,7777,7777,Square,Steel,0.5,0.5,7777,7777,7777,0,0,0.25,0,0,SDOF,Model-L.jpg,steel,0.45,890,8.728,34.912,515.2,134.3,111.3,Bearing-capacity60.pdf,7.71,28.04766269,0.9,0.313479624,1497,7777,SoilsFoundations.pdf,1D,8,5,0.072,7777,Loading_Protocol_Plot-C10.jpg,Case10_LoadingProtocol.txt,deformation_plots-C10.jpg,Case10_M-theta-Mod-7.txt,M=V*Height+P*Delta,0.076593542,0.748,2.4535,0.043297978,1.176602414,0.133022397,2.48081035,-0.00806265,At the point of zero moment,1.098292237,2.465478285,-0.008012258,PWRI_Ref.pdf,http://www.pwri.go.jp/caesar/profile/docs/level2html/table2-5-No3.html,A detail report and all results of a measurement have been uploaded on Project Website (in Japanese).
378,"Shirato, M., Kouno, T., Asai, R., Nakatani, S., Fukui, J. and Paolucci, R.(2008).Large-scale Experiments on Nonlinear Behavior of Shallow Foundations Subjected to Strong Earthquakes, Large-scale Experiments on Nonlinear Behavior of Shallow Foundations Subjected to Strong Earthquakes,SOILS AND FOUNDATIONS Vol. 48, No. 5, 673","Shirato, M.","Kouno, T.","Nakatani, S.",Public Works Research Institute,Cyclic loading experiment,"Spesial basic research projects laboratory at the PWRI, Tsukuba, Japan",small-scale 1g,deep test pit,4,3,5,Displacement controlled hydraulic actuator,1,Displacment-controlled,The jigs were used not to constrain either the rotational purpose.,PWRI-C.jpg,Case 10,31-Mar-03,8,8,7777,1,9999,9999,9999,Model,2,7777,1,None,Toyoura Sand,2,59.952,42.2,0.24,7777,7777,7777,7777,1604,7777,7777,7777,7777,7777,7777,7777,7777,7777,7777,7777,7777,7777,7777,7777,7777,7777,7777,7777,7777,7777,7777,7777,Square,Steel,0.5,0.5,7777,7777,7777,0,0,0.25,0,0,SDOF,Model-L.jpg,steel,0.45,890,8.728,34.912,515.2,134.3,111.3,Bearing-capacity60.pdf,7.71,28.04766269,0.9,0.313479624,1497,7777,SoilsFoundations.pdf,1D,8,3,0.09,7777,Loading_Protocol_Plot-C10.jpg,Case10_LoadingProtocol.txt,deformation_plots-C10.jpg,Case10_M-theta-Mod-8.txt,M=V*Height+P*Delta,0.09937154,0.54,2.9935,0.002549928,1.415004326,0.383778622,4.27931,1.79849965,At the point of zero moment,1.101205479,4.252737313,1.787259027,PWRI_Ref.pdf,http://www.pwri.go.jp/caesar/profile/docs/level2html/table2-5-No3.html,A detail report and all results of a measurement have been uploaded on Project Website (in Japanese).
379,"Shirato, M., Kouno, T., Asai, R., Nakatani, S., Fukui, J. and Paolucci, R.(2008).Large-scale Experiments on Nonlinear Behavior of Shallow Foundations Subjected to Strong Earthquakes, Large-scale Experiments on Nonlinear Behavior of Shallow Foundations Subjected to Strong Earthquakes,SOILS AND FOUNDATIONS Vol. 48, No. 5, 673","Shirato, M.","Kouno, T.","Nakatani, S.",Public Works Research Institute,Cyclic loading experiment,"Spesial basic research projects laboratory at the PWRI, Tsukuba, Japan",small-scale 1g,deep test pit,4,3,5,Displacement controlled hydraulic actuator,1,Displacment-controlled,The jigs were used not to constrain either the rotational purpose.,PWRI-C.jpg,Case 11,31-Mar-03,7,1,7777,1,9999,9999,9999,Model,2,7777,1,None,Toyoura Sand,2,59.746,42.2,0.58,7777,7777,7777,7777,1604,7777,7777,7777,7777,7777,7777,7777,7777,7777,7777,7777,7777,7777,7777,7777,7777,7777,7777,7777,7777,7777,7777,7777,Square,Steel,0.5,0.5,7777,7777,7777,0,0,0.25,0,0,SDOF,Model-L.jpg,steel,0.45,890,8.728,34.912,515.2,134.3,111.3,Bearing-capacity60.pdf,7.71,28.04766269,0.9,0.313479624,1497,7777,SoilsFoundations.pdf,1D,7,1,0.00225,7777,Loading_Protocol_Plot-C11.jpg,Case11_LoadingProtocol.txt,deformation_plots-C11.jpg,Case11_M-theta-Mod-1.txt,M=V*Height+P*Delta,0.00188592,0.004,0.004,0.000109359,0.156258802,0.087790207,0.100580625,0.079312497,At the point of zero moment,0.949716895,0.100124996,0.100124996,PWRI_Ref.pdf,http://www.pwri.go.jp/caesar/profile/docs/level2html/table2-5-No3.html,A detail report and all results of a measurement have been uploaded on Project Website (in Japanese).
380,"Shirato, M., Kouno, T., Asai, R., Nakatani, S., Fukui, J. and Paolucci, R.(2008).Large-scale Experiments on Nonlinear Behavior of Shallow Foundations Subjected to Strong Earthquakes, Large-scale Experiments on Nonlinear Behavior of Shallow Foundations Subjected to Strong Earthquakes,SOILS AND FOUNDATIONS Vol. 48, No. 5, 673","Shirato, M.","Kouno, T.","Nakatani, S.",Public Works Research Institute,Cyclic loading experiment,"Spesial basic research projects laboratory at the PWRI, Tsukuba, Japan",small-scale 1g,deep test pit,4,3,5,Displacement controlled hydraulic actuator,1,Displacment-controlled,The jigs were used not to constrain either the rotational purpose.,PWRI-C.jpg,Case 11,31-Mar-03,7,2,7777,1,9999,9999,9999,Model,2,7777,1,None,Toyoura Sand,2,59.746,42.2,0.58,7777,7777,7777,7777,1604,7777,7777,7777,7777,7777,7777,7777,7777,7777,7777,7777,7777,7777,7777,7777,7777,7777,7777,7777,7777,7777,7777,7777,Square,Steel,0.5,0.5,7777,7777,7777,0,0,0.25,0,0,SDOF,Model-L.jpg,steel,0.45,890,8.728,34.912,515.2,134.3,111.3,Bearing-capacity60.pdf,7.71,28.04766269,0.9,0.313479624,1497,7777,SoilsFoundations.pdf,1D,7,1,0.0045,7777,Loading_Protocol_Plot-C11.jpg,Case11_LoadingProtocol.txt,deformation_plots-C11.jpg,Case11_M-theta-Mod-2.txt,M=V*Height+P*Delta,0.004449955,0.00799,0.01199,0.000207796,0.153275107,0.079066565,0.189643145,0.08906252,At the point of zero moment,1.060420091,0.188630875,0.088505879,PWRI_Ref.pdf,http://www.pwri.go.jp/caesar/profile/docs/level2html/table2-5-No3.html,A detail report and all results of a measurement have been uploaded on Project Website (in Japanese).
381,"Shirato, M., Kouno, T., Asai, R., Nakatani, S., Fukui, J. and Paolucci, R.(2008).Large-scale Experiments on Nonlinear Behavior of Shallow Foundations Subjected to Strong Earthquakes, Large-scale Experiments on Nonlinear Behavior of Shallow Foundations Subjected to Strong Earthquakes,SOILS AND FOUNDATIONS Vol. 48, No. 5, 673","Shirato, M.","Kouno, T.","Nakatani, S.",Public Works Research Institute,Cyclic loading experiment,"Spesial basic research projects laboratory at the PWRI, Tsukuba, Japan",small-scale 1g,deep test pit,4,3,5,Displacement controlled hydraulic actuator,1,Displacment-controlled,The jigs were used not to constrain either the rotational purpose.,PWRI-C.jpg,Case 11,31-Mar-03,7,3,7777,1,9999,9999,9999,Model,2,7777,1,None,Toyoura Sand,2,59.746,42.2,0.58,7777,7777,7777,7777,1604,7777,7777,7777,7777,7777,7777,7777,7777,7777,7777,7777,7777,7777,7777,7777,7777,7777,7777,7777,7777,7777,7777,7777,Square,Steel,0.5,0.5,7777,7777,7777,0,0,0.25,0,0,SDOF,Model-L.jpg,steel,0.45,890,8.728,34.912,515.2,134.3,111.3,Bearing-capacity60.pdf,7.71,28.04766269,0.9,0.313479624,1497,7777,SoilsFoundations.pdf,1D,7,1,0.009,7777,Loading_Protocol_Plot-C11.jpg,Case11_LoadingProtocol.txt,deformation_plots-C11.jpg,Case11_M-theta-Mod-3.txt,M=V*Height+P*Delta,0.008884125,0.01636,0.02835,0.000657797,0.19640622,0.089870086,0.2852681,0.095624955,At the point of zero moment,1.152187215,0.283658174,0.095027299,PWRI_Ref.pdf,http://www.pwri.go.jp/caesar/profile/docs/level2html/table2-5-No3.html,A detail report and all results of a measurement have been uploaded on Project Website (in Japanese).
382,"Shirato, M., Kouno, T., Asai, R., Nakatani, S., Fukui, J. and Paolucci, R.(2008).Large-scale Experiments on Nonlinear Behavior of Shallow Foundations Subjected to Strong Earthquakes, Large-scale Experiments on Nonlinear Behavior of Shallow Foundations Subjected to Strong Earthquakes,SOILS AND FOUNDATIONS Vol. 48, No. 5, 673","Shirato, M.","Kouno, T.","Nakatani, S.",Public Works Research Institute,Cyclic loading experiment,"Spesial basic research projects laboratory at the PWRI, Tsukuba, Japan",small-scale 1g,deep test pit,4,3,5,Displacement controlled hydraulic actuator,1,Displacment-controlled,The jigs were used not to constrain either the rotational purpose.,PWRI-C.jpg,Case 11,31-Mar-03,7,4,7777,1,9999,9999,9999,Model,2,7777,1,None,Toyoura Sand,2,59.746,42.2,0.58,7777,7777,7777,7777,1604,7777,7777,7777,7777,7777,7777,7777,7777,7777,7777,7777,7777,7777,7777,7777,7777,7777,7777,7777,7777,7777,7777,7777,Square,Steel,0.5,0.5,7777,7777,7777,0,0,0.25,0,0,SDOF,Model-L.jpg,steel,0.45,890,8.728,34.912,515.2,134.3,111.3,Bearing-capacity60.pdf,7.71,28.04766269,0.9,0.313479624,1497,7777,SoilsFoundations.pdf,1D,7,3,0.018,7777,Loading_Protocol_Plot-C11.jpg,Case11_LoadingProtocol.txt,deformation_plots-C11.jpg,Case11_M-theta-Mod-4.txt,M=V*Height+P*Delta,0.019288216,0.1122,0.14055,0.001239047,0.408832752,0.169783967,0.7135181,0.42825,At the point of zero moment,1.169666667,0.709231612,0.425573438,PWRI_Ref.pdf,http://www.pwri.go.jp/caesar/profile/docs/level2html/table2-5-No3.html,A detail report and all results of a measurement have been uploaded on Project Website (in Japanese).
383,"Shirato, M., Kouno, T., Asai, R., Nakatani, S., Fukui, J. and Paolucci, R.(2008).Large-scale Experiments on Nonlinear Behavior of Shallow Foundations Subjected to Strong Earthquakes, Large-scale Experiments on Nonlinear Behavior of Shallow Foundations Subjected to Strong Earthquakes,SOILS AND FOUNDATIONS Vol. 48, No. 5, 673","Shirato, M.","Kouno, T.","Nakatani, S.",Public Works Research Institute,Cyclic loading experiment,"Spesial basic research projects laboratory at the PWRI, Tsukuba, Japan",small-scale 1g,deep test pit,4,3,5,Displacement controlled hydraulic actuator,1,Displacment-controlled,The jigs were used not to constrain either the rotational purpose.,PWRI-C.jpg,Case 11,31-Mar-03,7,5,7777,1,9999,9999,9999,Model,2,7777,1,None,Toyoura Sand,2,59.746,42.2,0.58,7777,7777,7777,7777,1604,7777,7777,7777,7777,7777,7777,7777,7777,7777,7777,7777,7777,7777,7777,7777,7777,7777,7777,7777,7777,7777,7777,7777,Square,Steel,0.5,0.5,7777,7777,7777,0,0,0.25,0,0,SDOF,Model-L.jpg,steel,0.45,890,8.728,34.912,515.2,134.3,111.3,Bearing-capacity60.pdf,7.71,28.04766269,0.9,0.313479624,1497,7777,SoilsFoundations.pdf,1D,7,3,0.036,7777,Loading_Protocol_Plot-C11.jpg,Case11_LoadingProtocol.txt,deformation_plots-C11.jpg,Case11_M-theta-Mod-5.txt,M=V*Height+P*Delta,0.039271957,0.222,0.36255,0.00199842,0.563174362,0.35570991,1.4623931,0.748875,At the point of zero moment,1.172579909,1.453426143,0.744194531,PWRI_Ref.pdf,http://www.pwri.go.jp/caesar/profile/docs/level2html/table2-5-No3.html,A detail report and all results of a measurement have been uploaded on Project Website (in Japanese).
384,"Shirato, M., Kouno, T., Asai, R., Nakatani, S., Fukui, J. and Paolucci, R.(2008).Large-scale Experiments on Nonlinear Behavior of Shallow Foundations Subjected to Strong Earthquakes, Large-scale Experiments on Nonlinear Behavior of Shallow Foundations Subjected to Strong Earthquakes,SOILS AND FOUNDATIONS Vol. 48, No. 5, 673","Shirato, M.","Kouno, T.","Nakatani, S.",Public Works Research Institute,Cyclic loading experiment,"Spesial basic research projects laboratory at the PWRI, Tsukuba, Japan",small-scale 1g,deep test pit,4,3,5,Displacement controlled hydraulic actuator,1,Displacment-controlled,The jigs were used not to constrain either the rotational purpose.,PWRI-C.jpg,Case 11,31-Mar-03,7,6,7777,1,9999,9999,9999,Model,2,7777,1,None,Toyoura Sand,2,59.746,42.2,0.58,7777,7777,7777,7777,1604,7777,7777,7777,7777,7777,7777,7777,7777,7777,7777,7777,7777,7777,7777,7777,7777,7777,7777,7777,7777,7777,7777,7777,Square,Steel,0.5,0.5,7777,7777,7777,0,0,0.25,0,0,SDOF,Model-L.jpg,steel,0.45,890,8.728,34.912,515.2,134.3,111.3,Bearing-capacity60.pdf,7.71,28.04766269,0.9,0.313479624,1497,7777,SoilsFoundations.pdf,1D,7,2,0.054,7777,Loading_Protocol_Plot-C11.jpg,Case11_LoadingProtocol.txt,deformation_plots-C11.jpg,Case11_M-theta-Mod-6.txt,M=V*Height+P*Delta,0.059252407,0.236,0.59855,0.004309317,0.881983045,0.767836903,2.18295525,0.72056215,At the point of zero moment,1.140534247,2.16948478,0.716058637,PWRI_Ref.pdf,http://www.pwri.go.jp/caesar/profile/docs/level2html/table2-5-No3.html,A detail report and all results of a measurement have been uploaded on Project Website (in Japanese).
385,"Shirato, M., Kouno, T., Asai, R., Nakatani, S., Fukui, J. and Paolucci, R.(2008).Large-scale Experiments on Nonlinear Behavior of Shallow Foundations Subjected to Strong Earthquakes, Large-scale Experiments on Nonlinear Behavior of Shallow Foundations Subjected to Strong Earthquakes,SOILS AND FOUNDATIONS Vol. 48, No. 5, 673","Shirato, M.","Kouno, T.","Nakatani, S.",Public Works Research Institute,Cyclic loading experiment,"Spesial basic research projects laboratory at the PWRI, Tsukuba, Japan",small-scale 1g,deep test pit,4,3,5,Displacement controlled hydraulic actuator,1,Displacment-controlled,The jigs were used not to constrain either the rotational purpose.,PWRI-C.jpg,Case 11,31-Mar-03,7,7,7777,1,9999,9999,9999,Model,2,7777,1,None,Toyoura Sand,2,59.746,42.2,0.58,7777,7777,7777,7777,1604,7777,7777,7777,7777,7777,7777,7777,7777,7777,7777,7777,7777,7777,7777,7777,7777,7777,7777,7777,7777,7777,7777,7777,Square,Steel,0.5,0.5,7777,7777,7777,0,0,0.25,0,0,SDOF,Model-L.jpg,steel,0.45,890,8.728,34.912,515.2,134.3,111.3,Bearing-capacity60.pdf,7.71,28.04766269,0.9,0.313479624,1497,7777,SoilsFoundations.pdf,1D,7,2,0.072,7777,Loading_Protocol_Plot-C11.jpg,Case11_LoadingProtocol.txt,deformation_plots-C11.jpg,Case11_M-theta-Mod-7.txt,M=V*Height+P*Delta,0.076884058,0.3072,0.90575,0.002954666,0.920143192,0.684432457,3.064018,0.88106275,At the point of zero moment,1.092465753,3.045040888,0.875556108,PWRI_Ref.pdf,http://www.pwri.go.jp/caesar/profile/docs/level2html/table2-5-No3.html,A detail report and all results of a measurement have been uploaded on Project Website (in Japanese).
386,"Gajan, S. and Kutter, B. L. (2009). ""Effects of moment-to-shear ratio on combined cyclic load-displacement behavior of shallow foundations from centrifuge experiments."" J. Geotech. Geoenviron. Eng., ASCE, 135(8), 1044-1055",B. L. Kutter,T. C. Hutchinson,B. L. Kutter and S. Gajan,NSF-PEER,SSG_02,"UC Davis, Center for Geotechnical Modeling, 9m radius centrifuge",Centrifuge,Rigid Container,1.69,0.9,0.54,Servo-Hydraulic,1,Displacement-Controlled-Cyclic,A pin and clevis attachment through a slot in the wall,Connection-Image-1.JPG,SSG_02_03_a,23-Sep-02,5,1,37,20,0.05,0.000125,0.05,Prototype,4,7777,1,None,Nevada Sand,4,80,9999,34,7777,7777,7777,7777,1657,7777,7777,7777,7777,7777,7777,7777,7777,7777,7777,7777,7777,7777,7777,7777,7777,7777,7777,7777,7777,7777,7777,7777,Rectangular ,Aluminum-6061,0.65,2.8,7777,7777,7777,7777,0,0.65,0,0,Rigid Shear Wall,Single-Wall.JPG,Aluminum-6061,4.5,29000,285,156.59,814.29,156.59,8888,SSG_02_dataReport.pdf,5.2,7777,1.607142857,0.286,156.6,7777,Gajan_Kutter_2009.pdf,1D-H,5,3,0.015,60,input_ssg_02_03_a.pdf,input_disp_ssg_02_03_a.xlsx,deform_ssg_02_03_a.pdf,time_history_ssg_02_03_a.xlsx,M=V*Height+P*Delta,0.0032,0.0192,0.0192,0.0002,0.23,0.15,0.27,0.21,At local minimum,0.7343,0.2681,0.2086,Gajan_Kutter_2008.pdf,,No comment
387,"Gajan, S. and Kutter, B. L. (2009). ""Effects of moment-to-shear ratio on combined cyclic load-displacement behavior of shallow foundations from centrifuge experiments."" J. Geotech. Geoenviron. Eng., ASCE, 135(8), 1044-1055",B. L. Kutter,T. C. Hutchinson,B. L. Kutter and S. Gajan,NSF-PEER,SSG_02,"UC Davis, Center for Geotechnical Modeling, 9m radius centrifuge",Centrifuge,Rigid Container,1.69,0.9,0.54,Servo-Hydraulic,1,Displacement-Controlled-Cyclic,A pin and clevis attachment through a slot in the wall,Connection-Image-1.JPG,SSG_02_03_b,23-Sep-02,5,2,37,20,0.05,0.000125,0.05,Prototype,4,7777,1,None,Nevada Sand,4,80,9999,34,7777,7777,7777,7777,1657,7777,7777,7777,7777,7777,7777,7777,7777,7777,7777,7777,7777,7777,7777,7777,7777,7777,7777,7777,7777,7777,7777,7777,Rectangular ,Aluminum-6061,0.65,2.8,7777,7777,7777,7777,0,0.65,0,0,Rigid Shear Wall,Single-Wall.JPG,Aluminum-6061,4.5,29000,285,156.59,814.29,156.59,8888,SSG_02_dataReport.pdf,5.2,7777,1.607142857,0.286,156.6,7777,Gajan_Kutter_2009.pdf,1D-H,5,3,0.0335,60,input_ssg_02_03_b.pdf,input_disp_ssg_02_03_b.xlsx,deform_ssg_02_03_b.pdf,time_history_ssg_02_03_b.xlsx,M=V*Height+P*Delta,0.0066,0.0396,0.0588,0.0008,0.23,0.13,0.65,0.38,At local minimum,0.9656,0.6451,0.3772,Gajan_Kutter_2008.pdf,,No comment
388,"Gajan, S. and Kutter, B. L. (2009). ""Effects of moment-to-shear ratio on combined cyclic load-displacement behavior of shallow foundations from centrifuge experiments."" J. Geotech. Geoenviron. Eng., ASCE, 135(8), 1044-1055",B. L. Kutter,T. C. Hutchinson,B. L. Kutter and S. Gajan,NSF-PEER,SSG_02,"UC Davis, Center for Geotechnical Modeling, 9m radius centrifuge",Centrifuge,Rigid Container,1.69,0.9,0.54,Servo-Hydraulic,1,Displacement-Controlled-Cyclic,A pin and clevis attachment through a slot in the wall,Connection-Image-1.JPG,SSG_02_03_c,23-Sep-02,5,3,37,20,0.05,0.000125,0.05,Prototype,4,7777,1,None,Nevada Sand,4,80,9999,34,7777,7777,7777,7777,1657,7777,7777,7777,7777,7777,7777,7777,7777,7777,7777,7777,7777,7777,7777,7777,7777,7777,7777,7777,7777,7777,7777,7777,Rectangular ,Aluminum-6061,0.65,2.8,7777,7777,7777,7777,0,0.65,0,0,Rigid Shear Wall,Single-Wall.JPG,Aluminum-6061,4.5,29000,285,156.59,814.29,156.59,8888,SSG_02_dataReport.pdf,5.2,7777,1.607142857,0.286,156.6,7777,Gajan_Kutter_2009.pdf,1D-H,5,3,0.0715,60,input_ssg_02_03_c.pdf,input_disp_ssg_02_03_c.xlsx,deform_ssg_02_03_c.pdf,time_history_ssg_02_03_c.xlsx,M=V*Height+P*Delta,0.0139,0.0834,0.1422,0.0019,0.37,0.33,1.08,0.43,At local minimum,1.0906,1.0716,0.4268,Gajan_Kutter_2008.pdf,,No comment
389,"Gajan, S. and Kutter, B. L. (2009). ""Effects of moment-to-shear ratio on combined cyclic load-displacement behavior of shallow foundations from centrifuge experiments."" J. Geotech. Geoenviron. Eng., ASCE, 135(8), 1044-1055",B. L. Kutter,T. C. Hutchinson,B. L. Kutter and S. Gajan,NSF-PEER,SSG_02,"UC Davis, Center for Geotechnical Modeling, 9m radius centrifuge",Centrifuge,Rigid Container,1.69,0.9,0.54,Servo-Hydraulic,1,Displacement-Controlled-Cyclic,A pin and clevis attachment through a slot in the wall,Connection-Image-1.JPG,SSG_02_03_d,23-Sep-02,5,4,37,20,0.05,0.000125,0.05,Prototype,4,7777,1,None,Nevada Sand,4,80,9999,34,7777,7777,7777,7777,1657,7777,7777,7777,7777,7777,7777,7777,7777,7777,7777,7777,7777,7777,7777,7777,7777,7777,7777,7777,7777,7777,7777,7777,Rectangular ,Aluminum-6061,0.65,2.8,7777,7777,7777,7777,0,0.65,0,0,Rigid Shear Wall,Single-Wall.JPG,Aluminum-6061,4.5,29000,285,156.59,814.29,156.59,8888,SSG_02_dataReport.pdf,5.2,7777,1.607142857,0.286,156.6,7777,Gajan_Kutter_2009.pdf,1D-H,5,3,0.1493,73,input_ssg_02_03_d.pdf,input_disp_ssg_02_03_d.xlsx,deform_ssg_02_03_d.pdf,time_history_ssg_02_03_d.xlsx,M=V*Height+P*Delta,0.0295,0.177,0.3192,0.0044,0.77,0.62,1.75,0.67,At local minimum,1.267,1.7363,0.6649,Gajan_Kutter_2008.pdf,,No comment
390,"Gajan, S. and Kutter, B. L. (2009). ""Effects of moment-to-shear ratio on combined cyclic load-displacement behavior of shallow foundations from centrifuge experiments."" J. Geotech. Geoenviron. Eng., ASCE, 135(8), 1044-1055",B. L. Kutter,T. C. Hutchinson,B. L. Kutter and S. Gajan,NSF-PEER,SSG_02,"UC Davis, Center for Geotechnical Modeling, 9m radius centrifuge",Centrifuge,Rigid Container,1.69,0.9,0.54,Servo-Hydraulic,1,Displacement-Controlled-Cyclic,A pin and clevis attachment through a slot in the wall,Connection-Image-1.JPG,SSG_02_03_e,23-Sep-02,5,5,37,20,0.05,0.000125,0.05,Prototype,4,7777,1,None,Nevada Sand,4,80,9999,34,7777,7777,7777,7777,1657,7777,7777,7777,7777,7777,7777,7777,7777,7777,7777,7777,7777,7777,7777,7777,7777,7777,7777,7777,7777,7777,7777,7777,Rectangular ,Aluminum-6061,0.65,2.8,7777,7777,7777,7777,0,0.65,0,0,Rigid Shear Wall,Single-Wall.JPG,Aluminum-6061,4.5,29000,285,156.59,814.29,156.59,8888,SSG_02_dataReport.pdf,5.2,7777,1.607142857,0.286,156.6,7777,Gajan_Kutter_2009.pdf,1D-H,5,3,0.307,77,input_ssg_02_03_e.pdf,input_disp_ssg_02_03_e.xlsx,deform_ssg_02_03_e.pdf,time_history_ssg_02_03_e.xlsx,M=V*Height+P*Delta,0.0629,0.3774,0.6966,0.0107,1.72,1.43,2.95,1.22,At local minimum,1.3436,2.9267,1.2105,Gajan_Kutter_2008.pdf,,No comment
391,"Gajan, S. and Kutter, B. L. (2009). ""Effects of moment-to-shear ratio on combined cyclic load-displacement behavior of shallow foundations from centrifuge experiments."" J. Geotech. Geoenviron. Eng., ASCE, 135(8), 1044-1055",B. L. Kutter,T. C. Hutchinson,B. L. Kutter and S. Gajan,NSF-PEER,SSG_02,"UC Davis, Center for Geotechnical Modeling, 9m radius centrifuge",Centrifuge,Rigid Container,1.69,0.9,0.54,Servo-Hydraulic,1,Displacement-Controlled-Cyclic,A pin and clevis attachment through a slot in the wall,Connection-Image-1.JPG,SSG_02_04_a,24-Sep-02,5,1,37,20,0.05,0.000125,0.05,Prototype,4,7777,1,None,Nevada Sand,4,80,9999,34,7777,7777,7777,7777,1657,7777,7777,7777,7777,7777,7777,7777,7777,7777,7777,7777,7777,7777,7777,7777,7777,7777,7777,7777,7777,7777,7777,7777,Rectangular ,Aluminum-6061,0.65,2.8,7777,7777,7777,7777,0,0.65,0,0,Rigid Shear Wall,Single-Wall.JPG,Aluminum-6061,4.7,20500,201,110.44,806.21,110.44,8888,SSG_02_dataReport.pdf,7.3,7777,1.678571429,0.233,118.7,7777,Gajan_Kutter_2009.pdf,1D-H,5,3,0.0131,106,input_ssg_02_04_a.pdf,input_disp_ssg_02_04_a.xlsx,deform_ssg_02_04_a.pdf,time_history_ssg_02_04_a.xlsx,M=V*Height+P*Delta,0.0038,0.0228,0.0228,0.0015,0.08,0.03,0.16,0.2,At local minimum,0.8936,0.159,0.1987,Gajan_Kutter_2008.pdf,,No comment
392,"Gajan, S. and Kutter, B. L. (2009). ""Effects of moment-to-shear ratio on combined cyclic load-displacement behavior of shallow foundations from centrifuge experiments."" J. Geotech. Geoenviron. Eng., ASCE, 135(8), 1044-1055",B. L. Kutter,T. C. Hutchinson,B. L. Kutter and S. Gajan,NSF-PEER,SSG_02,"UC Davis, Center for Geotechnical Modeling, 9m radius centrifuge",Centrifuge,Rigid Container,1.69,0.9,0.54,Servo-Hydraulic,1,Displacement-Controlled-Cyclic,A pin and clevis attachment through a slot in the wall,Connection-Image-1.JPG,SSG_02_04_b,24-Sep-02,5,2,37,20,0.05,0.000125,0.05,Prototype,4,7777,1,None,Nevada Sand,4,80,9999,34,7777,7777,7777,7777,1657,7777,7777,7777,7777,7777,7777,7777,7777,7777,7777,7777,7777,7777,7777,7777,7777,7777,7777,7777,7777,7777,7777,7777,Rectangular ,Aluminum-6061,0.65,2.8,7777,7777,7777,7777,0,0.65,0,0,Rigid Shear Wall,Single-Wall.JPG,Aluminum-6061,4.7,20500,201,110.44,806.21,110.44,8888,SSG_02_dataReport.pdf,7.3,7777,1.678571429,0.233,118.7,7777,Gajan_Kutter_2009.pdf,1D-H,5,3,0.03,120,input_ssg_02_04_b.pdf,input_disp_ssg_02_04_b.xlsx,deform_ssg_02_04_b.pdf,time_history_ssg_02_04_b.xlsx,M=V*Height+P*Delta,0.0072,0.0432,0.066,0.001,0.23,0.08,0.42,0.26,At local minimum,1.1623,0.4169,0.2582,Gajan_Kutter_2008.pdf,,No comment
393,"Gajan, S. and Kutter, B. L. (2009). ""Effects of moment-to-shear ratio on combined cyclic load-displacement behavior of shallow foundations from centrifuge experiments."" J. Geotech. Geoenviron. Eng., ASCE, 135(8), 1044-1055",B. L. Kutter,T. C. Hutchinson,B. L. Kutter and S. Gajan,NSF-PEER,SSG_02,"UC Davis, Center for Geotechnical Modeling, 9m radius centrifuge",Centrifuge,Rigid Container,1.69,0.9,0.54,Servo-Hydraulic,1,Displacement-Controlled-Cyclic,A pin and clevis attachment through a slot in the wall,Connection-Image-1.JPG,SSG_02_04_c,24-Sep-02,5,3,37,20,0.05,0.000125,0.05,Prototype,4,7777,1,None,Nevada Sand,4,80,9999,34,7777,7777,7777,7777,1657,7777,7777,7777,7777,7777,7777,7777,7777,7777,7777,7777,7777,7777,7777,7777,7777,7777,7777,7777,7777,7777,7777,7777,Rectangular ,Aluminum-6061,0.65,2.8,7777,7777,7777,7777,0,0.65,0,0,Rigid Shear Wall,Single-Wall.JPG,Aluminum-6061,4.7,20500,201,110.44,806.21,110.44,8888,SSG_02_dataReport.pdf,7.3,7777,1.678571429,0.233,118.7,7777,Gajan_Kutter_2009.pdf,1D-H,5,3,0.069,157,input_ssg_02_04_c.pdf,input_disp_ssg_02_04_c.xlsx,deform_ssg_02_04_c.pdf,time_history_ssg_02_04_c.xlsx,M=V*Height+P*Delta,0.0148,0.0888,0.1548,0.0001,0.34,0.06,0.73,0.32,At local minimum,1.2913,0.7244,0.3177,Gajan_Kutter_2008.pdf,,No comment
394,"Gajan, S. and Kutter, B. L. (2009). ""Effects of moment-to-shear ratio on combined cyclic load-displacement behavior of shallow foundations from centrifuge experiments."" J. Geotech. Geoenviron. Eng., ASCE, 135(8), 1044-1055",B. L. Kutter,T. C. Hutchinson,B. L. Kutter and S. Gajan,NSF-PEER,SSG_02,"UC Davis, Center for Geotechnical Modeling, 9m radius centrifuge",Centrifuge,Rigid Container,1.69,0.9,0.54,Servo-Hydraulic,1,Displacement-Controlled-Cyclic,A pin and clevis attachment through a slot in the wall,Connection-Image-1.JPG,SSG_02_04_d,24-Sep-02,5,4,37,20,0.05,0.000125,0.05,Prototype,4,7777,1,None,Nevada Sand,4,80,9999,34,7777,7777,7777,7777,1657,7777,7777,7777,7777,7777,7777,7777,7777,7777,7777,7777,7777,7777,7777,7777,7777,7777,7777,7777,7777,7777,7777,7777,Rectangular ,Aluminum-6061,0.65,2.8,7777,7777,7777,7777,0,0.65,0,0,Rigid Shear Wall,Single-Wall.JPG,Aluminum-6061,4.7,20500,201,110.44,806.21,110.44,8888,SSG_02_dataReport.pdf,7.3,7777,1.678571429,0.233,118.7,7777,Gajan_Kutter_2009.pdf,1D-H,5,3,0.1285,190,input_ssg_02_04_d.pdf,input_disp_ssg_02_04_d.xlsx,deform_ssg_02_04_d.pdf,time_history_ssg_02_04_d.xlsx,M=V*Height+P*Delta,0.0264,0.1584,0.3132,0.0002,0.42,0.04,1.08,0.36,At local minimum,1.3161,1.0716,0.3574,Gajan_Kutter_2008.pdf,,No comment
395,"Gajan, S. and Kutter, B. L. (2009). ""Effects of moment-to-shear ratio on combined cyclic load-displacement behavior of shallow foundations from centrifuge experiments."" J. Geotech. Geoenviron. Eng., ASCE, 135(8), 1044-1055",B. L. Kutter,T. C. Hutchinson,B. L. Kutter and S. Gajan,NSF-PEER,SSG_02,"UC Davis, Center for Geotechnical Modeling, 9m radius centrifuge",Centrifuge,Rigid Container,1.69,0.9,0.54,Servo-Hydraulic,1,Displacement-Controlled-Cyclic,A pin and clevis attachment through a slot in the wall,Connection-Image-1.JPG,SSG_02_04_e,24-Sep-02,5,5,37,20,0.05,0.000125,0.05,Prototype,4,7777,1,None,Nevada Sand,4,80,9999,34,7777,7777,7777,7777,1657,7777,7777,7777,7777,7777,7777,7777,7777,7777,7777,7777,7777,7777,7777,7777,7777,7777,7777,7777,7777,7777,7777,7777,Rectangular ,Aluminum-6061,0.65,2.8,7777,7777,7777,7777,0,0.65,0,0,Rigid Shear Wall,Single-Wall.JPG,Aluminum-6061,4.7,20500,201,110.44,806.21,110.44,8888,SSG_02_dataReport.pdf,7.3,7777,1.678571429,0.233,118.7,7777,Gajan_Kutter_2009.pdf,1D-H,5,3,0.1875,273,input_ssg_02_04_e.pdf,input_disp_ssg_02_04_e.xlsx,deform_ssg_02_04_e.pdf,time_history_ssg_02_04_e.xlsx,M=V*Height+P*Delta,0.0378,0.2268,0.54,0.0002,0.53,0.04,1.53,0.45,At local minimum,1.4203,1.518,0.4467,Gajan_Kutter_2008.pdf,,No comment
396,"Gajan, S. and Kutter, B. L. (2009). ""Effects of moment-to-shear ratio on combined cyclic load-displacement behavior of shallow foundations from centrifuge experiments."" J. Geotech. Geoenviron. Eng., ASCE, 135(8), 1044-1055",B. L. Kutter,T. C. Hutchinson,B. L. Kutter and S. Gajan,NSF-PEER,SSG_02,"UC Davis, Center for Geotechnical Modeling, 9m radius centrifuge",Centrifuge,Rigid Container,1.69,0.9,0.54,Servo-Hydraulic,1,Displacement-Controlled-Cyclic,A pin and clevis attachment through a slot in the wall,Connection-Image-1.JPG,SSG_02_05_a,25-Sep-02,5,1,37,20,0.05,0.000125,0.05,Prototype,4,7777,1,None,Nevada Sand,4,80,9999,34,7777,7777,7777,7777,1657,7777,7777,7777,7777,7777,7777,7777,7777,7777,7777,7777,7777,7777,7777,7777,7777,7777,7777,7777,7777,7777,7777,7777,Rectangular ,Aluminum-6061,0.65,2.8,7777,7777,7777,7777,0,0.65,0,0,Rigid Shear Wall,Single-Wall.JPG,Aluminum-6061,5,58000,568,312.09,811.43,312.09,8888,SSG_02_dataReport.pdf,2.6,7777,1.785714286,0.476,228.9,7777,Gajan_Kutter_2009.pdf,1D-H,5,3,0.0092,108,input_ssg_02_05_a.pdf,input_disp_ssg_02_05_a.xlsx,deform_ssg_02_05_a.pdf,time_history_ssg_02_05_a.xlsx,M=V*Height+P*Delta,0.002,0.012,0.012,0.0004,0.12,0.04,0.3,0.23,At local minimum,0.5613,0.2979,0.2284,Gajan_Kutter_2008.pdf,,No comment
397,"Gajan, S. and Kutter, B. L. (2009). ""Effects of moment-to-shear ratio on combined cyclic load-displacement behavior of shallow foundations from centrifuge experiments."" J. Geotech. Geoenviron. Eng., ASCE, 135(8), 1044-1055",B. L. Kutter,T. C. Hutchinson,B. L. Kutter and S. Gajan,NSF-PEER,SSG_02,"UC Davis, Center for Geotechnical Modeling, 9m radius centrifuge",Centrifuge,Rigid Container,1.69,0.9,0.54,Servo-Hydraulic,1,Displacement-Controlled-Cyclic,A pin and clevis attachment through a slot in the wall,Connection-Image-1.JPG,SSG_02_05_b,25-Sep-02,5,2,37,20,0.05,0.000125,0.05,Prototype,4,7777,1,None,Nevada Sand,4,80,9999,34,7777,7777,7777,7777,1657,7777,7777,7777,7777,7777,7777,7777,7777,7777,7777,7777,7777,7777,7777,7777,7777,7777,7777,7777,7777,7777,7777,7777,Rectangular ,Aluminum-6061,0.65,2.8,7777,7777,7777,7777,0,0.65,0,0,Rigid Shear Wall,Single-Wall.JPG,Aluminum-6061,5,58000,568,312.09,811.43,312.09,8888,SSG_02_dataReport.pdf,2.6,7777,1.785714286,0.476,228.9,7777,Gajan_Kutter_2009.pdf,1D-H,5,3,0.0256,124,input_ssg_02_05_b.pdf,input_disp_ssg_02_05_b.xlsx,deform_ssg_02_05_b.pdf,time_history_ssg_02_05_b.xlsx,M=V*Height+P*Delta,0.0049,0.0294,0.0414,0.0004,0.2,0.07,0.95,0.65,At local minimum,0.9316,0.9427,0.6451,Gajan_Kutter_2008.pdf,,No comment
398,"Gajan, S. and Kutter, B. L. (2009). ""Effects of moment-to-shear ratio on combined cyclic load-displacement behavior of shallow foundations from centrifuge experiments."" J. Geotech. Geoenviron. Eng., ASCE, 135(8), 1044-1055",B. L. Kutter,T. C. Hutchinson,B. L. Kutter and S. Gajan,NSF-PEER,SSG_02,"UC Davis, Center for Geotechnical Modeling, 9m radius centrifuge",Centrifuge,Rigid Container,1.69,0.9,0.54,Servo-Hydraulic,1,Displacement-Controlled-Cyclic,A pin and clevis attachment through a slot in the wall,Connection-Image-1.JPG,SSG_02_05_c,25-Sep-02,5,3,37,20,0.05,0.000125,0.05,Prototype,4,7777,1,None,Nevada Sand,4,80,9999,34,7777,7777,7777,7777,1657,7777,7777,7777,7777,7777,7777,7777,7777,7777,7777,7777,7777,7777,7777,7777,7777,7777,7777,7777,7777,7777,7777,7777,Rectangular ,Aluminum-6061,0.65,2.8,7777,7777,7777,7777,0,0.65,0,0,Rigid Shear Wall,Single-Wall.JPG,Aluminum-6061,5,58000,568,312.09,811.43,312.09,8888,SSG_02_dataReport.pdf,2.6,7777,1.785714286,0.476,228.9,7777,Gajan_Kutter_2009.pdf,1D-H,5,3,0.061,148,input_ssg_02_05_c.pdf,input_disp_ssg_02_05_c.xlsx,deform_ssg_02_05_c.pdf,time_history_ssg_02_05_c.xlsx,M=V*Height+P*Delta,0.0116,0.0696,0.111,0.0007,0.36,0.07,2.19,1.24,At local minimum,1.1741,2.1728,1.2304,Gajan_Kutter_2008.pdf,,No comment
399,"Gajan, S. and Kutter, B. L. (2009). ""Effects of moment-to-shear ratio on combined cyclic load-displacement behavior of shallow foundations from centrifuge experiments."" J. Geotech. Geoenviron. Eng., ASCE, 135(8), 1044-1055",B. L. Kutter,T. C. Hutchinson,B. L. Kutter and S. Gajan,NSF-PEER,SSG_02,"UC Davis, Center for Geotechnical Modeling, 9m radius centrifuge",Centrifuge,Rigid Container,1.69,0.9,0.54,Servo-Hydraulic,1,Displacement-Controlled-Cyclic,A pin and clevis attachment through a slot in the wall,Connection-Image-1.JPG,SSG_02_05_d,25-Sep-02,5,4,37,20,0.05,0.000125,0.05,Prototype,4,7777,1,None,Nevada Sand,4,80,9999,34,7777,7777,7777,7777,1657,7777,7777,7777,7777,7777,7777,7777,7777,7777,7777,7777,7777,7777,7777,7777,7777,7777,7777,7777,7777,7777,7777,7777,Rectangular ,Aluminum-6061,0.65,2.8,7777,7777,7777,7777,0,0.65,0,0,Rigid Shear Wall,Single-Wall.JPG,Aluminum-6061,5,58000,568,312.09,811.43,312.09,8888,SSG_02_dataReport.pdf,2.6,7777,1.785714286,0.476,228.9,7777,Gajan_Kutter_2009.pdf,1D-H,5,3,0.1193,200,input_ssg_02_05_d.pdf,input_disp_ssg_02_05_d.xlsx,deform_ssg_02_05_d.pdf,time_history_ssg_02_05_d.xlsx,M=V*Height+P*Delta,0.0228,0.1368,0.2478,0.0021,0.58,0.3,4,1.8,At local minimum,1.239,3.9683,1.7859,Gajan_Kutter_2008.pdf,,No comment
400,"Gajan, S. and Kutter, B. L. (2009). ""Effects of moment-to-shear ratio on combined cyclic load-displacement behavior of shallow foundations from centrifuge experiments."" J. Geotech. Geoenviron. Eng., ASCE, 135(8), 1044-1055",B. L. Kutter,T. C. Hutchinson,B. L. Kutter and S. Gajan,NSF-PEER,SSG_02,"UC Davis, Center for Geotechnical Modeling, 9m radius centrifuge",Centrifuge,Rigid Container,1.69,0.9,0.54,Servo-Hydraulic,1,Displacement-Controlled-Cyclic,A pin and clevis attachment through a slot in the wall,Connection-Image-1.JPG,SSG_02_05_e,25-Sep-02,5,5,37,20,0.05,0.000125,0.05,Prototype,4,7777,1,None,Nevada Sand,4,80,9999,34,7777,7777,7777,7777,1657,7777,7777,7777,7777,7777,7777,7777,7777,7777,7777,7777,7777,7777,7777,7777,7777,7777,7777,7777,7777,7777,7777,7777,Rectangular ,Aluminum-6061,0.65,2.8,7777,7777,7777,7777,0,0.65,0,0,Rigid Shear Wall,Single-Wall.JPG,Aluminum-6061,5,58000,568,312.09,811.43,312.09,8888,SSG_02_dataReport.pdf,2.6,7777,1.785714286,0.476,228.9,7777,Gajan_Kutter_2009.pdf,1D-H,5,1,0.175,295,input_ssg_02_05_e.pdf,input_disp_ssg_02_05_e.xlsx,deform_ssg_02_05_e.pdf,time_history_ssg_02_05_e.xlsx,M=V*Height+P*Delta,0.0325,0.065,0.3128,0.0025,0.82,0.43,4.86,0.85,At local minimum,1.2715,4.8214,0.8435,Gajan_Kutter_2008.pdf,,No comment
401,"Gajan, S. and Kutter, B. L. (2009). ""Effects of moment-to-shear ratio on combined cyclic load-displacement behavior of shallow foundations from centrifuge experiments."" J. Geotech. Geoenviron. Eng., ASCE, 135(8), 1044-1055",B. L. Kutter,T. C. Hutchinson,B. L. Kutter and S. Gajan,NSF-PEER,SSG_02,"UC Davis, Center for Geotechnical Modeling, 9m radius centrifuge",Centrifuge,Rigid Container,1.69,0.9,0.54,Servo-Hydraulic,1,Displacement-Controlled-Cyclic,A pin and clevis attachment through a slot in the wall,Connection-Image-1.JPG,SSG_02_07_a,30-Sep-02,5,1,37,20,0.05,0.000125,0.05,Prototype,4,7777,1,None,Nevada Sand,4,80,9999,34,7777,7777,7777,7777,1657,7777,7777,7777,7777,7777,7777,7777,7777,7777,7777,7777,7777,7777,7777,7777,7777,7777,7777,7777,7777,7777,7777,7777,Rectangular ,Aluminum-6061,0.65,2.8,7777,7777,7777,7777,0,0.65,0,0,Rigid Shear Wall,Single-Wall.JPG,Aluminum-6061,5,58000,568,312.09,811.43,312.09,8888,SSG_02_dataReport.pdf,2.6,7777,1.785714286,0.476,228.9,7777,Gajan_Kutter_2009.pdf,1D-H,5,3,0.0114,106,input_ssg_02_07_a.pdf,input_disp_ssg_02_07_a.xlsx,deform_ssg_02_07_a.pdf,time_history_ssg_02_07_a.xlsx,M=V*Height+P*Delta,0.0021,0.0126,0.0126,0.0004,0.12,0.11,0.5,0.47,At local minimum,0.5641,0.4963,0.4665,Gajan_Kutter_2008.pdf,,No comment
402,"Gajan, S. and Kutter, B. L. (2009). ""Effects of moment-to-shear ratio on combined cyclic load-displacement behavior of shallow foundations from centrifuge experiments."" J. Geotech. Geoenviron. Eng., ASCE, 135(8), 1044-1055",B. L. Kutter,T. C. Hutchinson,B. L. Kutter and S. Gajan,NSF-PEER,SSG_02,"UC Davis, Center for Geotechnical Modeling, 9m radius centrifuge",Centrifuge,Rigid Container,1.69,0.9,0.54,Servo-Hydraulic,1,Displacement-Controlled-Cyclic,A pin and clevis attachment through a slot in the wall,Connection-Image-1.JPG,SSG_02_07_b,30-Sep-02,5,2,37,20,0.05,0.000125,0.05,Prototype,4,7777,1,None,Nevada Sand,4,80,9999,34,7777,7777,7777,7777,1657,7777,7777,7777,7777,7777,7777,7777,7777,7777,7777,7777,7777,7777,7777,7777,7777,7777,7777,7777,7777,7777,7777,7777,Rectangular ,Aluminum-6061,0.65,2.8,7777,7777,7777,7777,0,0.65,0,0,Rigid Shear Wall,Single-Wall.JPG,Aluminum-6061,5,58000,568,312.09,811.43,312.09,8888,SSG_02_dataReport.pdf,2.6,7777,1.785714286,0.476,228.9,7777,Gajan_Kutter_2009.pdf,1D-H,5,3,0.0274,123,input_ssg_02_07_b.pdf,input_disp_ssg_02_07_b.xlsx,deform_ssg_02_07_b.pdf,time_history_ssg_02_07_b.xlsx,M=V*Height+P*Delta,0.0055,0.033,0.0456,0.0008,0.29,0.16,1.34,0.84,At local minimum,0.8877,1.3296,0.8336,Gajan_Kutter_2008.pdf,,No comment
403,"Gajan, S. and Kutter, B. L. (2009). ""Effects of moment-to-shear ratio on combined cyclic load-displacement behavior of shallow foundations from centrifuge experiments."" J. Geotech. Geoenviron. Eng., ASCE, 135(8), 1044-1055",B. L. Kutter,T. C. Hutchinson,B. L. Kutter and S. Gajan,NSF-PEER,SSG_02,"UC Davis, Center for Geotechnical Modeling, 9m radius centrifuge",Centrifuge,Rigid Container,1.69,0.9,0.54,Servo-Hydraulic,1,Displacement-Controlled-Cyclic,A pin and clevis attachment through a slot in the wall,Connection-Image-1.JPG,SSG_02_07_c,30-Sep-02,5,3,37,20,0.05,0.000125,0.05,Prototype,4,7777,1,None,Nevada Sand,4,80,9999,34,7777,7777,7777,7777,1657,7777,7777,7777,7777,7777,7777,7777,7777,7777,7777,7777,7777,7777,7777,7777,7777,7777,7777,7777,7777,7777,7777,7777,Rectangular ,Aluminum-6061,0.65,2.8,7777,7777,7777,7777,0,0.65,0,0,Rigid Shear Wall,Single-Wall.JPG,Aluminum-6061,5,58000,568,312.09,811.43,312.09,8888,SSG_02_dataReport.pdf,2.6,7777,1.785714286,0.476,228.9,7777,Gajan_Kutter_2009.pdf,1D-H,5,3,0.0634,160,input_ssg_02_07_c.pdf,input_disp_ssg_02_07_c.xlsx,deform_ssg_02_07_c.pdf,time_history_ssg_02_07_c.xlsx,M=V*Height+P*Delta,0.0125,0.075,0.1206,0.0027,0.5,0.13,3,1.66,At local minimum,1.0825,2.9763,1.647,Gajan_Kutter_2008.pdf,,No comment
404,"Gajan, S. and Kutter, B. L. (2009). ""Effects of moment-to-shear ratio on combined cyclic load-displacement behavior of shallow foundations from centrifuge experiments."" J. Geotech. Geoenviron. Eng., ASCE, 135(8), 1044-1055",B. L. Kutter,T. C. Hutchinson,B. L. Kutter and S. Gajan,NSF-PEER,SSG_02,"UC Davis, Center for Geotechnical Modeling, 9m radius centrifuge",Centrifuge,Rigid Container,1.69,0.9,0.54,Servo-Hydraulic,1,Displacement-Controlled-Cyclic,A pin and clevis attachment through a slot in the wall,Connection-Image-1.JPG,SSG_02_07_d,30-Sep-02,5,4,37,20,0.05,0.000125,0.05,Prototype,4,7777,1,None,Nevada Sand,4,80,9999,34,7777,7777,7777,7777,1657,7777,7777,7777,7777,7777,7777,7777,7777,7777,7777,7777,7777,7777,7777,7777,7777,7777,7777,7777,7777,7777,7777,7777,Rectangular ,Aluminum-6061,0.65,2.8,7777,7777,7777,7777,0,0.65,0,0,Rigid Shear Wall,Single-Wall.JPG,Aluminum-6061,5,58000,568,312.09,811.43,312.09,8888,SSG_02_dataReport.pdf,2.6,7777,1.785714286,0.476,228.9,7777,Gajan_Kutter_2009.pdf,1D-H,5,3,0.12,245,input_ssg_02_07_d.pdf,input_disp_ssg_02_07_d.xlsx,deform_ssg_02_07_d.pdf,time_history_ssg_02_07_d.xlsx,M=V*Height+P*Delta,0.0236,0.1416,0.2622,0.0017,0.8,0.28,6.1,3.1,At local minimum,1.1493,6.0515,3.0755,Gajan_Kutter_2008.pdf,,No comment
405,"Gajan, S. and Kutter, B. L. (2009). ""Effects of moment-to-shear ratio on combined cyclic load-displacement behavior of shallow foundations from centrifuge experiments."" J. Geotech. Geoenviron. Eng., ASCE, 135(8), 1044-1055",B. L. Kutter,T. C. Hutchinson,B. L. Kutter and S. Gajan,NSF-PEER,SSG_02,"UC Davis, Center for Geotechnical Modeling, 9m radius centrifuge",Centrifuge,Rigid Container,1.69,0.9,0.54,Servo-Hydraulic,1,Displacement-Controlled-Cyclic,A pin and clevis attachment through a slot in the wall,Connection-Image-1.JPG,SSG_02_07_e,30-Sep-02,5,5,37,20,0.05,0.000125,0.05,Prototype,4,7777,1,None,Nevada Sand,4,80,9999,34,7777,7777,7777,7777,1657,7777,7777,7777,7777,7777,7777,7777,7777,7777,7777,7777,7777,7777,7777,7777,7777,7777,7777,7777,7777,7777,7777,7777,Rectangular ,Aluminum-6061,0.65,2.8,7777,7777,7777,7777,0,0.65,0,0,Rigid Shear Wall,Single-Wall.JPG,Aluminum-6061,5,58000,568,312.09,811.43,312.09,8888,SSG_02_dataReport.pdf,2.6,7777,1.785714286,0.476,228.9,7777,Gajan_Kutter_2009.pdf,1D-H,5,2,0.235,374,input_ssg_02_07_e.pdf,input_disp_ssg_02_07_e.xlsx,deform_ssg_02_07_e.pdf,time_history_ssg_02_07_e.xlsx,M=V*Height+P*Delta,0.0468,0.1872,0.4494,0.005,1.7,0.56,10.21,4.1,At local minimum,1.2886,10.1286,4.0675,Gajan_Kutter_2008.pdf,,No comment
406,"Gajan, S. and Kutter, B. L. (2009). ""Effects of moment-to-shear ratio on combined cyclic load-displacement behavior of shallow foundations from centrifuge experiments."" J. Geotech. Geoenviron. Eng., ASCE, 135(8), 1044-1055",B. L. Kutter,T. C. Hutchinson,B. L. Kutter and S. Gajan,NSF-PEER,SSG_03,"UC Davis, Center for Geotechnical Modeling, 9m radius centrifuge",Centrifuge,Rigid Container,1.69,0.9,0.54,Servo-Hydraulic,1,Displacement-Controlled-Cyclic,A pin and clevis attachment through a slot in the wall,Connection-Image-1.JPG,SSG_03_03_a,4-Nov-02,5,1,37,20,0.05,0.000125,0.05,Prototype,4,7777,1,None,Nevada Sand,4,80,9999,34,7777,7777,7777,7777,1657,7777,7777,7777,7777,7777,7777,7777,7777,7777,7777,7777,7777,7777,7777,7777,7777,7777,7777,7777,7777,7777,7777,7777,Rectangular ,Aluminum-6061,0.65,2.8,7777,7777,7777,7777,0,0.65,0.7,206,Rigid Shear Wall,Single-Wall.JPG,Aluminum-6061,4.5,29000,285,156.59,2192.31,156.59,8888,SSG_02_dataReport.pdf,14,7777,1.607142857,0.111,194.9,7777,Gajan_Kutter_2009.pdf,1D-H,5,3,0.014,112,input_ssg_03_03_a.pdf,input_disp_ssg_03_03_a.xlsx,deform_ssg_03_03_a.pdf,time_history_ssg_03_03_a.xlsx,M=V*Height+P*Delta,0.0027,0.0162,0.0162,0.0008,0.15,0.01,0.17,0.15,At local minimum,0.6345,0.1689,0.1491,Gajan_Kutter_2008.pdf,,No comment
407,"Gajan, S. and Kutter, B. L. (2009). ""Effects of moment-to-shear ratio on combined cyclic load-displacement behavior of shallow foundations from centrifuge experiments."" J. Geotech. Geoenviron. Eng., ASCE, 135(8), 1044-1055",B. L. Kutter,T. C. Hutchinson,B. L. Kutter and S. Gajan,NSF-PEER,SSG_03,"UC Davis, Center for Geotechnical Modeling, 9m radius centrifuge",Centrifuge,Rigid Container,1.69,0.9,0.54,Servo-Hydraulic,1,Displacement-Controlled-Cyclic,A pin and clevis attachment through a slot in the wall,Connection-Image-1.JPG,SSG_03_03_b,4-Nov-02,5,2,37,20,0.05,0.000125,0.05,Prototype,4,7777,1,None,Nevada Sand,4,80,9999,34,7777,7777,7777,7777,1657,7777,7777,7777,7777,7777,7777,7777,7777,7777,7777,7777,7777,7777,7777,7777,7777,7777,7777,7777,7777,7777,7777,7777,Rectangular ,Aluminum-6061,0.65,2.8,7777,7777,7777,7777,0,0.65,0.7,206,Rigid Shear Wall,Single-Wall.JPG,Aluminum-6061,4.5,29000,285,156.59,2192.31,156.59,8888,SSG_02_dataReport.pdf,14,7777,1.607142857,0.111,194.9,7777,Gajan_Kutter_2009.pdf,1D-H,5,3,0.032,120,input_ssg_03_03_b.pdf,input_disp_ssg_03_03_b.xlsx,deform_ssg_03_03_b.pdf,time_history_ssg_03_03_b.xlsx,M=V*Height+P*Delta,0.0063,0.0378,0.054,0.0009,0.17,0.05,0.46,0.29,At local minimum,0.9563,0.4566,0.288,Gajan_Kutter_2008.pdf,,No comment
408,"Gajan, S. and Kutter, B. L. (2009). ""Effects of moment-to-shear ratio on combined cyclic load-displacement behavior of shallow foundations from centrifuge experiments."" J. Geotech. Geoenviron. Eng., ASCE, 135(8), 1044-1055",B. L. Kutter,T. C. Hutchinson,B. L. Kutter and S. Gajan,NSF-PEER,SSG_03,"UC Davis, Center for Geotechnical Modeling, 9m radius centrifuge",Centrifuge,Rigid Container,1.69,0.9,0.54,Servo-Hydraulic,1,Displacement-Controlled-Cyclic,A pin and clevis attachment through a slot in the wall,Connection-Image-1.JPG,SSG_03_03_c,4-Nov-02,5,3,37,20,0.05,0.000125,0.05,Prototype,4,7777,1,None,Nevada Sand,4,80,9999,34,7777,7777,7777,7777,1657,7777,7777,7777,7777,7777,7777,7777,7777,7777,7777,7777,7777,7777,7777,7777,7777,7777,7777,7777,7777,7777,7777,7777,Rectangular ,Aluminum-6061,0.65,2.8,7777,7777,7777,7777,0,0.65,0.7,206,Rigid Shear Wall,Single-Wall.JPG,Aluminum-6061,4.5,29000,285,156.59,2192.31,156.59,8888,SSG_02_dataReport.pdf,14,7777,1.607142857,0.111,194.9,7777,Gajan_Kutter_2009.pdf,1D-H,5,3,0.07,150,input_ssg_03_03_c.pdf,input_disp_ssg_03_03_c.xlsx,deform_ssg_03_03_c.pdf,time_history_ssg_03_03_c.xlsx,M=V*Height+P*Delta,0.0136,0.0816,0.1356,0.0002,0.22,0.02,0.79,0.32,At local minimum,1.1081,0.784,0.3177,Gajan_Kutter_2008.pdf,,No comment
409,"Gajan, S. and Kutter, B. L. (2009). ""Effects of moment-to-shear ratio on combined cyclic load-displacement behavior of shallow foundations from centrifuge experiments."" J. Geotech. Geoenviron. Eng., ASCE, 135(8), 1044-1055",B. L. Kutter,T. C. Hutchinson,B. L. Kutter and S. Gajan,NSF-PEER,SSG_03,"UC Davis, Center for Geotechnical Modeling, 9m radius centrifuge",Centrifuge,Rigid Container,1.69,0.9,0.54,Servo-Hydraulic,1,Displacement-Controlled-Cyclic,A pin and clevis attachment through a slot in the wall,Connection-Image-1.JPG,SSG_03_03_d,4-Nov-02,5,4,37,20,0.05,0.000125,0.05,Prototype,4,7777,1,None,Nevada Sand,4,80,9999,34,7777,7777,7777,7777,1657,7777,7777,7777,7777,7777,7777,7777,7777,7777,7777,7777,7777,7777,7777,7777,7777,7777,7777,7777,7777,7777,7777,7777,Rectangular ,Aluminum-6061,0.65,2.8,7777,7777,7777,7777,0,0.65,0.7,206,Rigid Shear Wall,Single-Wall.JPG,Aluminum-6061,4.5,29000,285,156.59,2192.31,156.59,8888,SSG_02_dataReport.pdf,14,7777,1.607142857,0.111,194.9,7777,Gajan_Kutter_2009.pdf,1D-H,5,3,0.15,107,input_ssg_03_03_d.pdf,input_disp_ssg_03_03_d.xlsx,deform_ssg_03_03_d.pdf,time_history_ssg_03_03_d.xlsx,M=V*Height+P*Delta,0.0297,0.1782,0.3138,0.0004,0.22,0.08,1.1,0.3,At local minimum,1.1925,1.0915,0.2979,Gajan_Kutter_2008.pdf,,No comment
410,"Gajan, S. and Kutter, B. L. (2009). ""Effects of moment-to-shear ratio on combined cyclic load-displacement behavior of shallow foundations from centrifuge experiments."" J. Geotech. Geoenviron. Eng., ASCE, 135(8), 1044-1055",B. L. Kutter,T. C. Hutchinson,B. L. Kutter and S. Gajan,NSF-PEER,SSG_03,"UC Davis, Center for Geotechnical Modeling, 9m radius centrifuge",Centrifuge,Rigid Container,1.69,0.9,0.54,Servo-Hydraulic,1,Displacement-Controlled-Cyclic,A pin and clevis attachment through a slot in the wall,Connection-Image-1.JPG,SSG_03_03_e,4-Nov-02,5,5,37,20,0.05,0.000125,0.05,Prototype,4,7777,1,None,Nevada Sand,4,80,9999,34,7777,7777,7777,7777,1657,7777,7777,7777,7777,7777,7777,7777,7777,7777,7777,7777,7777,7777,7777,7777,7777,7777,7777,7777,7777,7777,7777,7777,Rectangular ,Aluminum-6061,0.65,2.8,7777,7777,7777,7777,0,0.65,0.7,206,Rigid Shear Wall,Single-Wall.JPG,Aluminum-6061,4.5,29000,285,156.59,2192.31,156.59,8888,SSG_02_dataReport.pdf,14,7777,1.607142857,0.111,194.9,7777,Gajan_Kutter_2009.pdf,1D-H,5,3,0.3,127,input_ssg_03_03_e.pdf,input_disp_ssg_03_03_e.xlsx,deform_ssg_03_03_e.pdf,time_history_ssg_03_03_e.xlsx,M=V*Height+P*Delta,0.0625,0.375,0.6888,0.0029,0.74,0.66,1.29,0.19,At local minimum,1.2263,1.28,0.1888,Gajan_Kutter_2008.pdf,,No comment
411,"Gajan, S. and Kutter, B. L. (2009). ""Effects of moment-to-shear ratio on combined cyclic load-displacement behavior of shallow foundations from centrifuge experiments."" J. Geotech. Geoenviron. Eng., ASCE, 135(8), 1044-1055",B. L. Kutter,T. C. Hutchinson,B. L. Kutter and S. Gajan,NSF-PEER,SSG_03,"UC Davis, Center for Geotechnical Modeling, 9m radius centrifuge",Centrifuge,Rigid Container,1.69,0.9,0.54,Servo-Hydraulic,1,Displacement-Controlled-Cyclic,A pin and clevis attachment through a slot in the wall,Connection-Image-1.JPG,SSG_03_05_a,6-Nov-02,5,1,37,20,0.05,0.000125,0.05,Prototype,4,7777,1,None,Nevada Sand,4,80,9999,34,7777,7777,7777,7777,1657,7777,7777,7777,7777,7777,7777,7777,7777,7777,7777,7777,7777,7777,7777,7777,7777,7777,7777,7777,7777,7777,7777,7777,Rectangular ,Aluminum-6061,0.65,2.8,7777,7777,7777,7777,0,0.65,0.7,102,Rigid Shear Wall,Single-Wall.JPG,Aluminum-6061,5,58000,567,311.54,2243.08,311.54,8888,SSG_02_dataReport.pdf,7.2,7777,1.785714286,0.185,355.4,7777,Gajan_Kutter_2009.pdf,1D-H,5,3,0.008,100,input_ssg_03_05_a.pdf,input_disp_ssg_03_05_a.xlsx,deform_ssg_03_05_a.pdf,time_history_ssg_03_05_a.xlsx,M=V*Height+P*Delta,0.003,0.018,0.018,0.0007,0.1,0.01,0.19,0.18,At local minimum,0.5437,0.1888,0.1788,Gajan_Kutter_2008.pdf,,No comment
412,"Gajan, S. and Kutter, B. L. (2009). ""Effects of moment-to-shear ratio on combined cyclic load-displacement behavior of shallow foundations from centrifuge experiments."" J. Geotech. Geoenviron. Eng., ASCE, 135(8), 1044-1055",B. L. Kutter,T. C. Hutchinson,B. L. Kutter and S. Gajan,NSF-PEER,SSG_03,"UC Davis, Center for Geotechnical Modeling, 9m radius centrifuge",Centrifuge,Rigid Container,1.69,0.9,0.54,Servo-Hydraulic,1,Displacement-Controlled-Cyclic,A pin and clevis attachment through a slot in the wall,Connection-Image-1.JPG,SSG_03_05_b,6-Nov-02,5,2,37,20,0.05,0.000125,0.05,Prototype,4,7777,1,None,Nevada Sand,4,80,9999,34,7777,7777,7777,7777,1657,7777,7777,7777,7777,7777,7777,7777,7777,7777,7777,7777,7777,7777,7777,7777,7777,7777,7777,7777,7777,7777,7777,7777,Rectangular ,Aluminum-6061,0.65,2.8,7777,7777,7777,7777,0,0.65,0.7,102,Rigid Shear Wall,Single-Wall.JPG,Aluminum-6061,5,58000,567,311.54,2243.08,311.54,8888,SSG_02_dataReport.pdf,7.2,7777,1.785714286,0.185,355.4,7777,Gajan_Kutter_2009.pdf,1D-H,5,3,0.025,124,input_ssg_03_05_b.pdf,input_disp_ssg_03_05_b.xlsx,deform_ssg_03_05_b.pdf,time_history_ssg_03_05_b.xlsx,M=V*Height+P*Delta,0.0056,0.0336,0.0516,0.0011,0.23,0.1,0.6,0.4,At local minimum,0.8051,0.5955,0.3971,Gajan_Kutter_2008.pdf,,No comment
413,"Gajan, S. and Kutter, B. L. (2009). ""Effects of moment-to-shear ratio on combined cyclic load-displacement behavior of shallow foundations from centrifuge experiments."" J. Geotech. Geoenviron. Eng., ASCE, 135(8), 1044-1055",B. L. Kutter,T. C. Hutchinson,B. L. Kutter and S. Gajan,NSF-PEER,SSG_03,"UC Davis, Center for Geotechnical Modeling, 9m radius centrifuge",Centrifuge,Rigid Container,1.69,0.9,0.54,Servo-Hydraulic,1,Displacement-Controlled-Cyclic,A pin and clevis attachment through a slot in the wall,Connection-Image-1.JPG,SSG_03_05_c,6-Nov-02,5,3,37,20,0.05,0.000125,0.05,Prototype,4,7777,1,None,Nevada Sand,4,80,9999,34,7777,7777,7777,7777,1657,7777,7777,7777,7777,7777,7777,7777,7777,7777,7777,7777,7777,7777,7777,7777,7777,7777,7777,7777,7777,7777,7777,7777,Rectangular ,Aluminum-6061,0.65,2.8,7777,7777,7777,7777,0,0.65,0.7,102,Rigid Shear Wall,Single-Wall.JPG,Aluminum-6061,5,58000,567,311.54,2243.08,311.54,8888,SSG_02_dataReport.pdf,7.2,7777,1.785714286,0.185,355.4,7777,Gajan_Kutter_2009.pdf,1D-H,5,3,0.062,156,input_ssg_03_05_c.pdf,input_disp_ssg_03_05_c.xlsx,deform_ssg_03_05_c.pdf,time_history_ssg_03_05_c.xlsx,M=V*Height+P*Delta,0.0115,0.069,0.1206,0.001,0.46,0.16,1.14,0.54,At local minimum,0.9941,1.1312,0.536,Gajan_Kutter_2008.pdf,,No comment
414,"Gajan, S. and Kutter, B. L. (2009). ""Effects of moment-to-shear ratio on combined cyclic load-displacement behavior of shallow foundations from centrifuge experiments."" J. Geotech. Geoenviron. Eng., ASCE, 135(8), 1044-1055",B. L. Kutter,T. C. Hutchinson,B. L. Kutter and S. Gajan,NSF-PEER,SSG_03,"UC Davis, Center for Geotechnical Modeling, 9m radius centrifuge",Centrifuge,Rigid Container,1.69,0.9,0.54,Servo-Hydraulic,1,Displacement-Controlled-Cyclic,A pin and clevis attachment through a slot in the wall,Connection-Image-1.JPG,SSG_03_05_d,6-Nov-02,5,4,37,20,0.05,0.000125,0.05,Prototype,4,7777,1,None,Nevada Sand,4,80,9999,34,7777,7777,7777,7777,1657,7777,7777,7777,7777,7777,7777,7777,7777,7777,7777,7777,7777,7777,7777,7777,7777,7777,7777,7777,7777,7777,7777,7777,Rectangular ,Aluminum-6061,0.65,2.8,7777,7777,7777,7777,0,0.65,0.7,102,Rigid Shear Wall,Single-Wall.JPG,Aluminum-6061,5,58000,567,311.54,2243.08,311.54,8888,SSG_02_dataReport.pdf,7.2,7777,1.785714286,0.185,355.4,7777,Gajan_Kutter_2009.pdf,1D-H,5,3,0.139,111,input_ssg_03_05_d.pdf,input_disp_ssg_03_05_d.xlsx,deform_ssg_03_05_d.pdf,time_history_ssg_03_05_d.xlsx,M=V*Height+P*Delta,0.0249,0.1494,0.27,0.0006,0.54,0.21,1.8,0.67,At local minimum,1.1033,1.7859,0.6649,Gajan_Kutter_2008.pdf,,No comment
415,"Gajan, S. and Kutter, B. L. (2009). ""Effects of moment-to-shear ratio on combined cyclic load-displacement behavior of shallow foundations from centrifuge experiments."" J. Geotech. Geoenviron. Eng., ASCE, 135(8), 1044-1055",B. L. Kutter,T. C. Hutchinson,B. L. Kutter and S. Gajan,NSF-PEER,SSG_03,"UC Davis, Center for Geotechnical Modeling, 9m radius centrifuge",Centrifuge,Rigid Container,1.69,0.9,0.54,Servo-Hydraulic,1,Displacement-Controlled-Cyclic,A pin and clevis attachment through a slot in the wall,Connection-Image-1.JPG,SSG_03_05_e,6-Nov-02,5,5,37,20,0.05,0.000125,0.05,Prototype,4,7777,1,None,Nevada Sand,4,80,9999,34,7777,7777,7777,7777,1657,7777,7777,7777,7777,7777,7777,7777,7777,7777,7777,7777,7777,7777,7777,7777,7777,7777,7777,7777,7777,7777,7777,7777,Rectangular ,Aluminum-6061,0.65,2.8,7777,7777,7777,7777,0,0.65,0.7,102,Rigid Shear Wall,Single-Wall.JPG,Aluminum-6061,5,58000,567,311.54,2243.08,311.54,8888,SSG_02_dataReport.pdf,7.2,7777,1.785714286,0.185,355.4,7777,Gajan_Kutter_2009.pdf,1D-H,5,3,0.292,130,input_ssg_03_05_e.pdf,input_disp_ssg_03_05_e.xlsx,deform_ssg_03_05_e.pdf,time_history_ssg_03_05_e.xlsx,M=V*Height+P*Delta,0.052,0.312,0.582,0.0006,0.53,0.04,2.53,0.73,At local minimum,1.1585,2.51,0.7244,Gajan_Kutter_2008.pdf,,No comment
416,"Gajan, S. and Kutter, B. L. (2009). ""Effects of moment-to-shear ratio on combined cyclic load-displacement behavior of shallow foundations from centrifuge experiments."" J. Geotech. Geoenviron. Eng., ASCE, 135(8), 1044-1055",B. L. Kutter,T. C. Hutchinson,B. L. Kutter and S. Gajan,NSF-PEER,SSG_03,"UC Davis, Center for Geotechnical Modeling, 9m radius centrifuge",Centrifuge,Rigid Container,1.69,0.9,0.54,Servo-Hydraulic,1,Displacement-Controlled-Cyclic,A pin and clevis attachment through a slot in the wall,Connection-Image-1.JPG,SSG_03_06_a,7-Nov-02,5,1,37,20,0.05,0.000125,0.05,Prototype,4,7777,1,None,Nevada Sand,4,80,9999,34,7777,7777,7777,7777,1657,7777,7777,7777,7777,7777,7777,7777,7777,7777,7777,7777,7777,7777,7777,7777,7777,7777,7777,7777,7777,7777,7777,7777,Rectangular ,Aluminum-6061,0.65,2.8,7777,7777,7777,7777,0,0.65,0.7,206,Rigid Shear Wall,Single-Wall.JPG,Aluminum-6061,4.7,20500,201,110.44,2208.79,110.44,8888,SSG_02_dataReport.pdf,20,7777,1.678571429,0.083,141.7,7777,Gajan_Kutter_2009.pdf,1D-H,5,3,0.015,110,input_ssg_03_06_a.pdf,input_disp_ssg_03_06_a.xlsx,deform_ssg_03_06_a.pdf,time_history_ssg_03_06_a.xlsx,M=V*Height+P*Delta,0.003,0.018,0.018,0.0005,0.14,0.04,0.41,0.49,At local minimum,0.9087,0.407,0.4864,Gajan_Kutter_2008.pdf,,No comment
417,"Gajan, S. and Kutter, B. L. (2009). ""Effects of moment-to-shear ratio on combined cyclic load-displacement behavior of shallow foundations from centrifuge experiments."" J. Geotech. Geoenviron. Eng., ASCE, 135(8), 1044-1055",B. L. Kutter,T. C. Hutchinson,B. L. Kutter and S. Gajan,NSF-PEER,SSG_03,"UC Davis, Center for Geotechnical Modeling, 9m radius centrifuge",Centrifuge,Rigid Container,1.69,0.9,0.54,Servo-Hydraulic,1,Displacement-Controlled-Cyclic,A pin and clevis attachment through a slot in the wall,Connection-Image-1.JPG,SSG_03_06_b,7-Nov-02,5,2,37,20,0.05,0.000125,0.05,Prototype,4,7777,1,None,Nevada Sand,4,80,9999,34,7777,7777,7777,7777,1657,7777,7777,7777,7777,7777,7777,7777,7777,7777,7777,7777,7777,7777,7777,7777,7777,7777,7777,7777,7777,7777,7777,7777,Rectangular ,Aluminum-6061,0.65,2.8,7777,7777,7777,7777,0,0.65,0.7,206,Rigid Shear Wall,Single-Wall.JPG,Aluminum-6061,4.7,20500,201,110.44,2208.79,110.44,8888,SSG_02_dataReport.pdf,20,7777,1.678571429,0.083,141.7,7777,Gajan_Kutter_2009.pdf,1D-H,5,3,0.033,124,input_ssg_03_06_b.pdf,input_disp_ssg_03_06_b.xlsx,deform_ssg_03_06_b.pdf,time_history_ssg_03_06_b.xlsx,M=V*Height+P*Delta,0.0063,0.0378,0.0558,0.0002,0.14,0.05,0.64,0.22,At local minimum,1.08,0.6352,0.2185,Gajan_Kutter_2008.pdf,,No comment
418,"Gajan, S. and Kutter, B. L. (2009). ""Effects of moment-to-shear ratio on combined cyclic load-displacement behavior of shallow foundations from centrifuge experiments."" J. Geotech. Geoenviron. Eng., ASCE, 135(8), 1044-1055",B. L. Kutter,T. C. Hutchinson,B. L. Kutter and S. Gajan,NSF-PEER,SSG_03,"UC Davis, Center for Geotechnical Modeling, 9m radius centrifuge",Centrifuge,Rigid Container,1.69,0.9,0.54,Servo-Hydraulic,1,Displacement-Controlled-Cyclic,A pin and clevis attachment through a slot in the wall,Connection-Image-1.JPG,SSG_03_06_c,7-Nov-02,5,3,37,20,0.05,0.000125,0.05,Prototype,4,7777,1,None,Nevada Sand,4,80,9999,34,7777,7777,7777,7777,1657,7777,7777,7777,7777,7777,7777,7777,7777,7777,7777,7777,7777,7777,7777,7777,7777,7777,7777,7777,7777,7777,7777,7777,Rectangular ,Aluminum-6061,0.65,2.8,7777,7777,7777,7777,0,0.65,0.7,206,Rigid Shear Wall,Single-Wall.JPG,Aluminum-6061,4.7,20500,201,110.44,2208.79,110.44,8888,SSG_02_dataReport.pdf,20,7777,1.678571429,0.083,141.7,7777,Gajan_Kutter_2009.pdf,1D-H,5,3,0.072,158,input_ssg_03_06_c.pdf,input_disp_ssg_03_06_c.xlsx,deform_ssg_03_06_c.pdf,time_history_ssg_03_06_c.xlsx,M=V*Height+P*Delta,0.014,0.084,0.1398,0.0008,0.23,0.21,0.95,0.31,At local minimum,1.1891,0.9427,0.3078,Gajan_Kutter_2008.pdf,,No comment
419,"Gajan, S. and Kutter, B. L. (2009). ""Effects of moment-to-shear ratio on combined cyclic load-displacement behavior of shallow foundations from centrifuge experiments."" J. Geotech. Geoenviron. Eng., ASCE, 135(8), 1044-1055",B. L. Kutter,T. C. Hutchinson,B. L. Kutter and S. Gajan,NSF-PEER,SSG_03,"UC Davis, Center for Geotechnical Modeling, 9m radius centrifuge",Centrifuge,Rigid Container,1.69,0.9,0.54,Servo-Hydraulic,1,Displacement-Controlled-Cyclic,A pin and clevis attachment through a slot in the wall,Connection-Image-1.JPG,SSG_03_06_d,7-Nov-02,5,4,37,20,0.05,0.000125,0.05,Prototype,4,7777,1,None,Nevada Sand,4,80,9999,34,7777,7777,7777,7777,1657,7777,7777,7777,7777,7777,7777,7777,7777,7777,7777,7777,7777,7777,7777,7777,7777,7777,7777,7777,7777,7777,7777,7777,Rectangular ,Aluminum-6061,0.65,2.8,7777,7777,7777,7777,0,0.65,0.7,206,Rigid Shear Wall,Single-Wall.JPG,Aluminum-6061,4.7,20500,201,110.44,2208.79,110.44,8888,SSG_02_dataReport.pdf,20,7777,1.678571429,0.083,141.7,7777,Gajan_Kutter_2009.pdf,1D-H,5,3,0.149,112,input_ssg_03_06_d.pdf,input_disp_ssg_03_06_d.xlsx,deform_ssg_03_06_d.pdf,time_history_ssg_03_06_d.xlsx,M=V*Height+P*Delta,0.029,0.174,0.3138,0.0013,0.33,0.25,1.11,0.16,At local minimum,1.2764,1.1014,0.159,Gajan_Kutter_2008.pdf,,No comment
420,"Gajan, S. and Kutter, B. L. (2009). ""Effects of moment-to-shear ratio on combined cyclic load-displacement behavior of shallow foundations from centrifuge experiments."" J. Geotech. Geoenviron. Eng., ASCE, 135(8), 1044-1055",B. L. Kutter,T. C. Hutchinson,B. L. Kutter and S. Gajan,NSF-PEER,SSG_03,"UC Davis, Center for Geotechnical Modeling, 9m radius centrifuge",Centrifuge,Rigid Container,1.69,0.9,0.54,Servo-Hydraulic,1,Displacement-Controlled-Cyclic,A pin and clevis attachment through a slot in the wall,Connection-Image-1.JPG,SSG_03_06_e,7-Nov-02,5,5,37,20,0.05,0.000125,0.05,Prototype,4,7777,1,None,Nevada Sand,4,80,9999,34,7777,7777,7777,7777,1657,7777,7777,7777,7777,7777,7777,7777,7777,7777,7777,7777,7777,7777,7777,7777,7777,7777,7777,7777,7777,7777,7777,7777,Rectangular ,Aluminum-6061,0.65,2.8,7777,7777,7777,7777,0,0.65,0.7,206,Rigid Shear Wall,Single-Wall.JPG,Aluminum-6061,4.7,20500,201,110.44,2208.79,110.44,8888,SSG_02_dataReport.pdf,20,7777,1.678571429,0.083,141.7,7777,Gajan_Kutter_2009.pdf,1D-H,5,3,0.3,132,input_ssg_03_06_e.pdf,input_disp_ssg_03_06_e.xlsx,deform_ssg_03_06_e.pdf,time_history_ssg_03_06_e.xlsx,M=V*Height+P*Delta,0.0558,0.3348,0.6486,0.0018,0.58,0.42,1.27,0.15,At local minimum,1.3418,1.2601,0.1491,Gajan_Kutter_2008.pdf,,No comment
421,"Gajan, S. and Kutter, B. L. (2009). ""Effects of moment-to-shear ratio on combined cyclic load-displacement behavior of shallow foundations from centrifuge experiments."" J. Geotech. Geoenviron. Eng., ASCE, 135(8), 1044-1055",B. L. Kutter,T. C. Hutchinson,B. L. Kutter and S. Gajan,NSF-PEER,SSG_04,"UC Davis, Center for Geotechnical Modeling, 9m radius centrifuge",Centrifuge,Rigid Container,1.69,0.9,0.54,Servo-Hydraulic,1,Displacement-Controlled-Cyclic,A pin and clevis attachment through a slot in the wall,Connection-Image-1.JPG,SSG_04_04_a,5-Dec-03,3,1,37,20,0.05,0.000125,0.05,Prototype,4,7777,1,None,Nevada Sand,4,80,9999,34,7777,7777,7777,7777,1657,7777,7777,7777,7777,7777,7777,7777,7777,7777,7777,7777,7777,7777,7777,7777,7777,7777,7777,7777,7777,7777,7777,7777,Rectangular ,Aluminum-6061,0.65,2.8,7777,7777,7777,7777,0,0.65,0,0,Rigid Shear Wall,Single-Wall.JPG,Aluminum-6061,5.3,36500,360,197.8,791.21,197.8,8888,SSG_02_dataReport.pdf,4,7777,1.892857143,0.357,178,7777,Gajan_Kutter_2009.pdf,1D-H,3,3,0.037,338,input_ssg_04_04_a.pdf,input_disp_ssg_04_04_a.xlsx,deform_ssg_04_04_a.pdf,time_history_ssg_04_04_a.xlsx,M=V*Height+P*Delta,0.0098,0.0588,0.0588,0.0006,0.43,0.02,1.31,1.31,At local minimum,0.9287,1.2998,1.2998,Gajan_Kutter_2008.pdf,,No comment
422,"Gajan, S. and Kutter, B. L. (2009). ""Effects of moment-to-shear ratio on combined cyclic load-displacement behavior of shallow foundations from centrifuge experiments."" J. Geotech. Geoenviron. Eng., ASCE, 135(8), 1044-1055",B. L. Kutter,T. C. Hutchinson,B. L. Kutter and S. Gajan,NSF-PEER,SSG_04,"UC Davis, Center for Geotechnical Modeling, 9m radius centrifuge",Centrifuge,Rigid Container,1.69,0.9,0.54,Servo-Hydraulic,1,Displacement-Controlled-Cyclic,A pin and clevis attachment through a slot in the wall,Connection-Image-1.JPG,SSG_04_04_b,5-Dec-03,3,2,37,20,0.05,0.000125,0.05,Prototype,4,7777,1,None,Nevada Sand,4,80,9999,34,7777,7777,7777,7777,1657,7777,7777,7777,7777,7777,7777,7777,7777,7777,7777,7777,7777,7777,7777,7777,7777,7777,7777,7777,7777,7777,7777,7777,Rectangular ,Aluminum-6061,0.65,2.8,7777,7777,7777,7777,0,0.65,0,0,Rigid Shear Wall,Single-Wall.JPG,Aluminum-6061,5.3,36500,360,197.8,791.21,197.8,8888,SSG_02_dataReport.pdf,4,7777,1.892857143,0.357,178,7777,Gajan_Kutter_2009.pdf,1D-H,3,3,0.077,337,input_ssg_04_04_b.pdf,input_disp_ssg_04_04_b.xlsx,deform_ssg_04_04_b.pdf,time_history_ssg_04_04_b.xlsx,M=V*Height+P*Delta,0.0221,0.1326,0.1914,0.0043,0.93,0.62,2.97,1.66,At local minimum,1.0873,2.9465,1.647,Gajan_Kutter_2008.pdf,,No comment
423,"Gajan, S. and Kutter, B. L. (2009). ""Effects of moment-to-shear ratio on combined cyclic load-displacement behavior of shallow foundations from centrifuge experiments."" J. Geotech. Geoenviron. Eng., ASCE, 135(8), 1044-1055",B. L. Kutter,T. C. Hutchinson,B. L. Kutter and S. Gajan,NSF-PEER,SSG_04,"UC Davis, Center for Geotechnical Modeling, 9m radius centrifuge",Centrifuge,Rigid Container,1.69,0.9,0.54,Servo-Hydraulic,1,Displacement-Controlled-Cyclic,A pin and clevis attachment through a slot in the wall,Connection-Image-1.JPG,SSG_04_04_c,5-Dec-03,3,3,37,20,0.05,0.000125,0.05,Prototype,4,7777,1,None,Nevada Sand,4,80,9999,34,7777,7777,7777,7777,1657,7777,7777,7777,7777,7777,7777,7777,7777,7777,7777,7777,7777,7777,7777,7777,7777,7777,7777,7777,7777,7777,7777,7777,Rectangular ,Aluminum-6061,0.65,2.8,7777,7777,7777,7777,0,0.65,0,0,Rigid Shear Wall,Single-Wall.JPG,Aluminum-6061,5.3,36500,360,197.8,791.21,197.8,8888,SSG_02_dataReport.pdf,4,7777,1.892857143,0.357,178,7777,Gajan_Kutter_2009.pdf,1D-H,3,3,0.16,324,input_ssg_04_04_c.pdf,input_disp_ssg_04_04_c.xlsx,deform_ssg_04_04_c.pdf,time_history_ssg_04_04_c.xlsx,M=V*Height+P*Delta,0.053,0.318,0.5094,0.014,2.52,2.15,5.88,2.9,At local minimum,1.1807,5.8332,2.8771,Gajan_Kutter_2008.pdf,,No comment
424,"Gajan, S. and Kutter, B. L. (2009). ""Effects of moment-to-shear ratio on combined cyclic load-displacement behavior of shallow foundations from centrifuge experiments."" J. Geotech. Geoenviron. Eng., ASCE, 135(8), 1044-1055",B. L. Kutter,T. C. Hutchinson,B. L. Kutter and S. Gajan,NSF-PEER,SSG_04,"UC Davis, Center for Geotechnical Modeling, 9m radius centrifuge",Centrifuge,Rigid Container,1.69,0.9,0.54,Servo-Hydraulic,1,Displacement-Controlled-Cyclic,A pin and clevis attachment through a slot in the wall,Connection-Image-1.JPG,SSG_04_06_a,8-Dec-03,3,1,37,20,0.05,0.000125,0.05,Prototype,4,7777,1,None,Nevada Sand,4,80,9999,34,7777,7777,7777,7777,1657,7777,7777,7777,7777,7777,7777,7777,7777,7777,7777,7777,7777,7777,7777,7777,7777,7777,7777,7777,7777,7777,7777,7777,Rectangular ,Aluminum-6061,0.65,2.8,7777,7777,7777,7777,0,0.65,0,0,Rigid Shear Wall,Single-Wall.JPG,Aluminum-6061,5,68000,667,366.48,842.91,366.48,8888,SSG_02_dataReport.pdf,2.3,7777,1.11,0.556,228,7777,Gajan_Kutter_2009.pdf,1D-H,3,3,0.037,331,input_ssg_04_06_a.pdf,input_disp_ssg_04_06_a.xlsx,deform_ssg_04_06_a.pdf,time_history_ssg_04_06_a.xlsx,M=V*Height+P*Delta,0.0096,0.0576,0.0576,0.0004,0.45,0.03,2,1.98,At local minimum,0.96,1.9843,1.9644,Gajan_Kutter_2008.pdf,,No comment
425,"Gajan, S. and Kutter, B. L. (2009). ""Effects of moment-to-shear ratio on combined cyclic load-displacement behavior of shallow foundations from centrifuge experiments."" J. Geotech. Geoenviron. Eng., ASCE, 135(8), 1044-1055",B. L. Kutter,T. C. Hutchinson,B. L. Kutter and S. Gajan,NSF-PEER,SSG_04,"UC Davis, Center for Geotechnical Modeling, 9m radius centrifuge",Centrifuge,Rigid Container,1.69,0.9,0.54,Servo-Hydraulic,1,Displacement-Controlled-Cyclic,A pin and clevis attachment through a slot in the wall,Connection-Image-1.JPG,SSG_04_06_b,8-Dec-03,3,2,37,20,0.05,0.000125,0.05,Prototype,4,7777,1,None,Nevada Sand,4,80,9999,34,7777,7777,7777,7777,1657,7777,7777,7777,7777,7777,7777,7777,7777,7777,7777,7777,7777,7777,7777,7777,7777,7777,7777,7777,7777,7777,7777,7777,Rectangular ,Aluminum-6061,0.65,2.8,7777,7777,7777,7777,0,0.65,0,0,Rigid Shear Wall,Single-Wall.JPG,Aluminum-6061,5,68000,667,366.48,842.91,366.48,8888,SSG_02_dataReport.pdf,2.3,7777,1.11,0.556,228,7777,Gajan_Kutter_2009.pdf,1D-H,3,3,0.076,335,input_ssg_04_06_b.pdf,input_disp_ssg_04_06_b.xlsx,deform_ssg_04_06_b.pdf,time_history_ssg_04_06_b.xlsx,M=V*Height+P*Delta,0.0214,0.1284,0.186,0.0014,0.76,0.19,5.44,3.42,At local minimum,1.0913,5.3968,3.3929,Gajan_Kutter_2008.pdf,,No comment
426,"Gajan, S. and Kutter, B. L. (2009). ""Effects of moment-to-shear ratio on combined cyclic load-displacement behavior of shallow foundations from centrifuge experiments."" J. Geotech. Geoenviron. Eng., ASCE, 135(8), 1044-1055",B. L. Kutter,T. C. Hutchinson,B. L. Kutter and S. Gajan,NSF-PEER,SSG_04,"UC Davis, Center for Geotechnical Modeling, 9m radius centrifuge",Centrifuge,Rigid Container,1.69,0.9,0.54,Servo-Hydraulic,1,Displacement-Controlled-Cyclic,A pin and clevis attachment through a slot in the wall,Connection-Image-1.JPG,SSG_04_06_c,8-Dec-03,3,3,37,20,0.05,0.000125,0.05,Prototype,4,7777,1,None,Nevada Sand,4,80,9999,34,7777,7777,7777,7777,1657,7777,7777,7777,7777,7777,7777,7777,7777,7777,7777,7777,7777,7777,7777,7777,7777,7777,7777,7777,7777,7777,7777,7777,Rectangular ,Aluminum-6061,0.65,2.8,7777,7777,7777,7777,0,0.65,0,0,Rigid Shear Wall,Single-Wall.JPG,Aluminum-6061,5,68000,667,366.48,842.91,366.48,8888,SSG_02_dataReport.pdf,2.3,7777,1.11,0.556,228,7777,Gajan_Kutter_2009.pdf,1D-H,3,3,0.158,347,input_ssg_04_06_c.pdf,input_disp_ssg_04_06_c.xlsx,deform_ssg_04_06_c.pdf,time_history_ssg_04_06_c.xlsx,M=V*Height+P*Delta,0.0498,0.2988,0.4848,0.0119,1.93,1.47,10.98,5.53,At local minimum,1.3388,10.8924,5.486,Gajan_Kutter_2008.pdf,,No comment
427,"Gajan, S. and Kutter, B. L. (2009). ""Effects of moment-to-shear ratio on combined cyclic load-displacement behavior of shallow foundations from centrifuge experiments."" J. Geotech. Geoenviron. Eng., ASCE, 135(8), 1044-1055",B. L. Kutter,T. C. Hutchinson,B. L. Kutter and S. Gajan,NSF-PEER,SSG_04,"UC Davis, Center for Geotechnical Modeling, 9m radius centrifuge",Centrifuge,Rigid Container,1.69,0.9,0.54,Servo-Hydraulic,1,Displacement-Controlled-Cyclic,A pin and clevis attachment through a slot in the wall,Connection-Image-1.JPG,SSG_04_07_a,9-Dec-03,3,1,37,20,0.05,0.000125,0.05,Prototype,4,7777,1,None,Nevada Sand,4,80,9999,34,7777,7777,7777,7777,1657,7777,7777,7777,7777,7777,7777,7777,7777,7777,7777,7777,7777,7777,7777,7777,7777,7777,7777,7777,7777,7777,7777,7777,Rectangular ,Aluminum-6061,0.65,2.8,7777,7777,7777,7777,0,0.65,0.7,152,Rigid Shear Wall,Single-Wall.JPG,Aluminum-6061,5,68000,667,366.48,2308.85,366.48,8888,SSG_02_dataReport.pdf,6.3,7777,1.28,0.25,384.8,7777,Gajan_Kutter_2009.pdf,1D-H,3,3,0.024,330,input_ssg_04_07_a.pdf,input_disp_ssg_04_07_a.xlsx,deform_ssg_04_07_a.pdf,time_history_ssg_04_07_a.xlsx,M=V*Height+P*Delta,0.0073,0.0438,0.0438,0.0012,0.22,0.03,0.76,0.75,At local minimum,0.6693,0.7542,0.7443,Gajan_Kutter_2008.pdf,,No comment
428,"Gajan, S. and Kutter, B. L. (2009). ""Effects of moment-to-shear ratio on combined cyclic load-displacement behavior of shallow foundations from centrifuge experiments."" J. Geotech. Geoenviron. Eng., ASCE, 135(8), 1044-1055",B. L. Kutter,T. C. Hutchinson,B. L. Kutter and S. Gajan,NSF-PEER,SSG_04,"UC Davis, Center for Geotechnical Modeling, 9m radius centrifuge",Centrifuge,Rigid Container,1.69,0.9,0.54,Servo-Hydraulic,1,Displacement-Controlled-Cyclic,A pin and clevis attachment through a slot in the wall,Connection-Image-1.JPG,SSG_04_07_b,9-Dec-03,3,2,37,20,0.05,0.000125,0.05,Prototype,4,7777,1,None,Nevada Sand,4,80,9999,34,7777,7777,7777,7777,1657,7777,7777,7777,7777,7777,7777,7777,7777,7777,7777,7777,7777,7777,7777,7777,7777,7777,7777,7777,7777,7777,7777,7777,Rectangular ,Aluminum-6061,0.65,2.8,7777,7777,7777,7777,0,0.65,0.7,152,Rigid Shear Wall,Single-Wall.JPG,Aluminum-6061,5,68000,667,366.48,2308.85,366.48,8888,SSG_02_dataReport.pdf,6.3,7777,1.28,0.25,384.8,7777,Gajan_Kutter_2009.pdf,1D-H,3,3,0.06,327,input_ssg_04_07_b.pdf,input_disp_ssg_04_07_b.xlsx,deform_ssg_04_07_b.pdf,time_history_ssg_04_07_b.xlsx,M=V*Height+P*Delta,0.0166,0.0996,0.1434,0.0002,0.45,0.39,1.42,0.67,At local minimum,0.92,1.4089,0.6649,Gajan_Kutter_2008.pdf,,No comment
429,"Gajan, S. and Kutter, B. L. (2009). ""Effects of moment-to-shear ratio on combined cyclic load-displacement behavior of shallow foundations from centrifuge experiments."" J. Geotech. Geoenviron. Eng., ASCE, 135(8), 1044-1055",B. L. Kutter,T. C. Hutchinson,B. L. Kutter and S. Gajan,NSF-PEER,SSG_04,"UC Davis, Center for Geotechnical Modeling, 9m radius centrifuge",Centrifuge,Rigid Container,1.69,0.9,0.54,Servo-Hydraulic,1,Displacement-Controlled-Cyclic,A pin and clevis attachment through a slot in the wall,Connection-Image-1.JPG,SSG_04_07_c,9-Dec-03,3,3,37,20,0.05,0.000125,0.05,Prototype,4,7777,1,None,Nevada Sand,4,80,9999,34,7777,7777,7777,7777,1657,7777,7777,7777,7777,7777,7777,7777,7777,7777,7777,7777,7777,7777,7777,7777,7777,7777,7777,7777,7777,7777,7777,7777,Rectangular ,Aluminum-6061,0.65,2.8,7777,7777,7777,7777,0,0.65,0.7,152,Rigid Shear Wall,Single-Wall.JPG,Aluminum-6061,5,68000,667,366.48,2308.85,366.48,8888,SSG_02_dataReport.pdf,6.3,7777,1.28,0.25,384.8,7777,Gajan_Kutter_2009.pdf,1D-H,3,3,0.137,323,input_ssg_04_07_c.pdf,input_disp_ssg_04_07_c.xlsx,deform_ssg_04_07_c.pdf,time_history_ssg_04_07_c.xlsx,M=V*Height+P*Delta,0.0419,0.2514,0.3948,0.0022,0.92,0.87,2.6,1.18,At local minimum,1.0307,2.5795,1.1708,Gajan_Kutter_2008.pdf,,No comment
430,"Negro,P.,Paolucci,R.,Pedretti,S. and Faccioli,E. (2000)."" Scale soil-structure interaction experiments on sand under cyclic loading."" Proc.12th World Conference Engineering,Auckland,New Zeland",E. Faccioli,"R. Paolucci, P. Negro",S. Pedretti,European Commission,TRISEE_HD,"European Laboratory for Structural Assessment, Joint Research Centre, Ispra, Italy",Large-Scale 1g,TRISEE,4.6,4.6,4,Hydraulic,1,Slow-Cyclic Force-Controlled Lateral Loading,A pin connection on the side of the structure.,TRISEE_Test_Configuration.jpg,TRISEE_HD_I,6-Nov-97,5,1,7777,1,1,1,1,Model,4,1,2,None,Ticino Sand,3,85,34.6,7,7777,7777,7777,7777,2000,23.5,0,1,77,7777,9999,7777,7777,7777,7777,2000,24.6,7777,7777,7777,,7777,7777,7777,7777,7777,7777,7777,Square,Steel,1,1,7777,7777,7777,0,0,0.1,1,0,Column,TRISEE_Test_Configuration.jpg,Steel,0.9,30900,300,300,1534,1510,1366,TRISEE_Calc.pdf,5.1,7777,0.9,0.22,117000,7777,TRISEE_Calc.pdf,1D Lateral Loading,5,1,3360,2,TRISEE_HD_I_Loading.pdf,TRISEE_HD_I_Loading_1.txt,TRISEE_HD_I_Def.pdf,TEISEE_HD_I_Packet_1-5.txt,M=V*Height+P*Delta,0.0000479,0.0000958,0.000096,0.0000089,0.0029,-0.00013,0.00047,0.000471,zero-shear,0.026,0.00047,0.000471,TRISEEReference.pdf,https://www.researchgate.net/publication/281589884_TRISEE_-_3D_site_effects_and_soil-foundation_interaction_in_earthquake_and_vibration_risk_evaluation,"(a)  The  HD specimen was subjected to design-level Vertical load (300KN) (which was kept constant throughout the whole loading sequence)  before Phase I cyclic lateral loading. The load was applied to the foundation by linear steps of about 50 kN. After the static loading phase, the final vertical settlement experienced by the  foundation was 7 mm. (b) Footing bearing capacity and rocking moment capacity of the foundation for the static axial load  have been calculated following  Faccioli et al.(2001). (c) The vertical displacement has been  obtained as the average vertical displacement measured by four transducers at the corners of the foundation plate."
431,"Negro,P.,Paolucci,R.,Pedretti,S. and Faccioli,E. (2000)."" Scale soil-structure interaction experiments on sand under cyclic loading."" Proc.12th World Conference Engineering,Auckland,New Zeland",E. Faccioli,"R. Paolucci, P. Negro",S. Pedretti,European Commission,TRISEE_HD,"European Laboratory for Structural Assessment, Joint Research Centre, Ispra, Italy",Large-Scale 1g,TRISEE,4.6,4.6,4,Hydraulic,1,Slow-Cyclic Force-Controlled Lateral Loading,A pin connection on the side of the structure.,TRISEE_Test_Configuration.jpg,TRISEE_HD_I,6-Nov-97,5,2,7777,1,1,1,1,Model,4,1,2,None,Ticino Sand,3,85,34.6,7,7777,7777,7777,7777,2000,23.5,0,1,77,7777,9999,7777,7777,7777,7777,2000,24.6,7777,7777,7777,,7777,7777,7777,7777,7777,7777,7777,Square,Steel,1,1,7777,7777,7777,0,0,0.1,1,0,Column,TRISEE_Test_Configuration.jpg,Steel,0.9,30900,300,300,1534,1510,1366,TRISEE_Calc.pdf,5.1,7777,0.9,0.22,117000,7777,TRISEE_Calc.pdf,1D Lateral Loading,5,1,6780,2,TRISEE_HD_I_Loading.pdf,TRISEE_HD_I_Loading_2.txt,TRISEE_HD_I_Def.pdf,TEISEE_HD_I_Packet_2-5.txt,M=V*Height+P*Delta,0.00010458,0.000209,0.000305,0.000023,-0.0053,-0.00018,0.00078,0.000313,zero-shear,0.052,0.00086279,0.0003922,TRISEEReference.pdf,https://www.researchgate.net/publication/281589884_TRISEE_-_3D_site_effects_and_soil-foundation_interaction_in_earthquake_and_vibration_risk_evaluation,"(a)  The  HD specimen was subjected to design-level Vertical load (300KN) (which was kept constant throughout the whole loading sequence)  before Phase I cyclic lateral loading. The load was applied to the foundation by linear steps of about 50 kN. After the static loading phase, the final vertical settlement experienced by the  foundation was 7 mm. (b) Footing bearing capacity and rocking moment capacity of the foundation for the static axial load  have been calculated following  Faccioli et al.(2001). (c) The vertical displacement has been  obtained as the average vertical displacement measured by four transducers at the corners of the foundation plate."
432,"Negro,P.,Paolucci,R.,Pedretti,S. and Faccioli,E. (2000)."" Scale soil-structure interaction experiments on sand under cyclic loading."" Proc.12th World Conference Engineering,Auckland,New Zeland",E. Faccioli,"R. Paolucci, P. Negro",S. Pedretti,European Commission,TRISEE_HD,"European Laboratory for Structural Assessment, Joint Research Centre, Ispra, Italy",Large-Scale 1g,TRISEE,4.6,4.6,4,Hydraulic,1,Slow-Cyclic Force-Controlled Lateral Loading,A pin connection on the side of the structure.,TRISEE_Test_Configuration.jpg,TRISEE_HD_I,6-Nov-97,5,3,7777,1,1,1,1,Model,4,1,2,None,Ticino Sand,3,85,34.6,7,7777,7777,7777,7777,2000,23.5,0,1,77,7777,9999,7777,7777,7777,7777,2000,24.6,7777,7777,7777,,7777,7777,7777,7777,7777,7777,7777,Square,Steel,1,1,7777,7777,7777,0,0,0.1,1,0,Column,TRISEE_Test_Configuration.jpg,Steel,0.9,30900,300,300,1534,1510,1366,TRISEE_Calc.pdf,5.1,7777,0.9,0.22,117000,7777,TRISEE_Calc.pdf,1D Lateral Loading,5,1,10100,2,TRISEE_HD_I_Loading.pdf,TRISEE_HD_I_Loading_3.txt,TRISEE_HD_I_Def.pdf,TEISEE_HD_I_Packet_3-5.txt,M=V*Height+P*Delta,0.00018612,0.000372,0.000677,0.000025,-0.0083,0.00036,0.0017,0.000866,zero-shear,0.078,0.00235305,0.00149026,TRISEEReference.pdf,https://www.researchgate.net/publication/281589884_TRISEE_-_3D_site_effects_and_soil-foundation_interaction_in_earthquake_and_vibration_risk_evaluation,"(a)  The  HD specimen was subjected to design-level Vertical load (300KN) (which was kept constant throughout the whole loading sequence)  before Phase I cyclic lateral loading. The load was applied to the foundation by linear steps of about 50 kN. After the static loading phase, the final vertical settlement experienced by the  foundation was 7 mm. (b) Footing bearing capacity and rocking moment capacity of the foundation for the static axial load  have been calculated following  Faccioli et al.(2001). (c) The vertical displacement has been  obtained as the average vertical displacement measured by four transducers at the corners of the foundation plate."
433,"Negro,P.,Paolucci,R.,Pedretti,S. and Faccioli,E. (2000)."" Scale soil-structure interaction experiments on sand under cyclic loading."" Proc.12th World Conference Engineering,Auckland,New Zeland",E. Faccioli,"R. Paolucci, P. Negro",S. Pedretti,European Commission,TRISEE_HD,"European Laboratory for Structural Assessment, Joint Research Centre, Ispra, Italy",Large-Scale 1g,TRISEE,4.6,4.6,4,Hydraulic,1,Slow-Cyclic Force-Controlled Lateral Loading,A pin connection on the side of the structure.,TRISEE_Test_Configuration.jpg,TRISEE_HD_I,6-Nov-97,5,4,7777,1,1,1,1,Model,4,1,2,None,Ticino Sand,3,85,34.6,7,7777,7777,7777,7777,2000,23.5,0,1,77,7777,9999,7777,7777,7777,7777,2000,24.6,7777,7777,7777,,7777,7777,7777,7777,7777,7777,7777,Square,Steel,1,1,7777,7777,7777,0,0,0.1,1,0,Column,TRISEE_Test_Configuration.jpg,Steel,0.9,30900,300,300,1534,1510,1366,TRISEE_Calc.pdf,5.1,7777,0.9,0.22,117000,7777,TRISEE_Calc.pdf,1D Lateral Loading,5,1,13400,2,TRISEE_HD_I_Loading.pdf,TRISEE_HD_I_Loading_4.txt,TRISEE_HD_I_Def.pdf,TEISEE_HD_I_Packet_4-5.txt,M=V*Height+P*Delta,0.00027474,0.000549,0.001227,0.000018,-0.012,-0.00035,0.0048,0.00313,zero-shear,0.1,0.00486293,0.00250988,TRISEEReference.pdf,https://www.researchgate.net/publication/281589884_TRISEE_-_3D_site_effects_and_soil-foundation_interaction_in_earthquake_and_vibration_risk_evaluation,"(a)  The  HD specimen was subjected to design-level Vertical load (300KN) (which was kept constant throughout the whole loading sequence)  before Phase I cyclic lateral loading. The load was applied to the foundation by linear steps of about 50 kN. After the static loading phase, the final vertical settlement experienced by the  foundation was 7 mm. (b) Footing bearing capacity and rocking moment capacity of the foundation for the static axial load  have been calculated following  Faccioli et al.(2001). (c) The vertical displacement has been  obtained as the average vertical displacement measured by four transducers at the corners of the foundation plate."
434,"Negro,P.,Paolucci,R.,Pedretti,S. and Faccioli,E. (2000)."" Scale soil-structure interaction experiments on sand under cyclic loading."" Proc.12th World Conference Engineering,Auckland,New Zeland",E. Faccioli,"R. Paolucci, P. Negro",S. Pedretti,European Commission,TRISEE_HD,"European Laboratory for Structural Assessment, Joint Research Centre, Ispra, Italy",Large-Scale 1g,TRISEE,4.6,4.6,4,Hydraulic,1,Slow-Cyclic Force-Controlled Lateral Loading,A pin connection on the side of the structure.,TRISEE_Test_Configuration.jpg,TRISEE_HD_I,6-Nov-97,5,5,7777,1,1,1,1,Model,4,1,2,None,Ticino Sand,3,85,34.6,7,7777,7777,7777,7777,2000,23.5,0,1,77,7777,9999,7777,7777,7777,7777,2000,24.6,7777,7777,7777,,7777,7777,7777,7777,7777,7777,7777,Square,Steel,1,1,7777,7777,7777,0,0,0.1,1,0,Column,TRISEE_Test_Configuration.jpg,Steel,0.9,30900,300,300,1534,1510,1366,TRISEE_Calc.pdf,5.1,7777,0.9,0.22,117000,7777,TRISEE_Calc.pdf,1D Lateral Loading,5,1,16900,2,TRISEE_HD_I_Loading.pdf,TRISEE_HD_I_Loading_5.txt,TRISEE_HD_I_Def.pdf,TEISEE_HD_I_Packet_5-5.txt,M=V*Height+P*Delta,0.00036514,0.00073,0.001957,0.0000053,-0.016,-0.00081,0.00965,0.00487,zero-shear,0.13,0.00964747,0.00527707,TRISEEReference.pdf,https://www.researchgate.net/publication/281589884_TRISEE_-_3D_site_effects_and_soil-foundation_interaction_in_earthquake_and_vibration_risk_evaluation,"(a)  The  HD specimen was subjected to design-level Vertical load (300KN) (which was kept constant throughout the whole loading sequence)  before Phase I cyclic lateral loading. The load was applied to the foundation by linear steps of about 50 kN. After the static loading phase, the final vertical settlement experienced by the  foundation was 7 mm. (b) Footing bearing capacity and rocking moment capacity of the foundation for the static axial load  have been calculated following  Faccioli et al.(2001). (c) The vertical displacement has been  obtained as the average vertical displacement measured by four transducers at the corners of the foundation plate."
435,"Negro,P.,Paolucci,R.,Pedretti,S. and Faccioli,E. (2000)."" Scale soil-structure interaction experiments on sand under cyclic loading."" Proc.12th World Conference Engineering,Auckland,New Zeland",E. Faccioli,"R. Paolucci, P. Negro",S. Pedretti,European Commission,TRISEE_HD,"European Laboratory for Structural Assessment, Joint Research Centre, Ispra, Italy",Large-Scale 1g,TRISEE,4.6,4.6,4,Hydraulic,1,Slow-Cyclic Force-Controlled Lateral Loading,A pin connection on the side of the structure.,TRISEE_Test_Configuration.jpg,TRISEE_HD_II,6-Nov-97,1,1,7777,1,1,1,1,Model,4,1,2,None,Ticino Sand,3,85,34.6,7,7777,7777,7777,7777,2000,23.5,0,1,77,7777,9999,7777,7777,7777,7777,2000,24.6,7777,7777,7777,,7777,7777,7777,7777,7777,7777,7777,Square,Steel,1,1,7777,7777,7777,0,0,0.1,1,0,Column,TRISEE_Test_Configuration.jpg,Steel,0.9,30900,300,300,1534,1448,933,TRISEE_Calc.pdf,5.1,7777,0.9,0.32,117000,7777,TRISEE_Calc.pdf,1D Lateral Loading,1,7777,64700,7.7,TRISEE_HD_II_Loading.pdf,TRISEE_HD_II_Loading.txt,TRISEE_HD_II_DefPlot.pdf,TRISEE_HD_II.txt,M=V*Height+P*Delta,0.0031693,7777,7777,7800,0.19,0.038,0.28,7777,N/A,0.5,0.276,7777,TRISEEReference.pdf,https://www.researchgate.net/publication/281589884_TRISEE_-_3D_site_effects_and_soil-foundation_interaction_in_earthquake_and_vibration_risk_evaluation, (a) Loading protocol simulates the inertial response for an earthquake. (b)  Phase II follows Phase I without repairing the soil. (c) The vertical displacement has been obtained as the average vertical displacement measured by four transducers at the corners of the foundation plate.
436,"Negro,P.,Paolucci,R.,Pedretti,S. and Faccioli,E. (2000)."" Scale soil-structure interaction experiments on sand under cyclic loading."" Proc.12th World Conference Engineering,Auckland,New Zeland",E. Faccioli,"R. Paolucci, P. Negro",S. Pedretti,European Commission,TRISEE_HD,"European Laboratory for Structural Assessment, Joint Research Centre, Ispra, Italy",Large-Scale 1g,TRISEE,4.6,4.6,4,Hydraulic,1,Slow-Cyclic Displacement-Controlled Lateral Loading,A pin connection on the side of the structure.,TRISEE_Test_Configuration.jpg,TRISEE_HD_III,6-Nov-97,8,1,7777,1,1,1,1,Model,4,1,2,None,Ticino Sand,3,85,34.6,7,7777,7777,7777,7777,2000,23.5,0,1,77,7777,9999,7777,7777,7777,7777,2000,24.6,7777,7777,7777,,7777,7777,7777,7777,7777,7777,7777,Square,Steel,1,1,7777,7777,7777,0,0,0.1,1,0,Column,TRISEE_Test_Configuration.jpg,Steel,0.9,30900,300,300,1534,1363,452,TRISEE_Calc.pdf,5.1,7777,0.9,0.66,117000,7777,TRISEE_Calc.pdf,1D Lateral Loading,8,2,0.00541,6,TRISEE_HD_III_Loading.pdf,TRISEE_HD_III_Loading_1.txt,TRISEE_HD_III_DefPlot.pdf,TRISEE_HD_III_Packet_1-8.txt,M=V*Height+P*Delta,0.0038216,0.015286,0.0153,-0.00018,0.21,-0.024,0.15,0.15,zero-shear,0.58,0.1520069,0.1520069,TRISEEReference.pdf,https://www.researchgate.net/publication/281589884_TRISEE_-_3D_site_effects_and_soil-foundation_interaction_in_earthquake_and_vibration_risk_evaluation," (a)Sine-shaped displacement cycles of increasing amplitude were imposed to the top of the structure, up to the attainment of a limit threshold of the foundation resistance. (b)  Phase II follows Phase I without repairing the soil. (c) The vertical displacement has been obtained as the average vertical displacement measured by four transducers at the corners of the foundation plate."
437,"Negro,P.,Paolucci,R.,Pedretti,S. and Faccioli,E. (2000)."" Scale soil-structure interaction experiments on sand under cyclic loading."" Proc.12th World Conference Engineering,Auckland,New Zeland",E. Faccioli,"R. Paolucci, P. Negro",S. Pedretti,European Commission,TRISEE_HD,"European Laboratory for Structural Assessment, Joint Research Centre, Ispra, Italy",Large-Scale 1g,TRISEE,4.6,4.6,4,Hydraulic,1,Slow-Cyclic Displacement-Controlled Lateral Loading,A pin connection on the side of the structure.,TRISEE_Test_Configuration.jpg,TRISEE_HD_III,6-Nov-97,8,2,7777,1,1,1,1,Model,4,1,2,None,Ticino Sand,3,85,34.6,7,7777,7777,7777,7777,2000,23.5,0,1,77,7777,9999,7777,7777,7777,7777,2000,24.6,7777,7777,7777,,7777,7777,7777,7777,7777,7777,7777,Square,Steel,1,1,7777,7777,7777,0,0,0.1,1,0,Column,TRISEE_Test_Configuration.jpg,Steel,0.9,30900,300,300,1534,1363,452,TRISEE_Calc.pdf,5.1,7777,0.9,0.66,117000,7777,TRISEE_Calc.pdf,1D Lateral Loading,8,2,0.00852,6,TRISEE_HD_III_Loading.pdf,TRISEE_HD_III_Loading_2.txt,TRISEE_HD_III_DefPlot.pdf,TRISEE_HD_III_Packet_2-8.txt,M=V*Height+P*Delta,0.00600537,0.024021,0.0393,-0.00027,0.31,-0.032,0.36,0.21,zero-shear,0.71,0.3636245,0.2116176,TRISEEReference.pdf,https://www.researchgate.net/publication/281589884_TRISEE_-_3D_site_effects_and_soil-foundation_interaction_in_earthquake_and_vibration_risk_evaluation," (a)Sine-shaped displacement cycles of increasing amplitude were imposed to the top of the structure, up to the attainment of a limit threshold of the foundation resistance. (b)  Phase II follows Phase I without repairing the soil. (c) The vertical displacement has been obtained as the average vertical displacement measured by four transducers at the corners of the foundation plate."
438,"Negro,P.,Paolucci,R.,Pedretti,S. and Faccioli,E. (2000)."" Scale soil-structure interaction experiments on sand under cyclic loading."" Proc.12th World Conference Engineering,Auckland,New Zeland",E. Faccioli,"R. Paolucci, P. Negro",S. Pedretti,European Commission,TRISEE_HD,"European Laboratory for Structural Assessment, Joint Research Centre, Ispra, Italy",Large-Scale 1g,TRISEE,4.6,4.6,4,Hydraulic,1,Slow-Cyclic Displacement-Controlled Lateral Loading,A pin connection on the side of the structure.,TRISEE_Test_Configuration.jpg,TRISEE_HD_III,6-Nov-97,8,3,7777,1,1,1,1,Model,4,1,2,None,Ticino Sand,3,85,34.6,7,7777,7777,7777,7777,2000,23.5,0,1,77,7777,9999,7777,7777,7777,7777,2000,24.6,7777,7777,7777,,7777,7777,7777,7777,7777,7777,7777,Square,Steel,1,1,7777,7777,7777,0,0,0.1,1,0,Column,TRISEE_Test_Configuration.jpg,Steel,0.9,30900,300,300,1534,1363,452,TRISEE_Calc.pdf,5.1,7777,0.9,0.66,117000,7777,TRISEE_Calc.pdf,1D Lateral Loading,8,2,0.0116,6,TRISEE_HD_III_Loading.pdf,TRISEE_HD_III_Loading_3.txt,TRISEE_HD_III_DefPlot.pdf,TRISEE_HD_III_Packet_3-8.txt,M=V*Height+P*Delta,0.00838058,0.033522,0.0728,-0.00052,0.42,-0.057,0.6,0.23,zero-shear,0.82,0.5951646,0.2315401,TRISEEReference.pdf,https://www.researchgate.net/publication/281589884_TRISEE_-_3D_site_effects_and_soil-foundation_interaction_in_earthquake_and_vibration_risk_evaluation," (a)Sine-shaped displacement cycles of increasing amplitude were imposed to the top of the structure, up to the attainment of a limit threshold of the foundation resistance. (b)  Phase II follows Phase I without repairing the soil. (c) The vertical displacement has been obtained as the average vertical displacement measured by four transducers at the corners of the foundation plate."
439,"Negro,P.,Paolucci,R.,Pedretti,S. and Faccioli,E. (2000)."" Scale soil-structure interaction experiments on sand under cyclic loading."" Proc.12th World Conference Engineering,Auckland,New Zeland",E. Faccioli,"R. Paolucci, P. Negro",S. Pedretti,European Commission,TRISEE_HD,"European Laboratory for Structural Assessment, Joint Research Centre, Ispra, Italy",Large-Scale 1g,TRISEE,4.6,4.6,4,Hydraulic,1,Slow-Cyclic Displacement-Controlled Lateral Loading,A pin connection on the side of the structure.,TRISEE_Test_Configuration.jpg,TRISEE_HD_III,6-Nov-97,8,4,7777,1,1,1,1,Model,4,1,2,None,Ticino Sand,3,85,34.6,7,7777,7777,7777,7777,2000,23.5,0,1,77,7777,9999,7777,7777,7777,7777,2000,24.6,7777,7777,7777,,7777,7777,7777,7777,7777,7777,7777,Square,Steel,1,1,7777,7777,7777,0,0,0.1,1,0,Column,TRISEE_Test_Configuration.jpg,Steel,0.9,30900,300,300,1534,1363,452,TRISEE_Calc.pdf,5.1,7777,0.9,0.66,117000,7777,TRISEE_Calc.pdf,1D Lateral Loading,8,2,0.015,6,TRISEE_HD_III_Loading.pdf,TRISEE_HD_III_Loading_4.txt,TRISEE_HD_III_DefPlot.pdf,TRISEE_HD_III_Packet_4-8.txt,M=V*Height+P*Delta,0.01136376,0.045455,0.1183,-0.0007,0.51,-0.097,0.82,0.22,zero-shear,0.9,0.8169785,0.2218139,TRISEEReference.pdf,https://www.researchgate.net/publication/281589884_TRISEE_-_3D_site_effects_and_soil-foundation_interaction_in_earthquake_and_vibration_risk_evaluation," (a)Sine-shaped displacement cycles of increasing amplitude were imposed to the top of the structure, up to the attainment of a limit threshold of the foundation resistance. (b)  Phase II follows Phase I without repairing the soil. (c) The vertical displacement has been obtained as the average vertical displacement measured by four transducers at the corners of the foundation plate."
440,"Negro,P.,Paolucci,R.,Pedretti,S. and Faccioli,E. (2000)."" Scale soil-structure interaction experiments on sand under cyclic loading."" Proc.12th World Conference Engineering,Auckland,New Zeland",E. Faccioli,"R. Paolucci, P. Negro",S. Pedretti,European Commission,TRISEE_HD,"European Laboratory for Structural Assessment, Joint Research Centre, Ispra, Italy",Large-Scale 1g,TRISEE,4.6,4.6,4,Hydraulic,1,Slow-Cyclic Displacement-Controlled Lateral Loading,A pin connection on the side of the structure.,TRISEE_Test_Configuration.jpg,TRISEE_HD_III,6-Nov-97,8,5,7777,1,1,1,1,Model,4,1,2,None,Ticino Sand,3,85,34.6,7,7777,7777,7777,7777,2000,23.5,0,1,77,7777,9999,7777,7777,7777,7777,2000,24.6,7777,7777,7777,,7777,7777,7777,7777,7777,7777,7777,Square,Steel,1,1,7777,7777,7777,0,0,0.1,1,0,Column,TRISEE_Test_Configuration.jpg,Steel,0.9,30900,300,300,1534,1363,452,TRISEE_Calc.pdf,5.1,7777,0.9,0.66,117000,7777,TRISEE_Calc.pdf,1D Lateral Loading,8,2,0.0187,6,TRISEE_HD_III_Loading.pdf,TRISEE_HD_III_Loading_5.txt,TRISEE_HD_III_DefPlot.pdf,TRISEE_HD_III_Packet_5-8.txt,M=V*Height+P*Delta,0.01456852,0.058274,0.1766,-0.00094,0.58,-0.12,1,0.22,zero-shear,0.95,1.0384789,0.2215004,TRISEEReference.pdf,https://www.researchgate.net/publication/281589884_TRISEE_-_3D_site_effects_and_soil-foundation_interaction_in_earthquake_and_vibration_risk_evaluation," (a)Sine-shaped displacement cycles of increasing amplitude were imposed to the top of the structure, up to the attainment of a limit threshold of the foundation resistance. (b)  Phase II follows Phase I without repairing the soil. (c) The vertical displacement has been obtained as the average vertical displacement measured by four transducers at the corners of the foundation plate."
441,"Negro,P.,Paolucci,R.,Pedretti,S. and Faccioli,E. (2000)."" Scale soil-structure interaction experiments on sand under cyclic loading."" Proc.12th World Conference Engineering,Auckland,New Zeland",E. Faccioli,"R. Paolucci, P. Negro",S. Pedretti,European Commission,TRISEE_HD,"European Laboratory for Structural Assessment, Joint Research Centre, Ispra, Italy",Large-Scale 1g,TRISEE,4.6,4.6,4,Hydraulic,1,Slow-Cyclic Displacement-Controlled Lateral Loading,A pin connection on the side of the structure.,TRISEE_Test_Configuration.jpg,TRISEE_HD_III,6-Nov-97,8,6,7777,1,1,1,1,Model,4,1,2,None,Ticino Sand,3,85,34.6,7,7777,7777,7777,7777,2000,23.5,0,1,77,7777,9999,7777,7777,7777,7777,2000,24.6,7777,7777,7777,,7777,7777,7777,7777,7777,7777,7777,Square,Steel,1,1,7777,7777,7777,0,0,0.1,1,0,Column,TRISEE_Test_Configuration.jpg,Steel,0.9,30900,300,300,1534,1363,452,TRISEE_Calc.pdf,5.1,7777,0.9,0.66,117000,7777,TRISEE_Calc.pdf,1D Lateral Loading,8,2,0.0222,6,TRISEE_HD_III_Loading.pdf,TRISEE_HD_III_Loading_6.txt,TRISEE_HD_III_DefPlot.pdf,TRISEE_HD_III_Packet_6-8.txt,M=V*Height+P*Delta,0.01815969,0.072639,0.2492,-0.0013,0.65,-0.12,1.2,0.21,zero-shear,0.98,1.245704,0.2072251,TRISEEReference.pdf,https://www.researchgate.net/publication/281589884_TRISEE_-_3D_site_effects_and_soil-foundation_interaction_in_earthquake_and_vibration_risk_evaluation," (a)Sine-shaped displacement cycles of increasing amplitude were imposed to the top of the structure, up to the attainment of a limit threshold of the foundation resistance. (b)  Phase II follows Phase I without repairing the soil. (c) The vertical displacement has been obtained as the average vertical displacement measured by four transducers at the corners of the foundation plate."
442,"Negro,P.,Paolucci,R.,Pedretti,S. and Faccioli,E. (2000)."" Scale soil-structure interaction experiments on sand under cyclic loading."" Proc.12th World Conference Engineering,Auckland,New Zeland",E. Faccioli,"R. Paolucci, P. Negro",S. Pedretti,European Commission,TRISEE_HD,"European Laboratory for Structural Assessment, Joint Research Centre, Ispra, Italy",Large-Scale 1g,TRISEE,4.6,4.6,4,Hydraulic,1,Slow-Cyclic Displacement-Controlled Lateral Loading,A pin connection on the side of the structure.,TRISEE_Test_Configuration.jpg,TRISEE_HD_III,6-Nov-97,8,7,7777,1,1,1,1,Model,4,1,2,None,Ticino Sand,3,85,34.6,7,7777,7777,7777,7777,2000,23.5,0,1,77,7777,9999,7777,7777,7777,7777,2000,24.6,7777,7777,7777,,7777,7777,7777,7777,7777,7777,7777,Square,Steel,1,1,7777,7777,7777,0,0,0.1,1,0,Column,TRISEE_Test_Configuration.jpg,Steel,0.9,30900,300,300,1534,1363,452,TRISEE_Calc.pdf,5.1,7777,0.9,0.66,117000,7777,TRISEE_Calc.pdf,1D Lateral Loading,8,2,0.0259,6,TRISEE_HD_III_Loading.pdf,TRISEE_HD_III_Loading_7.txt,TRISEE_HD_III_DefPlot.pdf,TRISEE_HD_III_Packet_7-8.txt,M=V*Height+P*Delta,0.02210182,0.088407,0.3376,-0.0017,0.73,-0.12,1.4,0.2,zero-shear,1,1.441713,0.196009,TRISEEReference.pdf,https://www.researchgate.net/publication/281589884_TRISEE_-_3D_site_effects_and_soil-foundation_interaction_in_earthquake_and_vibration_risk_evaluation," (a)Sine-shaped displacement cycles of increasing amplitude were imposed to the top of the structure, up to the attainment of a limit threshold of the foundation resistance. (b)  Phase II follows Phase I without repairing the soil. (c) The vertical displacement has been obtained as the average vertical displacement measured by four transducers at the corners of the foundation plate."
443,"Negro,P.,Paolucci,R.,Pedretti,S. and Faccioli,E. (2000)."" Scale soil-structure interaction experiments on sand under cyclic loading."" Proc.12th World Conference Engineering,Auckland,New Zeland",E. Faccioli,"R. Paolucci, P. Negro",S. Pedretti,European Commission,TRISEE_HD,"European Laboratory for Structural Assessment, Joint Research Centre, Ispra, Italy",Large-Scale 1g,TRISEE,4.6,4.6,4,Hydraulic,1,Slow-Cyclic Displacement-Controlled Lateral Loading,A pin connection on the side of the structure.,TRISEE_Test_Configuration.jpg,TRISEE_HD_III,6-Nov-97,8,8,7777,1,1,1,1,Model,4,1,2,None,Ticino Sand,3,85,34.6,7,7777,7777,7777,7777,2000,23.5,0,1,77,7777,9999,7777,7777,7777,7777,2000,24.6,7777,7777,7777,,7777,7777,7777,7777,7777,7777,7777,Square,Steel,1,1,7777,7777,7777,0,0,0.1,1,0,Column,TRISEE_Test_Configuration.jpg,Steel,0.9,30900,300,300,1534,1363,452,TRISEE_Calc.pdf,5.1,7777,0.9,0.66,117000,7777,TRISEE_Calc.pdf,1D Lateral Loading,8,2,0.0297,6,TRISEE_HD_III_Loading.pdf,TRISEE_HD_III_Loading_8.txt,TRISEE_HD_III_DefPlot.pdf,TRISEE_HD_III_Packet_8-8.txt,M=V*Height+P*Delta,0.02658635,0.106345,0.444,-0.0025,0.73,-0.088,1.6,0.19,zero-shear,1,1.6295648,0.1878518,TRISEEReference.pdf,https://www.researchgate.net/publication/281589884_TRISEE_-_3D_site_effects_and_soil-foundation_interaction_in_earthquake_and_vibration_risk_evaluation," (a)Sine-shaped displacement cycles of increasing amplitude were imposed to the top of the structure, up to the attainment of a limit threshold of the foundation resistance. (b)  Phase II follows Phase I without repairing the soil. (c) The vertical displacement has been obtained as the average vertical displacement measured by four transducers at the corners of the foundation plate."
444,"Negro,P.,Paolucci,R.,Pedretti,S. and Faccioli,E. (2000)."" Scale soil-structure interaction experiments on sand under cyclic loading."" Proc.12th World Conference Engineering,Auckland,New Zeland",E. Faccioli,"R. Paolucci, P. Negro",S. Pedretti,European Commission,TRISEE_LD,"European Laboratory for Structural Assessment, Joint Research Centre, Ispra, Italy",Large-Scale 1g,TRISEE,4.6,4.6,4,Hydraulic,1,Slow-Cyclic Force-Controlled Lateral Loading,A pin connection on the side of the structure.,TRISEE_Test_Configuration.jpg,TRISEE_LD_I,6-Mar-98,5,1,7777,1,1,1,1,Model,4,1,2,None,Ticino Sand,3,45,34.6,7,7777,7777,7777,7777,1900,28.7,0,1,77,7777,9999,7777,7777,7777,7777,2000,24.6,7777,7777,7777,,7777,7777,7777,7777,7777,7777,7777,Square,Steel,1,1,7777,7777,7777,0,0,0.1,1,0,Column,TRISEE_Test_Configuration.jpg,Steel,0.9,30900,100,100,707,698,626,TRISEE_Calc.pdf,7,7777,0.9,0.16,42000,7777,TRISEE_Calc.pdf,1D Lateral Loading,5,1,1380,2,TRISEE_LD_I_Loading.pdf,TRISEE_LD_I_Loading_1.txt,TRISEE_LD_I_DefPlot.pdf,TRISEE_LD_I_Packet_1-5.txt,M=V*Height+P*Delta,0.00005622,0.000112431,0.0001,0.0000132,0.0024,0.000004,0.0006,0.000602,zero-shear,0.031,0.0006018,0.0006018,TRISEEReference.pdf,https://www.researchgate.net/publication/281589884_TRISEE_-_3D_site_effects_and_soil-foundation_interaction_in_earthquake_and_vibration_risk_evaluation,"(a)  The  LD specimen was subjected to design-level Vertical load(100KN) (which was kept constant throughout the whole loading sequence)  before Phase I cyclic lateral loading. The load was applied to the foundation by linear steps of about 15 kN. After the static loading phase, the final vertical settlement experienced by the  foundation was 16 mm. (b) Footing bearing capacity and rocking moment capacity of the foundation for the static axial load  have been calculated following  Faccioli et al.(2001).  (c)The vertical displacement has been  obtained as the average vertical displacement measured by four transducers at the corners of the foundation plate."
445,"Negro,P.,Paolucci,R.,Pedretti,S. and Faccioli,E. (2000)."" Scale soil-structure interaction experiments on sand under cyclic loading."" Proc.12th World Conference Engineering,Auckland,New Zeland",E. Faccioli,"R. Paolucci, P. Negro",S. Pedretti,European Commission,TRISEE_LD,"European Laboratory for Structural Assessment, Joint Research Centre, Ispra, Italy",Large-Scale 1g,TRISEE,4.6,4.6,4,Hydraulic,1,Slow-Cyclic Force-Controlled Lateral Loading,A pin connection on the side of the structure.,TRISEE_Test_Configuration.jpg,TRISEE_LD_I,6-Mar-98,5,2,7777,1,1,1,1,Model,4,1,2,None,Ticino Sand,3,45,34.6,7,7777,7777,7777,7777,1900,28.7,0,1,77,7777,9999,7777,7777,7777,7777,2000,24.6,7777,7777,7777,,7777,7777,7777,7777,7777,7777,7777,Square,Steel,1,1,7777,7777,7777,0,0,0.1,1,0,Column,TRISEE_Test_Configuration.jpg,Steel,0.9,30900,100,100,707,698,626,TRISEE_Calc.pdf,7,7777,0.9,0.16,42000,7777,TRISEE_Calc.pdf,1D Lateral Loading,5,1,2540,2,TRISEE_LD_I_Loading.pdf,TRISEE_LD_I_Loading_2.txt,TRISEE_LD_I_DefPlot.pdf,TRISEE_LD_I_Packet_2-5.txt,M=V*Height+P*Delta,0.00011574,0.000231,0.000344,0.00000992,0.0048,-0.000002,0.0018,0.0012,zero-shear,0.057,0.0018055,0.0012037,TRISEEReference.pdf,https://www.researchgate.net/publication/281589884_TRISEE_-_3D_site_effects_and_soil-foundation_interaction_in_earthquake_and_vibration_risk_evaluation,"(a)  The  LD specimen was subjected to design-level Vertical load(100KN) (which was kept constant throughout the whole loading sequence)  before Phase I cyclic lateral loading. The load was applied to the foundation by linear steps of about 15 kN. After the static loading phase, the final vertical settlement experienced by the  foundation was 16 mm. (b) Footing bearing capacity and rocking moment capacity of the foundation for the static axial load  have been calculated following  Faccioli et al.(2001).  (c)The vertical displacement has been  obtained as the average vertical displacement measured by four transducers at the corners of the foundation plate."
446,"Negro,P.,Paolucci,R.,Pedretti,S. and Faccioli,E. (2000)."" Scale soil-structure interaction experiments on sand under cyclic loading."" Proc.12th World Conference Engineering,Auckland,New Zeland",E. Faccioli,"R. Paolucci, P. Negro",S. Pedretti,European Commission,TRISEE_LD,"European Laboratory for Structural Assessment, Joint Research Centre, Ispra, Italy",Large-Scale 1g,TRISEE,4.6,4.6,4,Hydraulic,1,Slow-Cyclic Force-Controlled Lateral Loading,A pin connection on the side of the structure.,TRISEE_Test_Configuration.jpg,TRISEE_LD_I,6-Mar-98,5,3,7777,1,1,1,1,Model,4,1,2,None,Ticino Sand,3,45,34.6,7,7777,7777,7777,7777,1900,28.7,0,1,77,7777,9999,7777,7777,7777,7777,2000,24.6,7777,7777,7777,,7777,7777,7777,7777,7777,7777,7777,Square,Steel,1,1,7777,7777,7777,0,0,0.1,1,0,Column,TRISEE_Test_Configuration.jpg,Steel,0.9,30900,100,100,707,698,626,TRISEE_Calc.pdf,7,7777,0.9,0.16,42000,7777,TRISEE_Calc.pdf,1D Lateral Loading,5,1,3870,2,TRISEE_LD_I_Loading.pdf,TRISEE_LD_I_Loading_3.txt,TRISEE_LD_I_DefPlot.pdf,TRISEE_LD_I_Packet_3-5.txt,M=V*Height+P*Delta,0.00020172,0.000403,0.000747,-0.00000662,0.0078,0.000003,0.0053,0.00346,zero-shear,0.086,0.0052662,0.0034607,TRISEEReference.pdf,https://www.researchgate.net/publication/281589884_TRISEE_-_3D_site_effects_and_soil-foundation_interaction_in_earthquake_and_vibration_risk_evaluation,"(a)  The  LD specimen was subjected to design-level Vertical load(100KN) (which was kept constant throughout the whole loading sequence)  before Phase I cyclic lateral loading. The load was applied to the foundation by linear steps of about 15 kN. After the static loading phase, the final vertical settlement experienced by the  foundation was 16 mm. (b) Footing bearing capacity and rocking moment capacity of the foundation for the static axial load  have been calculated following  Faccioli et al.(2001).  (c)The vertical displacement has been  obtained as the average vertical displacement measured by four transducers at the corners of the foundation plate."
447,"Negro,P.,Paolucci,R.,Pedretti,S. and Faccioli,E. (2000)."" Scale soil-structure interaction experiments on sand under cyclic loading."" Proc.12th World Conference Engineering,Auckland,New Zeland",E. Faccioli,"R. Paolucci, P. Negro",S. Pedretti,European Commission,TRISEE_LD,"European Laboratory for Structural Assessment, Joint Research Centre, Ispra, Italy",Large-Scale 1g,TRISEE,4.6,4.6,4,Hydraulic,1,Slow-Cyclic Force-Controlled Lateral Loading,A pin connection on the side of the structure.,TRISEE_Test_Configuration.jpg,TRISEE_LD_I,6-Mar-98,5,4,7777,1,1,1,1,Model,4,1,2,None,Ticino Sand,3,45,34.6,7,7777,7777,7777,7777,1900,28.7,0,1,77,7777,9999,7777,7777,7777,7777,2000,24.6,7777,7777,7777,,7777,7777,7777,7777,7777,7777,7777,Square,Steel,1,1,7777,7777,7777,0,0,0.1,1,0,Column,TRISEE_Test_Configuration.jpg,Steel,0.9,30900,100,100,707,698,626,TRISEE_Calc.pdf,7,7777,0.9,0.16,42000,7777,TRISEE_Calc.pdf,1D Lateral Loading,5,1,5150,2,TRISEE_LD_I_Loading.pdf,TRISEE_LD_I_Loading_4.txt,TRISEE_LD_I_DefPlot.pdf,TRISEE_LD_I_Packet_4-5.txt,M=V*Height+P*Delta,0.00024801,0.000496,0.001243,-0.0000132,-0.011,-0.000013,0.0095,0.00421,zero-shear,0.115,0.0094791,0.0042129,TRISEEReference.pdf,https://www.researchgate.net/publication/281589884_TRISEE_-_3D_site_effects_and_soil-foundation_interaction_in_earthquake_and_vibration_risk_evaluation,"(a)  The  LD specimen was subjected to design-level Vertical load(100KN) (which was kept constant throughout the whole loading sequence)  before Phase I cyclic lateral loading. The load was applied to the foundation by linear steps of about 15 kN. After the static loading phase, the final vertical settlement experienced by the  foundation was 16 mm. (b) Footing bearing capacity and rocking moment capacity of the foundation for the static axial load  have been calculated following  Faccioli et al.(2001).  (c)The vertical displacement has been  obtained as the average vertical displacement measured by four transducers at the corners of the foundation plate."
448,"Negro,P.,Paolucci,R.,Pedretti,S. and Faccioli,E. (2000)."" Scale soil-structure interaction experiments on sand under cyclic loading."" Proc.12th World Conference Engineering,Auckland,New Zeland",E. Faccioli,"R. Paolucci, P. Negro",S. Pedretti,European Commission,TRISEE_LD,"European Laboratory for Structural Assessment, Joint Research Centre, Ispra, Italy",Large-Scale 1g,TRISEE,4.6,4.6,4,Hydraulic,1,Slow-Cyclic Force-Controlled Lateral Loading,A pin connection on the side of the structure.,TRISEE_Test_Configuration.jpg,TRISEE_LD_I,6-Mar-98,5,5,7777,1,1,1,1,Model,4,1,2,None,Ticino Sand,3,45,34.6,7,7777,7777,7777,7777,1900,28.7,0,1,77,7777,9999,7777,7777,7777,7777,2000,24.6,7777,7777,7777,,7777,7777,7777,7777,7777,7777,7777,Square,Steel,1,1,7777,7777,7777,0,0,0.1,1,0,Column,TRISEE_Test_Configuration.jpg,Steel,0.9,30900,100,100,707,698,626,TRISEE_Calc.pdf,7,7777,0.9,0.16,42000,7777,TRISEE_Calc.pdf,1D Lateral Loading,5,1,6250,2,TRISEE_LD_I_Loading.pdf,TRISEE_LD_I_Loading_5.txt,TRISEE_LD_I_DefPlot.pdf,TRISEE_LD_I_Packet_5-5.txt,M=V*Height+P*Delta,0.00036375,0.000728,0.001971,-0.000102512,-0.017,-0.000039,0.022,0.012,zero-shear,0.14,0.02151,0.0120309,TRISEEReference.pdf,https://www.researchgate.net/publication/281589884_TRISEE_-_3D_site_effects_and_soil-foundation_interaction_in_earthquake_and_vibration_risk_evaluation,"(a)  The  LD specimen was subjected to design-level Vertical load(100KN) (which was kept constant throughout the whole loading sequence)  before Phase I cyclic lateral loading. The load was applied to the foundation by linear steps of about 15 kN. After the static loading phase, the final vertical settlement experienced by the  foundation was 16 mm. (b) Footing bearing capacity and rocking moment capacity of the foundation for the static axial load  have been calculated following  Faccioli et al.(2001).  (c)The vertical displacement has been  obtained as the average vertical displacement measured by four transducers at the corners of the foundation plate."
449,"Negro,P.,Paolucci,R.,Pedretti,S. and Faccioli,E. (2000)."" Scale soil-structure interaction experiments on sand under cyclic loading."" Proc.12th World Conference Engineering,Auckland,New Zeland",E. Faccioli,"R. Paolucci, P. Negro",S. Pedretti,European Commission,TRISEE_LD,"European Laboratory for Structural Assessment, Joint Research Centre, Ispra, Italy",Large-Scale 1g,TRISEE,4.6,4.6,4,Hydraulic,1,Slow-Cyclic Force-Controlled Lateral Loading,A pin connection on the side of the structure.,TRISEE_Test_Configuration.jpg,TRISEE_LD_II,6-Mar-98,1,1,7777,1,1,1,1,Model,4,1,2,None,Ticino Sand,3,45,34.6,7,7777,7777,7777,7777,1900,28.7,0,1,77,7777,9999,7777,7777,7777,7777,2000,24.6,7777,7777,7777,,7777,7777,7777,7777,7777,7777,7777,Square,Steel,1,1,7777,7777,7777,0,0,0.1,1,0,Column,TRISEE_Test_Configuration.jpg,Steel,0.9,30900,100,100,707,676,464,TRISEE_Calc.pdf,7,7777,0.9,0.21,42000,7777,TRISEE_Calc.pdf,1D Lateral Loading,1,7777,19200,3.7,TRISEE_LD_II_Loading.pdf,TRISEE_LD_II_Loading.txt,TRISEE_LD_II_DefPlot.pdf,TRISEE_LD_II.txt,M=V*Height+P*Delta,0.00582994,7777,7777,7800,-0.31,-0.16,1,7777,N/A,0.43,1.044,7777,TRISEEReference.pdf,https://www.researchgate.net/publication/281589884_TRISEE_-_3D_site_effects_and_soil-foundation_interaction_in_earthquake_and_vibration_risk_evaluation, (a) Loading protocol simulates the inertial response for an earthquake. (b)  Phase II follows Phase I without repairing the soil. (c) The vertical displacement has been obtained as the average vertical displacement measured by four transducers at the corners of the foundation plate.
450,"Negro,P.,Paolucci,R.,Pedretti,S. and Faccioli,E. (2000)."" Scale soil-structure interaction experiments on sand under cyclic loading."" Proc.12th World Conference Engineering,Auckland,New Zeland",E. Faccioli,"R. Paolucci, P. Negro",S. Pedretti,European Commission,TRISEE_LD,"European Laboratory for Structural Assessment, Joint Research Centre, Ispra, Italy",Large-Scale 1g,TRISEE,4.6,4.6,4,Hydraulic,1,Slow-Cyclic Displacement-Controlled Lateral Loading,A pin connection on the side of the structure.,TRISEE_Test_Configuration.jpg,TRISEE_LD_III,6-Mar-98,7,1,7777,1,1,1,1,Model,4,1,2,None,Ticino Sand,3,45,34.6,7,7777,7777,7777,7777,1900,28.7,0,1,77,7777,9999,7777,7777,7777,7777,2000,24.6,7777,7777,7777,,7777,7777,7777,7777,7777,7777,7777,Square,Steel,1,1,7777,7777,7777,0,0,0.1,1,0,Column,TRISEE_Test_Configuration.jpg,Steel,0.9,30900,100,100,707,643,210,TRISEE_Calc.pdf,7,7777,0.9,0.47,42000,7777,TRISEE_Calc.pdf,1D Lateral Loading,7,1,0.0137,3,TRISEE_LD_III_Loading.pdf,TRISEE_LD_III_Loading_1.txt,TRISEE_LD_III_DefPlot.pdf,TEISEE_LD_III_Packet_1-7.txt,M=V*Height+P*Delta,0.01017512,0.02035,0.0204,-0.00057,0.45,-0.037,0.702,0.702,zero-shear,0.617,0.7018999,0.7018999,TRISEEReference.pdf,https://www.researchgate.net/publication/281589884_TRISEE_-_3D_site_effects_and_soil-foundation_interaction_in_earthquake_and_vibration_risk_evaluation,"(a)Sine-shaped displacement cycles of increasing amplitude were imposed to the top of the structure, up to the attainment of a limit threshold of the foundation. (b) The vertical displacement has been obtained as the average vertical displacement measured by four transducers at the corners of the foundation plate."
451,"Negro,P.,Paolucci,R.,Pedretti,S. and Faccioli,E. (2000)."" Scale soil-structure interaction experiments on sand under cyclic loading."" Proc.12th World Conference Engineering,Auckland,New Zeland",E. Faccioli,"R. Paolucci, P. Negro",S. Pedretti,European Commission,TRISEE_LD,"European Laboratory for Structural Assessment, Joint Research Centre, Ispra, Italy",Large-Scale 1g,TRISEE,4.6,4.6,4,Hydraulic,1,Slow-Cyclic Displacement-Controlled Lateral Loading,A pin connection on the side of the structure.,TRISEE_Test_Configuration.jpg,TRISEE_LD_III,6-Mar-98,7,2,7777,1,1,1,1,Model,4,1,2,None,Ticino Sand,3,45,34.6,7,7777,7777,7777,7777,1900,28.7,0,1,77,7777,9999,7777,7777,7777,7777,2000,24.6,7777,7777,7777,,7777,7777,7777,7777,7777,7777,7777,Square,Steel,1,1,7777,7777,7777,0,0,0.1,1,0,Column,TRISEE_Test_Configuration.jpg,Steel,0.9,30900,100,100,707,643,210,TRISEE_Calc.pdf,7,7777,0.9,0.47,42000,7777,TRISEE_Calc.pdf,1D Lateral Loading,7,1,0.0193,3,TRISEE_LD_III_Loading.pdf,TRISEE_LD_III_Loading_2.txt,TRISEE_LD_III_DefPlot.pdf,TEISEE_LD_III_Packet_2-7.txt,M=V*Height+P*Delta,0.01438472,0.028769,0.0491,-0.0013,-0.59,-0.0886,1.57,0.866,zero-shear,0.721,1.5681028,0.8662029,TRISEEReference.pdf,https://www.researchgate.net/publication/281589884_TRISEE_-_3D_site_effects_and_soil-foundation_interaction_in_earthquake_and_vibration_risk_evaluation,"(a)Sine-shaped displacement cycles of increasing amplitude were imposed to the top of the structure, up to the attainment of a limit threshold of the foundation. (b) The vertical displacement has been obtained as the average vertical displacement measured by four transducers at the corners of the foundation plate."
452,"Negro,P.,Paolucci,R.,Pedretti,S. and Faccioli,E. (2000)."" Scale soil-structure interaction experiments on sand under cyclic loading."" Proc.12th World Conference Engineering,Auckland,New Zeland",E. Faccioli,"R. Paolucci, P. Negro",S. Pedretti,European Commission,TRISEE_LD,"European Laboratory for Structural Assessment, Joint Research Centre, Ispra, Italy",Large-Scale 1g,TRISEE,4.6,4.6,4,Hydraulic,1,Slow-Cyclic Displacement-Controlled Lateral Loading,A pin connection on the side of the structure.,TRISEE_Test_Configuration.jpg,TRISEE_LD_III,6-Mar-98,7,3,7777,1,1,1,1,Model,4,1,2,None,Ticino Sand,3,45,34.6,7,7777,7777,7777,7777,1900,28.7,0,1,77,7777,9999,7777,7777,7777,7777,2000,24.6,7777,7777,7777,,7777,7777,7777,7777,7777,7777,7777,Square,Steel,1,1,7777,7777,7777,0,0,0.1,1,0,Column,TRISEE_Test_Configuration.jpg,Steel,0.9,30900,100,100,707,643,210,TRISEE_Calc.pdf,7,7777,0.9,0.47,42000,7777,TRISEE_Calc.pdf,1D Lateral Loading,7,1,0.0257,3,TRISEE_LD_III_Loading.pdf,TRISEE_LD_III_Loading_3.txt,TRISEE_LD_III_DefPlot.pdf,TEISEE_LD_III_Packet_3-7.txt,M=V*Height+P*Delta,0.01930198,0.038604,0.0877,-0.0025,-0.76,-0.155,2.51,0.946,zero-shear,0.809,2.5145014,0.9463986,TRISEEReference.pdf,https://www.researchgate.net/publication/281589884_TRISEE_-_3D_site_effects_and_soil-foundation_interaction_in_earthquake_and_vibration_risk_evaluation,"(a)Sine-shaped displacement cycles of increasing amplitude were imposed to the top of the structure, up to the attainment of a limit threshold of the foundation. (b) The vertical displacement has been obtained as the average vertical displacement measured by four transducers at the corners of the foundation plate."
453,"Negro,P.,Paolucci,R.,Pedretti,S. and Faccioli,E. (2000)."" Scale soil-structure interaction experiments on sand under cyclic loading."" Proc.12th World Conference Engineering,Auckland,New Zeland",E. Faccioli,"R. Paolucci, P. Negro",S. Pedretti,European Commission,TRISEE_LD,"European Laboratory for Structural Assessment, Joint Research Centre, Ispra, Italy",Large-Scale 1g,TRISEE,4.6,4.6,4,Hydraulic,1,Slow-Cyclic Displacement-Controlled Lateral Loading,A pin connection on the side of the structure.,TRISEE_Test_Configuration.jpg,TRISEE_LD_III,6-Mar-98,7,4,7777,1,1,1,1,Model,4,1,2,None,Ticino Sand,3,45,34.6,7,7777,7777,7777,7777,1900,28.7,0,1,77,7777,9999,7777,7777,7777,7777,2000,24.6,7777,7777,7777,,7777,7777,7777,7777,7777,7777,7777,Square,Steel,1,1,7777,7777,7777,0,0,0.1,1,0,Column,TRISEE_Test_Configuration.jpg,Steel,0.9,30900,100,100,707,643,210,TRISEE_Calc.pdf,7,7777,0.9,0.47,42000,7777,TRISEE_Calc.pdf,1D Lateral Loading,7,1,0.033,3,TRISEE_LD_III_Loading.pdf,TRISEE_LD_III_Loading_4.txt,TRISEE_LD_III_DefPlot.pdf,TEISEE_LD_III_Packet_4-7.txt,M=V*Height+P*Delta,0.02451024,0.04902,0.1367,-0.0036,-1,-0.273,3.51,0.996,zero-shear,0.88,3.5102514,0.99575,TRISEEReference.pdf,https://www.researchgate.net/publication/281589884_TRISEE_-_3D_site_effects_and_soil-foundation_interaction_in_earthquake_and_vibration_risk_evaluation,"(a)Sine-shaped displacement cycles of increasing amplitude were imposed to the top of the structure, up to the attainment of a limit threshold of the foundation. (b) The vertical displacement has been obtained as the average vertical displacement measured by four transducers at the corners of the foundation plate."
454,"Negro,P.,Paolucci,R.,Pedretti,S. and Faccioli,E. (2000)."" Scale soil-structure interaction experiments on sand under cyclic loading."" Proc.12th World Conference Engineering,Auckland,New Zeland",E. Faccioli,"R. Paolucci, P. Negro",S. Pedretti,European Commission,TRISEE_LD,"European Laboratory for Structural Assessment, Joint Research Centre, Ispra, Italy",Large-Scale 1g,TRISEE,4.6,4.6,4,Hydraulic,1,Slow-Cyclic Displacement-Controlled Lateral Loading,A pin connection on the side of the structure.,TRISEE_Test_Configuration.jpg,TRISEE_LD_III,6-Mar-98,7,5,7777,1,1,1,1,Model,4,1,2,None,Ticino Sand,3,45,34.6,7,7777,7777,7777,7777,1900,28.7,0,1,77,7777,9999,7777,7777,7777,7777,2000,24.6,7777,7777,7777,,7777,7777,7777,7777,7777,7777,7777,Square,Steel,1,1,7777,7777,7777,0,0,0.1,1,0,Column,TRISEE_Test_Configuration.jpg,Steel,0.9,30900,100,100,707,643,210,TRISEE_Calc.pdf,7,7777,0.9,0.47,42000,7777,TRISEE_Calc.pdf,1D Lateral Loading,7,1,0.0394,3,TRISEE_LD_III_Loading.pdf,TRISEE_LD_III_Loading_5.txt,TRISEE_LD_III_DefPlot.pdf,TEISEE_LD_III_Packet_5-7.txt,M=V*Height+P*Delta,0.02859417,0.057188,0.1939,-0.0046,-1.3,-0.449,4.53,1.02,zero-shear,0.931,4.5275171,1.0172657,TRISEEReference.pdf,https://www.researchgate.net/publication/281589884_TRISEE_-_3D_site_effects_and_soil-foundation_interaction_in_earthquake_and_vibration_risk_evaluation,"(a)Sine-shaped displacement cycles of increasing amplitude were imposed to the top of the structure, up to the attainment of a limit threshold of the foundation. (b) The vertical displacement has been obtained as the average vertical displacement measured by four transducers at the corners of the foundation plate."
455,"Negro,P.,Paolucci,R.,Pedretti,S. and Faccioli,E. (2000)."" Scale soil-structure interaction experiments on sand under cyclic loading."" Proc.12th World Conference Engineering,Auckland,New Zeland",E. Faccioli,"R. Paolucci, P. Negro",S. Pedretti,European Commission,TRISEE_LD,"European Laboratory for Structural Assessment, Joint Research Centre, Ispra, Italy",Large-Scale 1g,TRISEE,4.6,4.6,4,Hydraulic,1,Slow-Cyclic Displacement-Controlled Lateral Loading,A pin connection on the side of the structure.,TRISEE_Test_Configuration.jpg,TRISEE_LD_III,6-Mar-98,7,6,7777,1,1,1,1,Model,4,1,2,None,Ticino Sand,3,45,34.6,7,7777,7777,7777,7777,1900,28.7,0,1,77,7777,9999,7777,7777,7777,7777,2000,24.6,7777,7777,7777,,7777,7777,7777,7777,7777,7777,7777,Square,Steel,1,1,7777,7777,7777,0,0,0.1,1,0,Column,TRISEE_Test_Configuration.jpg,Steel,0.9,30900,100,100,707,643,210,TRISEE_Calc.pdf,7,7777,0.9,0.47,42000,7777,TRISEE_Calc.pdf,1D Lateral Loading,7,1,0.0446,3,TRISEE_LD_III_Loading.pdf,TRISEE_LD_III_Loading_6.txt,TRISEE_LD_III_DefPlot.pdf,TEISEE_LD_III_Packet_6-7.txt,M=V*Height+P*Delta,0.0316563,0.063313,0.2572,-0.0057,-1.5,-0.637,5.51,0.978,zero-shear,0.988,5.5056635,0.9781464,TRISEEReference.pdf,https://www.researchgate.net/publication/281589884_TRISEE_-_3D_site_effects_and_soil-foundation_interaction_in_earthquake_and_vibration_risk_evaluation,"(a)Sine-shaped displacement cycles of increasing amplitude were imposed to the top of the structure, up to the attainment of a limit threshold of the foundation. (b) The vertical displacement has been obtained as the average vertical displacement measured by four transducers at the corners of the foundation plate."
456,"Negro,P.,Paolucci,R.,Pedretti,S. and Faccioli,E. (2000)."" Scale soil-structure interaction experiments on sand under cyclic loading."" Proc.12th World Conference Engineering,Auckland,New Zeland",E. Faccioli,"R. Paolucci, P. Negro",S. Pedretti,European Commission,TRISEE_LD,"European Laboratory for Structural Assessment, Joint Research Centre, Ispra, Italy",Large-Scale 1g,TRISEE,4.6,4.6,4,Hydraulic,1,Slow-Cyclic Displacement-Controlled Lateral Loading,A pin connection on the side of the structure.,TRISEE_Test_Configuration.jpg,TRISEE_LD_III,6-Mar-98,7,7,7777,1,1,1,1,Model,4,1,2,None,Ticino Sand,3,45,34.6,7,7777,7777,7777,7777,1900,28.7,0,1,77,7777,9999,7777,7777,7777,7777,2000,24.6,7777,7777,7777,,7777,7777,7777,7777,7777,7777,7777,Square,Steel,1,1,7777,7777,7777,0,0,0.1,1,0,Column,TRISEE_Test_Configuration.jpg,Steel,0.9,30900,100,100,707,643,210,TRISEE_Calc.pdf,7,7777,0.9,0.47,42000,7777,TRISEE_Calc.pdf,1D Lateral Loading,7,1,0.0457,3,TRISEE_LD_III_Loading.pdf,TRISEE_LD_III_Loading_7.txt,TRISEE_LD_III_DefPlot.pdf,TEISEE_LD_III_Packet_7-7.txt,M=V*Height+P*Delta,0.03016,0.06032,0.3176,-0.0068,-1.8,-0.81,6.29,0.788,zero-shear,1.033,6.2936266,0.7879631,TRISEEReference.pdf,https://www.researchgate.net/publication/281589884_TRISEE_-_3D_site_effects_and_soil-foundation_interaction_in_earthquake_and_vibration_risk_evaluation,"(a)Sine-shaped displacement cycles of increasing amplitude were imposed to the top of the structure, up to the attainment of a limit threshold of the foundation. (b) The vertical displacement has been obtained as the average vertical displacement measured by four transducers at the corners of the foundation plate."
