1,2,3,4,5,6,7,8,9,10,11,12,13,14,15,16,17,18,19,20,21,22,23,24,25,26,27,28,29,30,31,32,33,34,35,36,37,38,39,40,41,42,43,44,45,46,47,48,49,50,51,52,53,54,55,56,57,58,59,60,61,62,63,64,65,66,67,68,69,70,71,72,73,74,75,76,77,78,79,80,81,82,83,84,85,86,87,88,89,90,91,92,93,94,95,96,97,98,99,100,101,102,103,104,105,106,107,108,109,110,111,112,113,114,115,116,117,118,119,120,121,122,123,124,125,126,127,128,129,130,131,132,133,134,135,136,137,138,139,140,141,142,143,144,145,146,147,148,149,150,151,152,153,154,155,156,157,158,159,160,161,162,163,164,165,166,167,168,169,170,171,172,173,174,175,176,177,178,179,180,181,182,183,184,185,,,
2,Sorting Info,,,Test Series Info,,,,,,,,,,,,,Event Info,,,,,,,,,,,,Soil Profile Properties,,,,,,,,,,,,,,,,,,,,,,,,,,,,,,,,,,,Structural Properties,,,,,,,,,,,,,,,,,,,,,,,,,,,,,,,Rocking System Properties,,,,,,,,,,,,,Ground Motion Properties,,,,,,,,,,,,,,,,,,,,,,,,,,,,,,Performance Results,,,,,,,,,,,,,,,,,,,,,,,,,,,Miscellaneous,,Report(s),,,,Data,,,,"Photos, Videos, etc.",Drawings/Diagrams,Information,,,,,,,,,,
3,Title,Experiment or Case ID,Event No,Project Data Citation,Project Title,PI,Co-PIs,Sponsor,Test Researchers,Test Site,Test Type,Equipment,Container,L_con,B_con,H_con,Event Date,Test Day,Struct,ESN,Initial Conditions,A*,L*,T*,M*,RPM,g-field,Units Scale,H_soil,D_wat,Saturation Fluid,Soil Layers No,Soil Modification,Mat_L1,H_L1,Dr_L1,Dr_stdev_L1,Su_L1_t,Su_L1_m,Su_L1_b,Su_stdev_L1_m,rho_L1,w_L1,Mat_L2,H_L2,Dr_L2,Dr_stdev_L2,Su_L2_t,Su_L2_m,Su_L2_b,Su_stdev_L2_m,rho_L2,w_L2,Mat_L3,H_L3,Dr_L3,Dr_stdev_L3,Su_L3_t,Su_L3_m,Su_L3_b,Su_stdev_L3_m,rho_L3,w_L3,Struct_Type,Shape_f,Mat_f,L,B,B_min,t_w,t_fl,MAR,Skew_Angle,D,t,m_f,I_f,h_cf,m_o,h_co,Mat_c,H_c,m_c,I_c,h_cc,m_d,I_d,h_cd,m_s,I_s,h_cs,P_st,q,T_0,M/(VL),FS_va,FS_ve,A/A_c0a,A/A_ca,A/A_ce,M_cfa,M_cfe,M_cc,C_r,C_y,T_1a,T_1e,Shaking DOFs,Motion Name,Earthquake Event,Recording Station,AF,Motion Modification/Comment,PGA_B,PGV_B,PGD_B,Tp_B,Tm_B,Tbd_B,Td_B,a_rms_B,Ia_B,cIa_B,CAV5_B,cCAV5_B,PGA_S,PGV_S,PGD_S,Tp_S,Tm_S,Tbd_S,Td_S,a_rms_S,Ia_S,cIa_S,CAV5_S,cCAV5_S,pkDR,ipkDR,resDR,iresDR,DR Ref. Point,pkRot,ipkRot,resRot,iresRot,cRot,ccRot,pkSlid,ipkSlid,resSlid,iresSlid,resSet,iresSet,resSet_FF,iresSet_FF,maxP,minP,maxM,minM_cf,maxV,Force Demands Filter,T_1e_be,T_1e_ae,Ref. Event ID,Project Website,Critical Plot,System Properties Calculation Sources,References,Comments,Critical Data,Baseline Corrected Motions,Response Spectra,Supplemental Data,Structure and Test Photos,Structure and Test Drawings,Experiment Start Date,Experiment End Date,Source,Keywords,Latitude,Longitude,Compiled By,Compiled On,,,
4,,,,,,,,,,,,,,m,m,m,yyyy-mm-dd,,,,,,,,,,,,m,m,,,,,m,%,%,kPa,kPa,kPa,kPa,kg/m3,%,,m,%,%,kPa,kPa,kPa,kPa,kg/m3,%,,m,%,%,kPa,kPa,kPa,kPa,kg/m3,%,,,,m,m,m,m,m,%,deg,m,m,kg,kg-m2,m,kg,m,,m,kg,kg-m2,m,kg,kg-m2,m,kg,kg-m2,m,kN,kPa,s,,,,,,,kN-m,kN-m,kN-m,,,s,s,,,,,,,g,cm/s,cm,s,s,s,s,g,m/s,m/s,g-s,g-s,g,cm/s,cm,s,s,s,s,g,m/s,m/s,g-s,g-s,%,%,%,%,,rad,rad,rad,rad,rad,rad,%,%,%,%,%,%,%,%,,,,,,,s,s,,,,,,,,,,,,,yyyy-mm-dd,yyyy-mm-dd,,,decimal deg.,decimal deg.,,yyyy-mm-dd,,,
5,"Title of the project, group of experiments, simulations or surveys.","ID assigned by the source to the sample, specimen, case, survey, site, experiment or simulation: [Test ID]-[Test Day]-[Struct]-[ESN].",Sequential database event number.,"Citation(s) that users must also cite, when heavily using this project data.",The title of the project.,The Principal Investigator of the project.,The Co-Principal Investigator(s) of the project.,Sponsor(s)/funding source(s) of the project.,Non-PI researchers of the test.,Name of the facility that the test was conducted at.,"Categorization of the test (e.g., centrifuge, small-scale 1g).",Description of experimental equipment.,Facility name for the container used.,Inner dimension of the model container along x-axis.,Inner dimension of the model container along y-axis.,Inner height of the model container.,Date of the event.,Test day number.,Database name of the structure in the event.,Event Sequence Number: the n-th motion in the shaking sequence of the test day.,"Description of initial conditions at the start of the test day relevant to the event (e.g., new model, local repair of damaged soil and reinstallation of the structure on level ground without tilting).","Acceleration scale factor: model acceleration over prototype acceleration. For centrifuge testing, it should be reported at the base of the footing.",Length scale factor: model length/displacement over prototype length/displacement.,Dynamic time scale factor: model time over prototype time.,Mass scale factor: model mass over prototype mass.,Revolutions per minute of the centrifuge bucket during the event.,Whether constant or variable g-field has been considered in the scaling and processing of the data.,"Whether dimensional quantities are reported in prototype or model scale. For prototype scale, all quantities are consistently converted from model scale based on the provided scaling laws; for model scale, all quantities are reported as actual dimensions of the test without scaling, unless otherwise noted.",Initial total thickness of the soil profile.,Initial average depth of water table below (+) or above (-) the soil surface.,"Description of pore fluid, and viscosity if other than water.",Number of distinct constructed soil layers.,"Description of ground modification (e.g., piles, DSM, rigid inclusions).",Material type of layer 1.,Initial thickness of layer 1.,"Initial average relative density of layer 1, if it consists of sand.","Estimate of standard deviation of relative density of layer 1, if it consists of sand.","Undrained shear strength at the top of layer 1, if it consists of saturated clay.","Undrained shear strength at the middle of layer 1, if it consists of saturated clay.","Undrained shear strength at the bottom of layer 1, if it consists of saturated clay.","Estimate of standard deviation of undrained shear strength at the middle of layer 1, if it consists of saturated clay.",Initial average total density of layer 1.,Initial average water content of layer 1.,Material type of layer 2.,Initial thickness of layer 2.,"Initial average relative density of layer 2, if it consists of sand.","Estimate of standard deviation of relative density of layer 2, if it consists of sand.","Undrained shear strength at the top of layer 2, if it consists of saturated clay.","Undrained shear strength at the middle of layer 2, if it consists of saturated clay.","Undrained shear strength at the bottom of layer 2, if it consists of saturated clay.","Estimate of standard deviation of undrained shear strength at the middle of layer 2, if it consists of saturated clay.",Initial average total density of layer 2.,Initial average water content of layer 2.,Material type of layer 3.,Initial thickness of layer 3.,"Initial average relative density of layer 3, if it consists of sand.","Estimate of standard deviation of relative density of layer 3, if it consists of sand.","Undrained shear strength at the top of layer 3, if it consists of saturated clay.","Undrained shear strength at the middle of layer 3, if it consists of saturated clay.","Undrained shear strength at the bottom of layer 3, if it consists of saturated clay.","Estimate of standard deviation of undrained shear strength at the middle of layer 3, if it consists of saturated clay.",Initial average total density of layer 3.,Initial average water content of layer 3.,Idealized type of structure with respect to mass distribution and column/wall stiffness and strength.,"Description of footing shape (e.g., rectangular, circular, I-shaped).","Description of footing material (e.g., steel, reinforced concrete).","Footing length, measured along x-axis.","Footing width, measured along y-axis.","Minimum footing width, measured along y-axis; only for trapezoidal footings.",Thickness of the footing web; only for C- and I-shaped footings.,Thickness of the footing flange; only for C- and I-shaped footings.,"Missing plan area of a footing to become a complete rectangle, divided by the area of the circumscribed rectangle (MAR = 0% for rectangular and circular footings).","Initial angle between the footing length and x-axis, defined as (+) for footing rotation about an upward vertical axis following the right-hand rule.","Initial footing embedment depth, measured from the soil surface to the bottom of the footing.",Footing thickness.,Structural footing mass.,Mass moment of inertia of the structural footing about its centroidal y-axis.,Height of the center of mass of the structural footing above the base of the footing.,Footing overburden mass: any mass on top of the structural footing other than the superstructure.,Height of the center of mass of the footing overburden above the base of the footing.,Description of column/wall material.,Clear column height between footing and deck fixity (or total superstructure height for non-footing-column-deck structures).,Mass of column (or mass of superstructure for non-footing-column-deck structures).,Mass moment of inertia of the column about its centroidal y-axis (or respective mass moment of inertia of the superstructure for non-footing-column-deck structures).,Height of the center of mass of the column above the base of the footing (or respective height of the superstructure for non-footing-column-deck structures).,Mass of deck (not applicable for non-footing-column-deck structures).,Mass moment of inertia of the deck about its centroidal y-axis (not applicable for non-footing-column-deck structures).,Height of the center of mass of the deck above the base of the footing (not applicable for non-footing-column-deck structures).,Mass of structure.,Mass moment of inertia of the structure about its centroidal y-axis.,Height of the center of mass of the structure above the base of the footing.,Total static axial load at the base of the footing.,"Bearing pressure of the footing, defined as P_st divided by the plan footing area.",Experimentally determined or analytically calculated elastic fixed-base fundamental period of the structure for response in the xz-plane.,"Normalized moment-to-shear ratio at the base centroid of the footing, estimated as h_cs/L for essentially-rigid structures or as h_cd/L for flexible-column bridge pier structures.",Analytically/empirically calculated initial static factor of safety of the foundation with respect to vertical concentric loading.,Experimentally determined initial static factor of safety of the foundation with respect to vertical concentric loading.,Analytically/empirically calculated initial foundation critical contact area ratio neglecting shear effect: ratio between the plan footing area and the minimum contact area required to support the vertical load during rocking.,Analytically/empirically calculated initial foundation critical contact area ratio including shear effect: ratio between the plan footing area and the minimum contact area required to support the vertical and shear loads during rocking.,Experimentally determined initial foundation critical contact area ratio: ratio between the plan footing area and the contact area corresponding to full mobilization of the foundation moment capacity during rocking.,Analytically/empirically calculated initial moment capacity of the foundation about the base centroid of the footing.,"Experimentally determined (i.e., from monotonic or slow-cyclic pushover testing) initial moment capacity of the foundation about the base centroid of the footing.",Experimentally determined or analytically calculated nominal moment capacity of the column.,Initial foundation-rocking base shear coefficient: the ratio of the lateral force to the seismic weight of the structure required to mobilize the foundation moment capacity. C_r is estimated as M_cfa/(m_s·g·h_cs) for essentially-rigid structures or as M_cfa/[(m_d+0.5·m_c)·g·h_cd] for flexible-column bridge pier structures.,Column-hinging base shear coefficient: the ratio of the lateral force to the seismic weight of the superstructure required to mobilize the column nominal moment capacity. C_y is estimated similarly to C_r but with only the structural components located above the column hinge being considered.,Analytically/empirically calculated initial flexible-base fundamental period of the rocking system.,Experimentally determined initial flexible-base fundamental period of the rocking system.,"Shake table degrees of freedom used in the event: 1D, 2D-H (two-dimensional horizontal), 2D-V (one horizontal and one vertical) or 3D.",Facility name for the motion used.,Year and location of the corresponding earthquake.,Recording station and azimuth of the x-axis input base motion.,"Amplitude scaling factor applied to the x-axis input base motion if historical, or target peak absolute acceleration if artificial.","Modification of the x-axis input base motion (e.g., filtering, superposition with pulse), or other comments.",Peak absolute acceleration of the base motion.,Peak absolute velocity of the base motion.,Peak absolute displacement of the base motion.,Predominant period of the base motion: the period at the peak of the 5%-damped linear acceleration response spectrum.,"Mean period of the base motion: average of the discrete Fourier transform periods, weighted by the squares of the corresponding Fourier amplitudes (only harmonics with corresponding prototype periods between 0.02 and 4 seconds are considered).",Bracketed duration of the base motion: the time difference between the last and first exceedance of a 0.05g threshold acceleration.,Strong shaking duration of the base motion: the time difference between the 95% and 5% Arias intensity (Ia_B).,Root-mean-square acceleration of the base motion: square root of the mean square acceleration during the strong shaking duration (Td_B).,"Arias intensity of the base motion: integral of the square of the acceleration time series over the entire duration, normalized by 2g/π.",Cumulative Ia_B up to and including the event.,Cumulative absolute velocity of the base motion: integral of the absolute acceleration time series over the entire duration with a 0.005g threshold acceleration.,Cumulative CAV5_B up to and including the event.,Peak absolute acceleration of the surface motion.,Peak absolute velocity of the surface motion.,Peak absolute displacement of the surface motion.,Predominant period of the surface motion: the period at the peak of the 5%-damped linear acceleration response spectrum.,"Mean period of the surface motion: average of the discrete Fourier transform periods, weighted by the squares of the corresponding Fourier amplitudes (only harmonics with corresponding prototype periods between 0.02 and 4 seconds are considered).",Bracketed duration of the surface motion: the time difference between the last and first exceedance of a 0.05g threshold acceleration.,Strong shaking duration of the surface motion: the time difference between the 95% and 5% Arias intensity (Ia_S).,Root-mean-square acceleration of the surface motion: square root of the mean square acceleration during the strong shaking duration (Td_S).,"Arias intensity of the surface motion: integral of the square of the acceleration time series over the entire duration, normalized by 2g/π.",Cumulative Ia_S up to and including the event.,Cumulative absolute velocity of the surface motion: integral of the absolute acceleration time series over the entire duration with a 0.005g threshold acceleration.,Cumulative CAV5_S up to and including the event.,Peak drift ratio of the center of mass of the deck (or of the structure) relative to the free-field soil with respect to the initial geometry.,Incremental peak drift ratio of the center of mass of the deck (or of the structure) relative to the free-field soil with respect to the before-event geometry.,Residual drift ratio of the center of mass of the deck (or of the structure) relative to the free-field soil at the end of the event with respect to the initial geometry.,Incremental residual drift ratio of the center of mass of the deck (or of the structure) relative to the free-field soil at the end of the event with respect to the before-event geometry.,Reference point of the structure used to compute drift ratio.,Peak footing rotation with respect to the initial geometry.,Incremental peak footing rotation with respect to the before-event geometry.,Residual footing rotation at the end of the event with respect to the initial geometry.,Incremental residual footing rotation at the end of the event with respect to the before-event geometry.,"Cumulative footing rotation for the specific event: the sum of the absolute values of the local maxima and minima of the rotation time series (offset to start from a zero value and high-pass filtered to remove residual), if the difference between two neighboring local peaks is greater than 2 mrad.",Cumulative cRot up to and including the event.,Peak sliding of the base centroid of the footing relative to the free-field soil with respect to the initial geometry; value is normalized by the footing length.,Incremental peak sliding of the base centroid of the footing relative to the free-field soil with respect to the before-event geometry; value is normalized by the footing length.,Residual sliding of the base centroid of the footing relative to the free-field soil at the end of the event with respect to the initial geometry; value is normalized by the footing length.,Incremental residual sliding of the base centroid of the footing relative to the free-field soil at the end of the event with respect to the before-event geometry; value is normalized by the footing length.,Residual total settlement (+) or uplift (-) of the base centroid of the footing at the end of the event with respect to the initial geometry; value is normalized by the footing length.,Incremental residual total settlement (+) or uplift (-) of the base centroid of the footing at the end of the event with respect to the before-event geometry; value is normalized by the footing length.,Residual settlement (+) or heave (-) of the free-field soil surface at the end of the event with respect to the initial geometry; value is normalized by the footing length.,Incremental residual settlement (+) or heave (-) of the free-field soil surface at the end of the event with respect to the before-event geometry; value is normalized by the footing length.,"Maximum axial load demand at the base centroid of the footing, normalized by P_st.","Minimum axial load demand at the base centroid of the footing, normalized by P_st.","Maximum absolute moment demand at the base centroid of the footing, normalized by 0.5∙P_st∙L.","Minimum absolute moment capacity of the foundation due to transiently reduced axial load, normalized by 0.5∙P_st∙L. If the moment capacity is not mobilized for the specific event, set minM_cf = maxM.","Maximum absolute shear load demand at the base centroid of the footing, normalized by P_st.","Description of filter (type, order, and corner frequency) used for removing unimportant high-frequency components when calculating maxP, minP, maxM, minM_cf and maxV.",Flexible-base fundamental period of the rocking system measured experimentally before the specific event.,Flexible-base fundamental period of the rocking system measured experimentally after the specific event.,Identification used in the provided references for the specific event.,Link to the project website.,"Image of critical excitation, foundation, and structure response plots.",Source(s) to the experimental and/or analytical/empirical procedures used for calculation of the rocking system properties.,"Reference(s)/source(s) of data specific to the test series (e.g., data report).",Short document with important comments not covered previously.,Tab-delimited text file containing the time series of selected critical excitation and response parameters.,Tab-delimited text file containing the pad-stripped baseline-corrected time series of the soil base and surface motions.,Tab-delimited text file containing the 5%-damped linear response spectra for the soil base and surface motions.,Tab-delimited text file containing the as-recorded time series of selected individual sensors (optional).,Photo(s) of the model structure and test setup (optional).,Drawing(s) of the model structure and test setup (optional).,Date when the experiment started.,Date when the experiment ended.,Name(s) of the person(s) who recorded the data.,,"Latitude of the location where data were collected, if applicable.","Longitude of the location where data were collected, if applicable.",Name(s) of the person(s) who compiled the data. Compiling refers to organizing the data into a dataset as opposed to recording the data during the experiment.,Date when the dataset was compiled.,,,
6,,,,,,,,,,,,,,,,,,,,,,,,,,,,,,,,,,,,,,,,,,,,,,,,,,,,,,,,,,,,,,,,,,,,,,,,,,,,,,,,,,,,,,,,,,,,,,,,,,,,,,,,,,,,,,,,,,,,,,,,,,,,,,,,,,,,,,,,,,,,,,,,,,,,,,,,,,,,,,,,,,,,,,,,,,,,,,,,,,,,,,,,,,,
7,SSG03,SSG03-1-SHW-3,1,"Gajan, S. and Kutter, B. L. (2008). ""Capacity, settlement, and energy dissipation of shallow footings subjected to rocking."" Journal of Geotechnical and Geoenvironmental Engineering, 134(8), 1129-1141.",Performance of Shallow Foundations,B. L. Kutter,"G. R. Martin, T. C. Hutchinson","NSF, PEER","S. Gajan, J. D. Phalen","Center for Geotechnical Modeling, University of California, Davis, CA",Centrifuge,9-m radius centrifuge with 1D shaker,Rigid Container 1,1.75,0.9,0.53,2002-11-18,1,SHW,3,New model,20,0.05,0.05,0.000125,45.5,Constant,Prototype,4,7777,7777,1,WD40 oil solution was added to the sand adjacent to the footing; modification aimed at preventing backfill sand from raveling under the footing during rocking.,Nevada Sand,4,80,4,7777,7777,7777,7777,1657,0,N/A,7777,7777,7777,7777,7777,7777,7777,7777,7777,N/A,7777,7777,7777,7777,7777,7777,7777,7777,7777,Distributed-mass rigid elastic shear wall model (footing-wall),Rectangle,Aluminum,2.8,0.65,7777,7777,7777,0,0,0.7,0.65,3200,2200,0.325,0,7777,Steel,9.5,54800,385000,5.26,7777,7777,7777,58000,460800,4.98,569,313,0.06,1.78,7.2,9999,7.1,6.3,8888,670,9999,Elastic,0.237,Elastic,0.535,9999,1D,Sine 1.2 Hz,N/A,N/A,0.12g,Tapered cosine wave with 12 cycles of increasing amplitude,0.128,9.2,1.28,0.729,0.667,3.74,4.94,0.043,0.158,0.158,0.221,0.221,9999,9999,9999,9999,9999,9999,9999,9999,9999,9999,9999,9999,0.492,0.492,0.106,0.106,Centroid of structure,0.00425,0.00425,0.00094,0.00094,0.0268,0.0268,0.141,0.141,0.022,0.022,0.49,0.49,8888,8888,8888,8888,0.498,8888,0.135,Low-pass filtered at 10 Hz,8888,8888,"SSG03_07_a (Dissertation), Event ssg03_35 - Station H (Report)",N/A,SSG03-1-SHW-3-CriticalPlot.pdf,SSG03-AnalyticalSystemProps.pdf,"SSG03-Report.pdf, Gajan_Dissertation.pdf",SSG03-Comments.pdf,SSG03-1-SHW-3-CriticalData.txt,SSG03-1-SHW-3-BaselineCorMotions.txt,SSG03-1-SHW-3-ResponseSpectra.txt,N/R,,,2002-11-18,2002-11-18,"S. Gajan, J. D. Phalen, B. L. Kutter","centrifuge, dry sand, strip embedded footing, rigid shear wall",38.526393,-121.785078,"S. Gajan, A. G. Gavras",2018-08-21,,,
8,SSG03,SSG03-1-SHW-4,2,"Gajan, S. and Kutter, B. L. (2008). ""Capacity, settlement, and energy dissipation of shallow footings subjected to rocking."" Journal of Geotechnical and Geoenvironmental Engineering, 134(8), 1129-1141.",Performance of Shallow Foundations,B. L. Kutter,"G. R. Martin, T. C. Hutchinson","NSF, PEER","S. Gajan, J. D. Phalen","Center for Geotechnical Modeling, University of California, Davis, CA",Centrifuge,9-m radius centrifuge with 1D shaker,Rigid Container 1,1.75,0.9,0.53,2002-11-18,1,SHW,4,New model,20,0.05,0.05,0.000125,45.5,Constant,Prototype,4,7777,7777,1,WD40 oil solution was added to the sand adjacent to the footing; modification aimed at preventing backfill sand from raveling under the footing during rocking.,Nevada Sand,4,80,4,7777,7777,7777,7777,1657,0,N/A,7777,7777,7777,7777,7777,7777,7777,7777,7777,N/A,7777,7777,7777,7777,7777,7777,7777,7777,7777,Distributed-mass rigid elastic shear wall model (footing-wall),Rectangle,Aluminum,2.8,0.65,7777,7777,7777,0,0,0.7,0.65,3200,2200,0.325,0,7777,Steel,9.5,54800,385000,5.26,7777,7777,7777,58000,460800,4.98,569,313,0.06,1.78,7.2,9999,7.1,6.3,8888,670,9999,Elastic,0.237,Elastic,0.535,9999,1D,Sine 1.2 Hz,N/A,N/A,0.55g,Tapered cosine wave with 12 cycles of increasing amplitude,0.49,38,5.55,0.735,0.622,8.42,5.77,0.186,3.413,3.571,1.019,1.24,9999,9999,9999,9999,9999,9999,9999,9999,9999,9999,9999,9999,2.181,2.075,1.506,1.4,Centroid of structure,0.0219,0.02096,0.01582,0.01488,0.1303,0.1571,-0.496,-0.517,-0.135,-0.157,3.028,2.538,8888,8888,8888,8888,0.662,8888,0.175,Low-pass filtered at 10 Hz,8888,8888,"SSG03_07_b (Dissertation), Event ssg03_36 - Station H (Report)",N/A,SSG03-1-SHW-4-CriticalPlot.pdf,SSG03-AnalyticalSystemProps.pdf,"SSG03-Report.pdf, Gajan_Dissertation.pdf",SSG03-Comments.pdf,SSG03-1-SHW-4-CriticalData.txt,SSG03-1-SHW-4-BaselineCorMotions.txt,SSG03-1-SHW-4-ResponseSpectra.txt,N/R,,,2002-11-18,2002-11-18,"S. Gajan, J. D. Phalen, B. L. Kutter","centrifuge, dry sand, strip embedded footing, rigid shear wall",38.526393,-121.785078,"S. Gajan, A. G. Gavras",2018-08-21,,,
9,SSG03,SSG03-1-SHW-5,3,"Gajan, S. and Kutter, B. L. (2008). ""Capacity, settlement, and energy dissipation of shallow footings subjected to rocking."" Journal of Geotechnical and Geoenvironmental Engineering, 134(8), 1129-1141.",Performance of Shallow Foundations,B. L. Kutter,"G. R. Martin, T. C. Hutchinson","NSF, PEER","S. Gajan, J. D. Phalen","Center for Geotechnical Modeling, University of California, Davis, CA",Centrifuge,9-m radius centrifuge with 1D shaker,Rigid Container 1,1.75,0.9,0.53,2002-11-18,1,SHW,5,New model,20,0.05,0.05,0.000125,45.5,Constant,Prototype,4,7777,7777,1,WD40 oil solution was added to the sand adjacent to the footing; modification aimed at preventing backfill sand from raveling under the footing during rocking.,Nevada Sand,4,80,4,7777,7777,7777,7777,1657,0,N/A,7777,7777,7777,7777,7777,7777,7777,7777,7777,N/A,7777,7777,7777,7777,7777,7777,7777,7777,7777,Distributed-mass rigid elastic shear wall model (footing-wall),Rectangle,Aluminum,2.8,0.65,7777,7777,7777,0,0,0.7,0.65,3200,2200,0.325,0,7777,Steel,9.5,54800,385000,5.26,7777,7777,7777,58000,460800,4.98,569,313,0.06,1.78,7.2,9999,7.1,6.3,8888,670,9999,Elastic,0.237,Elastic,0.535,9999,1D,Sine 1.2 Hz,N/A,N/A,0.9g,Tapered cosine wave with 12 cycles of increasing amplitude,0.983,56.3,8.05,0.734,0.589,8.51,5.31,0.298,8.032,11.603,1.463,2.703,9999,9999,9999,9999,9999,9999,9999,9999,9999,9999,9999,9999,5.765,4.259,5.345,3.839,Centroid of structure,0.0579,0.04207,0.05366,0.03784,0.1781,0.3352,-0.883,0.846,-0.033,0.102,6.101,3.074,8888,8888,8888,8888,0.76,8888,0.202,Low-pass filtered at 10 Hz,8888,8888,"SSG03_07_c (Dissertation), Event ssg03_37 - Station H (Report)",N/A,SSG03-1-SHW-5-CriticalPlot.pdf,SSG03-AnalyticalSystemProps.pdf,"SSG03-Report.pdf, Gajan_Dissertation.pdf",SSG03-Comments.pdf,SSG03-1-SHW-5-CriticalData.txt,SSG03-1-SHW-5-BaselineCorMotions.txt,SSG03-1-SHW-5-ResponseSpectra.txt,N/R,,,2002-11-18,2002-11-18,"S. Gajan, J. D. Phalen, B. L. Kutter","centrifuge, dry sand, strip embedded footing, rigid shear wall",38.526393,-121.785078,"S. Gajan, A. G. Gavras",2018-08-21,,,
10,SSG03,SSG03-1-DSW-3,4,"Gajan, S. and Kutter, B. L. (2008). ""Capacity, settlement, and energy dissipation of shallow footings subjected to rocking."" Journal of Geotechnical and Geoenvironmental Engineering, 134(8), 1129-1141.",Performance of Shallow Foundations,B. L. Kutter,"G. R. Martin, T. C. Hutchinson","NSF, PEER","S. Gajan, J. D. Phalen","Center for Geotechnical Modeling, University of California, Davis, CA",Centrifuge,9-m radius centrifuge with 1D shaker,Rigid Container 1,1.75,0.9,0.53,2002-11-18,1,DSW,3,New model,20,0.05,0.05,0.000125,45.5,Constant,Prototype,4,7777,7777,1,WD40 oil solution was added to the sand adjacent to the footing; modification aimed at preventing backfill sand from raveling under the footing during rocking.,Nevada Sand,4,80,4,7777,7777,7777,7777,1657,0,N/A,7777,7777,7777,7777,7777,7777,7777,7777,7777,N/A,7777,7777,7777,7777,7777,7777,7777,7777,7777,Distributed-mass rigid elastic shear wall model (parallel footings/walls connected with mid-height slab),Rectangle,Aluminum,2.8,0.65,7777,7777,7777,0,0,0.7,0.65,3200,2200,0.325,0,7777,Aluminum,9.5,33600,143200,5.76,7777,7777,7777,36800,231700,5.29,361,198,0.05,1.89,11.5,9999,10,9,8888,449,8888,Elastic,0.235,Elastic,0.552,8888,1D,Sine 1.2 Hz,N/A,N/A,0.12g,Tapered cosine wave with 12 cycles of increasing amplitude,0.128,9.2,1.28,0.729,0.667,3.74,4.94,0.043,0.158,0.158,0.221,0.221,9999,9999,9999,9999,9999,9999,9999,9999,9999,9999,9999,9999,0.575,0.575,0.003,0.003,Centroid of structure,0.00513,0.00513,0.00063,0.00063,0.0254,0.0254,-0.277,-0.277,-0.114,-0.114,0.478,0.478,8888,8888,8888,8888,0.614,8888,0.18,Low-pass filtered at 10 Hz,8888,8888,"SSG03_08_a (Dissertation), Event ssg03_35 - Station I (Report)",N/A,SSG03-1-DSW-3-CriticalPlot.pdf,SSG03-AnalyticalSystemProps.pdf,"SSG03-Report.pdf, Gajan_Dissertation.pdf",SSG03-Comments.pdf,SSG03-1-DSW-3-CriticalData.txt,SSG03-1-DSW-3-BaselineCorMotions.txt,SSG03-1-DSW-3-ResponseSpectra.txt,N/R,SSG03-DSW-StructPhoto.jpg,,2002-11-18,2002-11-18,"S. Gajan, J. D. Phalen, B. L. Kutter","centrifuge, dry sand, strip embedded footing, rigid shear wall",38.526393,-121.785078,"S. Gajan, A. G. Gavras",2018-08-21,,,
11,SSG03,SSG03-1-DSW-4,5,"Gajan, S. and Kutter, B. L. (2008). ""Capacity, settlement, and energy dissipation of shallow footings subjected to rocking."" Journal of Geotechnical and Geoenvironmental Engineering, 134(8), 1129-1141.",Performance of Shallow Foundations,B. L. Kutter,"G. R. Martin, T. C. Hutchinson","NSF, PEER","S. Gajan, J. D. Phalen","Center for Geotechnical Modeling, University of California, Davis, CA",Centrifuge,9-m radius centrifuge with 1D shaker,Rigid Container 1,1.75,0.9,0.53,2002-11-18,1,DSW,4,New model,20,0.05,0.05,0.000125,45.5,Constant,Prototype,4,7777,7777,1,WD40 oil solution was added to the sand adjacent to the footing; modification aimed at preventing backfill sand from raveling under the footing during rocking.,Nevada Sand,4,80,4,7777,7777,7777,7777,1657,0,N/A,7777,7777,7777,7777,7777,7777,7777,7777,7777,N/A,7777,7777,7777,7777,7777,7777,7777,7777,7777,Distributed-mass rigid elastic shear wall model (parallel footings/walls connected with mid-height slab),Rectangle,Aluminum,2.8,0.65,7777,7777,7777,0,0,0.7,0.65,3200,2200,0.325,0,7777,Aluminum,9.5,33600,143200,5.76,7777,7777,7777,36800,231700,5.29,361,198,0.05,1.89,11.5,9999,10,9,8888,449,8888,Elastic,0.235,Elastic,0.552,8888,1D,Sine 1.2 Hz,N/A,N/A,0.55g,Tapered cosine wave with 12 cycles of increasing amplitude,0.49,38,5.55,0.735,0.622,8.42,5.77,0.186,3.413,3.571,1.019,1.24,9999,9999,9999,9999,9999,9999,9999,9999,9999,9999,9999,9999,2.205,2.202,1.172,1.17,Centroid of structure,0.02159,0.02096,0.01237,0.01174,0.1729,0.1983,-0.607,-0.493,-0.121,-0.008,2.361,1.883,8888,8888,8888,8888,0.798,8888,0.251,Low-pass filtered at 10 Hz,8888,8888,"SSG03_08_b (Dissertation), Event ssg03_36 - Station I (Report)",N/A,SSG03-1-DSW-4-CriticalPlot.pdf,SSG03-AnalyticalSystemProps.pdf,"SSG03-Report.pdf, Gajan_Dissertation.pdf",SSG03-Comments.pdf,SSG03-1-DSW-4-CriticalData.txt,SSG03-1-DSW-4-BaselineCorMotions.txt,SSG03-1-DSW-4-ResponseSpectra.txt,N/R,SSG03-DSW-StructPhoto.jpg,,2002-11-18,2002-11-18,"S. Gajan, J. D. Phalen, B. L. Kutter","centrifuge, dry sand, strip embedded footing, rigid shear wall",38.526393,-121.785078,"S. Gajan, A. G. Gavras",2018-08-21,,,
12,SSG03,SSG03-1-DSW-5,6,"Gajan, S. and Kutter, B. L. (2008). ""Capacity, settlement, and energy dissipation of shallow footings subjected to rocking."" Journal of Geotechnical and Geoenvironmental Engineering, 134(8), 1129-1141.",Performance of Shallow Foundations,B. L. Kutter,"G. R. Martin, T. C. Hutchinson","NSF, PEER","S. Gajan, J. D. Phalen","Center for Geotechnical Modeling, University of California, Davis, CA",Centrifuge,9-m radius centrifuge with 1D shaker,Rigid Container 1,1.75,0.9,0.53,2002-11-18,1,DSW,5,New model,20,0.05,0.05,0.000125,45.5,Constant,Prototype,4,7777,7777,1,WD40 oil solution was added to the sand adjacent to the footing; modification aimed at preventing backfill sand from raveling under the footing during rocking.,Nevada Sand,4,80,4,7777,7777,7777,7777,1657,0,N/A,7777,7777,7777,7777,7777,7777,7777,7777,7777,N/A,7777,7777,7777,7777,7777,7777,7777,7777,7777,Distributed-mass rigid elastic shear wall model (parallel footings/walls connected with mid-height slab),Rectangle,Aluminum,2.8,0.65,7777,7777,7777,0,0,0.7,0.65,3200,2200,0.325,0,7777,Aluminum,9.5,33600,143200,5.76,7777,7777,7777,36800,231700,5.29,361,198,0.05,1.89,11.5,9999,10,9,8888,449,8888,Elastic,0.235,Elastic,0.552,8888,1D,Sine 1.2 Hz,N/A,N/A,0.9g,Tapered cosine wave with 12 cycles of increasing amplitude,0.983,56.3,8.05,0.734,0.589,8.51,5.31,0.298,8.032,11.603,1.463,2.703,9999,9999,9999,9999,9999,9999,9999,9999,9999,9999,9999,9999,4.938,3.766,3.856,2.683,Centroid of structure,0.04952,0.03715,0.03918,0.02681,0.2329,0.4312,-0.991,1.044,-0.116,0.006,4.238,1.877,8888,8888,8888,8888,0.833,8888,0.267,Low-pass filtered at 10 Hz,8888,8888,"SSG03_08_c (Dissertation), Event ssg03_37 - Station I (Report)",N/A,SSG03-1-DSW-5-CriticalPlot.pdf,SSG03-AnalyticalSystemProps.pdf,"SSG03-Report.pdf, Gajan_Dissertation.pdf",SSG03-Comments.pdf,SSG03-1-DSW-5-CriticalData.txt,SSG03-1-DSW-5-BaselineCorMotions.txt,SSG03-1-DSW-5-ResponseSpectra.txt,N/R,SSG03-DSW-StructPhoto.jpg,,2002-11-18,2002-11-18,"S. Gajan, J. D. Phalen, B. L. Kutter","centrifuge, dry sand, strip embedded footing, rigid shear wall",38.526393,-121.785078,"S. Gajan, A. G. Gavras",2018-08-21,,,
13,,,,,,,,,,,,,,,,,,,,,,,,,,,,,,,,,,,,,,,,,,,,,,,,,,,,,,,,,,,,,,,,,,,,,,,,,,,,,,,,,,,,,,,,,,,,,,,,,,,,,,,,,,,,,,,,,,,,,,,,,,,,,,,,,,,,,,,,,,,,,,,,,,,,,,,,,,,,,,,,,,,,,,,,,,,,,,,,,,,,,,,,,,,
14,SSG04,SSG04-1-SHW-3,7,"Gajan, S. and Kutter, B. L. (2008). ""Capacity, settlement, and energy dissipation of shallow footings subjected to rocking."" Journal of Geotechnical and Geoenvironmental Engineering, 134(8), 1129-1141.",Performance of Shallow Foundations,B. L. Kutter,"G. R. Martin, T. C. Hutchinson","NSF, PEER","S. Gajan, J. M. Thomas","Center for Geotechnical Modeling, University of California, Davis, CA",Centrifuge,9-m radius centrifuge with 1D shaker,Rigid Container 1,1.75,0.9,0.53,2003-12-17,1,SHW,3,New model,20,0.05,0.05,0.000125,45.5,Constant,Prototype,4,7777,7777,1,WD40 oil solution was added to the sand adjacent to the footing.,Nevada Sand,4,80,4,7777,7777,7777,7777,1657,0,N/A,7777,7777,7777,7777,7777,7777,7777,7777,7777,N/A,7777,7777,7777,7777,7777,7777,7777,7777,7777,Distributed-mass rigid elastic shear wall model (footing-wall),Rectangle,Aluminum,2.8,0.65,7777,7777,7777,0,0,0,0.65,3200,2200,0.325,0,7777,Steel,9.5,54800,385000,5.26,7777,7777,7777,58000,460800,4.98,569,313,0.06,1.78,2.6,9999,2.2,2.1,8888,417,9999,Elastic,0.147,Elastic,0.676,9999,1D,Sine 1.2 Hz,N/A,N/A,0.12g,Tapered cosine wave with 12 cycles of increasing amplitude,0.125,10.2,1.43,0.727,0.67,4.36,4.92,0.047,0.19,0.19,0.24,0.24,9999,9999,9999,9999,9999,9999,9999,9999,9999,9999,9999,9999,0.377,0.377,0.004,0.004,Centroid of structure,0.00317,0.00317,0.00006,0.00006,0.0297,0.0297,0.123,0.123,-0.003,-0.003,0.826,0.826,9999,9999,9999,9999,0.336,9999,0.069,Low-pass filtered at 10 Hz,8888,8888,SSG04_09_a,N/A,SSG04-1-SHW-3-CriticalPlot.pdf,SSG04-AnalyticalSystemProps.pdf,Gajan_Dissertation.pdf,SSG04-Comments.pdf,SSG04-1-SHW-3-CriticalData.txt,SSG04-1-SHW-3-BaselineCorMotions.txt,SSG04-1-SHW-3-ResponseSpectra.txt,N/R,,,2003-12-17,2003-12-17,"S. Gajan, J. M. Thomas, B. L. Kutter","centrifuge, dry sand, strip surface footing, rigid shear wall",38.526393,-121.785078,"S. Gajan, A. G. Gavras",2018-08-21,,,
15,SSG04,SSG04-1-SHW-4,8,"Gajan, S. and Kutter, B. L. (2008). ""Capacity, settlement, and energy dissipation of shallow footings subjected to rocking."" Journal of Geotechnical and Geoenvironmental Engineering, 134(8), 1129-1141.",Performance of Shallow Foundations,B. L. Kutter,"G. R. Martin, T. C. Hutchinson","NSF, PEER","S. Gajan, J. M. Thomas","Center for Geotechnical Modeling, University of California, Davis, CA",Centrifuge,9-m radius centrifuge with 1D shaker,Rigid Container 1,1.75,0.9,0.53,2003-12-17,1,SHW,4,New model,20,0.05,0.05,0.000125,45.5,Constant,Prototype,4,7777,7777,1,WD40 oil solution was added to the sand adjacent to the footing.,Nevada Sand,4,80,4,7777,7777,7777,7777,1657,0,N/A,7777,7777,7777,7777,7777,7777,7777,7777,7777,N/A,7777,7777,7777,7777,7777,7777,7777,7777,7777,Distributed-mass rigid elastic shear wall model (footing-wall),Rectangle,Aluminum,2.8,0.65,7777,7777,7777,0,0,0,0.65,3200,2200,0.325,0,7777,Steel,9.5,54800,385000,5.26,7777,7777,7777,58000,460800,4.98,569,313,0.06,1.78,2.6,9999,2.2,2.1,8888,417,9999,Elastic,0.147,Elastic,0.676,9999,1D,Sine 1.2 Hz,N/A,N/A,0.55g,Tapered cosine wave with 12 cycles of increasing amplitude,0.599,33.1,4.87,0.733,0.582,7.89,5.37,0.176,2.854,3.044,0.855,1.095,9999,9999,9999,9999,9999,9999,9999,9999,9999,9999,9999,9999,1.701,1.696,0.902,0.898,Centroid of structure,0.01502,0.01496,0.00773,0.00767,0.1057,0.1354,0.551,0.554,0.23,0.233,3.659,2.834,9999,9999,9999,9999,0.506,9999,0.112,Low-pass filtered at 10 Hz,8888,8888,SSG04_09_b,N/A,SSG04-1-SHW-4-CriticalPlot.pdf,SSG04-AnalyticalSystemProps.pdf,Gajan_Dissertation.pdf,SSG04-Comments.pdf,SSG04-1-SHW-4-CriticalData.txt,SSG04-1-SHW-4-BaselineCorMotions.txt,SSG04-1-SHW-4-ResponseSpectra.txt,N/R,,,2003-12-17,2003-12-17,"S. Gajan, J. M. Thomas, B. L. Kutter","centrifuge, dry sand, strip surface footing, rigid shear wall",38.526393,-121.785078,"S. Gajan, A. G. Gavras",2018-08-21,,,
16,SSG04,SSG04-1-DSW-3,9,"Gajan, S. and Kutter, B. L. (2008). ""Capacity, settlement, and energy dissipation of shallow footings subjected to rocking."" Journal of Geotechnical and Geoenvironmental Engineering, 134(8), 1129-1141.",Performance of Shallow Foundations,B. L. Kutter,"G. R. Martin, T. C. Hutchinson","NSF, PEER","S. Gajan, J. M. Thomas","Center for Geotechnical Modeling, University of California, Davis, CA",Centrifuge,9-m radius centrifuge with 1D shaker,Rigid Container 1,1.75,0.9,0.53,2003-12-17,1,DSW,3,New model,20,0.05,0.05,0.000125,45.5,Constant,Prototype,4,7777,7777,1,WD40 oil solution was added to the sand adjacent to the footing.,Nevada Sand,4,80,4,7777,7777,7777,7777,1657,0,N/A,7777,7777,7777,7777,7777,7777,7777,7777,7777,N/A,7777,7777,7777,7777,7777,7777,7777,7777,7777,Distributed-mass rigid elastic shear wall model (parallel footings/walls connected with mid-height slab),Rectangle,Aluminum,2.8,0.65,7777,7777,7777,0,0,0,0.65,3200,2200,0.325,0,7777,Aluminum,9.5,33600,143200,5.76,7777,7777,7777,36800,231700,5.29,361,198,0.05,1.89,4,9999,3.2,3,8888,337,8888,Elastic,0.176,Elastic,0.636,8888,1D,Sine 1.2 Hz,N/A,N/A,0.12g,Tapered cosine wave with 12 cycles of increasing amplitude,0.125,10.4,1.42,0.728,0.632,4.31,4.64,0.05,0.2,0.2,0.237,0.237,9999,9999,9999,9999,9999,9999,9999,9999,9999,9999,9999,9999,-0.467,-0.467,-0.058,-0.058,Centroid of structure,-0.00484,-0.00484,-0.00071,-0.00071,0.0404,0.0404,0.076,0.076,0.025,0.025,0.912,0.912,9999,9999,9999,9999,0.424,9999,0.103,Low-pass filtered at 10 Hz,8888,8888,SSG04_10_a,N/A,SSG04-1-DSW-3-CriticalPlot.pdf,SSG04-AnalyticalSystemProps.pdf,Gajan_Dissertation.pdf,SSG04-Comments.pdf,SSG04-1-DSW-3-CriticalData.txt,SSG04-1-DSW-3-BaselineCorMotions.txt,SSG04-1-DSW-3-ResponseSpectra.txt,N/R,SSG04-DSW-StructPhoto.jpg,,2003-12-17,2003-12-17,"S. Gajan, J. M. Thomas, B. L. Kutter","centrifuge, dry sand, strip surface footing, rigid shear wall",38.526393,-121.785078,"S. Gajan, A. G. Gavras",2018-08-21,,,
17,SSG04,SSG04-1-DSW-4,10,"Gajan, S. and Kutter, B. L. (2008). ""Capacity, settlement, and energy dissipation of shallow footings subjected to rocking."" Journal of Geotechnical and Geoenvironmental Engineering, 134(8), 1129-1141.",Performance of Shallow Foundations,B. L. Kutter,"G. R. Martin, T. C. Hutchinson","NSF, PEER","S. Gajan, J. M. Thomas","Center for Geotechnical Modeling, University of California, Davis, CA",Centrifuge,9-m radius centrifuge with 1D shaker,Rigid Container 1,1.75,0.9,0.53,2003-12-17,1,DSW,4,New model,20,0.05,0.05,0.000125,45.5,Constant,Prototype,4,7777,7777,1,WD40 oil solution was added to the sand adjacent to the footing.,Nevada Sand,4,80,4,7777,7777,7777,7777,1657,0,N/A,7777,7777,7777,7777,7777,7777,7777,7777,7777,N/A,7777,7777,7777,7777,7777,7777,7777,7777,7777,Distributed-mass rigid elastic shear wall model (parallel footings/walls connected with mid-height slab),Rectangle,Aluminum,2.8,0.65,7777,7777,7777,0,0,0,0.65,3200,2200,0.325,0,7777,Aluminum,9.5,33600,143200,5.76,7777,7777,7777,36800,231700,5.29,361,198,0.05,1.89,4,9999,3.2,3,8888,337,8888,Elastic,0.176,Elastic,0.636,8888,1D,Sine 1.2 Hz,N/A,N/A,0.55g,Tapered cosine wave with 12 cycles of increasing amplitude,0.528,33.2,4.92,0.733,0.56,7.85,5.38,0.182,3.044,3.244,0.884,1.121,9999,9999,9999,9999,9999,9999,9999,9999,9999,9999,9999,9999,-0.979,0.995,-0.219,-0.161,Centroid of structure,-0.00993,0.00971,-0.00222,-0.00151,0.1382,0.1786,0.315,0.291,0.006,-0.018,2.534,1.622,9999,9999,9999,9999,0.544,9999,0.151,Low-pass filtered at 10 Hz,8888,8888,SSG04_10_b,N/A,SSG04-1-DSW-4-CriticalPlot.pdf,SSG04-AnalyticalSystemProps.pdf,Gajan_Dissertation.pdf,SSG04-Comments.pdf,SSG04-1-DSW-4-CriticalData.txt,SSG04-1-DSW-4-BaselineCorMotions.txt,SSG04-1-DSW-4-ResponseSpectra.txt,N/R,SSG04-DSW-StructPhoto.jpg,,2003-12-17,2003-12-17,"S. Gajan, J. M. Thomas, B. L. Kutter","centrifuge, dry sand, strip surface footing, rigid shear wall",38.526393,-121.785078,"S. Gajan, A. G. Gavras",2018-08-21,,,
18,SSG04,SSG04-1-DSW-5,11,"Gajan, S. and Kutter, B. L. (2008). ""Capacity, settlement, and energy dissipation of shallow footings subjected to rocking."" Journal of Geotechnical and Geoenvironmental Engineering, 134(8), 1129-1141.",Performance of Shallow Foundations,B. L. Kutter,"G. R. Martin, T. C. Hutchinson","NSF, PEER","S. Gajan, J. M. Thomas","Center for Geotechnical Modeling, University of California, Davis, CA",Centrifuge,9-m radius centrifuge with 1D shaker,Rigid Container 1,1.75,0.9,0.53,2003-12-17,1,DSW,5,New model,20,0.05,0.05,0.000125,45.5,Constant,Prototype,4,7777,7777,1,WD40 oil solution was added to the sand adjacent to the footing.,Nevada Sand,4,80,4,7777,7777,7777,7777,1657,0,N/A,7777,7777,7777,7777,7777,7777,7777,7777,7777,N/A,7777,7777,7777,7777,7777,7777,7777,7777,7777,Distributed-mass rigid elastic shear wall model (parallel footings/walls connected with mid-height slab),Rectangle,Aluminum,2.8,0.65,7777,7777,7777,0,0,0,0.65,3200,2200,0.325,0,7777,Aluminum,9.5,33600,143200,5.76,7777,7777,7777,36800,231700,5.29,361,198,0.05,1.89,4,9999,3.2,3,8888,337,8888,Elastic,0.176,Elastic,0.636,8888,1D,Sine 1.2 Hz,N/A,N/A,0.9g,Tapered cosine wave with 12 cycles of increasing amplitude,0.722,47.9,7.43,0.737,0.589,8.63,5.51,0.263,6.528,9.772,1.287,2.408,9999,9999,9999,9999,9999,9999,9999,9999,9999,9999,9999,9999,-2.085,-1.867,-1.366,-1.148,Centroid of structure,-0.02077,-0.01854,-0.0134,-0.01118,0.1878,0.3664,-0.677,-0.683,-0.049,-0.056,4.932,2.398,9999,9999,9999,9999,0.586,9999,0.167,Low-pass filtered at 10 Hz,8888,8888,SSG04_10_c,N/A,SSG04-1-DSW-5-CriticalPlot.pdf,SSG04-AnalyticalSystemProps.pdf,Gajan_Dissertation.pdf,SSG04-Comments.pdf,SSG04-1-DSW-5-CriticalData.txt,SSG04-1-DSW-5-BaselineCorMotions.txt,SSG04-1-DSW-5-ResponseSpectra.txt,N/R,SSG04-DSW-StructPhoto.jpg,,2003-12-17,2003-12-17,"S. Gajan, J. M. Thomas, B. L. Kutter","centrifuge, dry sand, strip surface footing, rigid shear wall",38.526393,-121.785078,"S. Gajan, A. G. Gavras",2018-08-21,,,
19,,,,,,,,,,,,,,,,,,,,,,,,,,,,,,,,,,,,,,,,,,,,,,,,,,,,,,,,,,,,,,,,,,,,,,,,,,,,,,,,,,,,,,,,,,,,,,,,,,,,,,,,,,,,,,,,,,,,,,,,,,,,,,,,,,,,,,,,,,,,,,,,,,,,,,,,,,,,,,,,,,,,,,,,,,,,,,,,,,,,,,,,,,,
20,PWRI_S,PWRI_S-1-P-2,12,"Shirato, M., Kouno, T., Asai, R., Nakatani, S., Fukui, J., and Paolucci, R. (2008). ""Large-scale experiments on nonlinear behavior of shallow foundations subjected to strong earthquakes."" Soils and Foundations, 48(5), 673-692.",N/A,J. Fukui,S. Nakatani,PWRI,"M. Shirato, T. Kouno, R. Asai, Y. Nonomura","Large-scale Shake Table Facility, Public Works Research Institute, Japan",Large-scale 1g,3D shake table,Laminar shear box,4,4,2.1,,1,P,2,New model,1,1,1,1,7777,N/A,Model,2,7777,N/A,1,None,Toyoura Sand,2,81,1.1,7777,7777,7777,7777,1605,0,N/A,7777,7777,7777,7777,7777,7777,7777,7777,7777,N/A,7777,7777,7777,7777,7777,7777,7777,7777,7777,Lumped-mass bridge pier model (footing-column-deck) with rigid elastic column,Square,Steel,0.5,0.5,7777,7777,7777,0,0,0,0.25,299,8.477,0.131,0,7777,Steel,0.181,23,0.254,0.341,533,9.184,0.586,855,57.83,0.42,8.385,33.5,0.003,0.84,9999,29.2,6.8,6,9999,1.748,8888,Elastic,0.496,Elastic,0.107,0.089,1D,Shichiho,"1993 Hokkaido Nansei-Oki, Japan",Shichiho Bridge,1,None,0.6,17.6,1.44,0.152,0.175,49.98,24.25,0.135,7.596,7.596,3.429,3.429,0.669,24.7,1.5,0.154,0.163,62.81,24.08,0.201,16.597,16.597,5.142,5.142,3.754,3.754,0.251,0.251,Centroid of structure,-0.036,-0.036,-0.02265,-0.02265,1.7191,1.7191,2.827,2.827,2.113,2.113,2.149,2.149,0.2,0.2,1.738,0.577,0.898,0.48,0.438,Low-pass filter not used but spurious spikes neglected,0.089,0.093,Case 1 - Step 2,http://www.pwri.go.jp/caesar/profile/docs/level2html/table2-2-No7.html (in Japanese),PWRI_S-1-P-2-CriticalPlot.pdf,"PWRI_C-Report.pdf,                                          PWRI_S-AnalyticalSystemProps.pdf",PWRI_S-Report.pdf,PWRI_S-Comments.pdf,"PWRI_S-1-P-2-CriticalDataI.txt, PWRI_S-1-P-2-CriticalDataS.txt",PWRI_S-1-P-2-BaselineCorMotions.txt,PWRI_S-1-P-2-ResponseSpectra.txt,"PWRI_S-1-P-1-SupplementalData.txt, PWRI_S-1-P-2-SupplementalData.txt","PWRI_S-P-StructPhoto.jpg,   PWRI_S-TestPhoto.jpg",,,,"J. Fukui, S. Nakatani, M. Shirato, T. Kouno, Y. Nonomura, R. Asai","large-scale 1g, dry sand, square surface footing, rigid bridge pier",36.12187,140.068966,"T. Kouno, A. G. Gavras",2018-08-21,,,
21,PWRI_S,PWRI_S-2-P-1,13,"Shirato, M., Kouno, T., Asai, R., Nakatani, S., Fukui, J., and Paolucci, R. (2008). ""Large-scale experiments on nonlinear behavior of shallow foundations subjected to strong earthquakes."" Soils and Foundations, 48(5), 673-692.",N/A,J. Fukui,S. Nakatani,PWRI,"M. Shirato, T. Kouno, R. Asai, Y. Nonomura","Large-scale Shake Table Facility, Public Works Research Institute, Japan",Large-scale 1g,3D shake table,Laminar shear box,4,4,2.1,,2,P,1,"The structural model was removed after test day 1 and event PWRI_S-1-P-3, the disturbed soil zone in the vicinity of the foundation was leveled and tampered using a hand-held vibrator, and the structural model was placed back at the original position.",1,1,1,1,7777,N/A,Model,2,7777,N/A,1,None,Toyoura Sand,2,81,1.1,7777,7777,7777,7777,1605,0,N/A,7777,7777,7777,7777,7777,7777,7777,7777,7777,N/A,7777,7777,7777,7777,7777,7777,7777,7777,7777,Lumped-mass bridge pier model (footing-column-deck) with rigid elastic column,Square,Steel,0.5,0.5,7777,7777,7777,0,0,0.05,0.25,299,8.477,0.131,0,7777,Steel,0.181,23,0.254,0.341,533,9.184,0.586,855,57.83,0.42,8.385,33.5,0.003,0.84,37.2,8888,10.1,8.7,9999,1.856,8888,Elastic,0.527,Elastic,0.103,8888,1D,Kobe,"1995 Kobe, Japan",KJMA 180,1,None,0.711,71.5,16.56,0.35,0.686,18.51,9.25,0.19,5.705,5.705,1.796,1.796,0.682,74,16.61,0.35,0.629,37.78,8.89,0.215,7.025,7.025,1.991,1.991,-44.897,-44.897,-40.146,-40.146,Centroid of structure,-0.228,-0.228,-0.1606,-0.1606,1.3311,1.3311,-20.721,-20.721,-20.29,-20.29,3.524,3.524,8888,8888,1.406,0.732,0.87,0.516,0.485,Low-pass filter not used but spurious spikes neglected,8888,8888,Case 1 - Step 4,http://www.pwri.go.jp/caesar/profile/docs/level2html/table2-2-No7.html (in Japanese),PWRI_S-2-P-1-CriticalPlot.pdf,"PWRI_C-Report.pdf,                                          PWRI_S-AnalyticalSystemProps.pdf",PWRI_S-Report.pdf,PWRI_S-Comments.pdf,"PWRI_S-2-P-1-CriticalDataI.txt, PWRI_S-2-P-1-CriticalDataS.txt",PWRI_S-2-P-1-BaselineCorMotions.txt,PWRI_S-2-P-1-ResponseSpectra.txt,PWRI_S-2-P-1-SupplementalData.txt,"PWRI_S-P-StructPhoto.jpg,   PWRI_S-TestPhoto.jpg",,,,"J. Fukui, S. Nakatani, M. Shirato, T. Kouno, Y. Nonomura, R. Asai","large-scale 1g, dry sand, square embedded footing, rigid bridge pier",36.12187,140.068966,"T. Kouno, A. G. Gavras",2018-08-21,,,
22,PWRI_S,PWRI_S-3-P-1,14,"Shirato, M., Kouno, T., Asai, R., Nakatani, S., Fukui, J., and Paolucci, R. (2008). ""Large-scale experiments on nonlinear behavior of shallow foundations subjected to strong earthquakes."" Soils and Foundations, 48(5), 673-692.",N/A,J. Fukui,S. Nakatani,PWRI,"M. Shirato, T. Kouno, R. Asai, Y. Nonomura","Large-scale Shake Table Facility, Public Works Research Institute, Japan",Large-scale 1g,3D shake table,Laminar shear box,4,4,2.1,,3,P,1,After event PWRI_S-2-P-1 the structural model was moved 1 m to the west without careful treatment of the soil surface.,1,1,1,1,7777,N/A,Model,2,7777,N/A,1,None,Toyoura Sand,2,81,1.1,7777,7777,7777,7777,1605,0,N/A,7777,7777,7777,7777,7777,7777,7777,7777,7777,N/A,7777,7777,7777,7777,7777,7777,7777,7777,7777,Lumped-mass bridge pier model (footing-column-deck) with rigid elastic column,Square,Steel,0.5,0.5,7777,7777,7777,0,0,0,0.25,299,8.477,0.131,0,7777,Steel,0.181,23,0.254,0.341,533,9.184,0.586,855,57.83,0.42,8.385,33.5,0.003,0.84,9999,29.2,6.8,6,9999,1.748,8888,Elastic,0.496,Elastic,0.107,8888,1D,Kobe,"1995 Kobe, Japan",KJMA 180,1,None,0.725,71.6,16.6,0.35,0.678,18.51,8.86,0.197,5.88,5.88,1.795,1.795,0.687,74.5,16.73,0.35,0.618,22,8.46,0.227,7.452,7.452,2.015,2.015,-71.57,-71.57,7777,7777,Centroid of structure,-0.413,-0.413,7777,7777,7777,7777,-26.405,-26.405,7777,7777,7777,7777,8888,8888,9999,9999,9999,9999,9999,N/R,8888,7777,Case 1 - Step 5,http://www.pwri.go.jp/caesar/profile/docs/level2html/table2-2-No7.html (in Japanese),PWRI_S-3-P-1-CriticalPlot.pdf,"PWRI_C-Report.pdf,                                          PWRI_S-AnalyticalSystemProps.pdf",PWRI_S-Report.pdf,PWRI_S-Comments.pdf,"PWRI_S-3-P-1-CriticalDataI.txt, PWRI_S-3-P-1-CriticalDataS.txt",PWRI_S-3-P-1-BaselineCorMotions.txt,PWRI_S-3-P-1-ResponseSpectra.txt,PWRI_S-3-P-1-SupplementalData.txt,"PWRI_S-P-StructPhoto.jpg,   PWRI_S-TestPhoto.jpg",,,,"J. Fukui, S. Nakatani, M. Shirato, T. Kouno, Y. Nonomura, R. Asai","large-scale 1g, dry sand, square surface footing, rigid bridge pier",36.12187,140.068966,"T. Kouno, A. G. Gavras",2018-08-21,,,
23,PWRI_S,PWRI_S-4-P-2,15,"Shirato, M., Kouno, T., Asai, R., Nakatani, S., Fukui, J., and Paolucci, R. (2008). ""Large-scale experiments on nonlinear behavior of shallow foundations subjected to strong earthquakes."" Soils and Foundations, 48(5), 673-692.",N/A,J. Fukui,S. Nakatani,PWRI,"M. Shirato, T. Kouno, R. Asai, Y. Nonomura","Large-scale Shake Table Facility, Public Works Research Institute, Japan",Large-scale 1g,3D shake table,Laminar shear box,4,4,2.1,,4,P,2,New model,1,1,1,1,7777,N/A,Model,2,7777,N/A,1,None,Toyoura Sand,2,80,0.9,7777,7777,7777,7777,1603,0,N/A,7777,7777,7777,7777,7777,7777,7777,7777,7777,N/A,7777,7777,7777,7777,7777,7777,7777,7777,7777,Lumped-mass bridge pier model (footing-column-deck) with rigid elastic column,Square,Steel,0.5,0.5,7777,7777,7777,0,0,0.01,0.25,299,8.477,0.131,0,7777,Steel,0.181,23,0.254,0.341,533,9.184,0.586,855,57.83,0.42,8.385,33.5,0.003,0.84,30.8,8888,7.3,6.5,9999,1.772,8888,Elastic,0.503,Elastic,0.106,0.095,1D,Kobe,"1995 Kobe, Japan",KJMA 180,0.8,None,0.557,57.7,13.35,0.349,0.678,16.99,8.76,0.158,3.75,3.75,1.414,1.414,0.558,59,13.3,0.349,0.634,18.35,8.76,0.169,4.299,4.299,1.52,1.52,6.7,6.7,0.491,0.491,Centroid of structure,0.052,0.052,0.00087,0.00087,0.3426,0.3426,1.962,1.962,0.34,0.34,0.37,0.37,0,0,1.49,0.672,0.8,0.505,0.445,Low-pass filter not used but spurious spikes neglected,0.095,0.095,Case 2 - Step 2,http://www.pwri.go.jp/caesar/profile/docs/level2html/table2-2-No7.html (in Japanese),PWRI_S-4-P-2-CriticalPlot.pdf,"PWRI_C-Report.pdf,                                          PWRI_S-AnalyticalSystemProps.pdf",PWRI_S-Report.pdf,PWRI_S-Comments.pdf,"PWRI_S-4-P-2-CriticalDataI.txt, PWRI_S-4-P-2-CriticalDataS.txt",PWRI_S-4-P-2-BaselineCorMotions.txt,PWRI_S-4-P-2-ResponseSpectra.txt,"PWRI_S-4-P-1-SupplementalData.txt, PWRI_S-4-P-2-SupplementalData.txt","PWRI_S-P-StructPhoto.jpg,   PWRI_S-TestPhoto.jpg",,,,"J. Fukui, S. Nakatani, M. Shirato, T. Kouno, Y. Nonomura, R. Asai","large-scale 1g, dry sand, square embedded footing, rigid bridge pier",36.12187,140.068966,"T. Kouno, A. G. Gavras",2018-08-21,,,
24,,,,,,,,,,,,,,,,,,,,,,,,,,,,,,,,,,,,,,,,,,,,,,,,,,,,,,,,,,,,,,,,,,,,,,,,,,,,,,,,,,,,,,,,,,,,,,,,,,,,,,,,,,,,,,,,,,,,,,,,,,,,,,,,,,,,,,,,,,,,,,,,,,,,,,,,,,,,,,,,,,,,,,,,,,,,,,,,,,,,,,,,,,,
25,LJD01,LJD01-1-MD-1,16,"Deng, L., Kutter, B. L., and Kunnath, S. K. (2012). “Centrifuge modeling of bridge systems designed for rocking foundations.” Journal of Geotechnical and Geoenvironmental Engineering, 138(3), 335-344.",Innovative Economical Foundations with Improved Performance that is Less Sensitive to Site Conditions,B. L. Kutter,S. K. Kunnath,Caltrans,"L. Deng, T. Algie","Center for Geotechnical Modeling, University of California, Davis, CA",Centrifuge,9-m radius centrifuge with 1D shaker,Rigid Container 1,1.75,0.9,0.53,2008-03-13,1,MD,1,New model,49,0.02041,0.02041,0.0000085,70.4,Constant,Prototype,11.2,7777,7777,1,"WD40 oil solution was sprayed around the footing perimeter and the surface of the sand, and modeling clay sheets were used to separate the footing from the backfill sand; modifications aimed at preventing backfill sand from raveling under the footing during rocking.",Nevada Sand,11.2,73,5,7777,7777,7777,7777,1656,0,N/A,7777,7777,7777,7777,7777,7777,7777,7777,7777,N/A,7777,7777,7777,7777,7777,7777,7777,7777,7777,Lumped-mass bridge pier model (footing-column-deck) with nonlinear column,Rectangle,Aluminum 6061,9.756,6.238,7777,7777,7777,0,0,2.24,1.245,198640,1645896,0.622,97466,1.742,Aluminum 6063,8.889,18824,131490,5.689,582849,1798625,12.13,800313,23404919,9.119,8804,145,1.15,1.24,29.6,8888,9999,30.2,8888,41524,9999,15294,0.589,0.273,1.26,1.17,1D,Morgan,"1984 Morgan Hill, CA",Coyote Lake Dam - Southwest Abutment 195,0.2,Original record filtered to avoid frequencies and amplitudes that were outside the capability of the centrifuge and shake table,0.064,7.4,0.97,0.359,0.483,1.14,30.48,0.008,0.034,0.034,0.102,0.102,0.092,10.2,1.15,0.361,0.432,1.2,4.41,0.03,0.067,0.067,0.118,0.118,0.211,0.211,0.016,0.016,Centroid of deck,9999,9999,-0.00018,-0.00018,0,0,9999,9999,0.015,0.015,-0.007,-0.007,0.013,0.013,1.023,0.976,0.11,9999,0.047,Low-pass filtered at 10 Hz,1.17,8888,Event LJD01_06_01 - Structure MD-1,https://www.designsafe-ci.org/data/browser/public/nees.public/NEES-2008-0565.groups,LJD01-1-MD-1-CriticalPlot.pdf,LJD01-AnalyticalSystemProps.pdf,LJD01-Report.pdf,LJD01-Comments.pdf,LJD01-1-MD-1-CriticalDataE.txt,LJD01-1-1-BaselineCorMotions.txt,LJD01-1-1-ResponseSpectra.txt,LJD01-1-1-SupplementalData.txt,"LJD01-MD-StructPhoto.jpg,        LJD01-MD-SD-StructPhoto.jpg, LJD01-TestPhoto.jpg",,2008-03-13,2008-03-13,"L. Deng, T. Algie, B. L. Kutter","centrifuge, dry sand, rectangular embedded footing, nonlinear bridge pier",38.526393,-121.785078,"A. G. Gavras, K. Sharma",2018-08-21,,,
26,LJD01,LJD01-1-MD-2,17,"Deng, L., Kutter, B. L., and Kunnath, S. K. (2012). “Centrifuge modeling of bridge systems designed for rocking foundations.” Journal of Geotechnical and Geoenvironmental Engineering, 138(3), 335-344.",Innovative Economical Foundations with Improved Performance that is Less Sensitive to Site Conditions,B. L. Kutter,S. K. Kunnath,Caltrans,"L. Deng, T. Algie","Center for Geotechnical Modeling, University of California, Davis, CA",Centrifuge,9-m radius centrifuge with 1D shaker,Rigid Container 1,1.75,0.9,0.53,2008-03-13,1,MD,2,New model,49,0.02041,0.02041,0.0000085,70.6,Constant,Prototype,11.2,7777,7777,1,"WD40 oil solution was sprayed around the footing perimeter and the surface of the sand, and modeling clay sheets were used to separate the footing from the backfill sand; modifications aimed at preventing backfill sand from raveling under the footing during rocking.",Nevada Sand,11.2,73,5,7777,7777,7777,7777,1656,0,N/A,7777,7777,7777,7777,7777,7777,7777,7777,7777,N/A,7777,7777,7777,7777,7777,7777,7777,7777,7777,Lumped-mass bridge pier model (footing-column-deck) with nonlinear column,Rectangle,Aluminum 6061,9.756,6.238,7777,7777,7777,0,0,2.24,1.245,198640,1645896,0.622,97466,1.742,Aluminum 6063,8.889,18824,131490,5.689,582849,1798625,12.13,800313,23404919,9.119,8804,145,1.15,1.24,29.6,8888,9999,30.2,8888,41524,9999,15294,0.589,0.273,1.26,1.17,1D,Morgan,"1984 Morgan Hill, CA",Coyote Lake Dam - Southwest Abutment 195,0.2,Original record filtered to avoid frequencies and amplitudes that were outside the capability of the centrifuge and shake table,0.064,7.3,1,0.361,0.521,1.16,3.06,0.023,0.027,0.061,0.057,0.159,0.093,10,1.21,0.363,0.428,1.18,3.29,0.034,0.065,0.132,0.107,0.225,0.208,-0.196,0.018,0.001,Centroid of deck,9999,9999,-0.00019,-0.00001,0,0,9999,9999,0.023,0.008,-0.007,0,0.014,0.002,1.02,0.978,0.107,9999,0.046,Low-pass filtered at 10 Hz,8888,8888,Event LJD01_06_02 - Structure MD-1,https://www.designsafe-ci.org/data/browser/public/nees.public/NEES-2008-0565.groups,LJD01-1-MD-2-CriticalPlot.pdf,LJD01-AnalyticalSystemProps.pdf,LJD01-Report.pdf,LJD01-Comments.pdf,LJD01-1-MD-2-CriticalDataE.txt,LJD01-1-2-BaselineCorMotions.txt,LJD01-1-2-ResponseSpectra.txt,LJD01-1-2-SupplementalData.txt,"LJD01-MD-StructPhoto.jpg,        LJD01-MD-SD-StructPhoto.jpg, LJD01-TestPhoto.jpg",,2008-03-13,2008-03-13,"L. Deng, T. Algie, B. L. Kutter","centrifuge, dry sand, rectangular embedded footing, nonlinear bridge pier",38.526393,-121.785078,"A. G. Gavras, K. Sharma",2018-08-21,,,
27,LJD01,LJD01-1-MD-3,18,"Deng, L., Kutter, B. L., and Kunnath, S. K. (2012). “Centrifuge modeling of bridge systems designed for rocking foundations.” Journal of Geotechnical and Geoenvironmental Engineering, 138(3), 335-344.",Innovative Economical Foundations with Improved Performance that is Less Sensitive to Site Conditions,B. L. Kutter,S. K. Kunnath,Caltrans,"L. Deng, T. Algie","Center for Geotechnical Modeling, University of California, Davis, CA",Centrifuge,9-m radius centrifuge with 1D shaker,Rigid Container 1,1.75,0.9,0.53,2008-03-13,1,MD,3,New model,49,0.02041,0.02041,0.0000085,70.6,Constant,Prototype,11.2,7777,7777,1,"WD40 oil solution was sprayed around the footing perimeter and the surface of the sand, and modeling clay sheets were used to separate the footing from the backfill sand; modifications aimed at preventing backfill sand from raveling under the footing during rocking.",Nevada Sand,11.2,73,5,7777,7777,7777,7777,1656,0,N/A,7777,7777,7777,7777,7777,7777,7777,7777,7777,N/A,7777,7777,7777,7777,7777,7777,7777,7777,7777,Lumped-mass bridge pier model (footing-column-deck) with nonlinear column,Rectangle,Aluminum 6061,9.756,6.238,7777,7777,7777,0,0,2.24,1.245,198640,1645896,0.622,97466,1.742,Aluminum 6063,8.889,18824,131490,5.689,582849,1798625,12.13,800313,23404919,9.119,8804,145,1.15,1.24,29.6,8888,9999,30.2,8888,41524,9999,15294,0.589,0.273,1.26,1.17,1D,San Fernando,"1971 San Fernando, CA",Pacoima Dam (upper left abut),0.2,Original record filtered to avoid frequencies and amplitudes that were outside the capability of the centrifuge and shake table,0.119,15.7,3.76,0.391,0.631,5.83,6.91,0.036,0.157,0.218,0.251,0.41,0.15,17.3,3.62,0.388,0.449,6.99,6.63,0.06,0.408,0.54,0.429,0.654,-0.658,-0.676,-0.036,-0.054,Centroid of deck,9999,9999,-0.00052,-0.00033,0,0,9999,9999,0.012,-0.011,0.01,0.017,0.015,0.001,1.039,0.967,9999,9999,9999,Low-pass filtered at 10 Hz,8888,8888,Event LJD01_06_03 - Structure MD-1,https://www.designsafe-ci.org/data/browser/public/nees.public/NEES-2008-0565.groups,LJD01-1-MD-3-CriticalPlot.pdf,LJD01-AnalyticalSystemProps.pdf,LJD01-Report.pdf,LJD01-Comments.pdf,LJD01-1-MD-3-CriticalDataE.txt,LJD01-1-3-BaselineCorMotions.txt,LJD01-1-3-ResponseSpectra.txt,LJD01-1-3-SupplementalData.txt,"LJD01-MD-StructPhoto.jpg,        LJD01-MD-SD-StructPhoto.jpg, LJD01-TestPhoto.jpg",,2008-03-13,2008-03-13,"L. Deng, T. Algie, B. L. Kutter","centrifuge, dry sand, rectangular embedded footing, nonlinear bridge pier",38.526393,-121.785078,"A. G. Gavras, K. Sharma",2018-08-21,,,
28,LJD01,LJD01-1-MD-4,19,"Deng, L., Kutter, B. L., and Kunnath, S. K. (2012). “Centrifuge modeling of bridge systems designed for rocking foundations.” Journal of Geotechnical and Geoenvironmental Engineering, 138(3), 335-344.",Innovative Economical Foundations with Improved Performance that is Less Sensitive to Site Conditions,B. L. Kutter,S. K. Kunnath,Caltrans,"L. Deng, T. Algie","Center for Geotechnical Modeling, University of California, Davis, CA",Centrifuge,9-m radius centrifuge with 1D shaker,Rigid Container 1,1.75,0.9,0.53,2008-03-13,1,MD,4,New model,49,0.02041,0.02041,0.0000085,70.7,Constant,Prototype,11.2,7777,7777,1,"WD40 oil solution was sprayed around the footing perimeter and the surface of the sand, and modeling clay sheets were used to separate the footing from the backfill sand; modifications aimed at preventing backfill sand from raveling under the footing during rocking.",Nevada Sand,11.2,73,5,7777,7777,7777,7777,1656,0,N/A,7777,7777,7777,7777,7777,7777,7777,7777,7777,N/A,7777,7777,7777,7777,7777,7777,7777,7777,7777,Lumped-mass bridge pier model (footing-column-deck) with nonlinear column,Rectangle,Aluminum 6061,9.756,6.238,7777,7777,7777,0,0,2.24,1.245,198640,1645896,0.622,97466,1.742,Aluminum 6063,8.889,18824,131490,5.689,582849,1798625,12.13,800313,23404919,9.119,8804,145,1.15,1.24,29.6,8888,9999,30.2,8888,41524,9999,15294,0.589,0.273,1.26,1.17,1D,San Fernando,"1971 San Fernando, CA",Pacoima Dam (upper left abut),0.2,Original record filtered to avoid frequencies and amplitudes that were outside the capability of the centrifuge and shake table,0.15,19,4.5,0.39,0.669,6.18,8.73,0.038,0.219,0.437,0.352,0.762,0.209,22.7,4.91,0.389,0.491,8.73,7.81,0.065,0.567,1.107,0.557,1.211,-0.918,0.897,-0.077,-0.041,Centroid of deck,9999,9999,-0.00044,0.00008,0,0,9999,9999,-0.011,-0.022,0.026,0.016,0.021,0.005,1.042,0.961,0.38,9999,0.166,Low-pass filtered at 10 Hz,8888,8888,Event LJD01_06_04 - Structure MD-1,https://www.designsafe-ci.org/data/browser/public/nees.public/NEES-2008-0565.groups,LJD01-1-MD-4-CriticalPlot.pdf,LJD01-AnalyticalSystemProps.pdf,LJD01-Report.pdf,LJD01-Comments.pdf,LJD01-1-MD-4-CriticalDataE.txt,LJD01-1-4-BaselineCorMotions.txt,LJD01-1-4-ResponseSpectra.txt,LJD01-1-4-SupplementalData.txt,"LJD01-MD-StructPhoto.jpg,        LJD01-MD-SD-StructPhoto.jpg, LJD01-TestPhoto.jpg",,2008-03-13,2008-03-13,"L. Deng, T. Algie, B. L. Kutter","centrifuge, dry sand, rectangular embedded footing, nonlinear bridge pier",38.526393,-121.785078,"A. G. Gavras, K. Sharma",2018-08-21,,,
29,LJD01,LJD01-1-MD-5,20,"Deng, L., Kutter, B. L., and Kunnath, S. K. (2012). “Centrifuge modeling of bridge systems designed for rocking foundations.” Journal of Geotechnical and Geoenvironmental Engineering, 138(3), 335-344.",Innovative Economical Foundations with Improved Performance that is Less Sensitive to Site Conditions,B. L. Kutter,S. K. Kunnath,Caltrans,"L. Deng, T. Algie","Center for Geotechnical Modeling, University of California, Davis, CA",Centrifuge,9-m radius centrifuge with 1D shaker,Rigid Container 1,1.75,0.9,0.53,2008-03-13,1,MD,5,New model,49,0.02041,0.02041,0.0000085,70.5,Constant,Prototype,11.2,7777,7777,1,"WD40 oil solution was sprayed around the footing perimeter and the surface of the sand, and modeling clay sheets were used to separate the footing from the backfill sand; modifications aimed at preventing backfill sand from raveling under the footing during rocking.",Nevada Sand,11.2,73,5,7777,7777,7777,7777,1656,0,N/A,7777,7777,7777,7777,7777,7777,7777,7777,7777,N/A,7777,7777,7777,7777,7777,7777,7777,7777,7777,Lumped-mass bridge pier model (footing-column-deck) with nonlinear column,Rectangle,Aluminum 6061,9.756,6.238,7777,7777,7777,0,0,2.24,1.245,198640,1645896,0.622,97466,1.742,Aluminum 6063,8.889,18824,131490,5.689,582849,1798625,12.13,800313,23404919,9.119,8804,145,1.15,1.24,29.6,8888,9999,30.2,8888,41524,9999,15294,0.589,0.273,1.26,1.17,1D,TCU,"1999 Chi-Chi, Taiwan",TCU078,0.2,Original record filtered to avoid frequencies and amplitudes that were outside the capability of the centrifuge and shake table,0.075,10.5,2.76,0.547,0.642,21.42,31.06,0.018,0.177,0.614,0.503,1.265,0.1,12.8,3.07,0.373,0.521,25.84,28.5,0.028,0.375,1.482,0.723,1.934,-0.479,0.468,-0.077,0,Centroid of deck,9999,9999,-0.00043,0.00001,0,0,9999,9999,-0.011,0,0.027,0.001,0.021,0,1.02,0.977,0.227,9999,0.088,Low-pass filtered at 10 Hz,8888,8888,Event LJD01_06_05 - Structure MD-1,https://www.designsafe-ci.org/data/browser/public/nees.public/NEES-2008-0565.groups,LJD01-1-MD-5-CriticalPlot.pdf,LJD01-AnalyticalSystemProps.pdf,LJD01-Report.pdf,LJD01-Comments.pdf,LJD01-1-MD-5-CriticalDataE.txt,LJD01-1-5-BaselineCorMotions.txt,LJD01-1-5-ResponseSpectra.txt,LJD01-1-5-SupplementalData.txt,"LJD01-MD-StructPhoto.jpg,        LJD01-MD-SD-StructPhoto.jpg, LJD01-TestPhoto.jpg",,2008-03-13,2008-03-13,"L. Deng, T. Algie, B. L. Kutter","centrifuge, dry sand, rectangular embedded footing, nonlinear bridge pier",38.526393,-121.785078,"A. G. Gavras, K. Sharma",2018-08-21,,,
30,LJD01,LJD01-1-MD-6,21,"Deng, L., Kutter, B. L., and Kunnath, S. K. (2012). “Centrifuge modeling of bridge systems designed for rocking foundations.” Journal of Geotechnical and Geoenvironmental Engineering, 138(3), 335-344.",Innovative Economical Foundations with Improved Performance that is Less Sensitive to Site Conditions,B. L. Kutter,S. K. Kunnath,Caltrans,"L. Deng, T. Algie","Center for Geotechnical Modeling, University of California, Davis, CA",Centrifuge,9-m radius centrifuge with 1D shaker,Rigid Container 1,1.75,0.9,0.53,2008-03-13,1,MD,6,New model,49,0.02041,0.02041,0.0000085,70.4,Constant,Prototype,11.2,7777,7777,1,"WD40 oil solution was sprayed around the footing perimeter and the surface of the sand, and modeling clay sheets were used to separate the footing from the backfill sand; modifications aimed at preventing backfill sand from raveling under the footing during rocking.",Nevada Sand,11.2,73,5,7777,7777,7777,7777,1656,0,N/A,7777,7777,7777,7777,7777,7777,7777,7777,7777,N/A,7777,7777,7777,7777,7777,7777,7777,7777,7777,Lumped-mass bridge pier model (footing-column-deck) with nonlinear column,Rectangle,Aluminum 6061,9.756,6.238,7777,7777,7777,0,0,2.24,1.245,198640,1645896,0.622,97466,1.742,Aluminum 6063,8.889,18824,131490,5.689,582849,1798625,12.13,800313,23404919,9.119,8804,145,1.15,1.24,29.6,8888,9999,30.2,8888,41524,9999,15294,0.589,0.273,1.26,1.17,1D,TCU,"1999 Chi-Chi, Taiwan",TCU078,0.2,Original record filtered to avoid frequencies and amplitudes that were outside the capability of the centrifuge and shake table,0.076,10.2,2.83,0.548,0.648,21.4,32.51,0.018,0.171,0.785,0.494,1.759,0.095,12.7,3.03,0.374,0.523,25.82,28.65,0.027,0.357,1.839,0.708,2.642,-0.48,0.467,-0.076,0.001,Centroid of deck,9999,9999,-0.00045,-0.00002,0,0,9999,9999,-0.014,-0.004,0.026,-0.001,0.022,0.001,1.021,0.979,0.226,9999,0.087,Low-pass filtered at 10 Hz,8888,8888,Event LJD01_06_06 - Structure MD-1,https://www.designsafe-ci.org/data/browser/public/nees.public/NEES-2008-0565.groups,LJD01-1-MD-6-CriticalPlot.pdf,LJD01-AnalyticalSystemProps.pdf,LJD01-Report.pdf,LJD01-Comments.pdf,LJD01-1-MD-6-CriticalDataE.txt,LJD01-1-6-BaselineCorMotions.txt,LJD01-1-6-ResponseSpectra.txt,LJD01-1-6-SupplementalData.txt,"LJD01-MD-StructPhoto.jpg,        LJD01-MD-SD-StructPhoto.jpg, LJD01-TestPhoto.jpg",,2008-03-13,2008-03-13,"L. Deng, T. Algie, B. L. Kutter","centrifuge, dry sand, rectangular embedded footing, nonlinear bridge pier",38.526393,-121.785078,"A. G. Gavras, K. Sharma",2018-08-21,,,
31,LJD01,LJD01-1-MD-7,22,"Deng, L., Kutter, B. L., and Kunnath, S. K. (2012). “Centrifuge modeling of bridge systems designed for rocking foundations.” Journal of Geotechnical and Geoenvironmental Engineering, 138(3), 335-344.",Innovative Economical Foundations with Improved Performance that is Less Sensitive to Site Conditions,B. L. Kutter,S. K. Kunnath,Caltrans,"L. Deng, T. Algie","Center for Geotechnical Modeling, University of California, Davis, CA",Centrifuge,9-m radius centrifuge with 1D shaker,Rigid Container 1,1.75,0.9,0.53,2008-03-13,1,MD,7,New model,49,0.02041,0.02041,0.0000085,70.3,Constant,Prototype,11.2,7777,7777,1,"WD40 oil solution was sprayed around the footing perimeter and the surface of the sand, and modeling clay sheets were used to separate the footing from the backfill sand; modifications aimed at preventing backfill sand from raveling under the footing during rocking.",Nevada Sand,11.2,73,5,7777,7777,7777,7777,1656,0,N/A,7777,7777,7777,7777,7777,7777,7777,7777,7777,N/A,7777,7777,7777,7777,7777,7777,7777,7777,7777,Lumped-mass bridge pier model (footing-column-deck) with nonlinear column,Rectangle,Aluminum 6061,9.756,6.238,7777,7777,7777,0,0,2.24,1.245,198640,1645896,0.622,97466,1.742,Aluminum 6063,8.889,18824,131490,5.689,582849,1798625,12.13,800313,23404919,9.119,8804,145,1.15,1.24,29.6,8888,9999,30.2,8888,41524,9999,15294,0.589,0.273,1.26,1.17,1D,Morgan,"1984 Morgan Hill, CA",Coyote Lake Dam - Southwest Abutment 195,0.6,Original record filtered to avoid frequencies and amplitudes that were outside the capability of the centrifuge and shake table,0.345,32.2,4.56,0.361,0.545,6.41,3.97,0.103,0.728,1.513,0.475,2.234,0.449,42.5,6.98,0.372,0.493,8.83,3.68,0.165,1.72,3.559,0.762,3.404,-0.862,0.86,0.001,0.077,Centroid of deck,9999,9999,-0.00028,0.00017,0.0011,0.0011,9999,9999,-0.003,0.011,0.147,0.121,0.311,0.289,1.206,0.811,0.377,9999,0.153,Low-pass filtered at 10 Hz,8888,8888,Event LJD01_06_07 - Structure MD-1,https://www.designsafe-ci.org/data/browser/public/nees.public/NEES-2008-0565.groups,LJD01-1-MD-7-CriticalPlot.pdf,LJD01-AnalyticalSystemProps.pdf,LJD01-Report.pdf,LJD01-Comments.pdf,LJD01-1-MD-7-CriticalDataE.txt,LJD01-1-7-BaselineCorMotions.txt,LJD01-1-7-ResponseSpectra.txt,LJD01-1-7-SupplementalData.txt,"LJD01-MD-StructPhoto.jpg,        LJD01-MD-SD-StructPhoto.jpg, LJD01-TestPhoto.jpg",,2008-03-13,2008-03-13,"L. Deng, T. Algie, B. L. Kutter","centrifuge, dry sand, rectangular embedded footing, nonlinear bridge pier",38.526393,-121.785078,"A. G. Gavras, K. Sharma",2018-08-21,,,
32,LJD01,LJD01-1-MD-8,23,"Deng, L., Kutter, B. L., and Kunnath, S. K. (2012). “Centrifuge modeling of bridge systems designed for rocking foundations.” Journal of Geotechnical and Geoenvironmental Engineering, 138(3), 335-344.",Innovative Economical Foundations with Improved Performance that is Less Sensitive to Site Conditions,B. L. Kutter,S. K. Kunnath,Caltrans,"L. Deng, T. Algie","Center for Geotechnical Modeling, University of California, Davis, CA",Centrifuge,9-m radius centrifuge with 1D shaker,Rigid Container 1,1.75,0.9,0.53,2008-03-13,1,MD,8,New model,49,0.02041,0.02041,0.0000085,70.2,Constant,Prototype,11.2,7777,7777,1,"WD40 oil solution was sprayed around the footing perimeter and the surface of the sand, and modeling clay sheets were used to separate the footing from the backfill sand; modifications aimed at preventing backfill sand from raveling under the footing during rocking.",Nevada Sand,11.2,73,5,7777,7777,7777,7777,1656,0,N/A,7777,7777,7777,7777,7777,7777,7777,7777,7777,N/A,7777,7777,7777,7777,7777,7777,7777,7777,7777,Lumped-mass bridge pier model (footing-column-deck) with nonlinear column,Rectangle,Aluminum 6061,9.756,6.238,7777,7777,7777,0,0,2.24,1.245,198640,1645896,0.622,97466,1.742,Aluminum 6063,8.889,18824,131490,5.689,582849,1798625,12.13,800313,23404919,9.119,8804,145,1.15,1.24,29.6,8888,9999,30.2,8888,41524,9999,15294,0.589,0.273,1.26,1.17,1D,Morgan,"1984 Morgan Hill, CA",Coyote Lake Dam - Southwest Abutment 195,1,Original record filtered to avoid frequencies and amplitudes that were outside the capability of the centrifuge and shake table,0.468,47.9,6.5,0.357,0.545,9.58,5.62,0.135,1.763,3.276,0.864,3.098,0.617,59.7,10.33,0.371,0.521,14.01,6.63,0.182,3.759,7.318,1.334,4.738,1.309,1.308,-0.087,-0.088,Centroid of deck,9999,9999,0.00057,0.00085,0.0029,0.004,9999,9999,-0.143,-0.139,0.297,0.15,0.551,0.24,1.318,0.692,0.489,9999,0.203,Low-pass filtered at 10 Hz,8888,8888,Event LJD01_06_08 - Structure MD-1,https://www.designsafe-ci.org/data/browser/public/nees.public/NEES-2008-0565.groups,LJD01-1-MD-8-CriticalPlot.pdf,LJD01-AnalyticalSystemProps.pdf,LJD01-Report.pdf,LJD01-Comments.pdf,LJD01-1-MD-8-CriticalDataE.txt,LJD01-1-8-BaselineCorMotions.txt,LJD01-1-8-ResponseSpectra.txt,LJD01-1-8-SupplementalData.txt,"LJD01-MD-StructPhoto.jpg,        LJD01-MD-SD-StructPhoto.jpg, LJD01-TestPhoto.jpg",,2008-03-13,2008-03-13,"L. Deng, T. Algie, B. L. Kutter","centrifuge, dry sand, rectangular embedded footing, nonlinear bridge pier",38.526393,-121.785078,"A. G. Gavras, K. Sharma",2018-08-21,,,
33,LJD01,LJD01-1-MD-9,24,"Deng, L., Kutter, B. L., and Kunnath, S. K. (2012). “Centrifuge modeling of bridge systems designed for rocking foundations.” Journal of Geotechnical and Geoenvironmental Engineering, 138(3), 335-344.",Innovative Economical Foundations with Improved Performance that is Less Sensitive to Site Conditions,B. L. Kutter,S. K. Kunnath,Caltrans,"L. Deng, T. Algie","Center for Geotechnical Modeling, University of California, Davis, CA",Centrifuge,9-m radius centrifuge with 1D shaker,Rigid Container 1,1.75,0.9,0.53,2008-03-13,1,MD,9,New model,49,0.02041,0.02041,0.0000085,70.3,Constant,Prototype,11.2,7777,7777,1,"WD40 oil solution was sprayed around the footing perimeter and the surface of the sand, and modeling clay sheets were used to separate the footing from the backfill sand; modifications aimed at preventing backfill sand from raveling under the footing during rocking.",Nevada Sand,11.2,73,5,7777,7777,7777,7777,1656,0,N/A,7777,7777,7777,7777,7777,7777,7777,7777,7777,N/A,7777,7777,7777,7777,7777,7777,7777,7777,7777,Lumped-mass bridge pier model (footing-column-deck) with nonlinear column,Rectangle,Aluminum 6061,9.756,6.238,7777,7777,7777,0,0,2.24,1.245,198640,1645896,0.622,97466,1.742,Aluminum 6063,8.889,18824,131490,5.689,582849,1798625,12.13,800313,23404919,9.119,8804,145,1.15,1.24,29.6,8888,9999,30.2,8888,41524,9999,15294,0.589,0.273,1.26,1.17,1D,San Fernando,"1971 San Fernando, CA",Pacoima Dam (upper left abut),1,Original record filtered to avoid frequencies and amplitudes that were outside the capability of the centrifuge and shake table,0.688,70.3,20.59,0.387,0.608,31.94,9.37,0.183,5.393,8.669,2.25,5.348,0.635,82.9,26.34,0.386,0.527,40.2,9.59,0.286,13.463,20.781,3.59,8.328,-4.277,-4.19,-3.126,-3.039,Centroid of deck,9999,9999,-0.00425,-0.00482,0.01,0.014,9999,9999,0.268,0.411,0.51,0.213,0.996,0.445,1.439,0.56,0.58,9999,0.241,Low-pass filtered at 10 Hz,8888,8888,Event LJD01_06_09 - Structure MD-1,https://www.designsafe-ci.org/data/browser/public/nees.public/NEES-2008-0565.groups,LJD01-1-MD-9-CriticalPlot.pdf,LJD01-AnalyticalSystemProps.pdf,LJD01-Report.pdf,LJD01-Comments.pdf,LJD01-1-MD-9-CriticalDataE.txt,LJD01-1-9-BaselineCorMotions.txt,LJD01-1-9-ResponseSpectra.txt,LJD01-1-9-SupplementalData.txt,"LJD01-MD-StructPhoto.jpg,        LJD01-MD-SD-StructPhoto.jpg, LJD01-TestPhoto.jpg",,2008-03-13,2008-03-13,"L. Deng, T. Algie, B. L. Kutter","centrifuge, dry sand, rectangular embedded footing, nonlinear bridge pier",38.526393,-121.785078,"A. G. Gavras, K. Sharma",2018-08-21,,,
34,LJD01,LJD01-1-SD-1,25,"Deng, L., Kutter, B. L., and Kunnath, S. K. (2012). “Centrifuge modeling of bridge systems designed for rocking foundations.” Journal of Geotechnical and Geoenvironmental Engineering, 138(3), 335-344.",Innovative Economical Foundations with Improved Performance that is Less Sensitive to Site Conditions,B. L. Kutter,S. K. Kunnath,Caltrans,"L. Deng, T. Algie","Center for Geotechnical Modeling, University of California, Davis, CA",Centrifuge,9-m radius centrifuge with 1D shaker,Rigid Container 1,1.75,0.9,0.53,2008-03-13,1,SD,1,New model,49,0.02041,0.02041,0.0000085,70.4,Constant,Prototype,11.2,7777,7777,1,"WD40 oil solution was sprayed around the footing perimeter and the surface of the sand, and modeling clay sheets were used to separate the footing from the backfill sand; modifications aimed at preventing backfill sand from raveling under the footing during rocking.",Nevada Sand,11.2,73,5,7777,7777,7777,7777,1656,0,N/A,7777,7777,7777,7777,7777,7777,7777,7777,7777,N/A,7777,7777,7777,7777,7777,7777,7777,7777,7777,Lumped-mass bridge pier model (footing-column-deck) with nonlinear column,Rectangle,Aluminum 6061,6.698,4.283,7777,7777,7777,0,0,2.24,1.245,90541,370411,0.622,44426,1.742,Aluminum 6063,8.889,18824,131490,5.689,582849,1798625,12.13,692214,13107390,10.45,7224,252,1.15,1.81,14.8,8888,9999,14.5,8888,22525,9999,15294,0.32,0.273,1.35,1.17,1D,Morgan,"1984 Morgan Hill, CA",Coyote Lake Dam - Southwest Abutment 195,0.2,Original record filtered to avoid frequencies and amplitudes that were outside the capability of the centrifuge and shake table,0.064,7.4,0.97,0.359,0.483,1.14,30.48,0.008,0.034,0.034,0.102,0.102,0.092,10.2,1.15,0.361,0.432,1.2,4.41,0.03,0.067,0.067,0.118,0.118,0.146,0.146,-0.003,-0.003,Centroid of deck,-0.00031,-0.00031,-0.00007,-0.00007,0,0,9999,9999,0.006,0.006,-0.001,-0.001,0.019,0.019,1.024,0.973,0.137,9999,0.038,Low-pass filtered at 10 Hz,1.17,8888,Event LJD01_06_01 - Structure SD-1,https://www.designsafe-ci.org/data/browser/public/nees.public/NEES-2008-0565.groups,LJD01-1-SD-1-CriticalPlot.pdf,LJD01-AnalyticalSystemProps.pdf,LJD01-Report.pdf,LJD01-Comments.pdf,LJD01-1-SD-1-CriticalDataE.txt,LJD01-1-1-BaselineCorMotions.txt,LJD01-1-1-ResponseSpectra.txt,LJD01-1-1-SupplementalData.txt,"LJD01-SD-StructPhoto.jpg,         LJD01-MD-SD-StructPhoto.jpg, LJD01-TestPhoto.jpg",,2008-03-13,2008-03-13,"L. Deng, T. Algie, B. L. Kutter","centrifuge, dry sand, rectangular embedded footing, nonlinear bridge pier",38.526393,-121.785078,"A. G. Gavras, K. Sharma",2018-08-21,,,
35,LJD01,LJD01-1-SD-2,26,"Deng, L., Kutter, B. L., and Kunnath, S. K. (2012). “Centrifuge modeling of bridge systems designed for rocking foundations.” Journal of Geotechnical and Geoenvironmental Engineering, 138(3), 335-344.",Innovative Economical Foundations with Improved Performance that is Less Sensitive to Site Conditions,B. L. Kutter,S. K. Kunnath,Caltrans,"L. Deng, T. Algie","Center for Geotechnical Modeling, University of California, Davis, CA",Centrifuge,9-m radius centrifuge with 1D shaker,Rigid Container 1,1.75,0.9,0.53,2008-03-13,1,SD,2,New model,49,0.02041,0.02041,0.0000085,70.6,Constant,Prototype,11.2,7777,7777,1,"WD40 oil solution was sprayed around the footing perimeter and the surface of the sand, and modeling clay sheets were used to separate the footing from the backfill sand; modifications aimed at preventing backfill sand from raveling under the footing during rocking.",Nevada Sand,11.2,73,5,7777,7777,7777,7777,1656,0,N/A,7777,7777,7777,7777,7777,7777,7777,7777,7777,N/A,7777,7777,7777,7777,7777,7777,7777,7777,7777,Lumped-mass bridge pier model (footing-column-deck) with nonlinear column,Rectangle,Aluminum 6061,6.698,4.283,7777,7777,7777,0,0,2.24,1.245,90541,370411,0.622,44426,1.742,Aluminum 6063,8.889,18824,131490,5.689,582849,1798625,12.13,692214,13107390,10.45,7224,252,1.15,1.81,14.8,8888,9999,14.5,8888,22525,9999,15294,0.32,0.273,1.35,1.17,1D,Morgan,"1984 Morgan Hill, CA",Coyote Lake Dam - Southwest Abutment 195,0.2,Original record filtered to avoid frequencies and amplitudes that were outside the capability of the centrifuge and shake table,0.064,7.3,1,0.361,0.521,1.16,3.06,0.023,0.027,0.061,0.057,0.159,0.093,10,1.21,0.363,0.428,1.18,3.29,0.034,0.065,0.132,0.107,0.225,-0.133,0.136,-0.005,-0.002,Centroid of deck,-0.00025,0.0002,-0.00002,0.00006,0,0,9999,9999,-0.002,-0.009,-0.002,-0.001,0.021,0.002,1.025,0.972,0.128,9999,0.036,Low-pass filtered at 10 Hz,8888,8888,Event LJD01_06_02 - Structure SD-1,https://www.designsafe-ci.org/data/browser/public/nees.public/NEES-2008-0565.groups,LJD01-1-SD-2-CriticalPlot.pdf,LJD01-AnalyticalSystemProps.pdf,LJD01-Report.pdf,LJD01-Comments.pdf,LJD01-1-SD-2-CriticalDataE.txt,LJD01-1-2-BaselineCorMotions.txt,LJD01-1-2-ResponseSpectra.txt,LJD01-1-2-SupplementalData.txt,"LJD01-SD-StructPhoto.jpg,         LJD01-MD-SD-StructPhoto.jpg, LJD01-TestPhoto.jpg",,2008-03-13,2008-03-13,"L. Deng, T. Algie, B. L. Kutter","centrifuge, dry sand, rectangular embedded footing, nonlinear bridge pier",38.526393,-121.785078,"A. G. Gavras, K. Sharma",2018-08-21,,,
36,LJD01,LJD01-1-SD-3,27,"Deng, L., Kutter, B. L., and Kunnath, S. K. (2012). “Centrifuge modeling of bridge systems designed for rocking foundations.” Journal of Geotechnical and Geoenvironmental Engineering, 138(3), 335-344.",Innovative Economical Foundations with Improved Performance that is Less Sensitive to Site Conditions,B. L. Kutter,S. K. Kunnath,Caltrans,"L. Deng, T. Algie","Center for Geotechnical Modeling, University of California, Davis, CA",Centrifuge,9-m radius centrifuge with 1D shaker,Rigid Container 1,1.75,0.9,0.53,2008-03-13,1,SD,3,New model,49,0.02041,0.02041,0.0000085,70.6,Constant,Prototype,11.2,7777,7777,1,"WD40 oil solution was sprayed around the footing perimeter and the surface of the sand, and modeling clay sheets were used to separate the footing from the backfill sand; modifications aimed at preventing backfill sand from raveling under the footing during rocking.",Nevada Sand,11.2,73,5,7777,7777,7777,7777,1656,0,N/A,7777,7777,7777,7777,7777,7777,7777,7777,7777,N/A,7777,7777,7777,7777,7777,7777,7777,7777,7777,Lumped-mass bridge pier model (footing-column-deck) with nonlinear column,Rectangle,Aluminum 6061,6.698,4.283,7777,7777,7777,0,0,2.24,1.245,90541,370411,0.622,44426,1.742,Aluminum 6063,8.889,18824,131490,5.689,582849,1798625,12.13,692214,13107390,10.45,7224,252,1.15,1.81,14.8,8888,9999,14.5,8888,22525,9999,15294,0.32,0.273,1.35,1.17,1D,San Fernando,"1971 San Fernando, CA",Pacoima Dam (upper left abut),0.2,Original record filtered to avoid frequencies and amplitudes that were outside the capability of the centrifuge and shake table,0.119,15.7,3.76,0.391,0.631,5.83,6.91,0.036,0.157,0.218,0.251,0.41,0.15,17.3,3.62,0.388,0.449,6.99,6.63,0.06,0.408,0.54,0.429,0.654,-0.589,-0.584,-0.114,-0.109,Centroid of deck,-0.00216,-0.00215,-0.00097,-0.00096,0.0047,0.0047,9999,9999,-0.025,-0.023,0.052,0.054,0.022,0.001,1.036,0.953,9999,9999,9999,Low-pass filtered at 10 Hz,8888,8888,Event LJD01_06_03 - Structure SD-1,https://www.designsafe-ci.org/data/browser/public/nees.public/NEES-2008-0565.groups,LJD01-1-SD-3-CriticalPlot.pdf,LJD01-AnalyticalSystemProps.pdf,LJD01-Report.pdf,LJD01-Comments.pdf,LJD01-1-SD-3-CriticalDataE.txt,LJD01-1-3-BaselineCorMotions.txt,LJD01-1-3-ResponseSpectra.txt,LJD01-1-3-SupplementalData.txt,"LJD01-SD-StructPhoto.jpg,         LJD01-MD-SD-StructPhoto.jpg, LJD01-TestPhoto.jpg",,2008-03-13,2008-03-13,"L. Deng, T. Algie, B. L. Kutter","centrifuge, dry sand, rectangular embedded footing, nonlinear bridge pier",38.526393,-121.785078,"A. G. Gavras, K. Sharma",2018-08-21,,,
37,LJD01,LJD01-1-SD-4,28,"Deng, L., Kutter, B. L., and Kunnath, S. K. (2012). “Centrifuge modeling of bridge systems designed for rocking foundations.” Journal of Geotechnical and Geoenvironmental Engineering, 138(3), 335-344.",Innovative Economical Foundations with Improved Performance that is Less Sensitive to Site Conditions,B. L. Kutter,S. K. Kunnath,Caltrans,"L. Deng, T. Algie","Center for Geotechnical Modeling, University of California, Davis, CA",Centrifuge,9-m radius centrifuge with 1D shaker,Rigid Container 1,1.75,0.9,0.53,2008-03-13,1,SD,4,New model,49,0.02041,0.02041,0.0000085,70.7,Constant,Prototype,11.2,7777,7777,1,"WD40 oil solution was sprayed around the footing perimeter and the surface of the sand, and modeling clay sheets were used to separate the footing from the backfill sand; modifications aimed at preventing backfill sand from raveling under the footing during rocking.",Nevada Sand,11.2,73,5,7777,7777,7777,7777,1656,0,N/A,7777,7777,7777,7777,7777,7777,7777,7777,7777,N/A,7777,7777,7777,7777,7777,7777,7777,7777,7777,Lumped-mass bridge pier model (footing-column-deck) with nonlinear column,Rectangle,Aluminum 6061,6.698,4.283,7777,7777,7777,0,0,2.24,1.245,90541,370411,0.622,44426,1.742,Aluminum 6063,8.889,18824,131490,5.689,582849,1798625,12.13,692214,13107390,10.45,7224,252,1.15,1.81,14.8,8888,9999,14.5,8888,22525,9999,15294,0.32,0.273,1.35,1.17,1D,San Fernando,"1971 San Fernando, CA",Pacoima Dam (upper left abut),0.2,Original record filtered to avoid frequencies and amplitudes that were outside the capability of the centrifuge and shake table,0.15,19,4.5,0.39,0.669,6.18,8.73,0.038,0.219,0.437,0.352,0.762,0.209,22.7,4.91,0.389,0.491,8.73,7.81,0.065,0.567,1.107,0.557,1.211,-0.802,0.786,-0.176,-0.062,Centroid of deck,-0.00358,-0.00261,-0.0014,-0.00043,0.0093,0.014,9999,9999,-0.065,-0.04,0.102,0.05,0.03,0.008,1.048,0.944,9999,9999,9999,Low-pass filtered at 10 Hz,8888,8888,Event LJD01_06_04 - Structure SD-1,https://www.designsafe-ci.org/data/browser/public/nees.public/NEES-2008-0565.groups,LJD01-1-SD-4-CriticalPlot.pdf,LJD01-AnalyticalSystemProps.pdf,LJD01-Report.pdf,LJD01-Comments.pdf,LJD01-1-SD-4-CriticalDataE.txt,LJD01-1-4-BaselineCorMotions.txt,LJD01-1-4-ResponseSpectra.txt,LJD01-1-4-SupplementalData.txt,"LJD01-SD-StructPhoto.jpg,         LJD01-MD-SD-StructPhoto.jpg, LJD01-TestPhoto.jpg",,2008-03-13,2008-03-13,"L. Deng, T. Algie, B. L. Kutter","centrifuge, dry sand, rectangular embedded footing, nonlinear bridge pier",38.526393,-121.785078,"A. G. Gavras, K. Sharma",2018-08-21,,,
38,LJD01,LJD01-1-SD-5,29,"Deng, L., Kutter, B. L., and Kunnath, S. K. (2012). “Centrifuge modeling of bridge systems designed for rocking foundations.” Journal of Geotechnical and Geoenvironmental Engineering, 138(3), 335-344.",Innovative Economical Foundations with Improved Performance that is Less Sensitive to Site Conditions,B. L. Kutter,S. K. Kunnath,Caltrans,"L. Deng, T. Algie","Center for Geotechnical Modeling, University of California, Davis, CA",Centrifuge,9-m radius centrifuge with 1D shaker,Rigid Container 1,1.75,0.9,0.53,2008-03-13,1,SD,5,New model,49,0.02041,0.02041,0.0000085,70.5,Constant,Prototype,11.2,7777,7777,1,"WD40 oil solution was sprayed around the footing perimeter and the surface of the sand, and modeling clay sheets were used to separate the footing from the backfill sand; modifications aimed at preventing backfill sand from raveling under the footing during rocking.",Nevada Sand,11.2,73,5,7777,7777,7777,7777,1656,0,N/A,7777,7777,7777,7777,7777,7777,7777,7777,7777,N/A,7777,7777,7777,7777,7777,7777,7777,7777,7777,Lumped-mass bridge pier model (footing-column-deck) with nonlinear column,Rectangle,Aluminum 6061,6.698,4.283,7777,7777,7777,0,0,2.24,1.245,90541,370411,0.622,44426,1.742,Aluminum 6063,8.889,18824,131490,5.689,582849,1798625,12.13,692214,13107390,10.45,7224,252,1.15,1.81,14.8,8888,9999,14.5,8888,22525,9999,15294,0.32,0.273,1.35,1.17,1D,TCU,"1999 Chi-Chi, Taiwan",TCU078,0.2,Original record filtered to avoid frequencies and amplitudes that were outside the capability of the centrifuge and shake table,0.075,10.5,2.76,0.547,0.642,21.42,31.06,0.018,0.177,0.614,0.503,1.265,0.1,12.8,3.07,0.373,0.521,25.84,28.5,0.028,0.375,1.482,0.723,1.934,-0.482,0.392,-0.176,0,Centroid of deck,-0.00213,-0.00073,-0.0014,0,0,0.014,9999,9999,-0.073,-0.008,0.107,0.004,0.03,0,1.021,0.98,0.304,9999,0.077,Low-pass filtered at 10 Hz,8888,8888,Event LJD01_06_05 - Structure SD-1,https://www.designsafe-ci.org/data/browser/public/nees.public/NEES-2008-0565.groups,LJD01-1-SD-5-CriticalPlot.pdf,LJD01-AnalyticalSystemProps.pdf,LJD01-Report.pdf,LJD01-Comments.pdf,LJD01-1-SD-5-CriticalDataE.txt,LJD01-1-5-BaselineCorMotions.txt,LJD01-1-5-ResponseSpectra.txt,LJD01-1-5-SupplementalData.txt,"LJD01-SD-StructPhoto.jpg,         LJD01-MD-SD-StructPhoto.jpg, LJD01-TestPhoto.jpg",,2008-03-13,2008-03-13,"L. Deng, T. Algie, B. L. Kutter","centrifuge, dry sand, rectangular embedded footing, nonlinear bridge pier",38.526393,-121.785078,"A. G. Gavras, K. Sharma",2018-08-21,,,
39,LJD01,LJD01-1-SD-6,30,"Deng, L., Kutter, B. L., and Kunnath, S. K. (2012). “Centrifuge modeling of bridge systems designed for rocking foundations.” Journal of Geotechnical and Geoenvironmental Engineering, 138(3), 335-344.",Innovative Economical Foundations with Improved Performance that is Less Sensitive to Site Conditions,B. L. Kutter,S. K. Kunnath,Caltrans,"L. Deng, T. Algie","Center for Geotechnical Modeling, University of California, Davis, CA",Centrifuge,9-m radius centrifuge with 1D shaker,Rigid Container 1,1.75,0.9,0.53,2008-03-13,1,SD,6,New model,49,0.02041,0.02041,0.0000085,70.4,Constant,Prototype,11.2,7777,7777,1,"WD40 oil solution was sprayed around the footing perimeter and the surface of the sand, and modeling clay sheets were used to separate the footing from the backfill sand; modifications aimed at preventing backfill sand from raveling under the footing during rocking.",Nevada Sand,11.2,73,5,7777,7777,7777,7777,1656,0,N/A,7777,7777,7777,7777,7777,7777,7777,7777,7777,N/A,7777,7777,7777,7777,7777,7777,7777,7777,7777,Lumped-mass bridge pier model (footing-column-deck) with nonlinear column,Rectangle,Aluminum 6061,6.698,4.283,7777,7777,7777,0,0,2.24,1.245,90541,370411,0.622,44426,1.742,Aluminum 6063,8.889,18824,131490,5.689,582849,1798625,12.13,692214,13107390,10.45,7224,252,1.15,1.81,14.8,8888,9999,14.5,8888,22525,9999,15294,0.32,0.273,1.35,1.17,1D,TCU,"1999 Chi-Chi, Taiwan",TCU078,0.2,Original record filtered to avoid frequencies and amplitudes that were outside the capability of the centrifuge and shake table,0.076,10.2,2.83,0.548,0.648,21.4,32.51,0.018,0.171,0.785,0.494,1.759,0.095,12.7,3.03,0.374,0.523,25.82,28.65,0.027,0.357,1.839,0.708,2.642,-0.503,0.42,-0.178,-0.002,Centroid of deck,-0.00211,0.00077,-0.00141,-0.00001,0,0.014,9999,9999,-0.075,-0.002,0.108,0.001,0.032,0.002,1.021,0.98,0.339,9999,0.088,Low-pass filtered at 10 Hz,8888,8888,Event LJD01_06_06 - Structure SD-1,https://www.designsafe-ci.org/data/browser/public/nees.public/NEES-2008-0565.groups,LJD01-1-SD-6-CriticalPlot.pdf,LJD01-AnalyticalSystemProps.pdf,LJD01-Report.pdf,LJD01-Comments.pdf,LJD01-1-SD-6-CriticalDataE.txt,LJD01-1-6-BaselineCorMotions.txt,LJD01-1-6-ResponseSpectra.txt,LJD01-1-6-SupplementalData.txt,"LJD01-SD-StructPhoto.jpg,         LJD01-MD-SD-StructPhoto.jpg, LJD01-TestPhoto.jpg",,2008-03-13,2008-03-13,"L. Deng, T. Algie, B. L. Kutter","centrifuge, dry sand, rectangular embedded footing, nonlinear bridge pier",38.526393,-121.785078,"A. G. Gavras, K. Sharma",2018-08-21,,,
40,LJD01,LJD01-1-SD-7,31,"Deng, L., Kutter, B. L., and Kunnath, S. K. (2012). “Centrifuge modeling of bridge systems designed for rocking foundations.” Journal of Geotechnical and Geoenvironmental Engineering, 138(3), 335-344.",Innovative Economical Foundations with Improved Performance that is Less Sensitive to Site Conditions,B. L. Kutter,S. K. Kunnath,Caltrans,"L. Deng, T. Algie","Center for Geotechnical Modeling, University of California, Davis, CA",Centrifuge,9-m radius centrifuge with 1D shaker,Rigid Container 1,1.75,0.9,0.53,2008-03-13,1,SD,7,New model,49,0.02041,0.02041,0.0000085,70.3,Constant,Prototype,11.2,7777,7777,1,"WD40 oil solution was sprayed around the footing perimeter and the surface of the sand, and modeling clay sheets were used to separate the footing from the backfill sand; modifications aimed at preventing backfill sand from raveling under the footing during rocking.",Nevada Sand,11.2,73,5,7777,7777,7777,7777,1656,0,N/A,7777,7777,7777,7777,7777,7777,7777,7777,7777,N/A,7777,7777,7777,7777,7777,7777,7777,7777,7777,Lumped-mass bridge pier model (footing-column-deck) with nonlinear column,Rectangle,Aluminum 6061,6.698,4.283,7777,7777,7777,0,0,2.24,1.245,90541,370411,0.622,44426,1.742,Aluminum 6063,8.889,18824,131490,5.689,582849,1798625,12.13,692214,13107390,10.45,7224,252,1.15,1.81,14.8,8888,9999,14.5,8888,22525,9999,15294,0.32,0.273,1.35,1.17,1D,Morgan,"1984 Morgan Hill, CA",Coyote Lake Dam - Southwest Abutment 195,0.6,Original record filtered to avoid frequencies and amplitudes that were outside the capability of the centrifuge and shake table,0.345,32.2,4.56,0.361,0.545,6.41,3.97,0.103,0.728,1.513,0.475,2.234,0.449,42.5,6.98,0.372,0.493,8.83,3.68,0.165,1.72,3.559,0.762,3.404,-0.998,0.854,-0.245,-0.068,Centroid of deck,-0.00387,0.00261,-0.00201,-0.0006,0.0065,0.0205,9999,9999,-0.102,-0.027,0.321,0.213,0.452,0.42,1.272,0.723,9999,9999,9999,Low-pass filtered at 10 Hz,8888,8888,Event LJD01_06_07 - Structure SD-1,https://www.designsafe-ci.org/data/browser/public/nees.public/NEES-2008-0565.groups,LJD01-1-SD-7-CriticalPlot.pdf,LJD01-AnalyticalSystemProps.pdf,LJD01-Report.pdf,LJD01-Comments.pdf,LJD01-1-SD-7-CriticalDataE.txt,LJD01-1-7-BaselineCorMotions.txt,LJD01-1-7-ResponseSpectra.txt,LJD01-1-7-SupplementalData.txt,"LJD01-SD-StructPhoto.jpg,         LJD01-MD-SD-StructPhoto.jpg, LJD01-TestPhoto.jpg",,2008-03-13,2008-03-13,"L. Deng, T. Algie, B. L. Kutter","centrifuge, dry sand, rectangular embedded footing, nonlinear bridge pier",38.526393,-121.785078,"A. G. Gavras, K. Sharma",2018-08-21,,,
41,LJD01,LJD01-1-SD-8,32,"Deng, L., Kutter, B. L., and Kunnath, S. K. (2012). “Centrifuge modeling of bridge systems designed for rocking foundations.” Journal of Geotechnical and Geoenvironmental Engineering, 138(3), 335-344.",Innovative Economical Foundations with Improved Performance that is Less Sensitive to Site Conditions,B. L. Kutter,S. K. Kunnath,Caltrans,"L. Deng, T. Algie","Center for Geotechnical Modeling, University of California, Davis, CA",Centrifuge,9-m radius centrifuge with 1D shaker,Rigid Container 1,1.75,0.9,0.53,2008-03-13,1,SD,8,New model,49,0.02041,0.02041,0.0000085,70.2,Constant,Prototype,11.2,7777,7777,1,"WD40 oil solution was sprayed around the footing perimeter and the surface of the sand, and modeling clay sheets were used to separate the footing from the backfill sand; modifications aimed at preventing backfill sand from raveling under the footing during rocking.",Nevada Sand,11.2,73,5,7777,7777,7777,7777,1656,0,N/A,7777,7777,7777,7777,7777,7777,7777,7777,7777,N/A,7777,7777,7777,7777,7777,7777,7777,7777,7777,Lumped-mass bridge pier model (footing-column-deck) with nonlinear column,Rectangle,Aluminum 6061,6.698,4.283,7777,7777,7777,0,0,2.24,1.245,90541,370411,0.622,44426,1.742,Aluminum 6063,8.889,18824,131490,5.689,582849,1798625,12.13,692214,13107390,10.45,7224,252,1.15,1.81,14.8,8888,9999,14.5,8888,22525,9999,15294,0.32,0.273,1.35,1.17,1D,Morgan,"1984 Morgan Hill, CA",Coyote Lake Dam - Southwest Abutment 195,1,Original record filtered to avoid frequencies and amplitudes that were outside the capability of the centrifuge and shake table,0.468,47.9,6.5,0.357,0.545,9.58,5.62,0.135,1.763,3.276,0.864,3.098,0.617,59.7,10.33,0.371,0.521,14.01,6.63,0.182,3.759,7.318,1.334,4.738,-1.157,1.211,-0.59,-0.345,Centroid of deck,-0.00519,0.00663,-0.00355,-0.00154,0.025,0.0455,9999,9999,-0.438,-0.336,0.686,0.365,0.802,0.35,1.402,0.606,0.619,9999,0.18,Low-pass filtered at 10 Hz,8888,8888,Event LJD01_06_08 - Structure SD-1,https://www.designsafe-ci.org/data/browser/public/nees.public/NEES-2008-0565.groups,LJD01-1-SD-8-CriticalPlot.pdf,LJD01-AnalyticalSystemProps.pdf,LJD01-Report.pdf,LJD01-Comments.pdf,LJD01-1-SD-8-CriticalDataE.txt,LJD01-1-8-BaselineCorMotions.txt,LJD01-1-8-ResponseSpectra.txt,LJD01-1-8-SupplementalData.txt,"LJD01-SD-StructPhoto.jpg,         LJD01-MD-SD-StructPhoto.jpg, LJD01-TestPhoto.jpg",,2008-03-13,2008-03-13,"L. Deng, T. Algie, B. L. Kutter","centrifuge, dry sand, rectangular embedded footing, nonlinear bridge pier",38.526393,-121.785078,"A. G. Gavras, K. Sharma",2018-08-21,,,
42,LJD01,LJD01-1-SD-9,33,"Deng, L., Kutter, B. L., and Kunnath, S. K. (2012). “Centrifuge modeling of bridge systems designed for rocking foundations.” Journal of Geotechnical and Geoenvironmental Engineering, 138(3), 335-344.",Innovative Economical Foundations with Improved Performance that is Less Sensitive to Site Conditions,B. L. Kutter,S. K. Kunnath,Caltrans,"L. Deng, T. Algie","Center for Geotechnical Modeling, University of California, Davis, CA",Centrifuge,9-m radius centrifuge with 1D shaker,Rigid Container 1,1.75,0.9,0.53,2008-03-13,1,SD,9,New model,49,0.02041,0.02041,0.0000085,70.3,Constant,Prototype,11.2,7777,7777,1,"WD40 oil solution was sprayed around the footing perimeter and the surface of the sand, and modeling clay sheets were used to separate the footing from the backfill sand; modifications aimed at preventing backfill sand from raveling under the footing during rocking.",Nevada Sand,11.2,73,5,7777,7777,7777,7777,1656,0,N/A,7777,7777,7777,7777,7777,7777,7777,7777,7777,N/A,7777,7777,7777,7777,7777,7777,7777,7777,7777,Lumped-mass bridge pier model (footing-column-deck) with nonlinear column,Rectangle,Aluminum 6061,6.698,4.283,7777,7777,7777,0,0,2.24,1.245,90541,370411,0.622,44426,1.742,Aluminum 6063,8.889,18824,131490,5.689,582849,1798625,12.13,692214,13107390,10.45,7224,252,1.15,1.81,14.8,8888,9999,14.5,8888,22525,9999,15294,0.32,0.273,1.35,1.17,1D,San Fernando,"1971 San Fernando, CA",Pacoima Dam (upper left abut),1,Original record filtered to avoid frequencies and amplitudes that were outside the capability of the centrifuge and shake table,0.688,70.3,20.59,0.387,0.608,31.94,9.37,0.183,5.393,8.669,2.25,5.348,0.635,82.9,26.34,0.386,0.527,40.2,9.59,0.286,13.463,20.781,3.59,8.328,-4.831,-4.241,-2.816,-2.226,Centroid of deck,-0.0369,-0.03335,-0.02601,-0.02246,0.058,0.1035,9999,9999,0.307,0.746,0.868,0.181,1.45,0.648,1.425,0.658,0.893,9999,0.224,Low-pass filtered at 10 Hz,8888,8888,Event LJD01_06_09 - Structure SD-1,https://www.designsafe-ci.org/data/browser/public/nees.public/NEES-2008-0565.groups,LJD01-1-SD-9-CriticalPlot.pdf,LJD01-AnalyticalSystemProps.pdf,LJD01-Report.pdf,LJD01-Comments.pdf,LJD01-1-SD-9-CriticalDataE.txt,LJD01-1-9-BaselineCorMotions.txt,LJD01-1-9-ResponseSpectra.txt,LJD01-1-9-SupplementalData.txt,"LJD01-SD-StructPhoto.jpg,         LJD01-MD-SD-StructPhoto.jpg, LJD01-TestPhoto.jpg",,2008-03-13,2008-03-13,"L. Deng, T. Algie, B. L. Kutter","centrifuge, dry sand, rectangular embedded footing, nonlinear bridge pier",38.526393,-121.785078,"A. G. Gavras, K. Sharma",2018-08-21,,,
43,LJD01,LJD01-3-MD-3,34,"Deng, L., Kutter, B. L., and Kunnath, S. K. (2012). “Centrifuge modeling of bridge systems designed for rocking foundations.” Journal of Geotechnical and Geoenvironmental Engineering, 138(3), 335-344.",Innovative Economical Foundations with Improved Performance that is Less Sensitive to Site Conditions,B. L. Kutter,S. K. Kunnath,Caltrans,"L. Deng, T. Algie","Center for Geotechnical Modeling, University of California, Davis, CA",Centrifuge,9-m radius centrifuge with 1D shaker,Rigid Container 1,1.75,0.9,0.53,2008-03-27,3,MD,3,"Station was previously used on test day 1; for test day 3, the structure was removed, the soil at and in the vicinity of the station was vacuumed to a 7.6-cm depth (model scale) below the footing base, dry sand was pluviated to the target relative density and up to the footing base elevation, the structure was reinstalled, and more sand was pluviated until target embedment.",49,0.02041,0.02041,0.0000085,70.7,Constant,Prototype,11.2,7777,7777,1,"WD40 oil solution was sprayed around the footing perimeter and the surface of the sand, and modeling clay sheets were used to separate the footing from the backfill sand; modifications aimed at preventing backfill sand from raveling under the footing during rocking.",Nevada Sand,11.2,73,5,7777,7777,7777,7777,1656,0,N/A,7777,7777,7777,7777,7777,7777,7777,7777,7777,N/A,7777,7777,7777,7777,7777,7777,7777,7777,7777,Lumped-mass bridge pier model (footing-column-deck) with nonlinear column,Rectangle,Aluminum 6061,9.756,6.238,7777,7777,7777,0,0,2.24,1.245,198640,1645896,0.622,97466,1.742,Aluminum 6063,8.889,18824,131490,5.689,582849,1798625,12.13,800313,23404919,9.119,8804,145,1.15,1.24,29.6,8888,9999,30.2,8888,41524,9999,15294,0.589,0.273,1.26,1.17,1D,Morgan,"1984 Morgan Hill, CA",Coyote Lake Dam - Southwest Abutment 195,0.2,Original record filtered to avoid frequencies and amplitudes that were outside the capability of the centrifuge and shake table,0.078,9.9,1.47,0.394,0.632,0.41,2.61,0.028,0.035,0.035,0.064,0.064,0.103,13.4,1.8,0.409,0.519,1.21,2.63,0.043,0.081,0.081,0.117,0.117,-0.276,-0.272,-0.013,-0.01,Centroid of deck,9999,9999,-0.00022,-0.00005,0,0,9999,9999,0.064,0.026,-0.026,-0.005,-0.039,-0.017,1.019,0.984,0.134,9999,0.052,Low-pass filtered at 10 Hz,1.17,8888,Event LJD01_08_03 - Structure MD-2,https://www.designsafe-ci.org/data/browser/public/nees.public/NEES-2008-0565.groups,LJD01-3-MD-3-CriticalPlot.pdf,LJD01-AnalyticalSystemProps.pdf,LJD01-Report.pdf,LJD01-Comments.pdf,LJD01-3-MD-3-CriticalDataE.txt,LJD01-3-3-BaselineCorMotions.txt,LJD01-3-3-ResponseSpectra.txt,LJD01-3-3-SupplementalData.txt,"LJD01-MD-StructPhoto.jpg,        LJD01-MD-SD-StructPhoto.jpg, LJD01-TestPhoto.jpg",,2008-03-27,2008-03-27,"L. Deng, T. Algie, B. L. Kutter","centrifuge, dry sand, rectangular embedded footing, nonlinear bridge pier",38.526393,-121.785078,"A. G. Gavras, K. Sharma",2018-08-21,,,
44,LJD01,LJD01-3-MD-4,35,"Deng, L., Kutter, B. L., and Kunnath, S. K. (2012). “Centrifuge modeling of bridge systems designed for rocking foundations.” Journal of Geotechnical and Geoenvironmental Engineering, 138(3), 335-344.",Innovative Economical Foundations with Improved Performance that is Less Sensitive to Site Conditions,B. L. Kutter,S. K. Kunnath,Caltrans,"L. Deng, T. Algie","Center for Geotechnical Modeling, University of California, Davis, CA",Centrifuge,9-m radius centrifuge with 1D shaker,Rigid Container 1,1.75,0.9,0.53,2008-03-27,3,MD,4,"Station was previously used on test day 1; for test day 3, the structure was removed, the soil at and in the vicinity of the station was vacuumed to a 7.6-cm depth (model scale) below the footing base, dry sand was pluviated to the target relative density and up to the footing base elevation, the structure was reinstalled, and more sand was pluviated until target embedment.",49,0.02041,0.02041,0.0000085,70.5,Constant,Prototype,11.2,7777,7777,1,"WD40 oil solution was sprayed around the footing perimeter and the surface of the sand, and modeling clay sheets were used to separate the footing from the backfill sand; modifications aimed at preventing backfill sand from raveling under the footing during rocking.",Nevada Sand,11.2,73,5,7777,7777,7777,7777,1656,0,N/A,7777,7777,7777,7777,7777,7777,7777,7777,7777,N/A,7777,7777,7777,7777,7777,7777,7777,7777,7777,Lumped-mass bridge pier model (footing-column-deck) with nonlinear column,Rectangle,Aluminum 6061,9.756,6.238,7777,7777,7777,0,0,2.24,1.245,198640,1645896,0.622,97466,1.742,Aluminum 6063,8.889,18824,131490,5.689,582849,1798625,12.13,800313,23404919,9.119,8804,145,1.15,1.24,29.6,8888,9999,30.2,8888,41524,9999,15294,0.589,0.273,1.26,1.17,1D,San Fernando,"1971 San Fernando, CA",Pacoima Dam (upper left abut),0.2,Original record filtered to avoid frequencies and amplitudes that were outside the capability of the centrifuge and shake table,0.153,19.5,4.45,0.459,0.823,6,6.59,0.038,0.162,0.197,0.23,0.294,0.212,23.7,5.26,0.267,0.595,6.88,6.45,0.059,0.39,0.471,0.401,0.518,-0.853,-0.84,-0.234,-0.221,Centroid of deck,9999,9999,0.00006,0.00028,0,0,9999,9999,0.052,-0.013,0.001,0.027,-0.047,-0.008,1.044,0.958,0.283,9999,0.115,Low-pass filtered at 10 Hz,8888,8888,Event LJD01_08_04 - Structure MD-2,https://www.designsafe-ci.org/data/browser/public/nees.public/NEES-2008-0565.groups,LJD01-3-MD-4-CriticalPlot.pdf,LJD01-AnalyticalSystemProps.pdf,LJD01-Report.pdf,LJD01-Comments.pdf,LJD01-3-MD-4-CriticalDataE.txt,LJD01-3-4-BaselineCorMotions.txt,LJD01-3-4-ResponseSpectra.txt,LJD01-3-4-SupplementalData.txt,"LJD01-MD-StructPhoto.jpg,        LJD01-MD-SD-StructPhoto.jpg, LJD01-TestPhoto.jpg",,2008-03-27,2008-03-27,"L. Deng, T. Algie, B. L. Kutter","centrifuge, dry sand, rectangular embedded footing, nonlinear bridge pier",38.526393,-121.785078,"A. G. Gavras, K. Sharma",2018-08-21,,,
45,LJD01,LJD01-3-MD-5,36,"Deng, L., Kutter, B. L., and Kunnath, S. K. (2012). “Centrifuge modeling of bridge systems designed for rocking foundations.” Journal of Geotechnical and Geoenvironmental Engineering, 138(3), 335-344.",Innovative Economical Foundations with Improved Performance that is Less Sensitive to Site Conditions,B. L. Kutter,S. K. Kunnath,Caltrans,"L. Deng, T. Algie","Center for Geotechnical Modeling, University of California, Davis, CA",Centrifuge,9-m radius centrifuge with 1D shaker,Rigid Container 1,1.75,0.9,0.53,2008-03-27,3,MD,5,"Station was previously used on test day 1; for test day 3, the structure was removed, the soil at and in the vicinity of the station was vacuumed to a 7.6-cm depth (model scale) below the footing base, dry sand was pluviated to the target relative density and up to the footing base elevation, the structure was reinstalled, and more sand was pluviated until target embedment.",49,0.02041,0.02041,0.0000085,70.5,Constant,Prototype,11.2,7777,7777,1,"WD40 oil solution was sprayed around the footing perimeter and the surface of the sand, and modeling clay sheets were used to separate the footing from the backfill sand; modifications aimed at preventing backfill sand from raveling under the footing during rocking.",Nevada Sand,11.2,73,5,7777,7777,7777,7777,1656,0,N/A,7777,7777,7777,7777,7777,7777,7777,7777,7777,N/A,7777,7777,7777,7777,7777,7777,7777,7777,7777,Lumped-mass bridge pier model (footing-column-deck) with nonlinear column,Rectangle,Aluminum 6061,9.756,6.238,7777,7777,7777,0,0,2.24,1.245,198640,1645896,0.622,97466,1.742,Aluminum 6063,8.889,18824,131490,5.689,582849,1798625,12.13,800313,23404919,9.119,8804,145,1.15,1.24,29.6,8888,9999,30.2,8888,41524,9999,15294,0.589,0.273,1.26,1.17,1D,Morgan,"1984 Morgan Hill, CA",Coyote Lake Dam - Southwest Abutment 195,0.6,Original record filtered to avoid frequencies and amplitudes that were outside the capability of the centrifuge and shake table,0.367,35.3,4.92,0.358,0.569,4.83,2.51,0.134,0.773,0.97,0.408,0.702,0.428,44.3,7.37,0.366,0.551,7.73,2.95,0.171,1.477,1.948,0.659,1.177,-0.965,0.892,-0.23,0.004,Centroid of deck,9999,9999,-0.00004,-0.0001,0,0,9999,9999,0.05,-0.001,0.181,0.181,0.133,0.18,1.218,0.762,0.309,9999,0.132,Low-pass filtered at 10 Hz,8888,8888,Event LJD01_08_05 - Structure MD-2,https://www.designsafe-ci.org/data/browser/public/nees.public/NEES-2008-0565.groups,LJD01-3-MD-5-CriticalPlot.pdf,LJD01-AnalyticalSystemProps.pdf,LJD01-Report.pdf,LJD01-Comments.pdf,LJD01-3-MD-5-CriticalDataE.txt,LJD01-3-5-BaselineCorMotions.txt,LJD01-3-5-ResponseSpectra.txt,LJD01-3-5-SupplementalData.txt,"LJD01-MD-StructPhoto.jpg,        LJD01-MD-SD-StructPhoto.jpg, LJD01-TestPhoto.jpg",,2008-03-27,2008-03-27,"L. Deng, T. Algie, B. L. Kutter","centrifuge, dry sand, rectangular embedded footing, nonlinear bridge pier",38.526393,-121.785078,"A. G. Gavras, K. Sharma",2018-08-21,,,
46,LJD01,LJD01-3-MD-6,37,"Deng, L., Kutter, B. L., and Kunnath, S. K. (2012). “Centrifuge modeling of bridge systems designed for rocking foundations.” Journal of Geotechnical and Geoenvironmental Engineering, 138(3), 335-344.",Innovative Economical Foundations with Improved Performance that is Less Sensitive to Site Conditions,B. L. Kutter,S. K. Kunnath,Caltrans,"L. Deng, T. Algie","Center for Geotechnical Modeling, University of California, Davis, CA",Centrifuge,9-m radius centrifuge with 1D shaker,Rigid Container 1,1.75,0.9,0.53,2008-03-27,3,MD,6,"Station was previously used on test day 1; for test day 3, the structure was removed, the soil at and in the vicinity of the station was vacuumed to a 7.6-cm depth (model scale) below the footing base, dry sand was pluviated to the target relative density and up to the footing base elevation, the structure was reinstalled, and more sand was pluviated until target embedment.",49,0.02041,0.02041,0.0000085,70.2,Constant,Prototype,11.2,7777,7777,1,"WD40 oil solution was sprayed around the footing perimeter and the surface of the sand, and modeling clay sheets were used to separate the footing from the backfill sand; modifications aimed at preventing backfill sand from raveling under the footing during rocking.",Nevada Sand,11.2,73,5,7777,7777,7777,7777,1656,0,N/A,7777,7777,7777,7777,7777,7777,7777,7777,7777,N/A,7777,7777,7777,7777,7777,7777,7777,7777,7777,Lumped-mass bridge pier model (footing-column-deck) with nonlinear column,Rectangle,Aluminum 6061,9.756,6.238,7777,7777,7777,0,0,2.24,1.245,198640,1645896,0.622,97466,1.742,Aluminum 6063,8.889,18824,131490,5.689,582849,1798625,12.13,800313,23404919,9.119,8804,145,1.15,1.24,29.6,8888,9999,30.2,8888,41524,9999,15294,0.589,0.273,1.26,1.17,1D,Morgan,"1984 Morgan Hill, CA",Coyote Lake Dam - Southwest Abutment 195,1,Original record filtered to avoid frequencies and amplitudes that were outside the capability of the centrifuge and shake table,0.476,48.4,6.86,0.352,0.58,8.31,4.69,0.141,1.599,2.569,0.73,1.432,0.577,60.6,10.1,0.365,0.564,11.89,5.6,0.179,3.072,5.02,1.139,2.316,1.16,1.39,-0.263,-0.033,Centroid of deck,9999,9999,-0.00006,-0.00003,0,0,9999,9999,-0.152,-0.202,0.405,0.223,0.319,0.186,1.321,0.664,0.378,9999,0.172,Low-pass filtered at 10 Hz,8888,8888,Event LJD01_08_06 - Structure MD-2,https://www.designsafe-ci.org/data/browser/public/nees.public/NEES-2008-0565.groups,LJD01-3-MD-6-CriticalPlot.pdf,LJD01-AnalyticalSystemProps.pdf,LJD01-Report.pdf,LJD01-Comments.pdf,LJD01-3-MD-6-CriticalDataE.txt,LJD01-3-6-BaselineCorMotions.txt,LJD01-3-6-ResponseSpectra.txt,LJD01-3-6-SupplementalData.txt,"LJD01-MD-StructPhoto.jpg,        LJD01-MD-SD-StructPhoto.jpg, LJD01-TestPhoto.jpg",,2008-03-27,2008-03-27,"L. Deng, T. Algie, B. L. Kutter","centrifuge, dry sand, rectangular embedded footing, nonlinear bridge pier",38.526393,-121.785078,"A. G. Gavras, K. Sharma",2018-08-21,,,
47,LJD01,LJD01-3-MD-7,38,"Deng, L., Kutter, B. L., and Kunnath, S. K. (2012). “Centrifuge modeling of bridge systems designed for rocking foundations.” Journal of Geotechnical and Geoenvironmental Engineering, 138(3), 335-344.",Innovative Economical Foundations with Improved Performance that is Less Sensitive to Site Conditions,B. L. Kutter,S. K. Kunnath,Caltrans,"L. Deng, T. Algie","Center for Geotechnical Modeling, University of California, Davis, CA",Centrifuge,9-m radius centrifuge with 1D shaker,Rigid Container 1,1.75,0.9,0.53,2008-03-27,3,MD,7,"Station was previously used on test day 1; for test day 3, the structure was removed, the soil at and in the vicinity of the station was vacuumed to a 7.6-cm depth (model scale) below the footing base, dry sand was pluviated to the target relative density and up to the footing base elevation, the structure was reinstalled, and more sand was pluviated until target embedment.",49,0.02041,0.02041,0.0000085,70.4,Constant,Prototype,11.2,7777,7777,1,"WD40 oil solution was sprayed around the footing perimeter and the surface of the sand, and modeling clay sheets were used to separate the footing from the backfill sand; modifications aimed at preventing backfill sand from raveling under the footing during rocking.",Nevada Sand,11.2,73,5,7777,7777,7777,7777,1656,0,N/A,7777,7777,7777,7777,7777,7777,7777,7777,7777,N/A,7777,7777,7777,7777,7777,7777,7777,7777,7777,Lumped-mass bridge pier model (footing-column-deck) with nonlinear column,Rectangle,Aluminum 6061,9.756,6.238,7777,7777,7777,0,0,2.24,1.245,198640,1645896,0.622,97466,1.742,Aluminum 6063,8.889,18824,131490,5.689,582849,1798625,12.13,800313,23404919,9.119,8804,145,1.15,1.24,29.6,8888,9999,30.2,8888,41524,9999,15294,0.589,0.273,1.26,1.17,1D,San Fernando,"1971 San Fernando, CA",Pacoima Dam (upper left abut),1,Original record filtered to avoid frequencies and amplitudes that were outside the capability of the centrifuge and shake table,0.674,70.2,21.07,0.387,0.621,31.54,8.9,0.189,5.418,7.987,2.097,3.529,0.622,80.4,26.21,0.386,0.549,38.1,11.1,0.25,11.879,16.899,3.537,5.853,-6.581,-6.318,-6.226,-5.963,Centroid of deck,9999,9999,-0.00583,-0.00577,0.015,0.015,9999,9999,0.064,0.216,0.663,0.258,0.656,0.337,1.331,0.64,0.396,9999,0.249,Low-pass filtered at 10 Hz,8888,8888,Event LJD01_08_07 - Structure MD-2,https://www.designsafe-ci.org/data/browser/public/nees.public/NEES-2008-0565.groups,LJD01-3-MD-7-CriticalPlot.pdf,LJD01-AnalyticalSystemProps.pdf,LJD01-Report.pdf,LJD01-Comments.pdf,LJD01-3-MD-7-CriticalDataE.txt,LJD01-3-7-BaselineCorMotions.txt,LJD01-3-7-ResponseSpectra.txt,LJD01-3-7-SupplementalData.txt,"LJD01-MD-StructPhoto.jpg,        LJD01-MD-SD-StructPhoto.jpg, LJD01-TestPhoto.jpg",,2008-03-27,2008-03-27,"L. Deng, T. Algie, B. L. Kutter","centrifuge, dry sand, rectangular embedded footing, nonlinear bridge pier",38.526393,-121.785078,"A. G. Gavras, K. Sharma",2018-08-21,,,
48,LJD01,LJD01-3-SD-3,39,"Deng, L., Kutter, B. L., and Kunnath, S. K. (2012). “Centrifuge modeling of bridge systems designed for rocking foundations.” Journal of Geotechnical and Geoenvironmental Engineering, 138(3), 335-344.",Innovative Economical Foundations with Improved Performance that is Less Sensitive to Site Conditions,B. L. Kutter,S. K. Kunnath,Caltrans,"L. Deng, T. Algie","Center for Geotechnical Modeling, University of California, Davis, CA",Centrifuge,9-m radius centrifuge with 1D shaker,Rigid Container 1,1.75,0.9,0.53,2008-03-27,3,SD,3,"Station was previously used on test day 1; for test day 3, the structure was removed, the soil at and in the vicinity of the station was vacuumed to a 7.6-cm depth (model scale) below the footing base, dry sand was pluviated to the target relative density and up to the footing base elevation, the structure was reinstalled, and more sand was pluviated until target embedment.",49,0.02041,0.02041,0.0000085,70.7,Constant,Prototype,11.2,7777,7777,1,"WD40 oil solution was sprayed around the footing perimeter and the surface of the sand, and modeling clay sheets were used to separate the footing from the backfill sand; modifications aimed at preventing backfill sand from raveling under the footing during rocking.",Nevada Sand,11.2,73,5,7777,7777,7777,7777,1656,0,N/A,7777,7777,7777,7777,7777,7777,7777,7777,7777,N/A,7777,7777,7777,7777,7777,7777,7777,7777,7777,Lumped-mass bridge pier model (footing-column-deck) with nonlinear column,Rectangle,Aluminum 6061,6.698,4.283,7777,7777,7777,0,0,2.24,1.245,90541,370411,0.622,44426,1.742,Aluminum 6063,8.889,18824,131490,5.689,582849,1798625,12.13,692214,13107390,10.45,7224,252,1.15,1.81,14.8,8888,9999,14.5,8888,22525,9999,15294,0.32,0.273,1.35,1.17,1D,Morgan,"1984 Morgan Hill, CA",Coyote Lake Dam - Southwest Abutment 195,0.2,Original record filtered to avoid frequencies and amplitudes that were outside the capability of the centrifuge and shake table,0.078,9.9,1.47,0.394,0.632,0.41,2.61,0.028,0.035,0.035,0.064,0.064,0.103,13.4,1.8,0.409,0.519,1.21,2.63,0.043,0.081,0.081,0.117,0.117,-0.244,-0.244,0.002,0.003,Centroid of deck,-0.00072,0.00051,-0.0003,-0.00007,0,0,9999,9999,0.066,0.028,-0.031,0.007,-0.057,-0.025,1.021,0.979,0.192,9999,0.052,Low-pass filtered at 10 Hz,1.17,8888,Event LJD01_08_03 - Structure SD-2,https://www.designsafe-ci.org/data/browser/public/nees.public/NEES-2008-0565.groups,LJD01-3-SD-3-CriticalPlot.pdf,LJD01-AnalyticalSystemProps.pdf,LJD01-Report.pdf,LJD01-Comments.pdf,LJD01-3-SD-3-CriticalDataE.txt,LJD01-3-3-BaselineCorMotions.txt,LJD01-3-3-ResponseSpectra.txt,LJD01-3-3-SupplementalData.txt,"LJD01-SD-StructPhoto.jpg,         LJD01-MD-SD-StructPhoto.jpg, LJD01-TestPhoto.jpg",,2008-03-27,2008-03-27,"L. Deng, T. Algie, B. L. Kutter","centrifuge, dry sand, rectangular embedded footing, nonlinear bridge pier",38.526393,-121.785078,"A. G. Gavras, K. Sharma",2018-08-21,,,
49,LJD01,LJD01-3-SD-4,40,"Deng, L., Kutter, B. L., and Kunnath, S. K. (2012). “Centrifuge modeling of bridge systems designed for rocking foundations.” Journal of Geotechnical and Geoenvironmental Engineering, 138(3), 335-344.",Innovative Economical Foundations with Improved Performance that is Less Sensitive to Site Conditions,B. L. Kutter,S. K. Kunnath,Caltrans,"L. Deng, T. Algie","Center for Geotechnical Modeling, University of California, Davis, CA",Centrifuge,9-m radius centrifuge with 1D shaker,Rigid Container 1,1.75,0.9,0.53,2008-03-27,3,SD,4,"Station was previously used on test day 1; for test day 3, the structure was removed, the soil at and in the vicinity of the station was vacuumed to a 7.6-cm depth (model scale) below the footing base, dry sand was pluviated to the target relative density and up to the footing base elevation, the structure was reinstalled, and more sand was pluviated until target embedment.",49,0.02041,0.02041,0.0000085,70.5,Constant,Prototype,11.2,7777,7777,1,"WD40 oil solution was sprayed around the footing perimeter and the surface of the sand, and modeling clay sheets were used to separate the footing from the backfill sand; modifications aimed at preventing backfill sand from raveling under the footing during rocking.",Nevada Sand,11.2,73,5,7777,7777,7777,7777,1656,0,N/A,7777,7777,7777,7777,7777,7777,7777,7777,7777,N/A,7777,7777,7777,7777,7777,7777,7777,7777,7777,Lumped-mass bridge pier model (footing-column-deck) with nonlinear column,Rectangle,Aluminum 6061,6.698,4.283,7777,7777,7777,0,0,2.24,1.245,90541,370411,0.622,44426,1.742,Aluminum 6063,8.889,18824,131490,5.689,582849,1798625,12.13,692214,13107390,10.45,7224,252,1.15,1.81,14.8,8888,9999,14.5,8888,22525,9999,15294,0.32,0.273,1.35,1.17,1D,San Fernando,"1971 San Fernando, CA",Pacoima Dam (upper left abut),0.2,Original record filtered to avoid frequencies and amplitudes that were outside the capability of the centrifuge and shake table,0.153,19.5,4.45,0.459,0.823,6,6.59,0.038,0.162,0.197,0.23,0.294,0.212,23.7,5.26,0.267,0.595,6.88,6.45,0.059,0.39,0.471,0.401,0.518,0.822,-0.822,-0.082,-0.084,Centroid of deck,-0.00335,-0.00306,-0.00098,-0.00068,0.0152,0.0152,9999,9999,0.06,-0.006,0.097,0.128,-0.069,-0.011,1.053,0.944,0.523,9999,0.138,Low-pass filtered at 10 Hz,8888,8888,Event LJD01_08_04 - Structure SD-2,https://www.designsafe-ci.org/data/browser/public/nees.public/NEES-2008-0565.groups,LJD01-3-SD-4-CriticalPlot.pdf,LJD01-AnalyticalSystemProps.pdf,LJD01-Report.pdf,LJD01-Comments.pdf,LJD01-3-SD-4-CriticalDataE.txt,LJD01-3-4-BaselineCorMotions.txt,LJD01-3-4-ResponseSpectra.txt,LJD01-3-4-SupplementalData.txt,"LJD01-SD-StructPhoto.jpg,         LJD01-MD-SD-StructPhoto.jpg, LJD01-TestPhoto.jpg",,2008-03-27,2008-03-27,"L. Deng, T. Algie, B. L. Kutter","centrifuge, dry sand, rectangular embedded footing, nonlinear bridge pier",38.526393,-121.785078,"A. G. Gavras, K. Sharma",2018-08-21,,,
50,LJD01,LJD01-3-SD-5,41,"Deng, L., Kutter, B. L., and Kunnath, S. K. (2012). “Centrifuge modeling of bridge systems designed for rocking foundations.” Journal of Geotechnical and Geoenvironmental Engineering, 138(3), 335-344.",Innovative Economical Foundations with Improved Performance that is Less Sensitive to Site Conditions,B. L. Kutter,S. K. Kunnath,Caltrans,"L. Deng, T. Algie","Center for Geotechnical Modeling, University of California, Davis, CA",Centrifuge,9-m radius centrifuge with 1D shaker,Rigid Container 1,1.75,0.9,0.53,2008-03-27,3,SD,5,"Station was previously used on test day 1; for test day 3, the structure was removed, the soil at and in the vicinity of the station was vacuumed to a 7.6-cm depth (model scale) below the footing base, dry sand was pluviated to the target relative density and up to the footing base elevation, the structure was reinstalled, and more sand was pluviated until target embedment.",49,0.02041,0.02041,0.0000085,70.5,Constant,Prototype,11.2,7777,7777,1,"WD40 oil solution was sprayed around the footing perimeter and the surface of the sand, and modeling clay sheets were used to separate the footing from the backfill sand; modifications aimed at preventing backfill sand from raveling under the footing during rocking.",Nevada Sand,11.2,73,5,7777,7777,7777,7777,1656,0,N/A,7777,7777,7777,7777,7777,7777,7777,7777,7777,N/A,7777,7777,7777,7777,7777,7777,7777,7777,7777,Lumped-mass bridge pier model (footing-column-deck) with nonlinear column,Rectangle,Aluminum 6061,6.698,4.283,7777,7777,7777,0,0,2.24,1.245,90541,370411,0.622,44426,1.742,Aluminum 6063,8.889,18824,131490,5.689,582849,1798625,12.13,692214,13107390,10.45,7224,252,1.15,1.81,14.8,8888,9999,14.5,8888,22525,9999,15294,0.32,0.273,1.35,1.17,1D,Morgan,"1984 Morgan Hill, CA",Coyote Lake Dam - Southwest Abutment 195,0.6,Original record filtered to avoid frequencies and amplitudes that were outside the capability of the centrifuge and shake table,0.367,35.3,4.92,0.358,0.569,4.83,2.51,0.134,0.773,0.97,0.408,0.702,0.428,44.3,7.37,0.366,0.551,7.73,2.95,0.171,1.477,1.948,0.659,1.177,-0.783,0.862,-0.169,-0.087,Centroid of deck,-0.00404,-0.00305,-0.00168,-0.0007,0.0143,0.0295,9999,9999,0.002,-0.058,0.399,0.301,0.193,0.262,1.286,0.741,0.566,9999,0.128,Low-pass filtered at 10 Hz,8888,8888,Event LJD01_08_05 - Structure SD-2,https://www.designsafe-ci.org/data/browser/public/nees.public/NEES-2008-0565.groups,LJD01-3-SD-5-CriticalPlot.pdf,LJD01-AnalyticalSystemProps.pdf,LJD01-Report.pdf,LJD01-Comments.pdf,LJD01-3-SD-5-CriticalDataE.txt,LJD01-3-5-BaselineCorMotions.txt,LJD01-3-5-ResponseSpectra.txt,LJD01-3-5-SupplementalData.txt,"LJD01-SD-StructPhoto.jpg,         LJD01-MD-SD-StructPhoto.jpg, LJD01-TestPhoto.jpg",,2008-03-27,2008-03-27,"L. Deng, T. Algie, B. L. Kutter","centrifuge, dry sand, rectangular embedded footing, nonlinear bridge pier",38.526393,-121.785078,"A. G. Gavras, K. Sharma",2018-08-21,,,
51,LJD01,LJD01-3-SD-6,42,"Deng, L., Kutter, B. L., and Kunnath, S. K. (2012). “Centrifuge modeling of bridge systems designed for rocking foundations.” Journal of Geotechnical and Geoenvironmental Engineering, 138(3), 335-344.",Innovative Economical Foundations with Improved Performance that is Less Sensitive to Site Conditions,B. L. Kutter,S. K. Kunnath,Caltrans,"L. Deng, T. Algie","Center for Geotechnical Modeling, University of California, Davis, CA",Centrifuge,9-m radius centrifuge with 1D shaker,Rigid Container 1,1.75,0.9,0.53,2008-03-27,3,SD,6,"Station was previously used on test day 1; for test day 3, the structure was removed, the soil at and in the vicinity of the station was vacuumed to a 7.6-cm depth (model scale) below the footing base, dry sand was pluviated to the target relative density and up to the footing base elevation, the structure was reinstalled, and more sand was pluviated until target embedment.",49,0.02041,0.02041,0.0000085,70.2,Constant,Prototype,11.2,7777,7777,1,"WD40 oil solution was sprayed around the footing perimeter and the surface of the sand, and modeling clay sheets were used to separate the footing from the backfill sand; modifications aimed at preventing backfill sand from raveling under the footing during rocking.",Nevada Sand,11.2,73,5,7777,7777,7777,7777,1656,0,N/A,7777,7777,7777,7777,7777,7777,7777,7777,7777,N/A,7777,7777,7777,7777,7777,7777,7777,7777,7777,Lumped-mass bridge pier model (footing-column-deck) with nonlinear column,Rectangle,Aluminum 6061,6.698,4.283,7777,7777,7777,0,0,2.24,1.245,90541,370411,0.622,44426,1.742,Aluminum 6063,8.889,18824,131490,5.689,582849,1798625,12.13,692214,13107390,10.45,7224,252,1.15,1.81,14.8,8888,9999,14.5,8888,22525,9999,15294,0.32,0.273,1.35,1.17,1D,Morgan,"1984 Morgan Hill, CA",Coyote Lake Dam - Southwest Abutment 195,1,Original record filtered to avoid frequencies and amplitudes that were outside the capability of the centrifuge and shake table,0.476,48.4,6.86,0.352,0.58,8.31,4.69,0.141,1.599,2.569,0.73,1.432,0.577,60.6,10.1,0.365,0.564,11.89,5.6,0.179,3.072,5.02,1.139,2.316,1.143,1.312,-0.373,-0.204,Centroid of deck,-0.00553,0.00409,-0.00292,-0.00124,0.0198,0.0493,9999,9999,-0.184,-0.186,0.744,0.346,0.464,0.271,1.394,0.667,0.729,9999,0.18,Low-pass filtered at 10 Hz,8888,8888,Event LJD01_08_06 - Structure SD-2,https://www.designsafe-ci.org/data/browser/public/nees.public/NEES-2008-0565.groups,LJD01-3-SD-6-CriticalPlot.pdf,LJD01-AnalyticalSystemProps.pdf,LJD01-Report.pdf,LJD01-Comments.pdf,LJD01-3-SD-6-CriticalDataE.txt,LJD01-3-6-BaselineCorMotions.txt,LJD01-3-6-ResponseSpectra.txt,LJD01-3-6-SupplementalData.txt,"LJD01-SD-StructPhoto.jpg,         LJD01-MD-SD-StructPhoto.jpg, LJD01-TestPhoto.jpg",,2008-03-27,2008-03-27,"L. Deng, T. Algie, B. L. Kutter","centrifuge, dry sand, rectangular embedded footing, nonlinear bridge pier",38.526393,-121.785078,"A. G. Gavras, K. Sharma",2018-08-21,,,
52,LJD01,LJD01-3-SD-7,43,"Deng, L., Kutter, B. L., and Kunnath, S. K. (2012). “Centrifuge modeling of bridge systems designed for rocking foundations.” Journal of Geotechnical and Geoenvironmental Engineering, 138(3), 335-344.",Innovative Economical Foundations with Improved Performance that is Less Sensitive to Site Conditions,B. L. Kutter,S. K. Kunnath,Caltrans,"L. Deng, T. Algie","Center for Geotechnical Modeling, University of California, Davis, CA",Centrifuge,9-m radius centrifuge with 1D shaker,Rigid Container 1,1.75,0.9,0.53,2008-03-27,3,SD,7,"Station was previously used on test day 1; for test day 3, the structure was removed, the soil at and in the vicinity of the station was vacuumed to a 7.6-cm depth (model scale) below the footing base, dry sand was pluviated to the target relative density and up to the footing base elevation, the structure was reinstalled, and more sand was pluviated until target embedment.",49,0.02041,0.02041,0.0000085,70.4,Constant,Prototype,11.2,7777,7777,1,"WD40 oil solution was sprayed around the footing perimeter and the surface of the sand, and modeling clay sheets were used to separate the footing from the backfill sand; modifications aimed at preventing backfill sand from raveling under the footing during rocking.",Nevada Sand,11.2,73,5,7777,7777,7777,7777,1656,0,N/A,7777,7777,7777,7777,7777,7777,7777,7777,7777,N/A,7777,7777,7777,7777,7777,7777,7777,7777,7777,Lumped-mass bridge pier model (footing-column-deck) with nonlinear column,Rectangle,Aluminum 6061,6.698,4.283,7777,7777,7777,0,0,2.24,1.245,90541,370411,0.622,44426,1.742,Aluminum 6063,8.889,18824,131490,5.689,582849,1798625,12.13,692214,13107390,10.45,7224,252,1.15,1.81,14.8,8888,9999,14.5,8888,22525,9999,15294,0.32,0.273,1.35,1.17,1D,San Fernando,"1971 San Fernando, CA",Pacoima Dam (upper left abut),1,Original record filtered to avoid frequencies and amplitudes that were outside the capability of the centrifuge and shake table,0.674,70.2,21.07,0.387,0.621,31.54,8.9,0.189,5.418,7.987,2.097,3.529,0.622,80.4,26.21,0.386,0.549,38.1,11.1,0.25,11.879,16.899,3.537,5.853,-4.868,-4.495,-3.245,-2.872,Centroid of deck,-0.02941,-0.0265,-0.02143,-0.01851,0.0441,0.0934,9999,9999,0.187,0.371,1.318,0.574,0.955,0.491,1.453,0.604,0.873,9999,0.208,Low-pass filtered at 10 Hz,8888,8888,Event LJD01_08_07 - Structure SD-2,https://www.designsafe-ci.org/data/browser/public/nees.public/NEES-2008-0565.groups,LJD01-3-SD-7-CriticalPlot.pdf,LJD01-AnalyticalSystemProps.pdf,LJD01-Report.pdf,LJD01-Comments.pdf,LJD01-3-SD-7-CriticalDataE.txt,LJD01-3-7-BaselineCorMotions.txt,LJD01-3-7-ResponseSpectra.txt,LJD01-3-7-SupplementalData.txt,"LJD01-SD-StructPhoto.jpg,         LJD01-MD-SD-StructPhoto.jpg, LJD01-TestPhoto.jpg",,2008-03-27,2008-03-27,"L. Deng, T. Algie, B. L. Kutter","centrifuge, dry sand, rectangular embedded footing, nonlinear bridge pier",38.526393,-121.785078,"A. G. Gavras, K. Sharma",2018-08-21,,,
53,,,,,,,,,,,,,,,,,,,,,,,,,,,,,,,,,,,,,,,,,,,,,,,,,,,,,,,,,,,,,,,,,,,,,,,,,,,,,,,,,,,,,,,,,,,,,,,,,,,,,,,,,,,,,,,,,,,,,,,,,,,,,,,,,,,,,,,,,,,,,,,,,,,,,,,,,,,,,,,,,,,,,,,,,,,,,,,,,,,,,,,,,,,
54,LJD03,LJD03-1-SF-2,44,"Deng, L., Kutter, B. L., and Kunnath, S. K. (2012). “Centrifuge modeling of bridge systems designed for rocking foundations.” Journal of Geotechnical and Geoenvironmental Engineering, 138(3), 335-344.",Innovative Economical Foundations with Improved Performance that is Less Sensitive to Site Conditions,B. L. Kutter,S. K. Kunnath,Caltrans,L. Deng,"Center for Geotechnical Modeling, University of California, Davis, CA",Centrifuge,9-m radius centrifuge with 1D shaker,Rigid Container 1,1.75,0.9,0.53,2009-11-06,1,SF,2,New model,49,0.02041,0.02041,0.0000085,70.4,Constant,Prototype,11.2,7777,7777,1,"WD40 oil solution was sprayed around the footing perimeter and the surface of the sand, and modeling clay sheets were used to separate the footing from the backfill sand; modifications aimed at preventing backfill sand from raveling under the footing during rocking.",Nevada Sand,11.2,38,5,7777,7777,7777,7777,1539,0,N/A,7777,7777,7777,7777,7777,7777,7777,7777,7777,N/A,7777,7777,7777,7777,7777,7777,7777,7777,7777,Lumped-mass bridge pier model (footing-column-deck) with flexible elastic column,Rectangle,Aluminum 6061,7.35,4.7,7777,7777,7777,0,0,2.24,1.245,110086,534468,0.622,50199,1.742,Aluminum 6063,8.889,18824,131490,5.689,553338,1798625,12.13,682249,14988658,10.09,7183,208,0.48,1.65,11,8888,9999,10,8888,23758,8888,Elastic,0.355,Elastic,0.83,0.84,1D,Morgan,"1984 Morgan Hill, CA",Coyote Lake Dam - Southwest Abutment 195,0.2,Original record filtered to avoid frequencies and amplitudes that were outside the capability of the centrifuge and shake table,0.092,10.3,1.57,0.394,0.618,1.2,3.6,0.027,0.045,0.045,0.074,0.074,0.124,14.6,2.02,0.356,0.492,1.34,2.5,0.052,0.115,0.115,0.151,0.151,-0.255,-0.26,0.011,0.006,Centroid of deck,-0.00201,-0.00168,-0.00163,-0.00129,0,0,8888,8888,9999,9999,-0.026,-0.015,0.016,0.012,1.057,0.949,0.35,9999,0.099,Low-pass filtered at 10 Hz,0.84,8888,Shake 2 - Structure SF,https://www.designsafe-ci.org/data/browser/public/nees.public/NEES-2008-0565.groups,LJD03-1-SF-2-CriticalPlot.pdf,LJD03-SF-AnalyticalSystemProps.pdf,LJD03-Report.pdf,LJD03-Comments.pdf,LJD03-1-SF-2-CriticalData.txt,LJD03-1-2-BaselineCorMotions.txt,LJD03-1-2-ResponseSpectra.txt,"LJD03-1-1-SupplementalData.txt, LJD03-1-2-SupplementalData.txt","LJD03-SF-StructPhoto1.jpg,   LJD03-SF-StructPhoto2.jpg,   LJD03-TestPhoto.jpg",,2009-11-06,2009-11-06,"L. Deng, B. L. Kutter","centrifuge, dry sand, rectangular embedded footing, flexible bridge pier",38.526393,-121.785078,"A. G. Gavras, K. Sharma",2018-08-21,,,
55,LJD03,LJD03-1-SF-3,45,"Deng, L., Kutter, B. L., and Kunnath, S. K. (2012). “Centrifuge modeling of bridge systems designed for rocking foundations.” Journal of Geotechnical and Geoenvironmental Engineering, 138(3), 335-344.",Innovative Economical Foundations with Improved Performance that is Less Sensitive to Site Conditions,B. L. Kutter,S. K. Kunnath,Caltrans,L. Deng,"Center for Geotechnical Modeling, University of California, Davis, CA",Centrifuge,9-m radius centrifuge with 1D shaker,Rigid Container 1,1.75,0.9,0.53,2009-11-06,1,SF,3,New model,49,0.02041,0.02041,0.0000085,70.2,Constant,Prototype,11.2,7777,7777,1,"WD40 oil solution was sprayed around the footing perimeter and the surface of the sand, and modeling clay sheets were used to separate the footing from the backfill sand; modifications aimed at preventing backfill sand from raveling under the footing during rocking.",Nevada Sand,11.2,38,5,7777,7777,7777,7777,1539,0,N/A,7777,7777,7777,7777,7777,7777,7777,7777,7777,N/A,7777,7777,7777,7777,7777,7777,7777,7777,7777,Lumped-mass bridge pier model (footing-column-deck) with flexible elastic column,Rectangle,Aluminum 6061,7.35,4.7,7777,7777,7777,0,0,2.24,1.245,110086,534468,0.622,50199,1.742,Aluminum 6063,8.889,18824,131490,5.689,553338,1798625,12.13,682249,14988658,10.09,7183,208,0.48,1.65,11,8888,9999,10,8888,23758,8888,Elastic,0.355,Elastic,0.83,0.84,1D,San Fernando,"1971 San Fernando, CA",Pacoima Dam (upper left abut),0.2,Original record filtered to avoid frequencies and amplitudes that were outside the capability of the centrifuge and shake table,0.153,19.7,4.78,0.388,0.745,6.26,7.94,0.038,0.195,0.24,0.293,0.367,0.181,23.6,5.36,0.272,0.517,8.78,7.62,0.064,0.542,0.657,0.589,0.74,0.829,0.818,0.163,0.152,Centroid of deck,-0.00387,0.0048,-0.00064,0.00099,0.0085,0.0085,8888,8888,9999,9999,0.192,0.218,0.095,0.079,1.076,0.906,0.536,9999,0.153,Low-pass filtered at 10 Hz,8888,8888,Shake 3 - Structure SF,https://www.designsafe-ci.org/data/browser/public/nees.public/NEES-2008-0565.groups,LJD03-1-SF-3-CriticalPlot.pdf,LJD03-SF-AnalyticalSystemProps.pdf,LJD03-Report.pdf,LJD03-Comments.pdf,LJD03-1-SF-3-CriticalData.txt,LJD03-1-3-BaselineCorMotions.txt,LJD03-1-3-ResponseSpectra.txt,LJD03-1-3-SupplementalData.txt,"LJD03-SF-StructPhoto1.jpg,   LJD03-SF-StructPhoto2.jpg,   LJD03-TestPhoto.jpg",,2009-11-06,2009-11-06,"L. Deng, B. L. Kutter","centrifuge, dry sand, rectangular embedded footing, flexible bridge pier",38.526393,-121.785078,"A. G. Gavras, K. Sharma",2018-08-21,,,
56,LJD03,LJD03-1-SF-4,46,"Deng, L., Kutter, B. L., and Kunnath, S. K. (2012). “Centrifuge modeling of bridge systems designed for rocking foundations.” Journal of Geotechnical and Geoenvironmental Engineering, 138(3), 335-344.",Innovative Economical Foundations with Improved Performance that is Less Sensitive to Site Conditions,B. L. Kutter,S. K. Kunnath,Caltrans,L. Deng,"Center for Geotechnical Modeling, University of California, Davis, CA",Centrifuge,9-m radius centrifuge with 1D shaker,Rigid Container 1,1.75,0.9,0.53,2009-11-06,1,SF,4,New model,49,0.02041,0.02041,0.0000085,70.3,Constant,Prototype,11.2,7777,7777,1,"WD40 oil solution was sprayed around the footing perimeter and the surface of the sand, and modeling clay sheets were used to separate the footing from the backfill sand; modifications aimed at preventing backfill sand from raveling under the footing during rocking.",Nevada Sand,11.2,38,5,7777,7777,7777,7777,1539,0,N/A,7777,7777,7777,7777,7777,7777,7777,7777,7777,N/A,7777,7777,7777,7777,7777,7777,7777,7777,7777,Lumped-mass bridge pier model (footing-column-deck) with flexible elastic column,Rectangle,Aluminum 6061,7.35,4.7,7777,7777,7777,0,0,2.24,1.245,110086,534468,0.622,50199,1.742,Aluminum 6063,8.889,18824,131490,5.689,553338,1798625,12.13,682249,14988658,10.09,7183,208,0.48,1.65,11,8888,9999,10,8888,23758,8888,Elastic,0.355,Elastic,0.83,0.84,1D,Less10DSCHY024,"1999 Chi-Chi, Taiwan",CHY024 N,0.4,Same as DSCHY024 motion but with reduced frequency content around 10 Hz (model scale),0.037,7.5,2.49,0.399,0.894,0,31.16,0.008,0.038,0.278,0.147,0.514,0.052,9.1,2.85,0.4,0.724,0.04,27.99,0.011,0.063,0.72,0.223,0.963,0.434,0.272,0.168,0.005,Centroid of deck,-0.00118,0.00093,-0.00089,-0.00026,0,0.0085,8888,8888,9999,9999,0.214,0.022,0.095,0.001,1.021,0.975,0.333,9999,0.095,Low-pass filtered at 10 Hz,8888,8888,Shake 4 - Structure SF,https://www.designsafe-ci.org/data/browser/public/nees.public/NEES-2008-0565.groups,LJD03-1-SF-4-CriticalPlot.pdf,LJD03-SF-AnalyticalSystemProps.pdf,LJD03-Report.pdf,LJD03-Comments.pdf,LJD03-1-SF-4-CriticalData.txt,LJD03-1-4-BaselineCorMotions.txt,LJD03-1-4-ResponseSpectra.txt,LJD03-1-4-SupplementalData.txt,"LJD03-SF-StructPhoto1.jpg,   LJD03-SF-StructPhoto2.jpg,   LJD03-TestPhoto.jpg",,2009-11-06,2009-11-06,"L. Deng, B. L. Kutter","centrifuge, dry sand, rectangular embedded footing, flexible bridge pier",38.526393,-121.785078,"A. G. Gavras, K. Sharma",2018-08-21,,,
57,LJD03,LJD03-1-SF-5,47,"Deng, L., Kutter, B. L., and Kunnath, S. K. (2012). “Centrifuge modeling of bridge systems designed for rocking foundations.” Journal of Geotechnical and Geoenvironmental Engineering, 138(3), 335-344.",Innovative Economical Foundations with Improved Performance that is Less Sensitive to Site Conditions,B. L. Kutter,S. K. Kunnath,Caltrans,L. Deng,"Center for Geotechnical Modeling, University of California, Davis, CA",Centrifuge,9-m radius centrifuge with 1D shaker,Rigid Container 1,1.75,0.9,0.53,2009-11-06,1,SF,5,New model,49,0.02041,0.02041,0.0000085,70.4,Constant,Prototype,11.2,7777,7777,1,"WD40 oil solution was sprayed around the footing perimeter and the surface of the sand, and modeling clay sheets were used to separate the footing from the backfill sand; modifications aimed at preventing backfill sand from raveling under the footing during rocking.",Nevada Sand,11.2,38,5,7777,7777,7777,7777,1539,0,N/A,7777,7777,7777,7777,7777,7777,7777,7777,7777,N/A,7777,7777,7777,7777,7777,7777,7777,7777,7777,Lumped-mass bridge pier model (footing-column-deck) with flexible elastic column,Rectangle,Aluminum 6061,7.35,4.7,7777,7777,7777,0,0,2.24,1.245,110086,534468,0.622,50199,1.742,Aluminum 6063,8.889,18824,131490,5.689,553338,1798625,12.13,682249,14988658,10.09,7183,208,0.48,1.65,11,8888,9999,10,8888,23758,8888,Elastic,0.355,Elastic,0.83,0.84,1D,DSCHY024,"1999 Chi-Chi, Taiwan",CHY024 N,0.4,Original record down-sampled and filtered to avoid frequencies and amplitudes that were outside the capability of the centrifuge and shake table,0.045,10.1,4.29,0.396,0.95,0,27.82,0.01,0.05,0.328,0.186,0.7,0.058,12.2,5.21,0.396,0.778,0.08,25.46,0.014,0.082,0.802,0.269,1.232,0.524,0.357,0.176,0.008,Centroid of deck,-0.00174,0.00101,-0.00076,0.00013,0,0.0085,8888,8888,9999,9999,0.234,0.019,0.098,0.003,1.018,0.973,0.375,9999,0.107,Low-pass filtered at 10 Hz,8888,9999,Shake 5 - Structure SF,https://www.designsafe-ci.org/data/browser/public/nees.public/NEES-2008-0565.groups,LJD03-1-SF-5-CriticalPlot.pdf,LJD03-SF-AnalyticalSystemProps.pdf,LJD03-Report.pdf,LJD03-Comments.pdf,LJD03-1-SF-5-CriticalData.txt,LJD03-1-5-BaselineCorMotions.txt,LJD03-1-5-ResponseSpectra.txt,LJD03-1-5-SupplementalData.txt,"LJD03-SF-StructPhoto1.jpg,   LJD03-SF-StructPhoto2.jpg,   LJD03-TestPhoto.jpg",,2009-11-06,2009-11-06,"L. Deng, B. L. Kutter","centrifuge, dry sand, rectangular embedded footing, flexible bridge pier",38.526393,-121.785078,"A. G. Gavras, K. Sharma",2018-08-21,,,
58,LJD03,LJD03-1-SF-7,48,"Deng, L., Kutter, B. L., and Kunnath, S. K. (2012). “Centrifuge modeling of bridge systems designed for rocking foundations.” Journal of Geotechnical and Geoenvironmental Engineering, 138(3), 335-344.",Innovative Economical Foundations with Improved Performance that is Less Sensitive to Site Conditions,B. L. Kutter,S. K. Kunnath,Caltrans,L. Deng,"Center for Geotechnical Modeling, University of California, Davis, CA",Centrifuge,9-m radius centrifuge with 1D shaker,Rigid Container 1,1.75,0.9,0.53,2009-11-09,1,SF,7,New model,49,0.02041,0.02041,0.0000085,71.2,Constant,Prototype,11.2,7777,7777,1,"WD40 oil solution was sprayed around the footing perimeter and the surface of the sand, and modeling clay sheets were used to separate the footing from the backfill sand; modifications aimed at preventing backfill sand from raveling under the footing during rocking.",Nevada Sand,11.2,38,5,7777,7777,7777,7777,1539,0,N/A,7777,7777,7777,7777,7777,7777,7777,7777,7777,N/A,7777,7777,7777,7777,7777,7777,7777,7777,7777,Lumped-mass bridge pier model (footing-column-deck) with flexible elastic column,Rectangle,Aluminum 6061,7.35,4.7,7777,7777,7777,0,0,2.24,1.245,110086,534468,0.622,50199,1.742,Aluminum 6063,8.889,18824,131490,5.689,553338,1798625,12.13,682249,14988658,10.09,7183,208,0.48,1.65,11,8888,9999,10,8888,23758,8888,Elastic,0.355,Elastic,0.83,0.84,1D,Morgan,"1984 Morgan Hill, CA",Coyote Lake Dam - Southwest Abutment 195,0.2,Original record filtered to avoid frequencies and amplitudes that were outside the capability of the centrifuge and shake table,0.085,9.9,1.46,0.396,0.625,0.39,2.14,0.033,0.039,0.367,0.068,0.768,0.107,13.8,1.79,0.356,0.495,1.31,2.61,0.046,0.095,0.897,0.138,1.37,9999,9999,8888,8888,Centroid of deck,-0.00256,-0.00165,-0.0021,-0.00119,0,0.0085,8888,8888,9999,9999,0.201,-0.029,0.098,0.003,1.051,0.957,0.299,9999,0.085,Low-pass filtered at 10 Hz,9999,8888,Shake 7 - Structure SF,https://www.designsafe-ci.org/data/browser/public/nees.public/NEES-2008-0565.groups,LJD03-1-SF-7-CriticalPlot.pdf,LJD03-SF-AnalyticalSystemProps.pdf,LJD03-Report.pdf,LJD03-Comments.pdf,LJD03-1-SF-7-CriticalData.txt,LJD03-1-7-BaselineCorMotions.txt,LJD03-1-7-ResponseSpectra.txt,"LJD03-1-6-SupplementalData.txt, LJD03-1-7-SupplementalData.txt","LJD03-SF-StructPhoto1.jpg,   LJD03-SF-StructPhoto2.jpg,   LJD03-TestPhoto.jpg",,2009-11-09,2009-11-09,"L. Deng, B. L. Kutter","centrifuge, dry sand, rectangular embedded footing, flexible bridge pier",38.526393,-121.785078,"A. G. Gavras, K. Sharma",2018-08-21,,,
59,LJD03,LJD03-1-SF-8,49,"Deng, L., Kutter, B. L., and Kunnath, S. K. (2012). “Centrifuge modeling of bridge systems designed for rocking foundations.” Journal of Geotechnical and Geoenvironmental Engineering, 138(3), 335-344.",Innovative Economical Foundations with Improved Performance that is Less Sensitive to Site Conditions,B. L. Kutter,S. K. Kunnath,Caltrans,L. Deng,"Center for Geotechnical Modeling, University of California, Davis, CA",Centrifuge,9-m radius centrifuge with 1D shaker,Rigid Container 1,1.75,0.9,0.53,2009-11-09,1,SF,8,New model,49,0.02041,0.02041,0.0000085,70.9,Constant,Prototype,11.2,7777,7777,1,"WD40 oil solution was sprayed around the footing perimeter and the surface of the sand, and modeling clay sheets were used to separate the footing from the backfill sand; modifications aimed at preventing backfill sand from raveling under the footing during rocking.",Nevada Sand,11.2,38,5,7777,7777,7777,7777,1539,0,N/A,7777,7777,7777,7777,7777,7777,7777,7777,7777,N/A,7777,7777,7777,7777,7777,7777,7777,7777,7777,Lumped-mass bridge pier model (footing-column-deck) with flexible elastic column,Rectangle,Aluminum 6061,7.35,4.7,7777,7777,7777,0,0,2.24,1.245,110086,534468,0.622,50199,1.742,Aluminum 6063,8.889,18824,131490,5.689,553338,1798625,12.13,682249,14988658,10.09,7183,208,0.48,1.65,11,8888,9999,10,8888,23758,8888,Elastic,0.355,Elastic,0.83,0.84,1D,Morgan,"1984 Morgan Hill, CA",Coyote Lake Dam - Southwest Abutment 195,1,Original record filtered to avoid frequencies and amplitudes that were outside the capability of the centrifuge and shake table,0.438,44.1,6.32,0.353,0.554,8.32,4.69,0.143,1.639,2.006,0.756,1.524,0.447,55.7,9.33,0.291,0.588,14.01,6.05,0.16,2.662,3.559,1.151,2.521,1.365,1.189,0.063,-0.113,Centroid of deck,0.00926,0.01136,0,0.0021,0.0325,0.041,8888,8888,9999,9999,1.026,0.826,1.017,0.919,1.343,0.677,0.641,9999,0.185,Low-pass filtered at 10 Hz,8888,8888,Shake 8 - Structure SF,https://www.designsafe-ci.org/data/browser/public/nees.public/NEES-2008-0565.groups,LJD03-1-SF-8-CriticalPlot.pdf,LJD03-SF-AnalyticalSystemProps.pdf,LJD03-Report.pdf,LJD03-Comments.pdf,LJD03-1-SF-8-CriticalData.txt,LJD03-1-8-BaselineCorMotions.txt,LJD03-1-8-ResponseSpectra.txt,LJD03-1-8-SupplementalData.txt,"LJD03-SF-StructPhoto1.jpg,   LJD03-SF-StructPhoto2.jpg,   LJD03-TestPhoto.jpg",,2009-11-09,2009-11-09,"L. Deng, B. L. Kutter","centrifuge, dry sand, rectangular embedded footing, flexible bridge pier",38.526393,-121.785078,"A. G. Gavras, K. Sharma",2018-08-21,,,
60,LJD03,LJD03-1-SF-9,50,"Deng, L., Kutter, B. L., and Kunnath, S. K. (2012). “Centrifuge modeling of bridge systems designed for rocking foundations.” Journal of Geotechnical and Geoenvironmental Engineering, 138(3), 335-344.",Innovative Economical Foundations with Improved Performance that is Less Sensitive to Site Conditions,B. L. Kutter,S. K. Kunnath,Caltrans,L. Deng,"Center for Geotechnical Modeling, University of California, Davis, CA",Centrifuge,9-m radius centrifuge with 1D shaker,Rigid Container 1,1.75,0.9,0.53,2009-11-09,1,SF,9,New model,49,0.02041,0.02041,0.0000085,70.8,Constant,Prototype,11.2,7777,7777,1,"WD40 oil solution was sprayed around the footing perimeter and the surface of the sand, and modeling clay sheets were used to separate the footing from the backfill sand; modifications aimed at preventing backfill sand from raveling under the footing during rocking.",Nevada Sand,11.2,38,5,7777,7777,7777,7777,1539,0,N/A,7777,7777,7777,7777,7777,7777,7777,7777,7777,N/A,7777,7777,7777,7777,7777,7777,7777,7777,7777,Lumped-mass bridge pier model (footing-column-deck) with flexible elastic column,Rectangle,Aluminum 6061,7.35,4.7,7777,7777,7777,0,0,2.24,1.245,110086,534468,0.622,50199,1.742,Aluminum 6063,8.889,18824,131490,5.689,553338,1798625,12.13,682249,14988658,10.09,7183,208,0.48,1.65,11,8888,9999,10,8888,23758,8888,Elastic,0.355,Elastic,0.83,0.84,1D,Less10DSCHY024,"1999 Chi-Chi, Taiwan",CHY024 N,1.6,Same as DSCHY024 motion but with reduced frequency content around 10 Hz (model scale),0.218,29.5,9.88,0.577,0.878,30.08,23.13,0.052,1.062,3.068,1.193,2.717,0.302,35.5,12.11,0.277,0.692,32.61,22.64,0.072,2.027,5.586,1.675,4.196,1.034,-1.029,-0.067,-0.13,Centroid of deck,-0.00554,-0.00553,-0.00068,-0.00068,0.0716,0.1126,8888,8888,9999,9999,1.323,0.296,9999,9999,1.145,0.852,0.726,9999,0.207,Low-pass filtered at 10 Hz,8888,9999,Shake 9 - Structure SF,https://www.designsafe-ci.org/data/browser/public/nees.public/NEES-2008-0565.groups,LJD03-1-SF-9-CriticalPlot.pdf,LJD03-SF-AnalyticalSystemProps.pdf,LJD03-Report.pdf,LJD03-Comments.pdf,LJD03-1-SF-9-CriticalData.txt,LJD03-1-9-BaselineCorMotions.txt,LJD03-1-9-ResponseSpectra.txt,LJD03-1-9-SupplementalData.txt,"LJD03-SF-StructPhoto1.jpg,   LJD03-SF-StructPhoto2.jpg,   LJD03-TestPhoto.jpg",,2009-11-09,2009-11-09,"L. Deng, B. L. Kutter","centrifuge, dry sand, rectangular embedded footing, flexible bridge pier",38.526393,-121.785078,"A. G. Gavras, K. Sharma",2018-08-21,,,
61,LJD03,LJD03-1-SF-11,51,"Deng, L., Kutter, B. L., and Kunnath, S. K. (2012). “Centrifuge modeling of bridge systems designed for rocking foundations.” Journal of Geotechnical and Geoenvironmental Engineering, 138(3), 335-344.",Innovative Economical Foundations with Improved Performance that is Less Sensitive to Site Conditions,B. L. Kutter,S. K. Kunnath,Caltrans,L. Deng,"Center for Geotechnical Modeling, University of California, Davis, CA",Centrifuge,9-m radius centrifuge with 1D shaker,Rigid Container 1,1.75,0.9,0.53,2009-11-10,1,SF,11,New model,49,0.02041,0.02041,0.0000085,70.3,Constant,Prototype,11.2,7777,7777,1,"WD40 oil solution was sprayed around the footing perimeter and the surface of the sand, and modeling clay sheets were used to separate the footing from the backfill sand; modifications aimed at preventing backfill sand from raveling under the footing during rocking.",Nevada Sand,11.2,38,5,7777,7777,7777,7777,1539,0,N/A,7777,7777,7777,7777,7777,7777,7777,7777,7777,N/A,7777,7777,7777,7777,7777,7777,7777,7777,7777,Lumped-mass bridge pier model (footing-column-deck) with flexible elastic column,Rectangle,Aluminum 6061,7.35,4.7,7777,7777,7777,0,0,2.24,1.245,110086,534468,0.622,50199,1.742,Aluminum 6063,8.889,18824,131490,5.689,553338,1798625,12.13,682249,14988658,10.09,7183,208,0.48,1.65,11,8888,9999,10,8888,23758,8888,Elastic,0.355,Elastic,0.83,0.84,1D,San Fernando,"1971 San Fernando, CA",Pacoima Dam (upper left abut),1,Original record filtered to avoid frequencies and amplitudes that were outside the capability of the centrifuge and shake table,0.595,65.2,18.73,0.387,0.637,31.74,8.89,0.173,4.536,7.604,1.913,4.63,0.501,73.3,25.3,0.387,0.61,40.19,9.93,0.22,8.249,13.835,2.925,7.121,-3.183,-3.121,-0.497,-0.435,Centroid of deck,-0.0241,-0.02321,-0.00667,-0.00578,0.0908,0.2034,9999,9999,9999,9999,2.758,1.44,9999,9999,1.623,0.508,0.963,9999,0.309,Low-pass filtered at 10 Hz,9999,8888,Shake 11 - Structure SF,https://www.designsafe-ci.org/data/browser/public/nees.public/NEES-2008-0565.groups,LJD03-1-SF-11-CriticalPlot.pdf,LJD03-SF-AnalyticalSystemProps.pdf,LJD03-Report.pdf,LJD03-Comments.pdf,LJD03-1-SF-11-CriticalData.txt,LJD03-1-11-BaselineCorMotions.txt,LJD03-1-11-ResponseSpectra.txt,"LJD03-1-10-SupplementalData.txt, LJD03-1-11-SupplementalData.txt","LJD03-SF-StructPhoto1.jpg,   LJD03-SF-StructPhoto2.jpg,   LJD03-TestPhoto.jpg",,2009-11-10,2009-11-10,"L. Deng, B. L. Kutter","centrifuge, dry sand, rectangular embedded footing, flexible bridge pier",38.526393,-121.785078,"A. G. Gavras, K. Sharma",2018-08-21,,,
62,LJD03,LJD03-1-SF-12,52,"Deng, L., Kutter, B. L., and Kunnath, S. K. (2012). “Centrifuge modeling of bridge systems designed for rocking foundations.” Journal of Geotechnical and Geoenvironmental Engineering, 138(3), 335-344.",Innovative Economical Foundations with Improved Performance that is Less Sensitive to Site Conditions,B. L. Kutter,S. K. Kunnath,Caltrans,L. Deng,"Center for Geotechnical Modeling, University of California, Davis, CA",Centrifuge,9-m radius centrifuge with 1D shaker,Rigid Container 1,1.75,0.9,0.53,2009-11-10,1,SF,12,New model,49,0.02041,0.02041,0.0000085,70.7,Constant,Prototype,11.2,7777,7777,1,"WD40 oil solution was sprayed around the footing perimeter and the surface of the sand, and modeling clay sheets were used to separate the footing from the backfill sand; modifications aimed at preventing backfill sand from raveling under the footing during rocking.",Nevada Sand,11.2,38,5,7777,7777,7777,7777,1539,0,N/A,7777,7777,7777,7777,7777,7777,7777,7777,7777,N/A,7777,7777,7777,7777,7777,7777,7777,7777,7777,Lumped-mass bridge pier model (footing-column-deck) with flexible elastic column,Rectangle,Aluminum 6061,7.35,4.7,7777,7777,7777,0,0,2.24,1.245,110086,534468,0.622,50199,1.742,Aluminum 6063,8.889,18824,131490,5.689,553338,1798625,12.13,682249,14988658,10.09,7183,208,0.48,1.65,11,8888,9999,10,8888,23758,8888,Elastic,0.355,Elastic,0.83,0.84,1D,Gazli,"1976 Gazli, USSR",Karakyr 000,2,Original record filtered to avoid frequencies and amplitudes that were outside the capability of the centrifuge and shake table,0.882,79.8,27.25,0.066,0.74,35.22,7.86,0.222,6.65,14.254,2.032,6.662,0.631,79.5,27.86,0.393,0.704,36.41,10.41,0.248,10.988,24.823,3.131,10.252,2.935,3.431,0.157,0.654,Centroid of deck,0.02535,0.03202,0.00035,0.00703,0.1424,0.3458,9999,9999,9999,9999,3.872,1.114,9999,9999,1.729,0.442,0.989,9999,0.315,Low-pass filtered at 10 Hz,8888,8888,Shake 12 - Structure SF,https://www.designsafe-ci.org/data/browser/public/nees.public/NEES-2008-0565.groups,LJD03-1-SF-12-CriticalPlot.pdf,LJD03-SF-AnalyticalSystemProps.pdf,LJD03-Report.pdf,LJD03-Comments.pdf,LJD03-1-SF-12-CriticalData.txt,LJD03-1-12-BaselineCorMotions.txt,LJD03-1-12-ResponseSpectra.txt,LJD03-1-12-SupplementalData.txt,"LJD03-SF-StructPhoto1.jpg,   LJD03-SF-StructPhoto2.jpg,   LJD03-TestPhoto.jpg",,2009-11-10,2009-11-10,"L. Deng, B. L. Kutter","centrifuge, dry sand, rectangular embedded footing, flexible bridge pier",38.526393,-121.785078,"A. G. Gavras, K. Sharma",2018-08-21,,,
63,LJD03,LJD03-1-SF-13,53,"Deng, L., Kutter, B. L., and Kunnath, S. K. (2012). “Centrifuge modeling of bridge systems designed for rocking foundations.” Journal of Geotechnical and Geoenvironmental Engineering, 138(3), 335-344.",Innovative Economical Foundations with Improved Performance that is Less Sensitive to Site Conditions,B. L. Kutter,S. K. Kunnath,Caltrans,L. Deng,"Center for Geotechnical Modeling, University of California, Davis, CA",Centrifuge,9-m radius centrifuge with 1D shaker,Rigid Container 1,1.75,0.9,0.53,2009-11-10,1,SF,13,New model,49,0.02041,0.02041,0.0000085,70.8,Constant,Prototype,11.2,7777,7777,1,"WD40 oil solution was sprayed around the footing perimeter and the surface of the sand, and modeling clay sheets were used to separate the footing from the backfill sand; modifications aimed at preventing backfill sand from raveling under the footing during rocking.",Nevada Sand,11.2,38,5,7777,7777,7777,7777,1539,0,N/A,7777,7777,7777,7777,7777,7777,7777,7777,7777,N/A,7777,7777,7777,7777,7777,7777,7777,7777,7777,Lumped-mass bridge pier model (footing-column-deck) with flexible elastic column,Rectangle,Aluminum 6061,7.35,4.7,7777,7777,7777,0,0,2.24,1.245,110086,534468,0.622,50199,1.742,Aluminum 6063,8.889,18824,131490,5.689,553338,1798625,12.13,682249,14988658,10.09,7183,208,0.48,1.65,11,8888,9999,10,8888,23758,8888,Elastic,0.355,Elastic,0.83,0.84,1D,DSCHY024,"1999 Chi-Chi, Taiwan",CHY024 N,1.6,Original record down-sampled and filtered to avoid frequencies and amplitudes that were outside the capability of the centrifuge and shake table,0.229,38.4,18.72,0.572,0.921,30.09,23.61,0.054,1.167,15.421,1.265,7.927,0.322,43.8,21.8,0.58,0.735,30.61,23.03,0.073,2.073,26.896,1.681,11.933,1.287,1.13,0.17,0.013,Centroid of deck,-0.00584,-0.00619,-0.00042,-0.00077,0.0732,0.419,9999,9999,9999,9999,3.855,-0.017,9999,9999,1.124,0.854,0.795,9999,0.246,Low-pass filtered at 10 Hz,8888,8888,Shake 13 - Structure SF,https://www.designsafe-ci.org/data/browser/public/nees.public/NEES-2008-0565.groups,LJD03-1-SF-13-CriticalPlot.pdf,LJD03-SF-AnalyticalSystemProps.pdf,LJD03-Report.pdf,LJD03-Comments.pdf,LJD03-1-SF-13-CriticalData.txt,LJD03-1-13-BaselineCorMotions.txt,LJD03-1-13-ResponseSpectra.txt,LJD03-1-13-SupplementalData.txt,"LJD03-SF-StructPhoto1.jpg,   LJD03-SF-StructPhoto2.jpg,   LJD03-TestPhoto.jpg",,2009-11-10,2009-11-10,"L. Deng, B. L. Kutter","centrifuge, dry sand, rectangular embedded footing, flexible bridge pier",38.526393,-121.785078,"A. G. Gavras, K. Sharma",2018-08-21,,,
64,LJD03,LJD03-1-SF-14,54,"Deng, L., Kutter, B. L., and Kunnath, S. K. (2012). “Centrifuge modeling of bridge systems designed for rocking foundations.” Journal of Geotechnical and Geoenvironmental Engineering, 138(3), 335-344.",Innovative Economical Foundations with Improved Performance that is Less Sensitive to Site Conditions,B. L. Kutter,S. K. Kunnath,Caltrans,L. Deng,"Center for Geotechnical Modeling, University of California, Davis, CA",Centrifuge,9-m radius centrifuge with 1D shaker,Rigid Container 1,1.75,0.9,0.53,2009-11-10,1,SF,14,New model,49,0.02041,0.02041,0.0000085,70.6,Constant,Prototype,11.2,7777,7777,1,"WD40 oil solution was sprayed around the footing perimeter and the surface of the sand, and modeling clay sheets were used to separate the footing from the backfill sand; modifications aimed at preventing backfill sand from raveling under the footing during rocking.",Nevada Sand,11.2,38,5,7777,7777,7777,7777,1539,0,N/A,7777,7777,7777,7777,7777,7777,7777,7777,7777,N/A,7777,7777,7777,7777,7777,7777,7777,7777,7777,Lumped-mass bridge pier model (footing-column-deck) with flexible elastic column,Rectangle,Aluminum 6061,7.35,4.7,7777,7777,7777,0,0,2.24,1.245,110086,534468,0.622,50199,1.742,Aluminum 6063,8.889,18824,131490,5.689,553338,1798625,12.13,682249,14988658,10.09,7183,208,0.48,1.65,11,8888,9999,10,8888,23758,8888,Elastic,0.355,Elastic,0.83,0.84,1D,Morgan Pulse,"1984 Morgan Hill, CA",Coyote Lake Dam - Southwest Abutment 195,1,Original record (a) filtered to avoid frequencies and amplitudes that were outside the capability of the centrifuge and shake table and (b) pulse added to it,0.431,50.5,13.64,0.354,0.848,11.11,6.39,0.136,2.03,17.451,0.9,8.827,0.474,54.5,15,0.324,0.732,11.85,6.58,0.181,3.698,30.594,1.255,13.188,2.308,-2.216,0.391,0.221,Centroid of deck,-0.02391,-0.0235,0.00054,0.00096,0.0958,0.5148,9999,9999,9999,9999,4.085,0.231,9999,9999,1.492,0.685,0.994,9999,0.295,Low-pass filtered at 10 Hz,8888,8888,Shake 14 - Structure SF,https://www.designsafe-ci.org/data/browser/public/nees.public/NEES-2008-0565.groups,LJD03-1-SF-14-CriticalPlot.pdf,LJD03-SF-AnalyticalSystemProps.pdf,LJD03-Report.pdf,LJD03-Comments.pdf,LJD03-1-SF-14-CriticalData.txt,LJD03-1-14-BaselineCorMotions.txt,LJD03-1-14-ResponseSpectra.txt,LJD03-1-14-SupplementalData.txt,"LJD03-SF-StructPhoto1.jpg,   LJD03-SF-StructPhoto2.jpg,   LJD03-TestPhoto.jpg",,2009-11-10,2009-11-10,"L. Deng, B. L. Kutter","centrifuge, dry sand, rectangular embedded footing, flexible bridge pier",38.526393,-121.785078,"A. G. Gavras, K. Sharma",2018-08-21,,,
65,LJD03,LJD03-1-SF-15,55,"Deng, L., Kutter, B. L., and Kunnath, S. K. (2012). “Centrifuge modeling of bridge systems designed for rocking foundations.” Journal of Geotechnical and Geoenvironmental Engineering, 138(3), 335-344.",Innovative Economical Foundations with Improved Performance that is Less Sensitive to Site Conditions,B. L. Kutter,S. K. Kunnath,Caltrans,L. Deng,"Center for Geotechnical Modeling, University of California, Davis, CA",Centrifuge,9-m radius centrifuge with 1D shaker,Rigid Container 1,1.75,0.9,0.53,2009-11-10,1,SF,15,New model,49,0.02041,0.02041,0.0000085,70.6,Constant,Prototype,11.2,7777,7777,1,"WD40 oil solution was sprayed around the footing perimeter and the surface of the sand, and modeling clay sheets were used to separate the footing from the backfill sand; modifications aimed at preventing backfill sand from raveling under the footing during rocking.",Nevada Sand,11.2,38,5,7777,7777,7777,7777,1539,0,N/A,7777,7777,7777,7777,7777,7777,7777,7777,7777,N/A,7777,7777,7777,7777,7777,7777,7777,7777,7777,Lumped-mass bridge pier model (footing-column-deck) with flexible elastic column,Rectangle,Aluminum 6061,7.35,4.7,7777,7777,7777,0,0,2.24,1.245,110086,534468,0.622,50199,1.742,Aluminum 6063,8.889,18824,131490,5.689,553338,1798625,12.13,682249,14988658,10.09,7183,208,0.48,1.65,11,8888,9999,10,8888,23758,8888,Elastic,0.355,Elastic,0.83,0.84,1D,4VAStepPulse,N/A,N/A,1,Artificial step motion with 4 velocity-amplified pulses,0.29,54.9,13.85,0.899,1.119,11.76,11.27,0.084,1.352,18.803,0.67,9.497,0.386,59.6,15.28,0.443,0.908,12.6,11.21,0.109,2.296,32.89,0.889,14.077,2.524,2.133,0.634,0.243,Centroid of deck,0.01051,0.00997,0.00175,0.00121,0.1045,0.6193,9999,9999,9999,9999,4.223,0.138,9999,9999,1.174,0.855,0.952,9999,0.288,Low-pass filtered at 10 Hz,8888,8888,Shake 15 - Structure SF,https://www.designsafe-ci.org/data/browser/public/nees.public/NEES-2008-0565.groups,LJD03-1-SF-15-CriticalPlot.pdf,LJD03-SF-AnalyticalSystemProps.pdf,LJD03-Report.pdf,LJD03-Comments.pdf,LJD03-1-SF-15-CriticalData.txt,LJD03-1-15-BaselineCorMotions.txt,LJD03-1-15-ResponseSpectra.txt,LJD03-1-15-SupplementalData.txt,"LJD03-SF-StructPhoto1.jpg,   LJD03-SF-StructPhoto2.jpg,   LJD03-TestPhoto.jpg",,2009-11-10,2009-11-10,"L. Deng, B. L. Kutter","centrifuge, dry sand, rectangular embedded footing, flexible bridge pier",38.526393,-121.785078,"A. G. Gavras, K. Sharma",2018-08-21,,,
66,LJD03,LJD03-1-SF-16,56,"Deng, L., Kutter, B. L., and Kunnath, S. K. (2012). “Centrifuge modeling of bridge systems designed for rocking foundations.” Journal of Geotechnical and Geoenvironmental Engineering, 138(3), 335-344.",Innovative Economical Foundations with Improved Performance that is Less Sensitive to Site Conditions,B. L. Kutter,S. K. Kunnath,Caltrans,L. Deng,"Center for Geotechnical Modeling, University of California, Davis, CA",Centrifuge,9-m radius centrifuge with 1D shaker,Rigid Container 1,1.75,0.9,0.53,2009-11-10,1,SF,16,New model,49,0.02041,0.02041,0.0000085,70.4,Constant,Prototype,11.2,7777,7777,1,"WD40 oil solution was sprayed around the footing perimeter and the surface of the sand, and modeling clay sheets were used to separate the footing from the backfill sand; modifications aimed at preventing backfill sand from raveling under the footing during rocking.",Nevada Sand,11.2,38,5,7777,7777,7777,7777,1539,0,N/A,7777,7777,7777,7777,7777,7777,7777,7777,7777,N/A,7777,7777,7777,7777,7777,7777,7777,7777,7777,Lumped-mass bridge pier model (footing-column-deck) with flexible elastic column,Rectangle,Aluminum 6061,7.35,4.7,7777,7777,7777,0,0,2.24,1.245,110086,534468,0.622,50199,1.742,Aluminum 6063,8.889,18824,131490,5.689,553338,1798625,12.13,682249,14988658,10.09,7183,208,0.48,1.65,11,8888,9999,10,8888,23758,8888,Elastic,0.355,Elastic,0.83,0.84,1D,4VAStepPulse,N/A,N/A,1.5,Artificial step motion with 4 velocity-amplified pulses,0.407,71.6,20.27,1.186,1.145,11.82,11.33,0.114,2.517,21.32,0.926,10.423,0.496,77.8,22.43,0.451,0.918,12.92,11.49,0.152,4.568,37.458,1.269,15.346,4.2,3.566,1.648,1.014,Centroid of deck,0.02364,0.02189,0.01041,0.00866,0.1436,0.7629,9999,9999,9999,9999,4.416,0.193,9999,9999,1.164,0.791,1.063,9999,0.3,Low-pass filtered at 10 Hz,8888,8888,Shake 16 - Structure SF,https://www.designsafe-ci.org/data/browser/public/nees.public/NEES-2008-0565.groups,LJD03-1-SF-16-CriticalPlot.pdf,LJD03-SF-AnalyticalSystemProps.pdf,LJD03-Report.pdf,LJD03-Comments.pdf,LJD03-1-SF-16-CriticalData.txt,LJD03-1-16-BaselineCorMotions.txt,LJD03-1-16-ResponseSpectra.txt,LJD03-1-16-SupplementalData.txt,"LJD03-SF-StructPhoto1.jpg,   LJD03-SF-StructPhoto2.jpg,   LJD03-TestPhoto.jpg",,2009-11-10,2009-11-10,"L. Deng, B. L. Kutter","centrifuge, dry sand, rectangular embedded footing, flexible bridge pier",38.526393,-121.785078,"A. G. Gavras, K. Sharma",2018-08-21,,,
67,LJD03,LJD03-1-SF-17,57,"Deng, L., Kutter, B. L., and Kunnath, S. K. (2012). “Centrifuge modeling of bridge systems designed for rocking foundations.” Journal of Geotechnical and Geoenvironmental Engineering, 138(3), 335-344.",Innovative Economical Foundations with Improved Performance that is Less Sensitive to Site Conditions,B. L. Kutter,S. K. Kunnath,Caltrans,L. Deng,"Center for Geotechnical Modeling, University of California, Davis, CA",Centrifuge,9-m radius centrifuge with 1D shaker,Rigid Container 1,1.75,0.9,0.53,2009-11-10,1,SF,17,New model,49,0.02041,0.02041,0.0000085,70.6,Constant,Prototype,11.2,7777,7777,1,"WD40 oil solution was sprayed around the footing perimeter and the surface of the sand, and modeling clay sheets were used to separate the footing from the backfill sand; modifications aimed at preventing backfill sand from raveling under the footing during rocking.",Nevada Sand,11.2,38,5,7777,7777,7777,7777,1539,0,N/A,7777,7777,7777,7777,7777,7777,7777,7777,7777,N/A,7777,7777,7777,7777,7777,7777,7777,7777,7777,Lumped-mass bridge pier model (footing-column-deck) with flexible elastic column,Rectangle,Aluminum 6061,7.35,4.7,7777,7777,7777,0,0,2.24,1.245,110086,534468,0.622,50199,1.742,Aluminum 6063,8.889,18824,131490,5.689,553338,1798625,12.13,682249,14988658,10.09,7183,208,0.48,1.65,11,8888,9999,10,8888,23758,8888,Elastic,0.355,Elastic,0.83,0.84,1D,4VAStepPulse,N/A,N/A,1.5,Artificial step motion with 4 velocity-amplified pulses,0.402,71.9,19.99,1.187,1.146,12.01,11.33,0.113,2.49,23.81,0.924,11.347,0.507,77.2,22.29,0.45,0.909,13.18,11.49,0.152,4.576,42.034,1.269,16.615,5.089,3.441,2.492,0.844,Centroid of deck,0.03176,0.02135,0.01732,0.00691,0.1422,0.9051,9999,9999,9999,9999,4.576,0.161,9999,9999,1.164,0.799,1.07,9999,0.302,Low-pass filtered at 10 Hz,8888,8888,Shake 17 - Structure SF,https://www.designsafe-ci.org/data/browser/public/nees.public/NEES-2008-0565.groups,LJD03-1-SF-17-CriticalPlot.pdf,LJD03-SF-AnalyticalSystemProps.pdf,LJD03-Report.pdf,LJD03-Comments.pdf,LJD03-1-SF-17-CriticalData.txt,LJD03-1-17-BaselineCorMotions.txt,LJD03-1-17-ResponseSpectra.txt,LJD03-1-17-SupplementalData.txt,"LJD03-SF-StructPhoto1.jpg,   LJD03-SF-StructPhoto2.jpg,   LJD03-TestPhoto.jpg",,2009-11-10,2009-11-10,"L. Deng, B. L. Kutter","centrifuge, dry sand, rectangular embedded footing, flexible bridge pier",38.526393,-121.785078,"A. G. Gavras, K. Sharma",2018-08-21,,,
68,LJD03,LJD03-1-SF-18,58,"Deng, L., Kutter, B. L., and Kunnath, S. K. (2012). “Centrifuge modeling of bridge systems designed for rocking foundations.” Journal of Geotechnical and Geoenvironmental Engineering, 138(3), 335-344.",Innovative Economical Foundations with Improved Performance that is Less Sensitive to Site Conditions,B. L. Kutter,S. K. Kunnath,Caltrans,L. Deng,"Center for Geotechnical Modeling, University of California, Davis, CA",Centrifuge,9-m radius centrifuge with 1D shaker,Rigid Container 1,1.75,0.9,0.53,2009-11-10,1,SF,18,New model,49,0.02041,0.02041,0.0000085,70.6,Constant,Prototype,11.2,7777,7777,1,"WD40 oil solution was sprayed around the footing perimeter and the surface of the sand, and modeling clay sheets were used to separate the footing from the backfill sand; modifications aimed at preventing backfill sand from raveling under the footing during rocking.",Nevada Sand,11.2,38,5,7777,7777,7777,7777,1539,0,N/A,7777,7777,7777,7777,7777,7777,7777,7777,7777,N/A,7777,7777,7777,7777,7777,7777,7777,7777,7777,Lumped-mass bridge pier model (footing-column-deck) with flexible elastic column,Rectangle,Aluminum 6061,7.35,4.7,7777,7777,7777,0,0,2.24,1.245,110086,534468,0.622,50199,1.742,Aluminum 6063,8.889,18824,131490,5.689,553338,1798625,12.13,682249,14988658,10.09,7183,208,0.48,1.65,11,8888,9999,10,8888,23758,8888,Elastic,0.355,Elastic,0.83,0.84,1D,4VAStepPulse,N/A,N/A,1.5,Artificial step motion with 4 velocity-amplified pulses,0.395,71.5,19.98,1.188,1.15,12.22,11.34,0.112,2.444,26.254,0.921,12.268,0.507,76.7,22.15,0.449,0.906,13.17,11.53,0.151,4.499,46.533,1.253,17.868,5.836,3.344,3.124,0.632,Centroid of deck,0.03959,0.02227,0.02322,0.0059,0.1424,1.0475,9999,9999,9999,9999,4.694,0.118,9999,9999,1.173,0.814,1.081,9999,0.305,Low-pass filtered at 10 Hz,8888,8888,Shake 18 - Structure SF,https://www.designsafe-ci.org/data/browser/public/nees.public/NEES-2008-0565.groups,LJD03-1-SF-18-CriticalPlot.pdf,LJD03-SF-AnalyticalSystemProps.pdf,LJD03-Report.pdf,LJD03-Comments.pdf,LJD03-1-SF-18-CriticalData.txt,LJD03-1-18-BaselineCorMotions.txt,LJD03-1-18-ResponseSpectra.txt,LJD03-1-18-SupplementalData.txt,"LJD03-SF-StructPhoto1.jpg,   LJD03-SF-StructPhoto2.jpg,   LJD03-TestPhoto.jpg",,2009-11-10,2009-11-10,"L. Deng, B. L. Kutter","centrifuge, dry sand, rectangular embedded footing, flexible bridge pier",38.526393,-121.785078,"A. G. Gavras, K. Sharma",2018-08-21,,,
69,LJD03,LJD03-1-SF-19,59,"Deng, L., Kutter, B. L., and Kunnath, S. K. (2012). “Centrifuge modeling of bridge systems designed for rocking foundations.” Journal of Geotechnical and Geoenvironmental Engineering, 138(3), 335-344.",Innovative Economical Foundations with Improved Performance that is Less Sensitive to Site Conditions,B. L. Kutter,S. K. Kunnath,Caltrans,L. Deng,"Center for Geotechnical Modeling, University of California, Davis, CA",Centrifuge,9-m radius centrifuge with 1D shaker,Rigid Container 1,1.75,0.9,0.53,2009-11-10,1,SF,19,New model,49,0.02041,0.02041,0.0000085,70.5,Constant,Prototype,11.2,7777,7777,1,"WD40 oil solution was sprayed around the footing perimeter and the surface of the sand, and modeling clay sheets were used to separate the footing from the backfill sand; modifications aimed at preventing backfill sand from raveling under the footing during rocking.",Nevada Sand,11.2,38,5,7777,7777,7777,7777,1539,0,N/A,7777,7777,7777,7777,7777,7777,7777,7777,7777,N/A,7777,7777,7777,7777,7777,7777,7777,7777,7777,Lumped-mass bridge pier model (footing-column-deck) with flexible elastic column,Rectangle,Aluminum 6061,7.35,4.7,7777,7777,7777,0,0,2.24,1.245,110086,534468,0.622,50199,1.742,Aluminum 6063,8.889,18824,131490,5.689,553338,1798625,12.13,682249,14988658,10.09,7183,208,0.48,1.65,11,8888,9999,10,8888,23758,8888,Elastic,0.355,Elastic,0.83,0.84,1D,4VAStepPulse,N/A,N/A,1.5,Artificial step motion with 4 velocity-amplified pulses,0.393,70.9,19.89,1.188,1.151,12.04,11.34,0.111,2.406,28.66,0.919,13.187,0.51,76,22.15,0.45,0.903,13.17,11.51,0.15,4.434,50.967,1.242,19.11,6.363,3.239,3.695,0.572,Centroid of deck,0.04467,0.02144,0.02836,0.00514,0.143,1.1905,9999,9999,9999,9999,4.765,0.07,9999,9999,1.173,0.808,1.059,9999,0.304,Low-pass filtered at 10 Hz,8888,8888,Shake 19 - Structure SF,https://www.designsafe-ci.org/data/browser/public/nees.public/NEES-2008-0565.groups,LJD03-1-SF-19-CriticalPlot.pdf,LJD03-SF-AnalyticalSystemProps.pdf,LJD03-Report.pdf,LJD03-Comments.pdf,LJD03-1-SF-19-CriticalData.txt,LJD03-1-19-BaselineCorMotions.txt,LJD03-1-19-ResponseSpectra.txt,LJD03-1-19-SupplementalData.txt,"LJD03-SF-StructPhoto1.jpg,   LJD03-SF-StructPhoto2.jpg,   LJD03-TestPhoto.jpg",,2009-11-10,2009-11-10,"L. Deng, B. L. Kutter","centrifuge, dry sand, rectangular embedded footing, flexible bridge pier",38.526393,-121.785078,"A. G. Gavras, K. Sharma",2018-08-21,,,
70,LJD03,LJD03-1-SF-20,60,"Deng, L., Kutter, B. L., and Kunnath, S. K. (2012). “Centrifuge modeling of bridge systems designed for rocking foundations.” Journal of Geotechnical and Geoenvironmental Engineering, 138(3), 335-344.",Innovative Economical Foundations with Improved Performance that is Less Sensitive to Site Conditions,B. L. Kutter,S. K. Kunnath,Caltrans,L. Deng,"Center for Geotechnical Modeling, University of California, Davis, CA",Centrifuge,9-m radius centrifuge with 1D shaker,Rigid Container 1,1.75,0.9,0.53,2009-11-10,1,SF,20,New model,49,0.02041,0.02041,0.0000085,70.8,Constant,Prototype,11.2,7777,7777,1,"WD40 oil solution was sprayed around the footing perimeter and the surface of the sand, and modeling clay sheets were used to separate the footing from the backfill sand; modifications aimed at preventing backfill sand from raveling under the footing during rocking.",Nevada Sand,11.2,38,5,7777,7777,7777,7777,1539,0,N/A,7777,7777,7777,7777,7777,7777,7777,7777,7777,N/A,7777,7777,7777,7777,7777,7777,7777,7777,7777,Lumped-mass bridge pier model (footing-column-deck) with flexible elastic column,Rectangle,Aluminum 6061,7.35,4.7,7777,7777,7777,0,0,2.24,1.245,110086,534468,0.622,50199,1.742,Aluminum 6063,8.889,18824,131490,5.689,553338,1798625,12.13,682249,14988658,10.09,7183,208,0.48,1.65,11,8888,9999,10,8888,23758,8888,Elastic,0.355,Elastic,0.83,0.84,1D,DSCHY024,"1999 Chi-Chi, Taiwan",CHY024 N,1.6,Original record down-sampled and filtered to avoid frequencies and amplitudes that were outside the capability of the centrifuge and shake table,0.222,37.3,18.74,0.574,0.915,30.09,23.9,0.053,1.147,29.807,1.257,14.444,0.32,41.5,21.96,0.579,0.745,30.75,23.81,0.069,1.938,52.905,1.624,20.734,4.793,1.098,3.62,-0.075,Centroid of deck,0.03489,0.00653,0.02763,-0.00073,0.0784,1.2689,9999,9999,9999,9999,4.82,0.055,9999,9999,1.125,0.85,0.857,9999,0.236,Low-pass filtered at 10 Hz,8888,8888,Shake 20 - Structure SF,https://www.designsafe-ci.org/data/browser/public/nees.public/NEES-2008-0565.groups,LJD03-1-SF-20-CriticalPlot.pdf,LJD03-SF-AnalyticalSystemProps.pdf,LJD03-Report.pdf,LJD03-Comments.pdf,LJD03-1-SF-20-CriticalData.txt,LJD03-1-20-BaselineCorMotions.txt,LJD03-1-20-ResponseSpectra.txt,LJD03-1-20-SupplementalData.txt,"LJD03-SF-StructPhoto1.jpg,   LJD03-SF-StructPhoto2.jpg,   LJD03-TestPhoto.jpg",,2009-11-10,2009-11-10,"L. Deng, B. L. Kutter","centrifuge, dry sand, rectangular embedded footing, flexible bridge pier",38.526393,-121.785078,"A. G. Gavras, K. Sharma",2018-08-21,,,
71,LJD03,LJD03-1-ISF-2,61,"Deng, L. and Kutter, B. L. (2012). ""Characterization of rocking shallow foundations using centrifuge model tests."" Earthquake Engineering and Structural Dynamics, 41(5), 1043-1060.",Innovative Economical Foundations with Improved Performance that is Less Sensitive to Site Conditions,B. L. Kutter,S. K. Kunnath,Caltrans,L. Deng,"Center for Geotechnical Modeling, University of California, Davis, CA",Centrifuge,9-m radius centrifuge with 1D shaker,Rigid Container 1,1.75,0.9,0.53,2009-11-06,1,ISF,2,New model,49,0.02041,0.02041,0.0000085,70.4,Constant,Prototype,11.2,7777,7777,1,"(a) Four concrete pads (25 mm in diameter and 50 mm in length, model scale) were placed under the footing edges as soil improvement; (b) WD40 oil solution was sprayed around the footing perimeter and the surface of the sand, and modeling clay sheets were used to separate the footing from the backfill sand; modifications aimed at preventing backfill sand from raveling under the footing during rocking.",Nevada Sand,11.2,38,5,7777,7777,7777,7777,1539,0,N/A,7777,7777,7777,7777,7777,7777,7777,7777,7777,N/A,7777,7777,7777,7777,7777,7777,7777,7777,7777,Lumped-mass bridge pier model (footing-column-deck) with flexible elastic column,Rectangle,Aluminum 6061,7.35,4.7,7777,7777,7777,0,0,2.24,1.245,110086,534468,0.622,50199,1.742,Aluminum 6063,8.889,18824,131490,5.689,553338,1798625,12.13,682249,14988658,10.09,7183,208,0.48,1.65,9999,8888,9999,9999,8888,9999,8888,Elastic,9999,Elastic,9999,0.84,1D,Morgan,"1984 Morgan Hill, CA",Coyote Lake Dam - Southwest Abutment 195,0.2,Original record filtered to avoid frequencies and amplitudes that were outside the capability of the centrifuge and shake table,0.092,10.3,1.57,0.394,0.618,1.2,3.6,0.027,0.045,0.045,0.074,0.074,0.124,14.6,2.02,0.356,0.492,1.34,2.5,0.052,0.115,0.115,0.151,0.151,-0.295,-0.296,0.001,0,Centroid of deck,-0.00071,-0.00072,0.00007,0.00007,0,0,9999,9999,9999,9999,0.046,0.044,0.016,0.012,1.04,0.975,0.436,9999,0.115,Low-pass filtered at 10 Hz,0.84,8888,Shake 2 - Structure ISF,https://www.designsafe-ci.org/data/browser/public/nees.public/NEES-2008-0565.groups,LJD03-1-ΙSF-2-CriticalPlot.pdf,N/R,LJD03-Report.pdf,LJD03-Comments.pdf,LJD03-1-ΙSF-2-CriticalData.txt,LJD03-1-2-BaselineCorMotions.txt,LJD03-1-2-ResponseSpectra.txt,"LJD03-1-1-SupplementalData.txt, LJD03-1-2-SupplementalData.txt","LJD03-SF-StructPhoto1.jpg,   LJD03-ISF-GroundImprovPhoto.jpg, LJD03-TestPhoto.jpg",,2009-11-06,2009-11-06,"L. Deng, B. L. Kutter","centrifuge, dry sand, concrete pads, rectangular embedded footing, flexible bridge pier",38.526393,-121.785078,"A. G. Gavras, K. Sharma",2018-08-21,,,
72,LJD03,LJD03-1-ISF-3,62,"Deng, L. and Kutter, B. L. (2012). ""Characterization of rocking shallow foundations using centrifuge model tests."" Earthquake Engineering and Structural Dynamics, 41(5), 1043-1060.",Innovative Economical Foundations with Improved Performance that is Less Sensitive to Site Conditions,B. L. Kutter,S. K. Kunnath,Caltrans,L. Deng,"Center for Geotechnical Modeling, University of California, Davis, CA",Centrifuge,9-m radius centrifuge with 1D shaker,Rigid Container 1,1.75,0.9,0.53,2009-11-06,1,ISF,3,New model,49,0.02041,0.02041,0.0000085,70.2,Constant,Prototype,11.2,7777,7777,1,"(a) Four concrete pads (25 mm in diameter and 50 mm in length, model scale) were placed under the footing edges as soil improvement; (b) WD40 oil solution was sprayed around the footing perimeter and the surface of the sand, and modeling clay sheets were used to separate the footing from the backfill sand; modifications aimed at preventing backfill sand from raveling under the footing during rocking.",Nevada Sand,11.2,38,5,7777,7777,7777,7777,1539,0,N/A,7777,7777,7777,7777,7777,7777,7777,7777,7777,N/A,7777,7777,7777,7777,7777,7777,7777,7777,7777,Lumped-mass bridge pier model (footing-column-deck) with flexible elastic column,Rectangle,Aluminum 6061,7.35,4.7,7777,7777,7777,0,0,2.24,1.245,110086,534468,0.622,50199,1.742,Aluminum 6063,8.889,18824,131490,5.689,553338,1798625,12.13,682249,14988658,10.09,7183,208,0.48,1.65,9999,8888,9999,9999,8888,9999,8888,Elastic,9999,Elastic,9999,0.84,1D,San Fernando,"1971 San Fernando, CA",Pacoima Dam (upper left abut),0.2,Original record filtered to avoid frequencies and amplitudes that were outside the capability of the centrifuge and shake table,0.153,19.7,4.78,0.388,0.745,6.26,7.94,0.038,0.195,0.24,0.293,0.367,0.181,23.6,5.36,0.272,0.517,8.78,7.62,0.064,0.542,0.657,0.589,0.74,0.765,0.764,0.102,0.1,Centroid of deck,0.00303,0.00295,0.00004,-0.00003,0.008,0.008,9999,9999,9999,9999,0.201,0.155,0.095,0.079,1.051,0.944,0.684,9999,0.187,Low-pass filtered at 10 Hz,8888,8888,Shake 3 - Structure ISF,https://www.designsafe-ci.org/data/browser/public/nees.public/NEES-2008-0565.groups,LJD03-1-ΙSF-3-CriticalPlot.pdf,N/R,LJD03-Report.pdf,LJD03-Comments.pdf,LJD03-1-ΙSF-3-CriticalData.txt,LJD03-1-3-BaselineCorMotions.txt,LJD03-1-3-ResponseSpectra.txt,LJD03-1-3-SupplementalData.txt,"LJD03-SF-StructPhoto1.jpg,   LJD03-ISF-GroundImprovPhoto.jpg, LJD03-TestPhoto.jpg",,2009-11-06,2009-11-06,"L. Deng, B. L. Kutter","centrifuge, dry sand, concrete pads, rectangular embedded footing, flexible bridge pier",38.526393,-121.785078,"A. G. Gavras, K. Sharma",2018-08-21,,,
73,LJD03,LJD03-1-ISF-4,63,"Deng, L. and Kutter, B. L. (2012). ""Characterization of rocking shallow foundations using centrifuge model tests."" Earthquake Engineering and Structural Dynamics, 41(5), 1043-1060.",Innovative Economical Foundations with Improved Performance that is Less Sensitive to Site Conditions,B. L. Kutter,S. K. Kunnath,Caltrans,L. Deng,"Center for Geotechnical Modeling, University of California, Davis, CA",Centrifuge,9-m radius centrifuge with 1D shaker,Rigid Container 1,1.75,0.9,0.53,2009-11-06,1,ISF,4,New model,49,0.02041,0.02041,0.0000085,70.3,Constant,Prototype,11.2,7777,7777,1,"(a) Four concrete pads (25 mm in diameter and 50 mm in length, model scale) were placed under the footing edges as soil improvement; (b) WD40 oil solution was sprayed around the footing perimeter and the surface of the sand, and modeling clay sheets were used to separate the footing from the backfill sand; modifications aimed at preventing backfill sand from raveling under the footing during rocking.",Nevada Sand,11.2,38,5,7777,7777,7777,7777,1539,0,N/A,7777,7777,7777,7777,7777,7777,7777,7777,7777,N/A,7777,7777,7777,7777,7777,7777,7777,7777,7777,Lumped-mass bridge pier model (footing-column-deck) with flexible elastic column,Rectangle,Aluminum 6061,7.35,4.7,7777,7777,7777,0,0,2.24,1.245,110086,534468,0.622,50199,1.742,Aluminum 6063,8.889,18824,131490,5.689,553338,1798625,12.13,682249,14988658,10.09,7183,208,0.48,1.65,9999,8888,9999,9999,8888,9999,8888,Elastic,9999,Elastic,9999,0.84,1D,Less10DSCHY024,"1999 Chi-Chi, Taiwan",CHY024 N,0.4,Same as DSCHY024 motion but with reduced frequency content around 10 Hz (model scale),0.037,7.5,2.49,0.399,0.894,0,31.16,0.008,0.038,0.278,0.147,0.514,0.052,9.1,2.85,0.4,0.724,0.04,27.99,0.011,0.063,0.72,0.223,0.963,0.342,0.24,0.102,0,Centroid of deck,0.00078,0.00074,0.00018,0.00014,0,0.008,9999,9999,9999,9999,0.214,0.013,0.095,0.001,1.011,0.986,0.35,9999,0.101,Low-pass filtered at 10 Hz,8888,8888,Shake 4 - Structure ISF,https://www.designsafe-ci.org/data/browser/public/nees.public/NEES-2008-0565.groups,LJD03-1-ΙSF-4-CriticalPlot.pdf,N/R,LJD03-Report.pdf,LJD03-Comments.pdf,LJD03-1-ΙSF-4-CriticalData.txt,LJD03-1-4-BaselineCorMotions.txt,LJD03-1-4-ResponseSpectra.txt,LJD03-1-4-SupplementalData.txt,"LJD03-SF-StructPhoto1.jpg,   LJD03-ISF-GroundImprovPhoto.jpg, LJD03-TestPhoto.jpg",,2009-11-06,2009-11-06,"L. Deng, B. L. Kutter","centrifuge, dry sand, concrete pads, rectangular embedded footing, flexible bridge pier",38.526393,-121.785078,"A. G. Gavras, K. Sharma",2018-08-21,,,
74,LJD03,LJD03-1-ISF-5,64,"Deng, L. and Kutter, B. L. (2012). ""Characterization of rocking shallow foundations using centrifuge model tests."" Earthquake Engineering and Structural Dynamics, 41(5), 1043-1060.",Innovative Economical Foundations with Improved Performance that is Less Sensitive to Site Conditions,B. L. Kutter,S. K. Kunnath,Caltrans,L. Deng,"Center for Geotechnical Modeling, University of California, Davis, CA",Centrifuge,9-m radius centrifuge with 1D shaker,Rigid Container 1,1.75,0.9,0.53,2009-11-06,1,ISF,5,New model,49,0.02041,0.02041,0.0000085,70.4,Constant,Prototype,11.2,7777,7777,1,"(a) Four concrete pads (25 mm in diameter and 50 mm in length, model scale) were placed under the footing edges as soil improvement; (b) WD40 oil solution was sprayed around the footing perimeter and the surface of the sand, and modeling clay sheets were used to separate the footing from the backfill sand; modifications aimed at preventing backfill sand from raveling under the footing during rocking.",Nevada Sand,11.2,38,5,7777,7777,7777,7777,1539,0,N/A,7777,7777,7777,7777,7777,7777,7777,7777,7777,N/A,7777,7777,7777,7777,7777,7777,7777,7777,7777,Lumped-mass bridge pier model (footing-column-deck) with flexible elastic column,Rectangle,Aluminum 6061,7.35,4.7,7777,7777,7777,0,0,2.24,1.245,110086,534468,0.622,50199,1.742,Aluminum 6063,8.889,18824,131490,5.689,553338,1798625,12.13,682249,14988658,10.09,7183,208,0.48,1.65,9999,8888,9999,9999,8888,9999,8888,Elastic,9999,Elastic,9999,0.84,1D,DSCHY024,"1999 Chi-Chi, Taiwan",CHY024 N,0.4,Original record down-sampled and filtered to avoid frequencies and amplitudes that were outside the capability of the centrifuge and shake table,0.045,10.1,4.29,0.396,0.95,0,27.82,0.01,0.05,0.328,0.186,0.7,0.058,12.2,5.21,0.396,0.778,0.08,25.46,0.014,0.082,0.802,0.269,1.232,0.41,0.308,0.102,0,Centroid of deck,0.00114,0.00096,0.00037,0.00019,0,0.008,9999,9999,9999,9999,0.232,0.018,0.098,0.003,1.01,0.985,0.412,9999,0.122,Low-pass filtered at 10 Hz,8888,9999,Shake 5 - Structure ISF,https://www.designsafe-ci.org/data/browser/public/nees.public/NEES-2008-0565.groups,LJD03-1-ΙSF-5-CriticalPlot.pdf,N/R,LJD03-Report.pdf,LJD03-Comments.pdf,LJD03-1-ΙSF-5-CriticalData.txt,LJD03-1-5-BaselineCorMotions.txt,LJD03-1-5-ResponseSpectra.txt,LJD03-1-5-SupplementalData.txt,"LJD03-SF-StructPhoto1.jpg,   LJD03-ISF-GroundImprovPhoto.jpg, LJD03-TestPhoto.jpg",,2009-11-06,2009-11-06,"L. Deng, B. L. Kutter","centrifuge, dry sand, concrete pads, rectangular embedded footing, flexible bridge pier",38.526393,-121.785078,"A. G. Gavras, K. Sharma",2018-08-21,,,
75,LJD03,LJD03-1-ISF-7,65,"Deng, L. and Kutter, B. L. (2012). ""Characterization of rocking shallow foundations using centrifuge model tests."" Earthquake Engineering and Structural Dynamics, 41(5), 1043-1060.",Innovative Economical Foundations with Improved Performance that is Less Sensitive to Site Conditions,B. L. Kutter,S. K. Kunnath,Caltrans,L. Deng,"Center for Geotechnical Modeling, University of California, Davis, CA",Centrifuge,9-m radius centrifuge with 1D shaker,Rigid Container 1,1.75,0.9,0.53,2009-11-09,1,ISF,7,New model,49,0.02041,0.02041,0.0000085,71.2,Constant,Prototype,11.2,7777,7777,1,"(a) Four concrete pads (25 mm in diameter and 50 mm in length, model scale) were placed under the footing edges as soil improvement; (b) WD40 oil solution was sprayed around the footing perimeter and the surface of the sand, and modeling clay sheets were used to separate the footing from the backfill sand; modifications aimed at preventing backfill sand from raveling under the footing during rocking.",Nevada Sand,11.2,38,5,7777,7777,7777,7777,1539,0,N/A,7777,7777,7777,7777,7777,7777,7777,7777,7777,N/A,7777,7777,7777,7777,7777,7777,7777,7777,7777,Lumped-mass bridge pier model (footing-column-deck) with flexible elastic column,Rectangle,Aluminum 6061,7.35,4.7,7777,7777,7777,0,0,2.24,1.245,110086,534468,0.622,50199,1.742,Aluminum 6063,8.889,18824,131490,5.689,553338,1798625,12.13,682249,14988658,10.09,7183,208,0.48,1.65,9999,8888,9999,9999,8888,9999,8888,Elastic,9999,Elastic,9999,0.84,1D,Morgan,"1984 Morgan Hill, CA",Coyote Lake Dam - Southwest Abutment 195,0.2,Original record filtered to avoid frequencies and amplitudes that were outside the capability of the centrifuge and shake table,0.085,9.9,1.46,0.396,0.625,0.39,2.14,0.033,0.039,0.367,0.068,0.768,0.107,13.8,1.79,0.356,0.495,1.31,2.61,0.046,0.095,0.897,0.138,1.37,0.326,0.228,0.094,-0.004,Centroid of deck,0.00092,-0.00067,0.00024,-0.00014,0,0.008,9999,9999,9999,9999,0.258,0.023,0.098,0.003,1.031,0.973,0.304,9999,0.083,Low-pass filtered at 10 Hz,9999,8888,Shake 7 - Structure ISF,https://www.designsafe-ci.org/data/browser/public/nees.public/NEES-2008-0565.groups,LJD03-1-ΙSF-7-CriticalPlot.pdf,N/R,LJD03-Report.pdf,LJD03-Comments.pdf,LJD03-1-ΙSF-7-CriticalData.txt,LJD03-1-7-BaselineCorMotions.txt,LJD03-1-7-ResponseSpectra.txt,"LJD03-1-6-SupplementalData.txt, LJD03-1-7-SupplementalData.txt","LJD03-SF-StructPhoto1.jpg,   LJD03-ISF-GroundImprovPhoto.jpg, LJD03-TestPhoto.jpg",,2009-11-09,2009-11-09,"L. Deng, B. L. Kutter","centrifuge, dry sand, concrete pads, rectangular embedded footing, flexible bridge pier",38.526393,-121.785078,"A. G. Gavras, K. Sharma",2018-08-21,,,
76,LJD03,LJD03-1-ISF-8,66,"Deng, L. and Kutter, B. L. (2012). ""Characterization of rocking shallow foundations using centrifuge model tests."" Earthquake Engineering and Structural Dynamics, 41(5), 1043-1060.",Innovative Economical Foundations with Improved Performance that is Less Sensitive to Site Conditions,B. L. Kutter,S. K. Kunnath,Caltrans,L. Deng,"Center for Geotechnical Modeling, University of California, Davis, CA",Centrifuge,9-m radius centrifuge with 1D shaker,Rigid Container 1,1.75,0.9,0.53,2009-11-09,1,ISF,8,New model,49,0.02041,0.02041,0.0000085,70.9,Constant,Prototype,11.2,7777,7777,1,"(a) Four concrete pads (25 mm in diameter and 50 mm in length, model scale) were placed under the footing edges as soil improvement; (b) WD40 oil solution was sprayed around the footing perimeter and the surface of the sand, and modeling clay sheets were used to separate the footing from the backfill sand; modifications aimed at preventing backfill sand from raveling under the footing during rocking.",Nevada Sand,11.2,38,5,7777,7777,7777,7777,1539,0,N/A,7777,7777,7777,7777,7777,7777,7777,7777,7777,N/A,7777,7777,7777,7777,7777,7777,7777,7777,7777,Lumped-mass bridge pier model (footing-column-deck) with flexible elastic column,Rectangle,Aluminum 6061,7.35,4.7,7777,7777,7777,0,0,2.24,1.245,110086,534468,0.622,50199,1.742,Aluminum 6063,8.889,18824,131490,5.689,553338,1798625,12.13,682249,14988658,10.09,7183,208,0.48,1.65,9999,8888,9999,9999,8888,9999,8888,Elastic,9999,Elastic,9999,0.84,1D,Morgan,"1984 Morgan Hill, CA",Coyote Lake Dam - Southwest Abutment 195,1,Original record filtered to avoid frequencies and amplitudes that were outside the capability of the centrifuge and shake table,0.438,44.1,6.32,0.353,0.554,8.32,4.69,0.143,1.639,2.006,0.756,1.524,0.447,55.7,9.33,0.291,0.588,14.01,6.05,0.16,2.662,3.559,1.151,2.521,1.255,-1.292,0.23,0.136,Centroid of deck,0.0089,0.00865,0.00109,0.00085,0.0266,0.0346,9999,9999,9999,9999,0.933,0.675,1.017,0.919,1.245,0.774,0.967,9999,0.252,Low-pass filtered at 10 Hz,8888,8888,Shake 8 - Structure ISF,https://www.designsafe-ci.org/data/browser/public/nees.public/NEES-2008-0565.groups,LJD03-1-ΙSF-8-CriticalPlot.pdf,N/R,LJD03-Report.pdf,LJD03-Comments.pdf,LJD03-1-ΙSF-8-CriticalData.txt,LJD03-1-8-BaselineCorMotions.txt,LJD03-1-8-ResponseSpectra.txt,LJD03-1-8-SupplementalData.txt,"LJD03-SF-StructPhoto1.jpg,   LJD03-ISF-GroundImprovPhoto.jpg, LJD03-TestPhoto.jpg",,2009-11-09,2009-11-09,"L. Deng, B. L. Kutter","centrifuge, dry sand, concrete pads, rectangular embedded footing, flexible bridge pier",38.526393,-121.785078,"A. G. Gavras, K. Sharma",2018-08-21,,,
77,LJD03,LJD03-1-ISF-9,67,"Deng, L. and Kutter, B. L. (2012). ""Characterization of rocking shallow foundations using centrifuge model tests."" Earthquake Engineering and Structural Dynamics, 41(5), 1043-1060.",Innovative Economical Foundations with Improved Performance that is Less Sensitive to Site Conditions,B. L. Kutter,S. K. Kunnath,Caltrans,L. Deng,"Center for Geotechnical Modeling, University of California, Davis, CA",Centrifuge,9-m radius centrifuge with 1D shaker,Rigid Container 1,1.75,0.9,0.53,2009-11-09,1,ISF,9,New model,49,0.02041,0.02041,0.0000085,70.8,Constant,Prototype,11.2,7777,7777,1,"(a) Four concrete pads (25 mm in diameter and 50 mm in length, model scale) were placed under the footing edges as soil improvement; (b) WD40 oil solution was sprayed around the footing perimeter and the surface of the sand, and modeling clay sheets were used to separate the footing from the backfill sand; modifications aimed at preventing backfill sand from raveling under the footing during rocking.",Nevada Sand,11.2,38,5,7777,7777,7777,7777,1539,0,N/A,7777,7777,7777,7777,7777,7777,7777,7777,7777,N/A,7777,7777,7777,7777,7777,7777,7777,7777,7777,Lumped-mass bridge pier model (footing-column-deck) with flexible elastic column,Rectangle,Aluminum 6061,7.35,4.7,7777,7777,7777,0,0,2.24,1.245,110086,534468,0.622,50199,1.742,Aluminum 6063,8.889,18824,131490,5.689,553338,1798625,12.13,682249,14988658,10.09,7183,208,0.48,1.65,9999,8888,9999,9999,8888,9999,8888,Elastic,9999,Elastic,9999,0.84,1D,Less10DSCHY024,"1999 Chi-Chi, Taiwan",CHY024 N,1.6,Same as DSCHY024 motion but with reduced frequency content around 10 Hz (model scale),0.218,29.5,9.88,0.577,0.878,30.08,23.13,0.052,1.062,3.068,1.193,2.717,0.302,35.5,12.11,0.277,0.692,32.61,22.64,0.072,2.027,5.586,1.675,4.196,1.342,-1.232,0.261,0.031,Centroid of deck,0.00761,0.00652,0.0009,-0.00019,0.0954,0.13,9999,9999,9999,9999,1.18,0.247,9999,9999,1.123,0.915,0.978,9999,0.288,Low-pass filtered at 10 Hz,8888,9999,Shake 9 - Structure ISF,https://www.designsafe-ci.org/data/browser/public/nees.public/NEES-2008-0565.groups,LJD03-1-ΙSF-9-CriticalPlot.pdf,N/R,LJD03-Report.pdf,LJD03-Comments.pdf,LJD03-1-ΙSF-9-CriticalData.txt,LJD03-1-9-BaselineCorMotions.txt,LJD03-1-9-ResponseSpectra.txt,LJD03-1-9-SupplementalData.txt,"LJD03-SF-StructPhoto1.jpg,   LJD03-ISF-GroundImprovPhoto.jpg, LJD03-TestPhoto.jpg",,2009-11-09,2009-11-09,"L. Deng, B. L. Kutter","centrifuge, dry sand, concrete pads, rectangular embedded footing, flexible bridge pier",38.526393,-121.785078,"A. G. Gavras, K. Sharma",2018-08-21,,,
78,LJD03,LJD03-1-ISF-11,68,"Deng, L. and Kutter, B. L. (2012). ""Characterization of rocking shallow foundations using centrifuge model tests."" Earthquake Engineering and Structural Dynamics, 41(5), 1043-1060.",Innovative Economical Foundations with Improved Performance that is Less Sensitive to Site Conditions,B. L. Kutter,S. K. Kunnath,Caltrans,L. Deng,"Center for Geotechnical Modeling, University of California, Davis, CA",Centrifuge,9-m radius centrifuge with 1D shaker,Rigid Container 1,1.75,0.9,0.53,2009-11-10,1,ISF,11,New model,49,0.02041,0.02041,0.0000085,70.3,Constant,Prototype,11.2,7777,7777,1,"(a) Four concrete pads (25 mm in diameter and 50 mm in length, model scale) were placed under the footing edges as soil improvement; (b) WD40 oil solution was sprayed around the footing perimeter and the surface of the sand, and modeling clay sheets were used to separate the footing from the backfill sand; modifications aimed at preventing backfill sand from raveling under the footing during rocking.",Nevada Sand,11.2,38,5,7777,7777,7777,7777,1539,0,N/A,7777,7777,7777,7777,7777,7777,7777,7777,7777,N/A,7777,7777,7777,7777,7777,7777,7777,7777,7777,Lumped-mass bridge pier model (footing-column-deck) with flexible elastic column,Rectangle,Aluminum 6061,7.35,4.7,7777,7777,7777,0,0,2.24,1.245,110086,534468,0.622,50199,1.742,Aluminum 6063,8.889,18824,131490,5.689,553338,1798625,12.13,682249,14988658,10.09,7183,208,0.48,1.65,9999,8888,9999,9999,8888,9999,8888,Elastic,9999,Elastic,9999,0.84,1D,San Fernando,"1971 San Fernando, CA",Pacoima Dam (upper left abut),1,Original record filtered to avoid frequencies and amplitudes that were outside the capability of the centrifuge and shake table,0.595,65.2,18.73,0.387,0.637,31.74,8.89,0.173,4.536,7.604,1.913,4.63,0.501,73.3,25.3,0.387,0.61,40.19,9.93,0.22,8.249,13.835,2.925,7.121,9999,9999,8888,8888,Centroid of deck,9999,9999,8888,8888,0.1012,0.2312,9999,9999,9999,9999,2.253,1.074,9999,9999,1.509,0.652,1.256,9999,0.374,Low-pass filtered at 10 Hz,9999,8888,Shake 11 - Structure ISF,https://www.designsafe-ci.org/data/browser/public/nees.public/NEES-2008-0565.groups,LJD03-1-ΙSF-11-CriticalPlot.pdf,N/R,LJD03-Report.pdf,LJD03-Comments.pdf,LJD03-1-ΙSF-11-CriticalData.txt,LJD03-1-11-BaselineCorMotions.txt,LJD03-1-11-ResponseSpectra.txt,"LJD03-1-10-SupplementalData.txt, LJD03-1-11-SupplementalData.txt","LJD03-SF-StructPhoto1.jpg,   LJD03-ISF-GroundImprovPhoto.jpg, LJD03-TestPhoto.jpg",,2009-11-10,2009-11-10,"L. Deng, B. L. Kutter","centrifuge, dry sand, concrete pads, rectangular embedded footing, flexible bridge pier",38.526393,-121.785078,"A. G. Gavras, K. Sharma",2018-08-21,,,
79,LJD03,LJD03-1-ISF-12,69,"Deng, L. and Kutter, B. L. (2012). ""Characterization of rocking shallow foundations using centrifuge model tests."" Earthquake Engineering and Structural Dynamics, 41(5), 1043-1060.",Innovative Economical Foundations with Improved Performance that is Less Sensitive to Site Conditions,B. L. Kutter,S. K. Kunnath,Caltrans,L. Deng,"Center for Geotechnical Modeling, University of California, Davis, CA",Centrifuge,9-m radius centrifuge with 1D shaker,Rigid Container 1,1.75,0.9,0.53,2009-11-10,1,ISF,12,New model,49,0.02041,0.02041,0.0000085,70.7,Constant,Prototype,11.2,7777,7777,1,"(a) Four concrete pads (25 mm in diameter and 50 mm in length, model scale) were placed under the footing edges as soil improvement; (b) WD40 oil solution was sprayed around the footing perimeter and the surface of the sand, and modeling clay sheets were used to separate the footing from the backfill sand; modifications aimed at preventing backfill sand from raveling under the footing during rocking.",Nevada Sand,11.2,38,5,7777,7777,7777,7777,1539,0,N/A,7777,7777,7777,7777,7777,7777,7777,7777,7777,N/A,7777,7777,7777,7777,7777,7777,7777,7777,7777,Lumped-mass bridge pier model (footing-column-deck) with flexible elastic column,Rectangle,Aluminum 6061,7.35,4.7,7777,7777,7777,0,0,2.24,1.245,110086,534468,0.622,50199,1.742,Aluminum 6063,8.889,18824,131490,5.689,553338,1798625,12.13,682249,14988658,10.09,7183,208,0.48,1.65,9999,8888,9999,9999,8888,9999,8888,Elastic,9999,Elastic,9999,0.84,1D,Gazli,"1976 Gazli, USSR",Karakyr 000,2,Original record filtered to avoid frequencies and amplitudes that were outside the capability of the centrifuge and shake table,0.882,79.8,27.25,0.066,0.74,35.22,7.86,0.222,6.65,14.254,2.032,6.662,0.631,79.5,27.86,0.393,0.704,36.41,10.41,0.248,10.988,24.823,3.131,10.252,9999,9999,8888,8888,Centroid of deck,9999,9999,8888,8888,0.1621,0.3933,9999,9999,9999,9999,3.526,1.273,9999,9999,1.633,0.592,1.398,9999,0.416,Low-pass filtered at 10 Hz,8888,8888,Shake 12 - Structure ISF,https://www.designsafe-ci.org/data/browser/public/nees.public/NEES-2008-0565.groups,LJD03-1-ΙSF-12-CriticalPlot.pdf,N/R,LJD03-Report.pdf,LJD03-Comments.pdf,LJD03-1-ΙSF-12-CriticalData.txt,LJD03-1-12-BaselineCorMotions.txt,LJD03-1-12-ResponseSpectra.txt,LJD03-1-12-SupplementalData.txt,"LJD03-SF-StructPhoto1.jpg,   LJD03-ISF-GroundImprovPhoto.jpg, LJD03-TestPhoto.jpg",,2009-11-10,2009-11-10,"L. Deng, B. L. Kutter","centrifuge, dry sand, concrete pads, rectangular embedded footing, flexible bridge pier",38.526393,-121.785078,"A. G. Gavras, K. Sharma",2018-08-21,,,
80,LJD03,LJD03-1-ISF-13,70,"Deng, L. and Kutter, B. L. (2012). ""Characterization of rocking shallow foundations using centrifuge model tests."" Earthquake Engineering and Structural Dynamics, 41(5), 1043-1060.",Innovative Economical Foundations with Improved Performance that is Less Sensitive to Site Conditions,B. L. Kutter,S. K. Kunnath,Caltrans,L. Deng,"Center for Geotechnical Modeling, University of California, Davis, CA",Centrifuge,9-m radius centrifuge with 1D shaker,Rigid Container 1,1.75,0.9,0.53,2009-11-10,1,ISF,13,New model,49,0.02041,0.02041,0.0000085,70.8,Constant,Prototype,11.2,7777,7777,1,"(a) Four concrete pads (25 mm in diameter and 50 mm in length, model scale) were placed under the footing edges as soil improvement; (b) WD40 oil solution was sprayed around the footing perimeter and the surface of the sand, and modeling clay sheets were used to separate the footing from the backfill sand; modifications aimed at preventing backfill sand from raveling under the footing during rocking.",Nevada Sand,11.2,38,5,7777,7777,7777,7777,1539,0,N/A,7777,7777,7777,7777,7777,7777,7777,7777,7777,N/A,7777,7777,7777,7777,7777,7777,7777,7777,7777,Lumped-mass bridge pier model (footing-column-deck) with flexible elastic column,Rectangle,Aluminum 6061,7.35,4.7,7777,7777,7777,0,0,2.24,1.245,110086,534468,0.622,50199,1.742,Aluminum 6063,8.889,18824,131490,5.689,553338,1798625,12.13,682249,14988658,10.09,7183,208,0.48,1.65,9999,8888,9999,9999,8888,9999,8888,Elastic,9999,Elastic,9999,0.84,1D,DSCHY024,"1999 Chi-Chi, Taiwan",CHY024 N,1.6,Original record down-sampled and filtered to avoid frequencies and amplitudes that were outside the capability of the centrifuge and shake table,0.229,38.4,18.72,0.572,0.921,30.09,23.61,0.054,1.167,15.421,1.265,7.927,0.322,43.8,21.8,0.58,0.735,30.61,23.03,0.073,2.073,26.896,1.681,11.933,1.238,-1.462,0.37,0.109,Centroid of deck,0.0078,0.00688,0.00081,-0.00011,0.0816,0.4749,9999,9999,9999,9999,3.624,0.098,9999,9999,1.147,0.888,1.005,9999,0.273,Low-pass filtered at 10 Hz,8888,8888,Shake 13 - Structure ISF,https://www.designsafe-ci.org/data/browser/public/nees.public/NEES-2008-0565.groups,LJD03-1-ΙSF-13-CriticalPlot.pdf,N/R,LJD03-Report.pdf,LJD03-Comments.pdf,LJD03-1-ΙSF-13-CriticalData.txt,LJD03-1-13-BaselineCorMotions.txt,LJD03-1-13-ResponseSpectra.txt,LJD03-1-13-SupplementalData.txt,"LJD03-SF-StructPhoto1.jpg,   LJD03-ISF-GroundImprovPhoto.jpg, LJD03-TestPhoto.jpg",,2009-11-10,2009-11-10,"L. Deng, B. L. Kutter","centrifuge, dry sand, concrete pads, rectangular embedded footing, flexible bridge pier",38.526393,-121.785078,"A. G. Gavras, K. Sharma",2018-08-21,,,
81,LJD03,LJD03-1-ISF-14,71,"Deng, L. and Kutter, B. L. (2012). ""Characterization of rocking shallow foundations using centrifuge model tests."" Earthquake Engineering and Structural Dynamics, 41(5), 1043-1060.",Innovative Economical Foundations with Improved Performance that is Less Sensitive to Site Conditions,B. L. Kutter,S. K. Kunnath,Caltrans,L. Deng,"Center for Geotechnical Modeling, University of California, Davis, CA",Centrifuge,9-m radius centrifuge with 1D shaker,Rigid Container 1,1.75,0.9,0.53,2009-11-10,1,ISF,14,New model,49,0.02041,0.02041,0.0000085,70.6,Constant,Prototype,11.2,7777,7777,1,"(a) Four concrete pads (25 mm in diameter and 50 mm in length, model scale) were placed under the footing edges as soil improvement; (b) WD40 oil solution was sprayed around the footing perimeter and the surface of the sand, and modeling clay sheets were used to separate the footing from the backfill sand; modifications aimed at preventing backfill sand from raveling under the footing during rocking.",Nevada Sand,11.2,38,5,7777,7777,7777,7777,1539,0,N/A,7777,7777,7777,7777,7777,7777,7777,7777,7777,N/A,7777,7777,7777,7777,7777,7777,7777,7777,7777,Lumped-mass bridge pier model (footing-column-deck) with flexible elastic column,Rectangle,Aluminum 6061,7.35,4.7,7777,7777,7777,0,0,2.24,1.245,110086,534468,0.622,50199,1.742,Aluminum 6063,8.889,18824,131490,5.689,553338,1798625,12.13,682249,14988658,10.09,7183,208,0.48,1.65,9999,8888,9999,9999,8888,9999,8888,Elastic,9999,Elastic,9999,0.84,1D,Morgan Pulse,"1984 Morgan Hill, CA",Coyote Lake Dam - Southwest Abutment 195,1,Original record (a) filtered to avoid frequencies and amplitudes that were outside the capability of the centrifuge and shake table and (b) pulse added to it,0.431,50.5,13.64,0.354,0.848,11.11,6.39,0.136,2.03,17.451,0.9,8.827,0.474,54.5,15,0.324,0.732,11.85,6.58,0.181,3.698,30.594,1.255,13.188,2.44,-2.603,0.747,0.377,Centroid of deck,0.02083,0.02001,0.00268,0.00187,0.1059,0.5808,9999,9999,9999,9999,3.823,0.199,9999,9999,1.429,0.712,1.363,9999,0.378,Low-pass filtered at 10 Hz,8888,8888,Shake 14 - Structure ISF,https://www.designsafe-ci.org/data/browser/public/nees.public/NEES-2008-0565.groups,LJD03-1-ΙSF-14-CriticalPlot.pdf,N/R,LJD03-Report.pdf,LJD03-Comments.pdf,LJD03-1-ΙSF-14-CriticalData.txt,LJD03-1-14-BaselineCorMotions.txt,LJD03-1-14-ResponseSpectra.txt,LJD03-1-14-SupplementalData.txt,"LJD03-SF-StructPhoto1.jpg,   LJD03-ISF-GroundImprovPhoto.jpg, LJD03-TestPhoto.jpg",,2009-11-10,2009-11-10,"L. Deng, B. L. Kutter","centrifuge, dry sand, concrete pads, rectangular embedded footing, flexible bridge pier",38.526393,-121.785078,"A. G. Gavras, K. Sharma",2018-08-21,,,
82,LJD03,LJD03-1-ISF-15,72,"Deng, L. and Kutter, B. L. (2012). ""Characterization of rocking shallow foundations using centrifuge model tests."" Earthquake Engineering and Structural Dynamics, 41(5), 1043-1060.",Innovative Economical Foundations with Improved Performance that is Less Sensitive to Site Conditions,B. L. Kutter,S. K. Kunnath,Caltrans,L. Deng,"Center for Geotechnical Modeling, University of California, Davis, CA",Centrifuge,9-m radius centrifuge with 1D shaker,Rigid Container 1,1.75,0.9,0.53,2009-11-10,1,ISF,15,New model,49,0.02041,0.02041,0.0000085,70.6,Constant,Prototype,11.2,7777,7777,1,"(a) Four concrete pads (25 mm in diameter and 50 mm in length, model scale) were placed under the footing edges as soil improvement; (b) WD40 oil solution was sprayed around the footing perimeter and the surface of the sand, and modeling clay sheets were used to separate the footing from the backfill sand; modifications aimed at preventing backfill sand from raveling under the footing during rocking.",Nevada Sand,11.2,38,5,7777,7777,7777,7777,1539,0,N/A,7777,7777,7777,7777,7777,7777,7777,7777,7777,N/A,7777,7777,7777,7777,7777,7777,7777,7777,7777,Lumped-mass bridge pier model (footing-column-deck) with flexible elastic column,Rectangle,Aluminum 6061,7.35,4.7,7777,7777,7777,0,0,2.24,1.245,110086,534468,0.622,50199,1.742,Aluminum 6063,8.889,18824,131490,5.689,553338,1798625,12.13,682249,14988658,10.09,7183,208,0.48,1.65,9999,8888,9999,9999,8888,9999,8888,Elastic,9999,Elastic,9999,0.84,1D,4VAStepPulse,N/A,N/A,1,Artificial step motion with 4 velocity-amplified pulses,0.29,54.9,13.85,0.899,1.119,11.76,11.27,0.084,1.352,18.803,0.67,9.497,0.386,59.6,15.28,0.443,0.908,12.6,11.21,0.109,2.296,32.89,0.889,14.077,2.581,1.834,0.901,0.153,Centroid of deck,0.01686,0.01417,0.0036,0.00092,0.1336,0.7144,9999,9999,9999,9999,3.93,0.107,9999,9999,1.29,0.824,1.095,9999,0.308,Low-pass filtered at 10 Hz,8888,8888,Shake 15 - Structure ISF,https://www.designsafe-ci.org/data/browser/public/nees.public/NEES-2008-0565.groups,LJD03-1-ΙSF-15-CriticalPlot.pdf,N/R,LJD03-Report.pdf,LJD03-Comments.pdf,LJD03-1-ΙSF-15-CriticalData.txt,LJD03-1-15-BaselineCorMotions.txt,LJD03-1-15-ResponseSpectra.txt,LJD03-1-15-SupplementalData.txt,"LJD03-SF-StructPhoto1.jpg,   LJD03-ISF-GroundImprovPhoto.jpg, LJD03-TestPhoto.jpg",,2009-11-10,2009-11-10,"L. Deng, B. L. Kutter","centrifuge, dry sand, concrete pads, rectangular embedded footing, flexible bridge pier",38.526393,-121.785078,"A. G. Gavras, K. Sharma",2018-08-21,,,
83,LJD03,LJD03-1-ISF-16,73,"Deng, L. and Kutter, B. L. (2012). ""Characterization of rocking shallow foundations using centrifuge model tests."" Earthquake Engineering and Structural Dynamics, 41(5), 1043-1060.",Innovative Economical Foundations with Improved Performance that is Less Sensitive to Site Conditions,B. L. Kutter,S. K. Kunnath,Caltrans,L. Deng,"Center for Geotechnical Modeling, University of California, Davis, CA",Centrifuge,9-m radius centrifuge with 1D shaker,Rigid Container 1,1.75,0.9,0.53,2009-11-10,1,ISF,16,New model,49,0.02041,0.02041,0.0000085,70.4,Constant,Prototype,11.2,7777,7777,1,"(a) Four concrete pads (25 mm in diameter and 50 mm in length, model scale) were placed under the footing edges as soil improvement; (b) WD40 oil solution was sprayed around the footing perimeter and the surface of the sand, and modeling clay sheets were used to separate the footing from the backfill sand; modifications aimed at preventing backfill sand from raveling under the footing during rocking.",Nevada Sand,11.2,38,5,7777,7777,7777,7777,1539,0,N/A,7777,7777,7777,7777,7777,7777,7777,7777,7777,N/A,7777,7777,7777,7777,7777,7777,7777,7777,7777,Lumped-mass bridge pier model (footing-column-deck) with flexible elastic column,Rectangle,Aluminum 6061,7.35,4.7,7777,7777,7777,0,0,2.24,1.245,110086,534468,0.622,50199,1.742,Aluminum 6063,8.889,18824,131490,5.689,553338,1798625,12.13,682249,14988658,10.09,7183,208,0.48,1.65,9999,8888,9999,9999,8888,9999,8888,Elastic,9999,Elastic,9999,0.84,1D,4VAStepPulse,N/A,N/A,1.5,Artificial step motion with 4 velocity-amplified pulses,0.407,71.6,20.27,1.186,1.145,11.82,11.33,0.114,2.517,21.32,0.926,10.423,0.496,77.8,22.43,0.451,0.918,12.92,11.49,0.152,4.568,37.458,1.269,15.346,3.893,2.992,1.594,0.694,Centroid of deck,0.02653,0.02293,0.00719,0.00359,0.1804,0.8948,9999,9999,9999,9999,4.079,0.148,9999,9999,1.305,0.766,1.16,9999,0.344,Low-pass filtered at 10 Hz,8888,8888,Shake 16 - Structure ISF,https://www.designsafe-ci.org/data/browser/public/nees.public/NEES-2008-0565.groups,LJD03-1-ΙSF-16-CriticalPlot.pdf,N/R,LJD03-Report.pdf,LJD03-Comments.pdf,LJD03-1-ΙSF-16-CriticalData.txt,LJD03-1-16-BaselineCorMotions.txt,LJD03-1-16-ResponseSpectra.txt,LJD03-1-16-SupplementalData.txt,"LJD03-SF-StructPhoto1.jpg,   LJD03-ISF-GroundImprovPhoto.jpg, LJD03-TestPhoto.jpg",,2009-11-10,2009-11-10,"L. Deng, B. L. Kutter","centrifuge, dry sand, concrete pads, rectangular embedded footing, flexible bridge pier",38.526393,-121.785078,"A. G. Gavras, K. Sharma",2018-08-21,,,
84,LJD03,LJD03-1-ISF-17,74,"Deng, L. and Kutter, B. L. (2012). ""Characterization of rocking shallow foundations using centrifuge model tests."" Earthquake Engineering and Structural Dynamics, 41(5), 1043-1060.",Innovative Economical Foundations with Improved Performance that is Less Sensitive to Site Conditions,B. L. Kutter,S. K. Kunnath,Caltrans,L. Deng,"Center for Geotechnical Modeling, University of California, Davis, CA",Centrifuge,9-m radius centrifuge with 1D shaker,Rigid Container 1,1.75,0.9,0.53,2009-11-10,1,ISF,17,New model,49,0.02041,0.02041,0.0000085,70.6,Constant,Prototype,11.2,7777,7777,1,"(a) Four concrete pads (25 mm in diameter and 50 mm in length, model scale) were placed under the footing edges as soil improvement; (b) WD40 oil solution was sprayed around the footing perimeter and the surface of the sand, and modeling clay sheets were used to separate the footing from the backfill sand; modifications aimed at preventing backfill sand from raveling under the footing during rocking.",Nevada Sand,11.2,38,5,7777,7777,7777,7777,1539,0,N/A,7777,7777,7777,7777,7777,7777,7777,7777,7777,N/A,7777,7777,7777,7777,7777,7777,7777,7777,7777,Lumped-mass bridge pier model (footing-column-deck) with flexible elastic column,Rectangle,Aluminum 6061,7.35,4.7,7777,7777,7777,0,0,2.24,1.245,110086,534468,0.622,50199,1.742,Aluminum 6063,8.889,18824,131490,5.689,553338,1798625,12.13,682249,14988658,10.09,7183,208,0.48,1.65,9999,8888,9999,9999,8888,9999,8888,Elastic,9999,Elastic,9999,0.84,1D,4VAStepPulse,N/A,N/A,1.5,Artificial step motion with 4 velocity-amplified pulses,0.402,71.9,19.99,1.187,1.146,12.01,11.33,0.113,2.49,23.81,0.924,11.347,0.507,77.2,22.29,0.45,0.909,13.18,11.49,0.152,4.576,42.034,1.269,16.615,4.309,2.714,2.078,0.484,Centroid of deck,0.03119,0.024,0.00989,0.0027,0.1759,1.0707,9999,9999,9999,9999,4.219,0.14,9999,9999,1.321,0.766,1.169,9999,0.34,Low-pass filtered at 10 Hz,8888,8888,Shake 17 - Structure ISF,https://www.designsafe-ci.org/data/browser/public/nees.public/NEES-2008-0565.groups,LJD03-1-ΙSF-17-CriticalPlot.pdf,N/R,LJD03-Report.pdf,LJD03-Comments.pdf,LJD03-1-ΙSF-17-CriticalData.txt,LJD03-1-17-BaselineCorMotions.txt,LJD03-1-17-ResponseSpectra.txt,LJD03-1-17-SupplementalData.txt,"LJD03-SF-StructPhoto1.jpg,   LJD03-ISF-GroundImprovPhoto.jpg, LJD03-TestPhoto.jpg",,2009-11-10,2009-11-10,"L. Deng, B. L. Kutter","centrifuge, dry sand, concrete pads, rectangular embedded footing, flexible bridge pier",38.526393,-121.785078,"A. G. Gavras, K. Sharma",2018-08-21,,,
85,LJD03,LJD03-1-ISF-18,75,"Deng, L. and Kutter, B. L. (2012). ""Characterization of rocking shallow foundations using centrifuge model tests."" Earthquake Engineering and Structural Dynamics, 41(5), 1043-1060.",Innovative Economical Foundations with Improved Performance that is Less Sensitive to Site Conditions,B. L. Kutter,S. K. Kunnath,Caltrans,L. Deng,"Center for Geotechnical Modeling, University of California, Davis, CA",Centrifuge,9-m radius centrifuge with 1D shaker,Rigid Container 1,1.75,0.9,0.53,2009-11-10,1,ISF,18,New model,49,0.02041,0.02041,0.0000085,70.6,Constant,Prototype,11.2,7777,7777,1,"(a) Four concrete pads (25 mm in diameter and 50 mm in length, model scale) were placed under the footing edges as soil improvement; (b) WD40 oil solution was sprayed around the footing perimeter and the surface of the sand, and modeling clay sheets were used to separate the footing from the backfill sand; modifications aimed at preventing backfill sand from raveling under the footing during rocking.",Nevada Sand,11.2,38,5,7777,7777,7777,7777,1539,0,N/A,7777,7777,7777,7777,7777,7777,7777,7777,7777,N/A,7777,7777,7777,7777,7777,7777,7777,7777,7777,Lumped-mass bridge pier model (footing-column-deck) with flexible elastic column,Rectangle,Aluminum 6061,7.35,4.7,7777,7777,7777,0,0,2.24,1.245,110086,534468,0.622,50199,1.742,Aluminum 6063,8.889,18824,131490,5.689,553338,1798625,12.13,682249,14988658,10.09,7183,208,0.48,1.65,9999,8888,9999,9999,8888,9999,8888,Elastic,9999,Elastic,9999,0.84,1D,4VAStepPulse,N/A,N/A,1.5,Artificial step motion with 4 velocity-amplified pulses,0.395,71.5,19.98,1.188,1.15,12.22,11.34,0.112,2.444,26.254,0.921,12.268,0.507,76.7,22.15,0.449,0.906,13.17,11.53,0.151,4.499,46.533,1.253,17.868,4.681,2.603,2.426,0.348,Centroid of deck,0.03316,0.02327,0.01195,0.00206,0.1691,1.2398,9999,9999,9999,9999,4.344,0.125,9999,9999,1.349,0.745,1.173,9999,0.343,Low-pass filtered at 10 Hz,8888,8888,Shake 18 - Structure ISF,https://www.designsafe-ci.org/data/browser/public/nees.public/NEES-2008-0565.groups,LJD03-1-ΙSF-18-CriticalPlot.pdf,N/R,LJD03-Report.pdf,LJD03-Comments.pdf,LJD03-1-ΙSF-18-CriticalData.txt,LJD03-1-18-BaselineCorMotions.txt,LJD03-1-18-ResponseSpectra.txt,LJD03-1-18-SupplementalData.txt,"LJD03-SF-StructPhoto1.jpg,   LJD03-ISF-GroundImprovPhoto.jpg, LJD03-TestPhoto.jpg",,2009-11-10,2009-11-10,"L. Deng, B. L. Kutter","centrifuge, dry sand, concrete pads, rectangular embedded footing, flexible bridge pier",38.526393,-121.785078,"A. G. Gavras, K. Sharma",2018-08-21,,,
86,LJD03,LJD03-1-ISF-19,76,"Deng, L. and Kutter, B. L. (2012). ""Characterization of rocking shallow foundations using centrifuge model tests."" Earthquake Engineering and Structural Dynamics, 41(5), 1043-1060.",Innovative Economical Foundations with Improved Performance that is Less Sensitive to Site Conditions,B. L. Kutter,S. K. Kunnath,Caltrans,L. Deng,"Center for Geotechnical Modeling, University of California, Davis, CA",Centrifuge,9-m radius centrifuge with 1D shaker,Rigid Container 1,1.75,0.9,0.53,2009-11-10,1,ISF,19,New model,49,0.02041,0.02041,0.0000085,70.5,Constant,Prototype,11.2,7777,7777,1,"(a) Four concrete pads (25 mm in diameter and 50 mm in length, model scale) were placed under the footing edges as soil improvement; (b) WD40 oil solution was sprayed around the footing perimeter and the surface of the sand, and modeling clay sheets were used to separate the footing from the backfill sand; modifications aimed at preventing backfill sand from raveling under the footing during rocking.",Nevada Sand,11.2,38,5,7777,7777,7777,7777,1539,0,N/A,7777,7777,7777,7777,7777,7777,7777,7777,7777,N/A,7777,7777,7777,7777,7777,7777,7777,7777,7777,Lumped-mass bridge pier model (footing-column-deck) with flexible elastic column,Rectangle,Aluminum 6061,7.35,4.7,7777,7777,7777,0,0,2.24,1.245,110086,534468,0.622,50199,1.742,Aluminum 6063,8.889,18824,131490,5.689,553338,1798625,12.13,682249,14988658,10.09,7183,208,0.48,1.65,9999,8888,9999,9999,8888,9999,8888,Elastic,9999,Elastic,9999,0.84,1D,4VAStepPulse,N/A,N/A,1.5,Artificial step motion with 4 velocity-amplified pulses,0.393,70.9,19.89,1.188,1.151,12.04,11.34,0.111,2.406,28.66,0.919,13.187,0.51,76,22.15,0.45,0.903,13.17,11.51,0.15,4.434,50.967,1.242,19.11,4.819,2.392,2.48,0.054,Centroid of deck,0.03247,0.02052,0.01453,0.00258,0.1753,1.4151,9999,9999,9999,9999,4.419,0.075,9999,9999,1.371,0.725,1.215,9999,0.344,Low-pass filtered at 10 Hz,8888,8888,Shake 19 - Structure ISF,https://www.designsafe-ci.org/data/browser/public/nees.public/NEES-2008-0565.groups,LJD03-1-ΙSF-19-CriticalPlot.pdf,N/R,LJD03-Report.pdf,LJD03-Comments.pdf,LJD03-1-ΙSF-19-CriticalData.txt,LJD03-1-19-BaselineCorMotions.txt,LJD03-1-19-ResponseSpectra.txt,LJD03-1-19-SupplementalData.txt,"LJD03-SF-StructPhoto1.jpg,   LJD03-ISF-GroundImprovPhoto.jpg, LJD03-TestPhoto.jpg",,2009-11-10,2009-11-10,"L. Deng, B. L. Kutter","centrifuge, dry sand, concrete pads, rectangular embedded footing, flexible bridge pier",38.526393,-121.785078,"A. G. Gavras, K. Sharma",2018-08-21,,,
87,LJD03,LJD03-1-ISF-20,77,"Deng, L. and Kutter, B. L. (2012). ""Characterization of rocking shallow foundations using centrifuge model tests."" Earthquake Engineering and Structural Dynamics, 41(5), 1043-1060.",Innovative Economical Foundations with Improved Performance that is Less Sensitive to Site Conditions,B. L. Kutter,S. K. Kunnath,Caltrans,L. Deng,"Center for Geotechnical Modeling, University of California, Davis, CA",Centrifuge,9-m radius centrifuge with 1D shaker,Rigid Container 1,1.75,0.9,0.53,2009-11-10,1,ISF,20,New model,49,0.02041,0.02041,0.0000085,70.8,Constant,Prototype,11.2,7777,7777,1,"(a) Four concrete pads (25 mm in diameter and 50 mm in length, model scale) were placed under the footing edges as soil improvement; (b) WD40 oil solution was sprayed around the footing perimeter and the surface of the sand, and modeling clay sheets were used to separate the footing from the backfill sand; modifications aimed at preventing backfill sand from raveling under the footing during rocking.",Nevada Sand,11.2,38,5,7777,7777,7777,7777,1539,0,N/A,7777,7777,7777,7777,7777,7777,7777,7777,7777,N/A,7777,7777,7777,7777,7777,7777,7777,7777,7777,Lumped-mass bridge pier model (footing-column-deck) with flexible elastic column,Rectangle,Aluminum 6061,7.35,4.7,7777,7777,7777,0,0,2.24,1.245,110086,534468,0.622,50199,1.742,Aluminum 6063,8.889,18824,131490,5.689,553338,1798625,12.13,682249,14988658,10.09,7183,208,0.48,1.65,9999,8888,9999,9999,8888,9999,8888,Elastic,9999,Elastic,9999,0.84,1D,DSCHY024,"1999 Chi-Chi, Taiwan",CHY024 N,1.6,Original record down-sampled and filtered to avoid frequencies and amplitudes that were outside the capability of the centrifuge and shake table,0.222,37.3,18.74,0.574,0.915,30.09,23.9,0.053,1.147,29.807,1.257,14.444,0.32,41.5,21.96,0.579,0.745,30.75,23.81,0.069,1.938,52.905,1.624,20.734,3.549,-1.331,2.335,-0.145,Centroid of deck,0.02246,0.00793,0.01503,0.0005,0.0899,1.505,9999,9999,9999,9999,4.438,0.018,9999,9999,1.179,0.881,1.056,9999,0.306,Low-pass filtered at 10 Hz,8888,8888,Shake 20 - Structure ISF,https://www.designsafe-ci.org/data/browser/public/nees.public/NEES-2008-0565.groups,LJD03-1-ΙSF-20-CriticalPlot.pdf,N/R,LJD03-Report.pdf,LJD03-Comments.pdf,LJD03-1-ΙSF-20-CriticalData.txt,LJD03-1-20-BaselineCorMotions.txt,LJD03-1-20-ResponseSpectra.txt,LJD03-1-20-SupplementalData.txt,"LJD03-SF-StructPhoto1.jpg,   LJD03-ISF-GroundImprovPhoto.jpg, LJD03-TestPhoto.jpg",,2009-11-10,2009-11-10,"L. Deng, B. L. Kutter","centrifuge, dry sand, concrete pads, rectangular embedded footing, flexible bridge pier",38.526393,-121.785078,"A. G. Gavras, K. Sharma",2018-08-21,,,
88,,,,,,,,,,,,,,,,,,,,,,,,,,,,,,,,,,,,,,,,,,,,,,,,,,,,,,,,,,,,,,,,,,,,,,,,,,,,,,,,,,,,,,,,,,,,,,,,,,,,,,,,,,,,,,,,,,,,,,,,,,,,,,,,,,,,,,,,,,,,,,,,,,,,,,,,,,,,,,,,,,,,,,,,,,,,,,,,,,,,,,,,,,,
89,MAH01,MAH01-1-SDm-4,78,"Hakhamaneshi, M., Kutter, B. L., Deng, L., Hutchinson, T. C., and Liu, W. (2012). ""New findings from centrifuge modeling of rocking shallow foundations in clayey ground."" In GeoCongress 2012: State of the Art and Practice in Geotechnical Engineering, 195-204.",NEESR-CR: Design of Soil and Structure Compatible Yielding to Improve System Performance,B. L. Kutter,"S. K. Kunnath, T. C. Hutchinson, M. Aschheim",NSF NEESR,"M. Hakhamaneshi, W. Liu","Center for Geotechnical Modeling, University of California, Davis, CA",Centrifuge,9-m radius centrifuge with 1D shaker,Rigid Container 1,1.75,0.9,0.53,2010-11-16,1,SDm,4,New model,30,0.03333,0.03333,0.00003704,56,Constant,Prototype,5.1,0,Water,3,An approximately 3-mm thick (model scale) layer of Nevada Sand was placed on top of the Yolo Loam Clay to achieve a smooth soil surface before placement of the structures and to prevent rocking-induced suction at the base of the footings.,Monterey 0/30 Sand,0.3,40,10,7777,7777,7777,7777,1953,27.3,Yolo Loam,4.2,7777,7777,59,73,79,5,2034,22.5,Nevada Sand,0.6,92,2,7777,7777,7777,7777,2084,20.3,Lumped-mass bridge pier model (footing-column-deck) with flexible elastic column,Square,Aluminum 6061,3.33,3.33,7777,7777,7777,0,0,0.3,0.286,7640,7823,0.137,0,7777,Aluminum 6063,4.084,6003,10396,2.328,60403,48879,5.34,74046,283217,4.559,726.1,65.5,0.379,1.6,5.6,8888,4.9,4.3,8888,930.6,9999,Elastic,0.28,Elastic,0.565,9999,1D,Morgan,"1984 Morgan Hill, CA",Coyote Lake Dam - Southwest Abutment 195,0.33,(a) Original record filtered to avoid frequencies and amplitudes that were outside the capability of the centrifuge and shake table and (b) due to a signal processing error the motion model time was scaled down by 1/49 instead of 1/30,0.119,10.1,0.88,0.169,0.377,1,1.1,0.063,0.074,0.074,0.083,0.083,0.27,15.5,1.43,0.17,0.313,1.73,1.16,0.126,0.318,0.318,0.206,0.206,-0.59,-0.59,-0.022,-0.022,Centroid of deck,-0.0049,-0.0049,0,0,0.0108,0.0108,0.207,0.207,0.059,0.059,-0.002,-0.002,8888,8888,1.083,0.93,0.579,9999,0.166,Low-pass filtered at 10 Hz,9999,8888,Shake 4 - Structure SD,https://www.designsafe-ci.org/data/browser/public/nees.public/NEES-2009-0732.groups,MAH01-1-SDm-4-CriticalPlot.pdf,MAH01-AnalyticalSystemProps.pdf,MAH01-Report.pdf,MAH01-Comments.pdf,MAH01-1-SDm-4-CriticalData.txt,MAH01-1-4-BaselineCorMotions.txt,MAH01-1-4-ResponseSpectra.txt,,"MAH01-SDm-StructPhoto.jpg, MAH01-TestPhoto.jpg",,2010-11-16,2010-11-16,"M. Hakhamaneshi, B. L. Kutter, W. Liu, T. C. Hutchinson","centrifuge, overconsolidated clay, square embedded footing, flexible bridge pier",38.526393,-121.785078,"A. G. Gavras, M. Hakhamaneshi",2018-08-21,,,
90,MAH01,MAH01-1-SDm-5,79,"Hakhamaneshi, M., Kutter, B. L., Deng, L., Hutchinson, T. C., and Liu, W. (2012). ""New findings from centrifuge modeling of rocking shallow foundations in clayey ground."" In GeoCongress 2012: State of the Art and Practice in Geotechnical Engineering, 195-204.",NEESR-CR: Design of Soil and Structure Compatible Yielding to Improve System Performance,B. L. Kutter,"S. K. Kunnath, T. C. Hutchinson, M. Aschheim",NSF NEESR,"M. Hakhamaneshi, W. Liu","Center for Geotechnical Modeling, University of California, Davis, CA",Centrifuge,9-m radius centrifuge with 1D shaker,Rigid Container 1,1.75,0.9,0.53,2010-11-16,1,SDm,5,New model,30,0.03333,0.03333,0.00003704,55.7,Constant,Prototype,5.1,0,Water,3,An approximately 3-mm thick (model scale) layer of Nevada Sand was placed on top of the Yolo Loam Clay to achieve a smooth soil surface before placement of the structures and to prevent rocking-induced suction at the base of the footings.,Monterey 0/30 Sand,0.3,40,10,7777,7777,7777,7777,1953,27.3,Yolo Loam,4.2,7777,7777,59,73,79,5,2034,22.5,Nevada Sand,0.6,92,2,7777,7777,7777,7777,2084,20.3,Lumped-mass bridge pier model (footing-column-deck) with flexible elastic column,Square,Aluminum 6061,3.33,3.33,7777,7777,7777,0,0,0.3,0.286,7640,7823,0.137,0,7777,Aluminum 6063,4.084,6003,10396,2.328,60403,48879,5.34,74046,283217,4.559,726.1,65.5,0.379,1.6,5.6,8888,4.9,4.3,8888,930.6,9999.0,Elastic,0.28,Elastic,0.565,9999,1D,San Fernando,"1971 San Fernando, CA",Pacoima Dam (upper left abut),0.33,(a) Original record filtered to avoid frequencies and amplitudes that were outside the capability of the centrifuge and shake table and (b) due to a signal processing error the motion model time was scaled down by 1/49 instead of 1/30,0.26,19,2.75,0.151,0.456,5.37,4.12,0.068,0.329,0.403,0.289,0.372,0.36,27,3.52,0.159,0.345,5.6,4.13,0.125,1.107,1.425,0.632,0.838,1.336,1.358,0.073,0.095,Centroid of deck,0.01167,0.01168,-0.00001,0,0.0552,0.066,0.534,0.475,0.155,0.096,0.078,0.08,8888,8888,1.173,0.808,0.722,9999,0.212,Low-pass filtered at 10 Hz,8888,8888,Shake 5 - Structure SD,https://www.designsafe-ci.org/data/browser/public/nees.public/NEES-2009-0732.groups,MAH01-1-SDm-5-CriticalPlot.pdf,MAH01-AnalyticalSystemProps.pdf,MAH01-Report.pdf,MAH01-Comments.pdf,MAH01-1-SDm-5-CriticalData.txt,MAH01-1-5-BaselineCorMotions.txt,MAH01-1-5-ResponseSpectra.txt,,"MAH01-SDm-StructPhoto.jpg, MAH01-TestPhoto.jpg",,2010-11-16,2010-11-16,"M. Hakhamaneshi, B. L. Kutter, W. Liu, T. C. Hutchinson","centrifuge, overconsolidated clay, square embedded footing, flexible bridge pier",38.526393,-121.785078,"A. G. Gavras, M. Hakhamaneshi",2018-08-21,,,
91,MAH01,MAH01-1-SDm-6,80,"Hakhamaneshi, M., Kutter, B. L., Deng, L., Hutchinson, T. C., and Liu, W. (2012). ""New findings from centrifuge modeling of rocking shallow foundations in clayey ground."" In GeoCongress 2012: State of the Art and Practice in Geotechnical Engineering, 195-204.",NEESR-CR: Design of Soil and Structure Compatible Yielding to Improve System Performance,B. L. Kutter,"S. K. Kunnath, T. C. Hutchinson, M. Aschheim",NSF NEESR,"M. Hakhamaneshi, W. Liu","Center for Geotechnical Modeling, University of California, Davis, CA",Centrifuge,9-m radius centrifuge with 1D shaker,Rigid Container 1,1.75,0.9,0.53,2010-11-16,1,SDm,6,New model,30,0.03333,0.03333,0.00003704,55.6,Constant,Prototype,5.1,0,Water,3,An approximately 3-mm thick (model scale) layer of Nevada Sand was placed on top of the Yolo Loam Clay to achieve a smooth soil surface before placement of the structures and to prevent rocking-induced suction at the base of the footings.,Monterey 0/30 Sand,0.3,40,10,7777,7777,7777,7777,1953,27.3,Yolo Loam,4.2,7777,7777,59,73,79,5,2034,22.5,Nevada Sand,0.6,92,2,7777,7777,7777,7777,2084,20.3,Lumped-mass bridge pier model (footing-column-deck) with flexible elastic column,Square,Aluminum 6061,3.33,3.33,7777,7777,7777,0,0,0.3,0.286,7640,7823,0.137,0,7777,Aluminum 6063,4.084,6003,10396,2.328,60403,48879,5.34,74046,283217,4.559,726.1,65.5,0.379,1.6,5.6,8888,4.9,4.3,8888,930.6,9999.0,Elastic,0.28,Elastic,0.565,9999,1D,TCU,"1999 Chi-Chi, Taiwan",TCU078,0.27,(a) Original record filtered to avoid frequencies and amplitudes that were outside the capability of the centrifuge and shake table and (b) due to a signal processing error the motion model time was scaled down by 1/40 instead of 1/30,0.123,11.1,2.22,0.237,0.449,19.84,21.39,0.03,0.335,0.738,0.599,0.971,0.228,17.1,2.72,0.239,0.323,28.56,20.95,0.063,1.432,2.857,1.321,2.159,0.367,-0.38,0.095,0.021,Centroid of deck,-0.00349,-0.00349,0.00009,0.0001,0.0596,0.1256,0.219,-0.12,0.163,0.009,0.11,0.032,8888,8888,1.088,0.89,0.483,9999,0.126,Low-pass filtered at 10 Hz,8888,9999,Shake 6 - Structure SD,https://www.designsafe-ci.org/data/browser/public/nees.public/NEES-2009-0732.groups,MAH01-1-SDm-6-CriticalPlot.pdf,MAH01-AnalyticalSystemProps.pdf,MAH01-Report.pdf,MAH01-Comments.pdf,MAH01-1-SDm-6-CriticalData.txt,MAH01-1-6-BaselineCorMotions.txt,MAH01-1-6-ResponseSpectra.txt,,"MAH01-SDm-StructPhoto.jpg, MAH01-TestPhoto.jpg",,2010-11-16,2010-11-16,"M. Hakhamaneshi, B. L. Kutter, W. Liu, T. C. Hutchinson","centrifuge, overconsolidated clay, square embedded footing, flexible bridge pier",38.526393,-121.785078,"A. G. Gavras, M. Hakhamaneshi",2018-08-21,,,
92,MAH01,MAH01-1-SDm-8,81,"Hakhamaneshi, M., Kutter, B. L., Deng, L., Hutchinson, T. C., and Liu, W. (2012). ""New findings from centrifuge modeling of rocking shallow foundations in clayey ground."" In GeoCongress 2012: State of the Art and Practice in Geotechnical Engineering, 195-204.",NEESR-CR: Design of Soil and Structure Compatible Yielding to Improve System Performance,B. L. Kutter,"S. K. Kunnath, T. C. Hutchinson, M. Aschheim",NSF NEESR,"M. Hakhamaneshi, W. Liu","Center for Geotechnical Modeling, University of California, Davis, CA",Centrifuge,9-m radius centrifuge with 1D shaker,Rigid Container 1,1.75,0.9,0.53,2010-11-17,1,SDm,8,New model,30,0.03333,0.03333,0.00003704,55.7,Constant,Prototype,5.1,0,Water,3,An approximately 3-mm thick (model scale) layer of Nevada Sand was placed on top of the Yolo Loam Clay to achieve a smooth soil surface before placement of the structures and to prevent rocking-induced suction at the base of the footings.,Monterey 0/30 Sand,0.3,40,10,7777,7777,7777,7777,1953,27.3,Yolo Loam,4.2,7777,7777,59,73,79,5,2034,22.5,Nevada Sand,0.6,92,2,7777,7777,7777,7777,2084,20.3,Lumped-mass bridge pier model (footing-column-deck) with flexible elastic column,Square,Aluminum 6061,3.33,3.33,7777,7777,7777,0,0,0.3,0.286,7640,7823,0.137,0,7777,Aluminum 6063,4.084,6003,10396,2.328,60403,48879,5.34,74046,283217,4.559,726.1,65.5,0.379,1.6,5.6,8888,4.9,4.3,8888,930.6,9999.0,Elastic,0.28,Elastic,0.565,9999,1D,Gazli,"1976 Gazli, USSR",Karakyr 000,0.33,(a) Original record filtered to avoid frequencies and amplitudes that were outside the capability of the centrifuge and shake table and (b) due to a signal processing error the motion model time was scaled down by 1/49 instead of 1/30,0.129,9,1.59,0.17,0.517,3.11,3.09,0.042,0.093,0.831,0.127,1.098,0.234,13,2.03,0.171,0.381,3.28,3.11,0.074,0.292,3.149,0.259,2.418,0.484,-0.434,0.122,0.027,Centroid of deck,0.00398,0.00389,-0.00002,-0.00011,0.0255,0.1511,0.304,0.14,0.234,0.071,0.124,0.014,8888,8888,1.057,0.925,0.525,9999,0.151,Low-pass filtered at 10 Hz,9999,8888,Shake 8 - Structure SD,https://www.designsafe-ci.org/data/browser/public/nees.public/NEES-2009-0732.groups,MAH01-1-SDm-8-CriticalPlot.pdf,MAH01-AnalyticalSystemProps.pdf,MAH01-Report.pdf,MAH01-Comments.pdf,MAH01-1-SDm-8-CriticalData.txt,MAH01-1-8-BaselineCorMotions.txt,MAH01-1-8-ResponseSpectra.txt,,"MAH01-SDm-StructPhoto.jpg, MAH01-TestPhoto.jpg",,2010-11-17,2010-11-17,"M. Hakhamaneshi, B. L. Kutter, W. Liu, T. C. Hutchinson","centrifuge, overconsolidated clay, square embedded footing, flexible bridge pier",38.526393,-121.785078,"A. G. Gavras, M. Hakhamaneshi",2018-08-21,,,
93,MAH01,MAH01-1-SDm-9,82,"Hakhamaneshi, M., Kutter, B. L., Deng, L., Hutchinson, T. C., and Liu, W. (2012). ""New findings from centrifuge modeling of rocking shallow foundations in clayey ground."" In GeoCongress 2012: State of the Art and Practice in Geotechnical Engineering, 195-204.",NEESR-CR: Design of Soil and Structure Compatible Yielding to Improve System Performance,B. L. Kutter,"S. K. Kunnath, T. C. Hutchinson, M. Aschheim",NSF NEESR,"M. Hakhamaneshi, W. Liu","Center for Geotechnical Modeling, University of California, Davis, CA",Centrifuge,9-m radius centrifuge with 1D shaker,Rigid Container 1,1.75,0.9,0.53,2010-11-17,1,SDm,9,New model,30,0.03333,0.03333,0.00003704,56,Constant,Prototype,5.1,0,Water,3,An approximately 3-mm thick (model scale) layer of Nevada Sand was placed on top of the Yolo Loam Clay to achieve a smooth soil surface before placement of the structures and to prevent rocking-induced suction at the base of the footings.,Monterey 0/30 Sand,0.3,40,10,7777,7777,7777,7777,1953,27.3,Yolo Loam,4.2,7777,7777,59,73,79,5,2034,22.5,Nevada Sand,0.6,92,2,7777,7777,7777,7777,2084,20.3,Lumped-mass bridge pier model (footing-column-deck) with flexible elastic column,Square,Aluminum 6061,3.33,3.33,7777,7777,7777,0,0,0.3,0.286,7640,7823,0.137,0,7777,Aluminum 6063,4.084,6003,10396,2.328,60403,48879,5.34,74046,283217,4.559,726.1,65.5,0.379,1.6,5.6,8888,4.9,4.3,8888,930.6,9999.0,Elastic,0.28,Elastic,0.565,9999,1D,San Fernando,"1971 San Fernando, CA",Pacoima Dam (upper left abut),0.65,(a) Original record filtered to avoid frequencies and amplitudes that were outside the capability of the centrifuge and shake table and (b) due to a signal processing error the motion model time was scaled down by 1/49 instead of 1/30,0.571,36.4,5.81,0.236,0.371,6.31,3.99,0.174,2.074,2.905,0.77,1.868,0.64,50.4,7.5,0.235,0.377,15.19,4.66,0.243,4.702,7.851,1.394,3.812,-2.642,-2.763,0.051,-0.07,Centroid of deck,-0.02337,-0.02335,0.00118,0.0012,0.1141,0.2652,0.886,-0.707,0.509,0.274,0.336,0.211,8888,8888,1.611,0.554,0.933,9999,0.3,Low-pass filtered at 10 Hz,8888,8888,Shake 9 - Structure SD,https://www.designsafe-ci.org/data/browser/public/nees.public/NEES-2009-0732.groups,MAH01-1-SDm-9-CriticalPlot.pdf,MAH01-AnalyticalSystemProps.pdf,MAH01-Report.pdf,MAH01-Comments.pdf,MAH01-1-SDm-9-CriticalData.txt,MAH01-1-9-BaselineCorMotions.txt,MAH01-1-9-ResponseSpectra.txt,,"MAH01-SDm-StructPhoto.jpg, MAH01-TestPhoto.jpg",,2010-11-17,2010-11-17,"M. Hakhamaneshi, B. L. Kutter, W. Liu, T. C. Hutchinson","centrifuge, overconsolidated clay, square embedded footing, flexible bridge pier",38.526393,-121.785078,"A. G. Gavras, M. Hakhamaneshi",2018-08-21,,,
94,MAH01,MAH01-1-SDm-10,83,"Hakhamaneshi, M., Kutter, B. L., Deng, L., Hutchinson, T. C., and Liu, W. (2012). ""New findings from centrifuge modeling of rocking shallow foundations in clayey ground."" In GeoCongress 2012: State of the Art and Practice in Geotechnical Engineering, 195-204.",NEESR-CR: Design of Soil and Structure Compatible Yielding to Improve System Performance,B. L. Kutter,"S. K. Kunnath, T. C. Hutchinson, M. Aschheim",NSF NEESR,"M. Hakhamaneshi, W. Liu","Center for Geotechnical Modeling, University of California, Davis, CA",Centrifuge,9-m radius centrifuge with 1D shaker,Rigid Container 1,1.75,0.9,0.53,2010-11-17,1,SDm,10,New model,30,0.03333,0.03333,0.00003704,55.9,Constant,Prototype,5.1,0,Water,3,An approximately 3-mm thick (model scale) layer of Nevada Sand was placed on top of the Yolo Loam Clay to achieve a smooth soil surface before placement of the structures and to prevent rocking-induced suction at the base of the footings.,Monterey 0/30 Sand,0.3,40,10,7777,7777,7777,7777,1953,27.3,Yolo Loam,4.2,7777,7777,59,73,79,5,2034,22.5,Nevada Sand,0.6,92,2,7777,7777,7777,7777,2084,20.3,Lumped-mass bridge pier model (footing-column-deck) with flexible elastic column,Square,Aluminum 6061,3.33,3.33,7777,7777,7777,0,0,0.3,0.286,7640,7823,0.137,0,7777,Aluminum 6063,4.084,6003,10396,2.328,60403,48879,5.34,74046,283217,4.559,726.1,65.5,0.379,1.6,5.6,8888,4.9,4.3,8888,930.6,9999.0,Elastic,0.28,Elastic,0.565,9999,1D,Gazli,"1976 Gazli, USSR",Karakyr 000,0.98,(a) Original record filtered to avoid frequencies and amplitudes that were outside the capability of the centrifuge and shake table and (b) due to a signal processing error the motion model time was scaled down by 1/49 instead of 1/30,0.558,29.1,5,0.17,0.422,6.24,3.07,0.182,1.73,4.635,0.605,2.473,0.794,47.2,7.52,0.239,0.429,8.69,3.27,0.301,5.069,12.92,1.199,5.011,2.129,2.078,0.108,0.057,Centroid of deck,0.02193,0.02075,0.00235,0.00117,0.122,0.3872,1.078,0.569,0.588,0.08,0.47,0.134,8888,8888,1.417,0.626,0.865,9999,0.242,Low-pass filtered at 10 Hz,8888,8888,Shake 10 - Structure SD,https://www.designsafe-ci.org/data/browser/public/nees.public/NEES-2009-0732.groups,MAH01-1-SDm-10-CriticalPlot.pdf,MAH01-AnalyticalSystemProps.pdf,MAH01-Report.pdf,MAH01-Comments.pdf,MAH01-1-SDm-10-CriticalData.txt,MAH01-1-10-BaselineCorMotions.txt,MAH01-1-10-ResponseSpectra.txt,,"MAH01-SDm-StructPhoto.jpg, MAH01-TestPhoto.jpg",,2010-11-17,2010-11-17,"M. Hakhamaneshi, B. L. Kutter, W. Liu, T. C. Hutchinson","centrifuge, overconsolidated clay, square embedded footing, flexible bridge pier",38.526393,-121.785078,"A. G. Gavras, M. Hakhamaneshi",2018-08-21,,,
95,MAH01,MAH01-1-SDm-11,84,"Hakhamaneshi, M., Kutter, B. L., Deng, L., Hutchinson, T. C., and Liu, W. (2012). ""New findings from centrifuge modeling of rocking shallow foundations in clayey ground."" In GeoCongress 2012: State of the Art and Practice in Geotechnical Engineering, 195-204.",NEESR-CR: Design of Soil and Structure Compatible Yielding to Improve System Performance,B. L. Kutter,"S. K. Kunnath, T. C. Hutchinson, M. Aschheim",NSF NEESR,"M. Hakhamaneshi, W. Liu","Center for Geotechnical Modeling, University of California, Davis, CA",Centrifuge,9-m radius centrifuge with 1D shaker,Rigid Container 1,1.75,0.9,0.53,2010-11-17,1,SDm,11,New model,60,0.01667,0.01667,0.00000463,78.3,Constant,Prototype,10.2,0,Water,3,An approximately 3-mm thick (model scale) layer of Nevada Sand was placed on top of the Yolo Loam Clay to achieve a smooth soil surface before placement of the structures and to prevent rocking-induced suction at the base of the footings.,Monterey 0/30 Sand,0.6,40,10,7777,7777,7777,7777,1953,27.3,Yolo Loam,8.4,7777,7777,70,80,86,5,2034,22.5,Nevada Sand,1.2,92,2,7777,7777,7777,7777,2084,20.3,Lumped-mass bridge pier model (footing-column-deck) with flexible elastic column,Square,Aluminum 6061,6.66,6.66,7777,7777,7777,0,0,0.6,0.571,61123,250330,0.274,0,7777,Aluminum 6063,8.169,48024,332683,4.656,483225,1564132,10.68,592372,9062930,9.118,5809,131,0.759,1.6,3.4,8888,3,2.7,8888,12254,9999.0,Elastic,0.231,Elastic,0.982,8888,1D,Gazli,"1976 Gazli, USSR",Karakyr 000,1.23,(a) Original record filtered to avoid frequencies and amplitudes that were outside the capability of the centrifuge and shake table and (b) due to a signal processing error the motion model time was scaled down by 1/49 instead of 1/60,0.63,62.2,23.91,0.343,0.801,17.93,9.39,0.162,4.219,8.854,1.71,4.183,0.793,82.7,32.38,0.486,0.848,44.52,11.66,0.224,9.997,22.917,3.078,8.089,3.651,3.543,0.095,-0.013,Centroid of deck,0.04192,0.03957,0.00388,0.00154,0.2456,0.6328,2.393,1.804,1.243,0.654,1.287,0.817,8888,8888,1.166,0.812,0.786,9999,0.23,Low-pass filtered at 10 Hz,8888,8888,Shake 11 - Structure SD,https://www.designsafe-ci.org/data/browser/public/nees.public/NEES-2009-0732.groups,MAH01-1-SDm-11-CriticalPlot.pdf,MAH01-AnalyticalSystemProps.pdf,MAH01-Report.pdf,MAH01-Comments.pdf,MAH01-1-SDm-11-CriticalData.txt,MAH01-1-11-BaselineCorMotions.txt,MAH01-1-11-ResponseSpectra.txt,,"MAH01-SDm-StructPhoto.jpg, MAH01-TestPhoto.jpg",,2010-11-17,2010-11-17,"M. Hakhamaneshi, B. L. Kutter, W. Liu, T. C. Hutchinson","centrifuge, overconsolidated clay, square embedded footing, flexible bridge pier",38.526393,-121.785078,"A. G. Gavras, M. Hakhamaneshi",2018-08-21,,,
96,MAH01,MAH01-1-SDm-12,85,"Hakhamaneshi, M., Kutter, B. L., Deng, L., Hutchinson, T. C., and Liu, W. (2012). ""New findings from centrifuge modeling of rocking shallow foundations in clayey ground."" In GeoCongress 2012: State of the Art and Practice in Geotechnical Engineering, 195-204.",NEESR-CR: Design of Soil and Structure Compatible Yielding to Improve System Performance,B. L. Kutter,"S. K. Kunnath, T. C. Hutchinson, M. Aschheim",NSF NEESR,"M. Hakhamaneshi, W. Liu","Center for Geotechnical Modeling, University of California, Davis, CA",Centrifuge,9-m radius centrifuge with 1D shaker,Rigid Container 1,1.75,0.9,0.53,2010-11-17,1,SDm,12,New model,60,0.01667,0.01667,0.00000463,78.3,Constant,Prototype,10.2,0,Water,3,An approximately 3-mm thick (model scale) layer of Nevada Sand was placed on top of the Yolo Loam Clay to achieve a smooth soil surface before placement of the structures and to prevent rocking-induced suction at the base of the footings.,Monterey 0/30 Sand,0.6,40,10,7777,7777,7777,7777,1953,27.3,Yolo Loam,8.4,7777,7777,70,80,86,5,2034,22.5,Nevada Sand,1.2,92,2,7777,7777,7777,7777,2084,20.3,Lumped-mass bridge pier model (footing-column-deck) with flexible elastic column,Square,Aluminum 6061,6.66,6.66,7777,7777,7777,0,0,0.6,0.571,61123,250330,0.274,0,7777,Aluminum 6063,8.169,48024,332683,4.656,483225,1564132,10.68,592372,9062930,9.118,5809,131,0.759,1.6,3.4,8888,3,2.7,8888,12254,9999.0,Elastic,0.231,Elastic,0.982,8888,1D,San Fernando,"1971 San Fernando, CA",Pacoima Dam (upper left abut),0.82,(a) Original record filtered to avoid frequencies and amplitudes that were outside the capability of the centrifuge and shake table and (b) due to a signal processing error the motion model time was scaled down by 1/49 instead of 1/60,0.576,70.1,30.75,0.475,0.651,41.24,12.38,0.175,6.524,15.378,2.772,6.955,0.752,85.5,35.9,0.476,0.714,50.05,23.58,0.178,12.857,35.774,4.458,12.547,-5.45,-5.545,-0.247,-0.342,Centroid of deck,-0.04761,-0.05149,8888,8888,8888,8888,9999,9999,8888,8888,8888,8888,8888,8888,1.28,0.79,0.89,9999,0.246,Low-pass filtered at 10 Hz,8888,8888,Shake 12 - Structure SD,https://www.designsafe-ci.org/data/browser/public/nees.public/NEES-2009-0732.groups,MAH01-1-SDm-12-CriticalPlot.pdf,MAH01-AnalyticalSystemProps.pdf,MAH01-Report.pdf,MAH01-Comments.pdf,MAH01-1-SDm-12-CriticalData.txt,MAH01-1-12-BaselineCorMotions.txt,MAH01-1-12-ResponseSpectra.txt,,"MAH01-SDm-StructPhoto.jpg, MAH01-TestPhoto.jpg",,2010-11-17,2010-11-17,"M. Hakhamaneshi, B. L. Kutter, W. Liu, T. C. Hutchinson","centrifuge, overconsolidated clay, square embedded footing, flexible bridge pier",38.526393,-121.785078,"A. G. Gavras, M. Hakhamaneshi",2018-08-21,,,
97,MAH01,MAH01-1-SDm-14,86,"Hakhamaneshi, M., Kutter, B. L., Deng, L., Hutchinson, T. C., and Liu, W. (2012). ""New findings from centrifuge modeling of rocking shallow foundations in clayey ground."" In GeoCongress 2012: State of the Art and Practice in Geotechnical Engineering, 195-204.",NEESR-CR: Design of Soil and Structure Compatible Yielding to Improve System Performance,B. L. Kutter,"S. K. Kunnath, T. C. Hutchinson, M. Aschheim",NSF NEESR,"M. Hakhamaneshi, W. Liu","Center for Geotechnical Modeling, University of California, Davis, CA",Centrifuge,9-m radius centrifuge with 1D shaker,Rigid Container 1,1.75,0.9,0.53,2010-11-18,1,SDm,14,New model,15,0.06667,0.06667,0.0002963,39.5,Constant,Prototype,2.55,0,Water,3,An approximately 3-mm thick (model scale) layer of Nevada Sand was placed on top of the Yolo Loam Clay to achieve a smooth soil surface before placement of the structures and to prevent rocking-induced suction at the base of the footings.,Monterey 0/30 Sand,0.15,40,10,7777,7777,7777,7777,1953,27.3,Yolo Loam,2.1,7777,7777,53,67,73,5,2034,22.5,Nevada Sand,0.3,92,2,7777,7777,7777,7777,2084,20.3,Lumped-mass bridge pier model (footing-column-deck) with flexible elastic column,Square,Aluminum 6061,1.665,1.665,7777,7777,7777,0,0,0.15,0.143,955.1,244.5,0.0686,0,7777,Aluminum 6063,2.042,750.4,324.9,1.164,7550,1527,2.67,9256,8851,2.279,90.77,32.7,0.19,1.6,10.1,8888,8.6,7.5,8888,65.52,9999.0,Elastic,0.316,Elastic,0.37,9999,1D,San Fernando,"1971 San Fernando, CA",Pacoima Dam (upper left abut),0.65,(a) Original record filtered to avoid frequencies and amplitudes that were outside the capability of the centrifuge and shake table and (b) due to a signal processing error the motion model time was scaled down by 1/49 instead of 1/15,0.443,20.1,1.44,0.118,0.217,2.74,1.93,0.145,0.695,16.073,0.322,7.277,0.614,29.9,1.93,0.119,0.192,4.15,2.1,0.253,2.301,38.075,0.678,13.225,-1.473,-1.226,-0.197,0.05,Centroid of deck,0.01309,-0.0117,0.00369,-0.00019,0.0494,0.6822,1.637,0.395,1.376,0.133,1.345,0.058,8888,8888,1.364,0.72,0.952,9999,0.312,Low-pass filtered at 10 Hz,9999,8888,Shake 14 - Structure SD,https://www.designsafe-ci.org/data/browser/public/nees.public/NEES-2009-0732.groups,MAH01-1-SDm-14-CriticalPlot.pdf,MAH01-AnalyticalSystemProps.pdf,MAH01-Report.pdf,MAH01-Comments.pdf,MAH01-1-SDm-14-CriticalData.txt,MAH01-1-14-BaselineCorMotions.txt,MAH01-1-14-ResponseSpectra.txt,,"MAH01-SDm-StructPhoto.jpg, MAH01-TestPhoto.jpg",,2010-11-18,2010-11-18,"M. Hakhamaneshi, B. L. Kutter, W. Liu, T. C. Hutchinson","centrifuge, overconsolidated clay, square embedded footing, flexible bridge pier",38.526393,-121.785078,"A. G. Gavras, M. Hakhamaneshi",2018-08-21,,,
98,MAH01,MAH01-1-SDm-15,87,"Hakhamaneshi, M., Kutter, B. L., Deng, L., Hutchinson, T. C., and Liu, W. (2012). ""New findings from centrifuge modeling of rocking shallow foundations in clayey ground."" In GeoCongress 2012: State of the Art and Practice in Geotechnical Engineering, 195-204.",NEESR-CR: Design of Soil and Structure Compatible Yielding to Improve System Performance,B. L. Kutter,"S. K. Kunnath, T. C. Hutchinson, M. Aschheim",NSF NEESR,"M. Hakhamaneshi, W. Liu","Center for Geotechnical Modeling, University of California, Davis, CA",Centrifuge,9-m radius centrifuge with 1D shaker,Rigid Container 1,1.75,0.9,0.53,2010-11-18,1,SDm,15,New model,15,0.06667,0.06667,0.0002963,39.4,Constant,Prototype,2.55,0,Water,3,An approximately 3-mm thick (model scale) layer of Nevada Sand was placed on top of the Yolo Loam Clay to achieve a smooth soil surface before placement of the structures and to prevent rocking-induced suction at the base of the footings.,Monterey 0/30 Sand,0.15,40,10,7777,7777,7777,7777,1953,27.3,Yolo Loam,2.1,7777,7777,53,67,73,5,2034,22.5,Nevada Sand,0.3,92,2,7777,7777,7777,7777,2084,20.3,Lumped-mass bridge pier model (footing-column-deck) with flexible elastic column,Square,Aluminum 6061,1.665,1.665,7777,7777,7777,0,0,0.15,0.143,955.1,244.5,0.0686,0,7777,Aluminum 6063,2.042,750.4,324.9,1.164,7550,1527,2.67,9256,8851,2.279,90.77,32.7,0.19,1.6,10.1,8888,8.6,7.5,8888,65.52,9999.0,Elastic,0.316,Elastic,0.37,9999,1D,Gazli,"1976 Gazli, USSR",Karakyr 000,0.98,(a) Original record filtered to avoid frequencies and amplitudes that were outside the capability of the centrifuge and shake table and (b) due to a signal processing error the motion model time was scaled down by 1/49 instead of 1/15,0.528,15,1.27,0.118,0.215,2.61,1.52,0.163,0.694,16.767,0.253,7.53,0.852,24.8,1.83,0.121,0.208,3.23,1.55,0.295,2.29,40.365,0.537,13.762,-0.803,0.922,-0.143,0.053,Centroid of deck,0.01265,0.00895,0.00483,0.00114,0.0491,0.7313,1.65,-0.283,1.364,-0.012,1.364,0.019,8888,8888,1.288,0.759,0.896,9999,0.243,Low-pass filtered at 10 Hz,8888,8888,Shake 15 - Structure SD,https://www.designsafe-ci.org/data/browser/public/nees.public/NEES-2009-0732.groups,MAH01-1-SDm-15-CriticalPlot.pdf,MAH01-AnalyticalSystemProps.pdf,MAH01-Report.pdf,MAH01-Comments.pdf,MAH01-1-SDm-15-CriticalData.txt,MAH01-1-15-BaselineCorMotions.txt,MAH01-1-15-ResponseSpectra.txt,,"MAH01-SDm-StructPhoto.jpg, MAH01-TestPhoto.jpg",,2010-11-18,2010-11-18,"M. Hakhamaneshi, B. L. Kutter, W. Liu, T. C. Hutchinson","centrifuge, overconsolidated clay, square embedded footing, flexible bridge pier",38.526393,-121.785078,"A. G. Gavras, M. Hakhamaneshi",2018-08-21,,,
99,MAH01,MAH01-1-SDm-16,88,"Hakhamaneshi, M., Kutter, B. L., Deng, L., Hutchinson, T. C., and Liu, W. (2012). ""New findings from centrifuge modeling of rocking shallow foundations in clayey ground."" In GeoCongress 2012: State of the Art and Practice in Geotechnical Engineering, 195-204.",NEESR-CR: Design of Soil and Structure Compatible Yielding to Improve System Performance,B. L. Kutter,"S. K. Kunnath, T. C. Hutchinson, M. Aschheim",NSF NEESR,"M. Hakhamaneshi, W. Liu","Center for Geotechnical Modeling, University of California, Davis, CA",Centrifuge,9-m radius centrifuge with 1D shaker,Rigid Container 1,1.75,0.9,0.53,2010-11-18,1,SDm,16,New model,15,0.06667,0.06667,0.0002963,39.5,Constant,Prototype,2.55,0,Water,3,An approximately 3-mm thick (model scale) layer of Nevada Sand was placed on top of the Yolo Loam Clay to achieve a smooth soil surface before placement of the structures and to prevent rocking-induced suction at the base of the footings.,Monterey 0/30 Sand,0.15,40,10,7777,7777,7777,7777,1953,27.3,Yolo Loam,2.1,7777,7777,53,67,73,5,2034,22.5,Nevada Sand,0.3,92,2,7777,7777,7777,7777,2084,20.3,Lumped-mass bridge pier model (footing-column-deck) with flexible elastic column,Square,Aluminum 6061,1.665,1.665,7777,7777,7777,0,0,0.15,0.143,955.1,244.5,0.0686,0,7777,Aluminum 6063,2.042,750.4,324.9,1.164,7550,1527,2.67,9256,8851,2.279,90.77,32.7,0.19,1.6,10.1,8888,8.6,7.5,8888,65.52,9999.0,Elastic,0.316,Elastic,0.37,9999,1D,San Fernando,"1971 San Fernando, CA",Pacoima Dam (upper left abut),1.31,(a) Original record filtered to avoid frequencies and amplitudes that were outside the capability of the centrifuge and shake table and (b) due to a signal processing error the motion model time was scaled down by 1/49 instead of 1/15,1.108,37.8,3.07,0.118,0.171,5.84,2.02,0.382,5.073,21.84,0.886,8.416,1.492,57.9,4.22,0.118,0.214,12.29,2.46,0.472,9.392,49.757,1.394,15.156,-3.316,-3.173,-0.189,-0.046,Centroid of deck,-0.02463,-0.02946,0.00759,0.00275,0.0883,0.8196,1.673,-0.575,1.424,0.06,1.505,0.141,8888,8888,1.555,0.217,1.207,9999,0.395,Low-pass filtered at 10 Hz,8888,8888,Shake 16 - Structure SD,https://www.designsafe-ci.org/data/browser/public/nees.public/NEES-2009-0732.groups,MAH01-1-SDm-16-CriticalPlot.pdf,MAH01-AnalyticalSystemProps.pdf,MAH01-Report.pdf,MAH01-Comments.pdf,MAH01-1-SDm-16-CriticalData.txt,MAH01-1-16-BaselineCorMotions.txt,MAH01-1-16-ResponseSpectra.txt,,"MAH01-SDm-StructPhoto.jpg, MAH01-TestPhoto.jpg",,2010-11-18,2010-11-18,"M. Hakhamaneshi, B. L. Kutter, W. Liu, T. C. Hutchinson","centrifuge, overconsolidated clay, square embedded footing, flexible bridge pier",38.526393,-121.785078,"A. G. Gavras, M. Hakhamaneshi",2018-08-21,,,
100,MAH01,MAH01-1-SDm-17,89,"Hakhamaneshi, M., Kutter, B. L., Deng, L., Hutchinson, T. C., and Liu, W. (2012). ""New findings from centrifuge modeling of rocking shallow foundations in clayey ground."" In GeoCongress 2012: State of the Art and Practice in Geotechnical Engineering, 195-204.",NEESR-CR: Design of Soil and Structure Compatible Yielding to Improve System Performance,B. L. Kutter,"S. K. Kunnath, T. C. Hutchinson, M. Aschheim",NSF NEESR,"M. Hakhamaneshi, W. Liu","Center for Geotechnical Modeling, University of California, Davis, CA",Centrifuge,9-m radius centrifuge with 1D shaker,Rigid Container 1,1.75,0.9,0.53,2010-11-18,1,SDm,17,New model,15,0.06667,0.06667,0.0002963,39.4,Constant,Prototype,2.55,0,Water,3,An approximately 3-mm thick (model scale) layer of Nevada Sand was placed on top of the Yolo Loam Clay to achieve a smooth soil surface before placement of the structures and to prevent rocking-induced suction at the base of the footings.,Monterey 0/30 Sand,0.15,40,10,7777,7777,7777,7777,1953,27.3,Yolo Loam,2.1,7777,7777,53,67,73,5,2034,22.5,Nevada Sand,0.3,92,2,7777,7777,7777,7777,2084,20.3,Lumped-mass bridge pier model (footing-column-deck) with flexible elastic column,Square,Aluminum 6061,1.665,1.665,7777,7777,7777,0,0,0.15,0.143,955.1,244.5,0.0686,0,7777,Aluminum 6063,2.042,750.4,324.9,1.164,7550,1527,2.67,9256,8851,2.279,90.77,32.7,0.19,1.6,10.1,8888,8.6,7.5,8888,65.52,9999.0,Elastic,0.316,Elastic,0.37,9999,1D,Gazli,"1976 Gazli, USSR",Karakyr 000,1.96,(a) Original record filtered to avoid frequencies and amplitudes that were outside the capability of the centrifuge and shake table and (b) due to a signal processing error the motion model time was scaled down by 1/49 instead of 1/15,1.22,30,2.87,0.117,0.195,4.48,1.54,0.394,4.084,25.924,0.668,9.084,1.72,47,4.21,0.122,0.228,11.01,1.77,0.554,9.226,58.983,1.172,16.328,-1.589,-1.4,-0.234,-0.045,Centroid of deck,0.02132,-0.01496,0.00796,0.00038,0.0982,0.9178,1.97,0.546,1.567,0.143,1.516,0.012,8888,8888,1.568,0.298,1.021,9999,0.316,Low-pass filtered at 10 Hz,8888,8888,Shake 17 - Structure SD,https://www.designsafe-ci.org/data/browser/public/nees.public/NEES-2009-0732.groups,MAH01-1-SDm-17-CriticalPlot.pdf,MAH01-AnalyticalSystemProps.pdf,MAH01-Report.pdf,MAH01-Comments.pdf,MAH01-1-SDm-17-CriticalData.txt,MAH01-1-17-BaselineCorMotions.txt,MAH01-1-17-ResponseSpectra.txt,,"MAH01-SDm-StructPhoto.jpg, MAH01-TestPhoto.jpg",,2010-11-18,2010-11-18,"M. Hakhamaneshi, B. L. Kutter, W. Liu, T. C. Hutchinson","centrifuge, overconsolidated clay, square embedded footing, flexible bridge pier",38.526393,-121.785078,"A. G. Gavras, M. Hakhamaneshi",2018-08-21,,,
101,MAH01,MAH01-1-SDm-18,90,"Hakhamaneshi, M., Kutter, B. L., Deng, L., Hutchinson, T. C., and Liu, W. (2012). ""New findings from centrifuge modeling of rocking shallow foundations in clayey ground."" In GeoCongress 2012: State of the Art and Practice in Geotechnical Engineering, 195-204.",NEESR-CR: Design of Soil and Structure Compatible Yielding to Improve System Performance,B. L. Kutter,"S. K. Kunnath, T. C. Hutchinson, M. Aschheim",NSF NEESR,"M. Hakhamaneshi, W. Liu","Center for Geotechnical Modeling, University of California, Davis, CA",Centrifuge,9-m radius centrifuge with 1D shaker,Rigid Container 1,1.75,0.9,0.53,2010-11-18,1,SDm,18,New model,30,0.03333,0.03333,0.00003704,55.8,Constant,Prototype,5.1,0,Water,3,An approximately 3-mm thick (model scale) layer of Nevada Sand was placed on top of the Yolo Loam Clay to achieve a smooth soil surface before placement of the structures and to prevent rocking-induced suction at the base of the footings.,Monterey 0/30 Sand,0.3,40,10,7777,7777,7777,7777,1953,27.3,Yolo Loam,4.2,7777,7777,59,73,79,5,2034,22.5,Nevada Sand,0.6,92,2,7777,7777,7777,7777,2084,20.3,Lumped-mass bridge pier model (footing-column-deck) with flexible elastic column,Square,Aluminum 6061,3.33,3.33,7777,7777,7777,0,0,0.3,0.286,7640,7823,0.137,0,7777,Aluminum 6063,4.084,6003,10396,2.328,60403,48879,5.34,74046,283217,4.559,726.1,65.5,0.379,1.6,5.6,8888,4.9,4.3,8888,930.6,9999.0,Elastic,0.28,Elastic,0.565,9999,1D,Sine 2.4 Hz,N/A,N/A,0.02g,Tapered sine wave with 5 cycles of constant amplitude,0.02,1.2,0.09,0.416,0.421,0,1.85,0.011,0.004,25.928,0.019,9.103,0.036,1.9,0.13,0.416,0.403,0,1.87,0.016,0.008,58.991,0.029,16.357,-0.303,0.07,-0.228,0.006,Centroid of deck,0.00843,-0.00071,0.00787,-0.00009,0,0.9178,1.586,0.019,1.574,0.007,1.53,0.014,8888,8888,1.005,0.996,0.204,9999,0.051,Low-pass filtered at 10 Hz,8888,8888,Shake 18 - Structure SD,https://www.designsafe-ci.org/data/browser/public/nees.public/NEES-2009-0732.groups,MAH01-1-SDm-18-CriticalPlot.pdf,MAH01-AnalyticalSystemProps.pdf,MAH01-Report.pdf,MAH01-Comments.pdf,MAH01-1-SDm-18-CriticalData.txt,MAH01-1-18-BaselineCorMotions.txt,MAH01-1-18-ResponseSpectra.txt,,"MAH01-SDm-StructPhoto.jpg, MAH01-TestPhoto.jpg",,2010-11-18,2010-11-18,"M. Hakhamaneshi, B. L. Kutter, W. Liu, T. C. Hutchinson","centrifuge, overconsolidated clay, square embedded footing, flexible bridge pier",38.526393,-121.785078,"A. G. Gavras, M. Hakhamaneshi",2018-08-21,,,
102,MAH01,MAH01-1-SDm-20,91,"Hakhamaneshi, M., Kutter, B. L., Deng, L., Hutchinson, T. C., and Liu, W. (2012). ""New findings from centrifuge modeling of rocking shallow foundations in clayey ground."" In GeoCongress 2012: State of the Art and Practice in Geotechnical Engineering, 195-204.",NEESR-CR: Design of Soil and Structure Compatible Yielding to Improve System Performance,B. L. Kutter,"S. K. Kunnath, T. C. Hutchinson, M. Aschheim",NSF NEESR,"M. Hakhamaneshi, W. Liu","Center for Geotechnical Modeling, University of California, Davis, CA",Centrifuge,9-m radius centrifuge with 1D shaker,Rigid Container 1,1.75,0.9,0.53,2010-11-18,1,SDm,20,New model,30,0.03333,0.03333,0.00003704,55.9,Constant,Prototype,5.1,0,Water,3,An approximately 3-mm thick (model scale) layer of Nevada Sand was placed on top of the Yolo Loam Clay to achieve a smooth soil surface before placement of the structures and to prevent rocking-induced suction at the base of the footings.,Monterey 0/30 Sand,0.3,40,10,7777,7777,7777,7777,1953,27.3,Yolo Loam,4.2,7777,7777,59,73,79,5,2034,22.5,Nevada Sand,0.6,92,2,7777,7777,7777,7777,2084,20.3,Lumped-mass bridge pier model (footing-column-deck) with flexible elastic column,Square,Aluminum 6061,3.33,3.33,7777,7777,7777,0,0,0.3,0.286,7640,7823,0.137,0,7777,Aluminum 6063,4.084,6003,10396,2.328,60403,48879,5.34,74046,283217,4.559,726.1,65.5,0.379,1.6,5.6,8888,4.9,4.3,8888,930.6,9999.0,Elastic,0.28,Elastic,0.565,9999,1D,Gazli,"1976 Gazli, USSR",Karakyr 000,0.65,(a) Original record filtered to avoid frequencies and amplitudes that were outside the capability of the centrifuge and shake table and (b) due to a signal processing error the motion model time was scaled down by 1/49 instead of 1/30,0.366,19.7,3.33,0.172,0.437,3.54,3.05,0.114,0.681,26.609,0.349,9.452,0.549,31.1,4.86,0.24,0.428,6.27,3.11,0.193,1.995,60.986,0.724,17.081,-1.379,1.214,-0.193,0.035,Centroid of deck,0.01972,0.01185,0.00844,0.00057,0.0698,0.9876,2.147,0.573,1.884,0.31,1.602,0.072,8888,8888,1.135,0.901,0.73,9999,0.205,Low-pass filtered at 10 Hz,8888,8888,Shake 20 - Structure SD,https://www.designsafe-ci.org/data/browser/public/nees.public/NEES-2009-0732.groups,MAH01-1-SDm-20-CriticalPlot.pdf,MAH01-AnalyticalSystemProps.pdf,MAH01-Report.pdf,MAH01-Comments.pdf,MAH01-1-SDm-20-CriticalData.txt,MAH01-1-20-BaselineCorMotions.txt,MAH01-1-20-ResponseSpectra.txt,,"MAH01-SDm-StructPhoto.jpg, MAH01-TestPhoto.jpg",,2010-11-18,2010-11-18,"M. Hakhamaneshi, B. L. Kutter, W. Liu, T. C. Hutchinson","centrifuge, overconsolidated clay, square embedded footing, flexible bridge pier",38.526393,-121.785078,"A. G. Gavras, M. Hakhamaneshi",2018-08-21,,,
103,MAH01,MAH01-1-SDm-21,92,"Hakhamaneshi, M., Kutter, B. L., Deng, L., Hutchinson, T. C., and Liu, W. (2012). ""New findings from centrifuge modeling of rocking shallow foundations in clayey ground."" In GeoCongress 2012: State of the Art and Practice in Geotechnical Engineering, 195-204.",NEESR-CR: Design of Soil and Structure Compatible Yielding to Improve System Performance,B. L. Kutter,"S. K. Kunnath, T. C. Hutchinson, M. Aschheim",NSF NEESR,"M. Hakhamaneshi, W. Liu","Center for Geotechnical Modeling, University of California, Davis, CA",Centrifuge,9-m radius centrifuge with 1D shaker,Rigid Container 1,1.75,0.9,0.53,2010-11-18,1,SDm,21,New model,30,0.03333,0.03333,0.00003704,55.8,Constant,Prototype,5.1,0,Water,3,An approximately 3-mm thick (model scale) layer of Nevada Sand was placed on top of the Yolo Loam Clay to achieve a smooth soil surface before placement of the structures and to prevent rocking-induced suction at the base of the footings.,Monterey 0/30 Sand,0.3,40,10,7777,7777,7777,7777,1953,27.3,Yolo Loam,4.2,7777,7777,59,73,79,5,2034,22.5,Nevada Sand,0.6,92,2,7777,7777,7777,7777,2084,20.3,Lumped-mass bridge pier model (footing-column-deck) with flexible elastic column,Square,Aluminum 6061,3.33,3.33,7777,7777,7777,0,0,0.3,0.286,7640,7823,0.137,0,7777,Aluminum 6063,4.084,6003,10396,2.328,60403,48879,5.34,74046,283217,4.559,726.1,65.5,0.379,1.6,5.6,8888,4.9,4.3,8888,930.6,9999.0,Elastic,0.28,Elastic,0.565,9999,1D,San Fernando,"1971 San Fernando, CA",Pacoima Dam (upper left abut),0.65,(a) Original record filtered to avoid frequencies and amplitudes that were outside the capability of the centrifuge and shake table and (b) due to a signal processing error the motion model time was scaled down by 1/49 instead of 1/30,0.541,34.4,5.72,0.237,0.381,6.31,3.95,0.167,1.89,28.499,0.713,10.165,0.794,52.8,8.11,0.237,0.394,11.72,4.43,0.252,4.788,65.774,1.263,18.344,-2.787,-2.594,-0.164,0.029,Centroid of deck,0.03119,-0.0234,0.00931,0.00087,0.1087,1.0963,2.73,0.846,2.672,0.788,1.658,0.055,8888,8888,1.446,0.701,0.91,9999,0.277,Low-pass filtered at 10 Hz,8888,8888,Shake 21 - Structure SD,https://www.designsafe-ci.org/data/browser/public/nees.public/NEES-2009-0732.groups,MAH01-1-SDm-21-CriticalPlot.pdf,MAH01-AnalyticalSystemProps.pdf,MAH01-Report.pdf,MAH01-Comments.pdf,MAH01-1-SDm-21-CriticalData.txt,MAH01-1-21-BaselineCorMotions.txt,MAH01-1-21-ResponseSpectra.txt,,"MAH01-SDm-StructPhoto.jpg, MAH01-TestPhoto.jpg",,2010-11-18,2010-11-18,"M. Hakhamaneshi, B. L. Kutter, W. Liu, T. C. Hutchinson","centrifuge, overconsolidated clay, square embedded footing, flexible bridge pier",38.526393,-121.785078,"A. G. Gavras, M. Hakhamaneshi",2018-08-21,,,
104,MAH01,MAH01-1-SDm-22,93,"Hakhamaneshi, M., Kutter, B. L., Deng, L., Hutchinson, T. C., and Liu, W. (2012). ""New findings from centrifuge modeling of rocking shallow foundations in clayey ground."" In GeoCongress 2012: State of the Art and Practice in Geotechnical Engineering, 195-204.",NEESR-CR: Design of Soil and Structure Compatible Yielding to Improve System Performance,B. L. Kutter,"S. K. Kunnath, T. C. Hutchinson, M. Aschheim",NSF NEESR,"M. Hakhamaneshi, W. Liu","Center for Geotechnical Modeling, University of California, Davis, CA",Centrifuge,9-m radius centrifuge with 1D shaker,Rigid Container 1,1.75,0.9,0.53,2010-11-18,1,SDm,22,New model,30,0.03333,0.03333,0.00003704,55.5,Constant,Prototype,5.1,0,Water,3,An approximately 3-mm thick (model scale) layer of Nevada Sand was placed on top of the Yolo Loam Clay to achieve a smooth soil surface before placement of the structures and to prevent rocking-induced suction at the base of the footings.,Monterey 0/30 Sand,0.3,40,10,7777,7777,7777,7777,1953,27.3,Yolo Loam,4.2,7777,7777,59,73,79,5,2034,22.5,Nevada Sand,0.6,92,2,7777,7777,7777,7777,2084,20.3,Lumped-mass bridge pier model (footing-column-deck) with flexible elastic column,Square,Aluminum 6061,3.33,3.33,7777,7777,7777,0,0,0.3,0.286,7640,7823,0.137,0,7777,Aluminum 6063,4.084,6003,10396,2.328,60403,48879,5.34,74046,283217,4.559,726.1,65.5,0.379,1.6,5.6,8888,4.9,4.3,8888,930.6,9999.0,Elastic,0.28,Elastic,0.565,9999,1D,Gazli,"1976 Gazli, USSR",Karakyr 000,0.98,(a) Original record filtered to avoid frequencies and amplitudes that were outside the capability of the centrifuge and shake table and (b) due to a signal processing error the motion model time was scaled down by 1/49 instead of 1/30,0.554,28.6,5.1,0.17,0.429,5.98,3.07,0.177,1.632,30.131,0.565,10.73,1.003,46,7.98,0.242,0.433,6.59,3.13,0.304,4.948,70.722,1.094,19.438,1.863,2.027,-0.147,0.016,Centroid of deck,0.02743,0.01812,0.01057,0.00126,0.1035,1.1998,3.367,0.695,2.879,0.207,1.72,0.063,8888,8888,1.254,0.723,0.773,9999,0.233,Low-pass filtered at 10 Hz,8888,8888,Shake 22 - Structure SD,https://www.designsafe-ci.org/data/browser/public/nees.public/NEES-2009-0732.groups,MAH01-1-SDm-22-CriticalPlot.pdf,MAH01-AnalyticalSystemProps.pdf,MAH01-Report.pdf,MAH01-Comments.pdf,MAH01-1-SDm-22-CriticalData.txt,MAH01-1-22-BaselineCorMotions.txt,MAH01-1-22-ResponseSpectra.txt,,"MAH01-SDm-StructPhoto.jpg, MAH01-TestPhoto.jpg",,2010-11-18,2010-11-18,"M. Hakhamaneshi, B. L. Kutter, W. Liu, T. C. Hutchinson","centrifuge, overconsolidated clay, square embedded footing, flexible bridge pier",38.526393,-121.785078,"A. G. Gavras, M. Hakhamaneshi",2018-08-21,,,
105,MAH01,MAH01-1-LDm-4,94,"Hakhamaneshi, M., Kutter, B. L., Deng, L., Hutchinson, T. C., and Liu, W. (2012). ""New findings from centrifuge modeling of rocking shallow foundations in clayey ground."" In GeoCongress 2012: State of the Art and Practice in Geotechnical Engineering, 195-204.",NEESR-CR: Design of Soil and Structure Compatible Yielding to Improve System Performance,B. L. Kutter,"S. K. Kunnath, T. C. Hutchinson, M. Aschheim",NSF NEESR,"M. Hakhamaneshi, W. Liu","Center for Geotechnical Modeling, University of California, Davis, CA",Centrifuge,9-m radius centrifuge with 1D shaker,Rigid Container 1,1.75,0.9,0.53,2010-11-16,1,LDm,4,New model,30,0.03333,0.03333,0.00003704,56,Constant,Prototype,5.1,0,Water,3,An approximately 3-mm thick (model scale) layer of Nevada Sand was placed on top of the Yolo Loam Clay to achieve a smooth soil surface before placement of the structures and to prevent rocking-induced suction at the base of the footings.,Monterey 0/30 Sand,0.3,40,10,7777,7777,7777,7777,1953,27.3,Yolo Loam,4.2,7777,7777,59,73,79,5,2034,22.5,Nevada Sand,0.6,92,2,7777,7777,7777,7777,2084,20.3,Lumped-mass bridge pier model (footing-column-deck) with flexible elastic column,Rectangle,Aluminum 6061,3.208,5.281,7777,7777,7777,0,0,0.3,0.286,12603,11260,0.141,0,7777,Aluminum 6063,5.342,5757,14751,2.957,37333,20718,6.593,55694,459817,4.757,546.2,32.2,0.326,2.06,10.7,8888,9.7,8.9,8888,777.3,9999.0,Elastic,0.299,Elastic,0.567,9999,1D,Morgan,"1984 Morgan Hill, CA",Coyote Lake Dam - Southwest Abutment 195,0.33,(a) Original record filtered to avoid frequencies and amplitudes that were outside the capability of the centrifuge and shake table and (b) due to a signal processing error the motion model time was scaled down by 1/49 instead of 1/30,0.119,10.1,0.88,0.169,0.377,1,1.1,0.063,0.074,0.074,0.083,0.083,0.27,15.5,1.43,0.17,0.313,1.73,1.16,0.126,0.318,0.318,0.206,0.206,-0.467,-0.467,-0.008,-0.008,Centroid of deck,-0.0039,-0.0039,0.00006,0.00006,0.0077,0.0077,0.141,0.141,0.038,0.038,-0.031,-0.031,8888,8888,1.088,0.93,0.62,9999,0.156,Low-pass filtered at 10 Hz,9999,8888,Shake 4 - Structure LD,https://www.designsafe-ci.org/data/browser/public/nees.public/NEES-2009-0732.groups,MAH01-1-LDm-4-CriticalPlot.pdf,MAH01-AnalyticalSystemProps.pdf,MAH01-Report.pdf,MAH01-Comments.pdf,MAH01-1-LDm-4-CriticalData.txt,MAH01-1-4-BaselineCorMotions.txt,MAH01-1-4-ResponseSpectra.txt,,"MAH01-LDm-StructPhoto.jpg, MAH01-TestPhoto.jpg",,2010-11-16,2010-11-16,"M. Hakhamaneshi, B. L. Kutter, W. Liu, T. C. Hutchinson","centrifuge, overconsolidated clay, rectangular embedded footing, flexible bridge pier",38.526393,-121.785078,"A. G. Gavras, M. Hakhamaneshi",2018-08-21,,,
106,MAH01,MAH01-1-LDm-5,95,"Hakhamaneshi, M., Kutter, B. L., Deng, L., Hutchinson, T. C., and Liu, W. (2012). ""New findings from centrifuge modeling of rocking shallow foundations in clayey ground."" In GeoCongress 2012: State of the Art and Practice in Geotechnical Engineering, 195-204.",NEESR-CR: Design of Soil and Structure Compatible Yielding to Improve System Performance,B. L. Kutter,"S. K. Kunnath, T. C. Hutchinson, M. Aschheim",NSF NEESR,"M. Hakhamaneshi, W. Liu","Center for Geotechnical Modeling, University of California, Davis, CA",Centrifuge,9-m radius centrifuge with 1D shaker,Rigid Container 1,1.75,0.9,0.53,2010-11-16,1,LDm,5,New model,30,0.03333,0.03333,0.00003704,55.7,Constant,Prototype,5.1,0,Water,3,An approximately 3-mm thick (model scale) layer of Nevada Sand was placed on top of the Yolo Loam Clay to achieve a smooth soil surface before placement of the structures and to prevent rocking-induced suction at the base of the footings.,Monterey 0/30 Sand,0.3,40,10,7777,7777,7777,7777,1953,27.3,Yolo Loam,4.2,7777,7777,59,73,79,5,2034,22.5,Nevada Sand,0.6,92,2,7777,7777,7777,7777,2084,20.3,Lumped-mass bridge pier model (footing-column-deck) with flexible elastic column,Rectangle,Aluminum 6061,3.208,5.281,7777,7777,7777,0,0,0.3,0.286,12603,11260,0.141,0,7777,Aluminum 6063,5.342,5757,14751,2.957,37333,20718,6.593,55694,459817,4.757,546.2,32.2,0.326,2.06,10.7,8888,9.7,8.9,8888,777.3,9999.0,Elastic,0.299,Elastic,0.567,9999,1D,San Fernando,"1971 San Fernando, CA",Pacoima Dam (upper left abut),0.33,(a) Original record filtered to avoid frequencies and amplitudes that were outside the capability of the centrifuge and shake table and (b) due to a signal processing error the motion model time was scaled down by 1/49 instead of 1/30,0.26,19,2.75,0.151,0.456,5.37,4.12,0.068,0.329,0.403,0.289,0.372,0.36,27,3.52,0.159,0.345,5.6,4.13,0.125,1.107,1.425,0.632,0.838,1.157,1.165,0.074,0.082,Centroid of deck,0.00903,0.00897,0.00055,0.00049,0.043,0.0507,0.407,0.368,0.14,0.102,0.062,0.093,8888,8888,1.148,0.821,0.85,9999,0.232,Low-pass filtered at 10 Hz,8888,8888,Shake 5 - Structure LD,https://www.designsafe-ci.org/data/browser/public/nees.public/NEES-2009-0732.groups,MAH01-1-LDm-5-CriticalPlot.pdf,MAH01-AnalyticalSystemProps.pdf,MAH01-Report.pdf,MAH01-Comments.pdf,MAH01-1-LDm-5-CriticalData.txt,MAH01-1-5-BaselineCorMotions.txt,MAH01-1-5-ResponseSpectra.txt,,"MAH01-LDm-StructPhoto.jpg, MAH01-TestPhoto.jpg",,2010-11-16,2010-11-16,"M. Hakhamaneshi, B. L. Kutter, W. Liu, T. C. Hutchinson","centrifuge, overconsolidated clay, rectangular embedded footing, flexible bridge pier",38.526393,-121.785078,"A. G. Gavras, M. Hakhamaneshi",2018-08-21,,,
107,MAH01,MAH01-1-LDm-6,96,"Hakhamaneshi, M., Kutter, B. L., Deng, L., Hutchinson, T. C., and Liu, W. (2012). ""New findings from centrifuge modeling of rocking shallow foundations in clayey ground."" In GeoCongress 2012: State of the Art and Practice in Geotechnical Engineering, 195-204.",NEESR-CR: Design of Soil and Structure Compatible Yielding to Improve System Performance,B. L. Kutter,"S. K. Kunnath, T. C. Hutchinson, M. Aschheim",NSF NEESR,"M. Hakhamaneshi, W. Liu","Center for Geotechnical Modeling, University of California, Davis, CA",Centrifuge,9-m radius centrifuge with 1D shaker,Rigid Container 1,1.75,0.9,0.53,2010-11-16,1,LDm,6,New model,30,0.03333,0.03333,0.00003704,55.6,Constant,Prototype,5.1,0,Water,3,An approximately 3-mm thick (model scale) layer of Nevada Sand was placed on top of the Yolo Loam Clay to achieve a smooth soil surface before placement of the structures and to prevent rocking-induced suction at the base of the footings.,Monterey 0/30 Sand,0.3,40,10,7777,7777,7777,7777,1953,27.3,Yolo Loam,4.2,7777,7777,59,73,79,5,2034,22.5,Nevada Sand,0.6,92,2,7777,7777,7777,7777,2084,20.3,Lumped-mass bridge pier model (footing-column-deck) with flexible elastic column,Rectangle,Aluminum 6061,3.208,5.281,7777,7777,7777,0,0,0.3,0.286,12603,11260,0.141,0,7777,Aluminum 6063,5.342,5757,14751,2.957,37333,20718,6.593,55694,459817,4.757,546.2,32.2,0.326,2.06,10.7,8888,9.7,8.9,8888,777.3,9999.0,Elastic,0.299,Elastic,0.567,9999,1D,TCU,"1999 Chi-Chi, Taiwan",TCU078,0.27,(a) Original record filtered to avoid frequencies and amplitudes that were outside the capability of the centrifuge and shake table and (b) due to a signal processing error the motion model time was scaled down by 1/40 instead of 1/30,0.123,11.1,2.22,0.237,0.449,19.84,21.39,0.03,0.335,0.738,0.599,0.971,0.228,17.1,2.72,0.239,0.323,28.56,20.95,0.063,1.432,2.857,1.321,2.159,0.376,-0.317,0.087,0.013,Centroid of deck,0.0029,-0.00303,0.00062,0.00007,0.0235,0.0742,0.229,0.089,0.139,-1.00E-03,0.087,0.025,8888,8888,1.104,0.889,0.583,9999,0.14,Low-pass filtered at 10 Hz,8888,9999,Shake 6 - Structure LD,https://www.designsafe-ci.org/data/browser/public/nees.public/NEES-2009-0732.groups,MAH01-1-LDm-6-CriticalPlot.pdf,MAH01-AnalyticalSystemProps.pdf,MAH01-Report.pdf,MAH01-Comments.pdf,MAH01-1-LDm-6-CriticalData.txt,MAH01-1-6-BaselineCorMotions.txt,MAH01-1-6-ResponseSpectra.txt,,"MAH01-LDm-StructPhoto.jpg, MAH01-TestPhoto.jpg",,2010-11-16,2010-11-16,"M. Hakhamaneshi, B. L. Kutter, W. Liu, T. C. Hutchinson","centrifuge, overconsolidated clay, rectangular embedded footing, flexible bridge pier",38.526393,-121.785078,"A. G. Gavras, M. Hakhamaneshi",2018-08-21,,,
108,MAH01,MAH01-1-LDm-8,97,"Hakhamaneshi, M., Kutter, B. L., Deng, L., Hutchinson, T. C., and Liu, W. (2012). ""New findings from centrifuge modeling of rocking shallow foundations in clayey ground."" In GeoCongress 2012: State of the Art and Practice in Geotechnical Engineering, 195-204.",NEESR-CR: Design of Soil and Structure Compatible Yielding to Improve System Performance,B. L. Kutter,"S. K. Kunnath, T. C. Hutchinson, M. Aschheim",NSF NEESR,"M. Hakhamaneshi, W. Liu","Center for Geotechnical Modeling, University of California, Davis, CA",Centrifuge,9-m radius centrifuge with 1D shaker,Rigid Container 1,1.75,0.9,0.53,2010-11-17,1,LDm,8,New model,30,0.03333,0.03333,0.00003704,55.7,Constant,Prototype,5.1,0,Water,3,An approximately 3-mm thick (model scale) layer of Nevada Sand was placed on top of the Yolo Loam Clay to achieve a smooth soil surface before placement of the structures and to prevent rocking-induced suction at the base of the footings.,Monterey 0/30 Sand,0.3,40,10,7777,7777,7777,7777,1953,27.3,Yolo Loam,4.2,7777,7777,59,73,79,5,2034,22.5,Nevada Sand,0.6,92,2,7777,7777,7777,7777,2084,20.3,Lumped-mass bridge pier model (footing-column-deck) with flexible elastic column,Rectangle,Aluminum 6061,3.208,5.281,7777,7777,7777,0,0,0.3,0.286,12603,11260,0.141,0,7777,Aluminum 6063,5.342,5757,14751,2.957,37333,20718,6.593,55694,459817,4.757,546.2,32.2,0.326,2.06,10.7,8888,9.7,8.9,8888,777.3,9999.0,Elastic,0.299,Elastic,0.567,9999,1D,Gazli,"1976 Gazli, USSR",Karakyr 000,0.33,(a) Original record filtered to avoid frequencies and amplitudes that were outside the capability of the centrifuge and shake table and (b) due to a signal processing error the motion model time was scaled down by 1/49 instead of 1/30,0.129,9,1.59,0.17,0.517,3.11,3.09,0.042,0.093,0.831,0.127,1.098,0.234,13,2.03,0.171,0.381,3.28,3.11,0.074,0.292,3.149,0.259,2.418,0.429,-0.379,0.086,-0.002,Centroid of deck,0.00327,-0.00335,0.0006,-0.00001,0.017,0.0912,0.304,0.165,0.177,0.038,0.095,0.008,8888,8888,1.07,0.923,0.603,9999,0.158,Low-pass filtered at 10 Hz,9999,8888,Shake 8 - Structure LD,https://www.designsafe-ci.org/data/browser/public/nees.public/NEES-2009-0732.groups,MAH01-1-LDm-8-CriticalPlot.pdf,MAH01-AnalyticalSystemProps.pdf,MAH01-Report.pdf,MAH01-Comments.pdf,MAH01-1-LDm-8-CriticalData.txt,MAH01-1-8-BaselineCorMotions.txt,MAH01-1-8-ResponseSpectra.txt,,"MAH01-LDm-StructPhoto.jpg, MAH01-TestPhoto.jpg",,2010-11-17,2010-11-17,"M. Hakhamaneshi, B. L. Kutter, W. Liu, T. C. Hutchinson","centrifuge, overconsolidated clay, rectangular embedded footing, flexible bridge pier",38.526393,-121.785078,"A. G. Gavras, M. Hakhamaneshi",2018-08-21,,,
109,MAH01,MAH01-1-LDm-9,98,"Hakhamaneshi, M., Kutter, B. L., Deng, L., Hutchinson, T. C., and Liu, W. (2012). ""New findings from centrifuge modeling of rocking shallow foundations in clayey ground."" In GeoCongress 2012: State of the Art and Practice in Geotechnical Engineering, 195-204.",NEESR-CR: Design of Soil and Structure Compatible Yielding to Improve System Performance,B. L. Kutter,"S. K. Kunnath, T. C. Hutchinson, M. Aschheim",NSF NEESR,"M. Hakhamaneshi, W. Liu","Center for Geotechnical Modeling, University of California, Davis, CA",Centrifuge,9-m radius centrifuge with 1D shaker,Rigid Container 1,1.75,0.9,0.53,2010-11-17,1,LDm,9,New model,30,0.03333,0.03333,0.00003704,56,Constant,Prototype,5.1,0,Water,3,An approximately 3-mm thick (model scale) layer of Nevada Sand was placed on top of the Yolo Loam Clay to achieve a smooth soil surface before placement of the structures and to prevent rocking-induced suction at the base of the footings.,Monterey 0/30 Sand,0.3,40,10,7777,7777,7777,7777,1953,27.3,Yolo Loam,4.2,7777,7777,59,73,79,5,2034,22.5,Nevada Sand,0.6,92,2,7777,7777,7777,7777,2084,20.3,Lumped-mass bridge pier model (footing-column-deck) with flexible elastic column,Rectangle,Aluminum 6061,3.208,5.281,7777,7777,7777,0,0,0.3,0.286,12603,11260,0.141,0,7777,Aluminum 6063,5.342,5757,14751,2.957,37333,20718,6.593,55694,459817,4.757,546.2,32.2,0.326,2.06,10.7,8888,9.7,8.9,8888,777.3,9999.0,Elastic,0.299,Elastic,0.567,9999,1D,San Fernando,"1971 San Fernando, CA",Pacoima Dam (upper left abut),0.65,(a) Original record filtered to avoid frequencies and amplitudes that were outside the capability of the centrifuge and shake table and (b) due to a signal processing error the motion model time was scaled down by 1/49 instead of 1/30,0.571,36.4,5.81,0.236,0.371,6.31,3.99,0.174,2.074,2.905,0.77,1.868,0.64,50.4,7.5,0.235,0.377,15.19,4.66,0.243,4.702,7.851,1.394,3.812,-2.292,-2.378,-0.03,-0.115,Centroid of deck,-0.02311,-0.02371,-0.00166,-0.00226,8888,8888,9999,9999,0.385,0.208,8888,8888,8888,8888,1.462,0.661,0.937,9999,0.272,Low-pass filtered at 10 Hz,8888,8888,Shake 9 - Structure LD,https://www.designsafe-ci.org/data/browser/public/nees.public/NEES-2009-0732.groups,MAH01-1-LDm-9-CriticalPlot.pdf,MAH01-AnalyticalSystemProps.pdf,MAH01-Report.pdf,MAH01-Comments.pdf,MAH01-1-LDm-9-CriticalData.txt,MAH01-1-9-BaselineCorMotions.txt,MAH01-1-9-ResponseSpectra.txt,,"MAH01-LDm-StructPhoto.jpg, MAH01-TestPhoto.jpg",,2010-11-17,2010-11-17,"M. Hakhamaneshi, B. L. Kutter, W. Liu, T. C. Hutchinson","centrifuge, overconsolidated clay, rectangular embedded footing, flexible bridge pier",38.526393,-121.785078,"A. G. Gavras, M. Hakhamaneshi",2018-08-21,,,
110,MAH01,MAH01-1-LDm-10,99,"Hakhamaneshi, M., Kutter, B. L., Deng, L., Hutchinson, T. C., and Liu, W. (2012). ""New findings from centrifuge modeling of rocking shallow foundations in clayey ground."" In GeoCongress 2012: State of the Art and Practice in Geotechnical Engineering, 195-204.",NEESR-CR: Design of Soil and Structure Compatible Yielding to Improve System Performance,B. L. Kutter,"S. K. Kunnath, T. C. Hutchinson, M. Aschheim",NSF NEESR,"M. Hakhamaneshi, W. Liu","Center for Geotechnical Modeling, University of California, Davis, CA",Centrifuge,9-m radius centrifuge with 1D shaker,Rigid Container 1,1.75,0.9,0.53,2010-11-17,1,LDm,10,New model,30,0.03333,0.03333,0.00003704,55.9,Constant,Prototype,5.1,0,Water,3,An approximately 3-mm thick (model scale) layer of Nevada Sand was placed on top of the Yolo Loam Clay to achieve a smooth soil surface before placement of the structures and to prevent rocking-induced suction at the base of the footings.,Monterey 0/30 Sand,0.3,40,10,7777,7777,7777,7777,1953,27.3,Yolo Loam,4.2,7777,7777,59,73,79,5,2034,22.5,Nevada Sand,0.6,92,2,7777,7777,7777,7777,2084,20.3,Lumped-mass bridge pier model (footing-column-deck) with flexible elastic column,Rectangle,Aluminum 6061,3.208,5.281,7777,7777,7777,0,0,0.3,0.286,12603,11260,0.141,0,7777,Aluminum 6063,5.342,5757,14751,2.957,37333,20718,6.593,55694,459817,4.757,546.2,32.2,0.326,2.06,10.7,8888,9.7,8.9,8888,777.3,9999.0,Elastic,0.299,Elastic,0.567,9999,1D,Gazli,"1976 Gazli, USSR",Karakyr 000,0.98,(a) Original record filtered to avoid frequencies and amplitudes that were outside the capability of the centrifuge and shake table and (b) due to a signal processing error the motion model time was scaled down by 1/49 instead of 1/30,0.558,29.1,5,0.17,0.422,6.24,3.07,0.182,1.73,4.635,0.605,2.473,0.794,47.2,7.52,0.239,0.429,8.69,3.27,0.301,5.069,12.92,1.199,5.011,-1.699,1.677,-0.078,-0.048,Centroid of deck,-0.01778,-0.01613,-0.00339,-0.00174,0.0996,0.1908,0.78,0.394,0.343,-0.042,0.222,0.127,8888,8888,1.304,0.728,0.898,9999,0.235,Low-pass filtered at 10 Hz,8888,8888,Shake 10 - Structure LD,https://www.designsafe-ci.org/data/browser/public/nees.public/NEES-2009-0732.groups,MAH01-1-LDm-10-CriticalPlot.pdf,MAH01-AnalyticalSystemProps.pdf,MAH01-Report.pdf,MAH01-Comments.pdf,MAH01-1-LDm-10-CriticalData.txt,MAH01-1-10-BaselineCorMotions.txt,MAH01-1-10-ResponseSpectra.txt,,"MAH01-LDm-StructPhoto.jpg, MAH01-TestPhoto.jpg",,2010-11-17,2010-11-17,"M. Hakhamaneshi, B. L. Kutter, W. Liu, T. C. Hutchinson","centrifuge, overconsolidated clay, rectangular embedded footing, flexible bridge pier",38.526393,-121.785078,"A. G. Gavras, M. Hakhamaneshi",2018-08-21,,,
111,MAH01,MAH01-1-LDm-11,100,"Hakhamaneshi, M., Kutter, B. L., Deng, L., Hutchinson, T. C., and Liu, W. (2012). ""New findings from centrifuge modeling of rocking shallow foundations in clayey ground."" In GeoCongress 2012: State of the Art and Practice in Geotechnical Engineering, 195-204.",NEESR-CR: Design of Soil and Structure Compatible Yielding to Improve System Performance,B. L. Kutter,"S. K. Kunnath, T. C. Hutchinson, M. Aschheim",NSF NEESR,"M. Hakhamaneshi, W. Liu","Center for Geotechnical Modeling, University of California, Davis, CA",Centrifuge,9-m radius centrifuge with 1D shaker,Rigid Container 1,1.75,0.9,0.53,2010-11-17,1,LDm,11,New model,60,0.01667,0.01667,0.00000463,78.3,Constant,Prototype,10.2,0,Water,3,An approximately 3-mm thick (model scale) layer of Nevada Sand was placed on top of the Yolo Loam Clay to achieve a smooth soil surface before placement of the structures and to prevent rocking-induced suction at the base of the footings.,Monterey 0/30 Sand,0.6,40,10,7777,7777,7777,7777,1953,27.3,Yolo Loam,8.4,7777,7777,70,80,86,5,2034,22.5,Nevada Sand,1.2,92,2,7777,7777,7777,7777,2084,20.3,Lumped-mass bridge pier model (footing-column-deck) with flexible elastic column,Rectangle,Aluminum 6061,6.416,10.56,7777,7777,7777,0,0,0.6,0.571,100827,360326,0.282,0,7777,Aluminum 6063,10.68,46058,472047,5.913,298665,662974,13.19,445550,14714156,9.515,4369,64.5,0.652,2.06,6.4,8888,5.9,5.4,8888,11418,9999.0,Elastic,0.274,Elastic,0.884,8888,1D,Gazli,"1976 Gazli, USSR",Karakyr 000,1.23,(a) Original record filtered to avoid frequencies and amplitudes that were outside the capability of the centrifuge and shake table and (b) due to a signal processing error the motion model time was scaled down by 1/49 instead of 1/60,0.63,62.2,23.91,0.343,0.801,17.93,9.39,0.162,4.219,8.854,1.71,4.183,0.793,82.7,32.38,0.486,0.848,44.52,11.66,0.224,9.997,22.917,3.078,8.089,3.528,3.606,-0.379,-0.301,Centroid of deck,-0.03202,-0.02863,-0.00793,-0.00453,0.2036,0.3944,1.474,1.131,0.633,0.29,0.88,0.658,8888,8888,1.212,0.712,0.902,9999,0.224,Low-pass filtered at 10 Hz,8888,8888,Shake 11 - Structure LD,https://www.designsafe-ci.org/data/browser/public/nees.public/NEES-2009-0732.groups,MAH01-1-LDm-11-CriticalPlot.pdf,MAH01-AnalyticalSystemProps.pdf,MAH01-Report.pdf,MAH01-Comments.pdf,MAH01-1-LDm-11-CriticalData.txt,MAH01-1-11-BaselineCorMotions.txt,MAH01-1-11-ResponseSpectra.txt,,"MAH01-LDm-StructPhoto.jpg, MAH01-TestPhoto.jpg",,2010-11-17,2010-11-17,"M. Hakhamaneshi, B. L. Kutter, W. Liu, T. C. Hutchinson","centrifuge, overconsolidated clay, rectangular embedded footing, flexible bridge pier",38.526393,-121.785078,"A. G. Gavras, M. Hakhamaneshi",2018-08-21,,,
112,MAH01,MAH01-1-LDm-12,101,"Hakhamaneshi, M., Kutter, B. L., Deng, L., Hutchinson, T. C., and Liu, W. (2012). ""New findings from centrifuge modeling of rocking shallow foundations in clayey ground."" In GeoCongress 2012: State of the Art and Practice in Geotechnical Engineering, 195-204.",NEESR-CR: Design of Soil and Structure Compatible Yielding to Improve System Performance,B. L. Kutter,"S. K. Kunnath, T. C. Hutchinson, M. Aschheim",NSF NEESR,"M. Hakhamaneshi, W. Liu","Center for Geotechnical Modeling, University of California, Davis, CA",Centrifuge,9-m radius centrifuge with 1D shaker,Rigid Container 1,1.75,0.9,0.53,2010-11-17,1,LDm,12,New model,60,0.01667,0.01667,0.00000463,78.3,Constant,Prototype,10.2,0,Water,3,An approximately 3-mm thick (model scale) layer of Nevada Sand was placed on top of the Yolo Loam Clay to achieve a smooth soil surface before placement of the structures and to prevent rocking-induced suction at the base of the footings.,Monterey 0/30 Sand,0.6,40,10,7777,7777,7777,7777,1953,27.3,Yolo Loam,8.4,7777,7777,70,80,86,5,2034,22.5,Nevada Sand,1.2,92,2,7777,7777,7777,7777,2084,20.3,Lumped-mass bridge pier model (footing-column-deck) with flexible elastic column,Rectangle,Aluminum 6061,6.416,10.56,7777,7777,7777,0,0,0.6,0.571,100827,360326,0.282,0,7777,Aluminum 6063,10.68,46058,472047,5.913,298665,662974,13.19,445550,14714156,9.515,4369,64.5,0.652,2.06,6.4,8888,5.9,5.4,8888,11418,9999.0,Elastic,0.274,Elastic,0.884,8888,1D,San Fernando,"1971 San Fernando, CA",Pacoima Dam (upper left abut),0.82,(a) Original record filtered to avoid frequencies and amplitudes that were outside the capability of the centrifuge and shake table and (b) due to a signal processing error the motion model time was scaled down by 1/49 instead of 1/60,0.576,70.1,30.75,0.475,0.651,41.24,12.38,0.175,6.524,15.378,2.772,6.955,0.752,85.5,35.9,0.476,0.714,50.05,23.58,0.178,12.857,35.774,4.458,12.547,-5.943,-5.564,-0.653,-0.274,Centroid of deck,-0.05692,-0.04899,-0.0087,-0.00077,8888,8888,9999,9999,0.255,-0.378,8888,8888,8888,8888,1.238,0.709,0.961,9999,0.23,Low-pass filtered at 10 Hz,8888,8888,Shake 12 - Structure LD,https://www.designsafe-ci.org/data/browser/public/nees.public/NEES-2009-0732.groups,MAH01-1-LDm-12-CriticalPlot.pdf,MAH01-AnalyticalSystemProps.pdf,MAH01-Report.pdf,MAH01-Comments.pdf,MAH01-1-LDm-12-CriticalData.txt,MAH01-1-12-BaselineCorMotions.txt,MAH01-1-12-ResponseSpectra.txt,,"MAH01-LDm-StructPhoto.jpg, MAH01-TestPhoto.jpg",,2010-11-17,2010-11-17,"M. Hakhamaneshi, B. L. Kutter, W. Liu, T. C. Hutchinson","centrifuge, overconsolidated clay, rectangular embedded footing, flexible bridge pier",38.526393,-121.785078,"A. G. Gavras, M. Hakhamaneshi",2018-08-21,,,
113,MAH01,MAH01-1-LDm-14,102,"Hakhamaneshi, M., Kutter, B. L., Deng, L., Hutchinson, T. C., and Liu, W. (2012). ""New findings from centrifuge modeling of rocking shallow foundations in clayey ground."" In GeoCongress 2012: State of the Art and Practice in Geotechnical Engineering, 195-204.",NEESR-CR: Design of Soil and Structure Compatible Yielding to Improve System Performance,B. L. Kutter,"S. K. Kunnath, T. C. Hutchinson, M. Aschheim",NSF NEESR,"M. Hakhamaneshi, W. Liu","Center for Geotechnical Modeling, University of California, Davis, CA",Centrifuge,9-m radius centrifuge with 1D shaker,Rigid Container 1,1.75,0.9,0.53,2010-11-18,1,LDm,14,New model,15,0.06667,0.06667,0.0002963,39.5,Constant,Prototype,2.55,0,Water,3,An approximately 3-mm thick (model scale) layer of Nevada Sand was placed on top of the Yolo Loam Clay to achieve a smooth soil surface before placement of the structures and to prevent rocking-induced suction at the base of the footings.,Monterey 0/30 Sand,0.15,40,10,7777,7777,7777,7777,1953,27.3,Yolo Loam,2.1,7777,7777,53,67,73,5,2034,22.5,Nevada Sand,0.3,92,2,7777,7777,7777,7777,2084,20.3,Lumped-mass bridge pier model (footing-column-deck) with flexible elastic column,Rectangle,Aluminum 6061,1.604,2.64,7777,7777,7777,0,0,0.15,0.143,1575,351.9,0.0706,0,7777,Aluminum 6063,2.671,719.7,461,1.478,4667,647.4,3.297,6962,14369,2.379,68.27,16.1,0.163,2.06,19.1,8888,17.2,15.7,8888,51.26,9999.0,Elastic,0.315,Elastic,0.347,9999,1D,San Fernando,"1971 San Fernando, CA",Pacoima Dam (upper left abut),0.65,(a) Original record filtered to avoid frequencies and amplitudes that were outside the capability of the centrifuge and shake table and (b) due to a signal processing error the motion model time was scaled down by 1/49 instead of 1/15,0.443,20.1,1.44,0.118,0.217,2.74,1.93,0.145,0.695,16.073,0.322,7.277,0.614,29.9,1.93,0.119,0.192,4.15,2.1,0.253,2.301,38.075,0.678,13.225,-1.597,1.019,-0.543,0.11,Centroid of deck,-0.01681,0.0088,-0.00938,-0.00068,0.0348,0.4292,0.579,0.324,0.423,0.168,0.912,0.033,8888,8888,1.16,0.881,1.404,9999,0.37,Low-pass filtered at 10 Hz,9999,8888,Shake 14 - Structure LD,https://www.designsafe-ci.org/data/browser/public/nees.public/NEES-2009-0732.groups,MAH01-1-LDm-14-CriticalPlot.pdf,MAH01-AnalyticalSystemProps.pdf,MAH01-Report.pdf,MAH01-Comments.pdf,MAH01-1-LDm-14-CriticalData.txt,MAH01-1-14-BaselineCorMotions.txt,MAH01-1-14-ResponseSpectra.txt,,"MAH01-LDm-StructPhoto.jpg, MAH01-TestPhoto.jpg",,2010-11-18,2010-11-18,"M. Hakhamaneshi, B. L. Kutter, W. Liu, T. C. Hutchinson","centrifuge, overconsolidated clay, rectangular embedded footing, flexible bridge pier",38.526393,-121.785078,"A. G. Gavras, M. Hakhamaneshi",2018-08-21,,,
114,MAH01,MAH01-1-LDm-15,103,"Hakhamaneshi, M., Kutter, B. L., Deng, L., Hutchinson, T. C., and Liu, W. (2012). ""New findings from centrifuge modeling of rocking shallow foundations in clayey ground."" In GeoCongress 2012: State of the Art and Practice in Geotechnical Engineering, 195-204.",NEESR-CR: Design of Soil and Structure Compatible Yielding to Improve System Performance,B. L. Kutter,"S. K. Kunnath, T. C. Hutchinson, M. Aschheim",NSF NEESR,"M. Hakhamaneshi, W. Liu","Center for Geotechnical Modeling, University of California, Davis, CA",Centrifuge,9-m radius centrifuge with 1D shaker,Rigid Container 1,1.75,0.9,0.53,2010-11-18,1,LDm,15,New model,15,0.06667,0.06667,0.0002963,39.4,Constant,Prototype,2.55,0,Water,3,An approximately 3-mm thick (model scale) layer of Nevada Sand was placed on top of the Yolo Loam Clay to achieve a smooth soil surface before placement of the structures and to prevent rocking-induced suction at the base of the footings.,Monterey 0/30 Sand,0.15,40,10,7777,7777,7777,7777,1953,27.3,Yolo Loam,2.1,7777,7777,53,67,73,5,2034,22.5,Nevada Sand,0.3,92,2,7777,7777,7777,7777,2084,20.3,Lumped-mass bridge pier model (footing-column-deck) with flexible elastic column,Rectangle,Aluminum 6061,1.604,2.64,7777,7777,7777,0,0,0.15,0.143,1575,351.9,0.0706,0,7777,Aluminum 6063,2.671,719.7,461,1.478,4667,647.4,3.297,6962,14369,2.379,68.27,16.1,0.163,2.06,19.1,8888,17.2,15.7,8888,51.26,9999.0,Elastic,0.315,Elastic,0.347,9999,1D,Gazli,"1976 Gazli, USSR",Karakyr 000,0.98,(a) Original record filtered to avoid frequencies and amplitudes that were outside the capability of the centrifuge and shake table and (b) due to a signal processing error the motion model time was scaled down by 1/49 instead of 1/15,0.528,15,1.27,0.118,0.215,2.61,1.52,0.163,0.694,16.767,0.253,7.53,0.852,24.8,1.83,0.121,0.208,3.23,1.55,0.295,2.29,40.365,0.537,13.762,-1.206,0.689,-0.582,-0.038,Centroid of deck,-0.01557,-0.00619,-0.00979,-0.00041,0.0376,0.4668,0.617,0.194,0.43,0.007,0.914,0.001,8888,8888,1.121,0.879,1.039,9999,0.218,Low-pass filtered at 10 Hz,8888,8888,Shake 15 - Structure LD,https://www.designsafe-ci.org/data/browser/public/nees.public/NEES-2009-0732.groups,MAH01-1-LDm-15-CriticalPlot.pdf,MAH01-AnalyticalSystemProps.pdf,MAH01-Report.pdf,MAH01-Comments.pdf,MAH01-1-LDm-15-CriticalData.txt,MAH01-1-15-BaselineCorMotions.txt,MAH01-1-15-ResponseSpectra.txt,,"MAH01-LDm-StructPhoto.jpg, MAH01-TestPhoto.jpg",,2010-11-18,2010-11-18,"M. Hakhamaneshi, B. L. Kutter, W. Liu, T. C. Hutchinson","centrifuge, overconsolidated clay, rectangular embedded footing, flexible bridge pier",38.526393,-121.785078,"A. G. Gavras, M. Hakhamaneshi",2018-08-21,,,
115,MAH01,MAH01-1-LDm-16,104,"Hakhamaneshi, M., Kutter, B. L., Deng, L., Hutchinson, T. C., and Liu, W. (2012). ""New findings from centrifuge modeling of rocking shallow foundations in clayey ground."" In GeoCongress 2012: State of the Art and Practice in Geotechnical Engineering, 195-204.",NEESR-CR: Design of Soil and Structure Compatible Yielding to Improve System Performance,B. L. Kutter,"S. K. Kunnath, T. C. Hutchinson, M. Aschheim",NSF NEESR,"M. Hakhamaneshi, W. Liu","Center for Geotechnical Modeling, University of California, Davis, CA",Centrifuge,9-m radius centrifuge with 1D shaker,Rigid Container 1,1.75,0.9,0.53,2010-11-18,1,LDm,16,New model,15,0.06667,0.06667,0.0002963,39.5,Constant,Prototype,2.55,0,Water,3,An approximately 3-mm thick (model scale) layer of Nevada Sand was placed on top of the Yolo Loam Clay to achieve a smooth soil surface before placement of the structures and to prevent rocking-induced suction at the base of the footings.,Monterey 0/30 Sand,0.15,40,10,7777,7777,7777,7777,1953,27.3,Yolo Loam,2.1,7777,7777,53,67,73,5,2034,22.5,Nevada Sand,0.3,92,2,7777,7777,7777,7777,2084,20.3,Lumped-mass bridge pier model (footing-column-deck) with flexible elastic column,Rectangle,Aluminum 6061,1.604,2.64,7777,7777,7777,0,0,0.15,0.143,1575,351.9,0.0706,0,7777,Aluminum 6063,2.671,719.7,461,1.478,4667,647.4,3.297,6962,14369,2.379,68.27,16.1,0.163,2.06,19.1,8888,17.2,15.7,8888,51.26,9999.0,Elastic,0.315,Elastic,0.347,9999,1D,San Fernando,"1971 San Fernando, CA",Pacoima Dam (upper left abut),1.31,(a) Original record filtered to avoid frequencies and amplitudes that were outside the capability of the centrifuge and shake table and (b) due to a signal processing error the motion model time was scaled down by 1/49 instead of 1/15,1.108,37.8,3.07,0.118,0.171,5.84,2.02,0.382,5.073,21.84,0.886,8.416,1.492,57.9,4.22,0.118,0.214,12.29,2.46,0.472,9.392,49.757,1.394,15.156,-3.137,-2.556,-0.481,0.101,Centroid of deck,-0.03128,-0.0215,-0.01136,-0.00158,0.0784,0.5452,1.253,0.824,0.788,0.358,0.961,0.047,8888,8888,1.276,0.466,1.846,9999,0.511,Low-pass filtered at 10 Hz,8888,8888,Shake 16 - Structure LD,https://www.designsafe-ci.org/data/browser/public/nees.public/NEES-2009-0732.groups,MAH01-1-LDm-16-CriticalPlot.pdf,MAH01-AnalyticalSystemProps.pdf,MAH01-Report.pdf,MAH01-Comments.pdf,MAH01-1-LDm-16-CriticalData.txt,MAH01-1-16-BaselineCorMotions.txt,MAH01-1-16-ResponseSpectra.txt,,"MAH01-LDm-StructPhoto.jpg, MAH01-TestPhoto.jpg",,2010-11-18,2010-11-18,"M. Hakhamaneshi, B. L. Kutter, W. Liu, T. C. Hutchinson","centrifuge, overconsolidated clay, rectangular embedded footing, flexible bridge pier",38.526393,-121.785078,"A. G. Gavras, M. Hakhamaneshi",2018-08-21,,,
116,MAH01,MAH01-1-LDm-17,105,"Hakhamaneshi, M., Kutter, B. L., Deng, L., Hutchinson, T. C., and Liu, W. (2012). ""New findings from centrifuge modeling of rocking shallow foundations in clayey ground."" In GeoCongress 2012: State of the Art and Practice in Geotechnical Engineering, 195-204.",NEESR-CR: Design of Soil and Structure Compatible Yielding to Improve System Performance,B. L. Kutter,"S. K. Kunnath, T. C. Hutchinson, M. Aschheim",NSF NEESR,"M. Hakhamaneshi, W. Liu","Center for Geotechnical Modeling, University of California, Davis, CA",Centrifuge,9-m radius centrifuge with 1D shaker,Rigid Container 1,1.75,0.9,0.53,2010-11-18,1,LDm,17,New model,15,0.06667,0.06667,0.0002963,39.4,Constant,Prototype,2.55,0,Water,3,An approximately 3-mm thick (model scale) layer of Nevada Sand was placed on top of the Yolo Loam Clay to achieve a smooth soil surface before placement of the structures and to prevent rocking-induced suction at the base of the footings.,Monterey 0/30 Sand,0.15,40,10,7777,7777,7777,7777,1953,27.3,Yolo Loam,2.1,7777,7777,53,67,73,5,2034,22.5,Nevada Sand,0.3,92,2,7777,7777,7777,7777,2084,20.3,Lumped-mass bridge pier model (footing-column-deck) with flexible elastic column,Rectangle,Aluminum 6061,1.604,2.64,7777,7777,7777,0,0,0.15,0.143,1575,351.9,0.0706,0,7777,Aluminum 6063,2.671,719.7,461,1.478,4667,647.4,3.297,6962,14369,2.379,68.27,16.1,0.163,2.06,19.1,8888,17.2,15.7,8888,51.26,9999.0,Elastic,0.315,Elastic,0.347,9999,1D,Gazli,"1976 Gazli, USSR",Karakyr 000,1.96,(a) Original record filtered to avoid frequencies and amplitudes that were outside the capability of the centrifuge and shake table and (b) due to a signal processing error the motion model time was scaled down by 1/49 instead of 1/15,1.22,30,2.87,0.117,0.195,4.48,1.54,0.394,4.084,25.924,0.668,9.084,1.72,47,4.21,0.122,0.228,11.01,1.77,0.554,9.226,58.983,1.172,16.328,-1.657,1.362,-0.621,-0.14,Centroid of deck,-0.02103,0.01253,-0.01126,0.00011,0.0781,0.6233,1.597,0.809,0.469,-0.319,0.895,-0.066,8888,8888,1.384,0.606,1.406,9999,0.331,Low-pass filtered at 10 Hz,8888,8888,Shake 17 - Structure LD,https://www.designsafe-ci.org/data/browser/public/nees.public/NEES-2009-0732.groups,MAH01-1-LDm-17-CriticalPlot.pdf,MAH01-AnalyticalSystemProps.pdf,MAH01-Report.pdf,MAH01-Comments.pdf,MAH01-1-LDm-17-CriticalData.txt,MAH01-1-17-BaselineCorMotions.txt,MAH01-1-17-ResponseSpectra.txt,,"MAH01-LDm-StructPhoto.jpg, MAH01-TestPhoto.jpg",,2010-11-18,2010-11-18,"M. Hakhamaneshi, B. L. Kutter, W. Liu, T. C. Hutchinson","centrifuge, overconsolidated clay, rectangular embedded footing, flexible bridge pier",38.526393,-121.785078,"A. G. Gavras, M. Hakhamaneshi",2018-08-21,,,
117,MAH01,MAH01-1-LDm-18,106,"Hakhamaneshi, M., Kutter, B. L., Deng, L., Hutchinson, T. C., and Liu, W. (2012). ""New findings from centrifuge modeling of rocking shallow foundations in clayey ground."" In GeoCongress 2012: State of the Art and Practice in Geotechnical Engineering, 195-204.",NEESR-CR: Design of Soil and Structure Compatible Yielding to Improve System Performance,B. L. Kutter,"S. K. Kunnath, T. C. Hutchinson, M. Aschheim",NSF NEESR,"M. Hakhamaneshi, W. Liu","Center for Geotechnical Modeling, University of California, Davis, CA",Centrifuge,9-m radius centrifuge with 1D shaker,Rigid Container 1,1.75,0.9,0.53,2010-11-18,1,LDm,18,New model,30,0.03333,0.03333,0.00003704,55.8,Constant,Prototype,5.1,0,Water,3,An approximately 3-mm thick (model scale) layer of Nevada Sand was placed on top of the Yolo Loam Clay to achieve a smooth soil surface before placement of the structures and to prevent rocking-induced suction at the base of the footings.,Monterey 0/30 Sand,0.3,40,10,7777,7777,7777,7777,1953,27.3,Yolo Loam,4.2,7777,7777,59,73,79,5,2034,22.5,Nevada Sand,0.6,92,2,7777,7777,7777,7777,2084,20.3,Lumped-mass bridge pier model (footing-column-deck) with flexible elastic column,Rectangle,Aluminum 6061,3.208,5.281,7777,7777,7777,0,0,0.3,0.286,12603,11260,0.141,0,7777,Aluminum 6063,5.342,5757,14751,2.957,37333,20718,6.593,55694,459817,4.757,546.2,32.2,0.326,2.06,10.7,8888,9.7,8.9,8888,777.3,9999.0,Elastic,0.299,Elastic,0.567,9999,1D,Sine 2.4 Hz,N/A,N/A,0.02g,Tapered sine wave with 5 cycles of constant amplitude,0.02,1.2,0.09,0.416,0.421,0,1.85,0.011,0.004,25.928,0.019,9.103,0.036,1.9,0.13,0.416,0.403,0,1.87,0.016,0.008,58.991,0.029,16.357,-0.67,0.056,-0.615,0.006,Centroid of deck,-0.01177,-0.00051,-0.01135,-0.00009,0,0.6233,0.508,0.038,0.495,0.026,0.91,0.015,8888,8888,1.003,0.997,0.197,9999,0.04,Low-pass filtered at 10 Hz,8888,8888,Shake 18 - Structure LD,https://www.designsafe-ci.org/data/browser/public/nees.public/NEES-2009-0732.groups,MAH01-1-LDm-18-CriticalPlot.pdf,MAH01-AnalyticalSystemProps.pdf,MAH01-Report.pdf,MAH01-Comments.pdf,MAH01-1-LDm-18-CriticalData.txt,MAH01-1-18-BaselineCorMotions.txt,MAH01-1-18-ResponseSpectra.txt,,"MAH01-LDm-StructPhoto.jpg, MAH01-TestPhoto.jpg",,2010-11-18,2010-11-18,"M. Hakhamaneshi, B. L. Kutter, W. Liu, T. C. Hutchinson","centrifuge, overconsolidated clay, rectangular embedded footing, flexible bridge pier",38.526393,-121.785078,"A. G. Gavras, M. Hakhamaneshi",2018-08-21,,,
118,MAH01,MAH01-1-LDm-20,107,"Hakhamaneshi, M., Kutter, B. L., Deng, L., Hutchinson, T. C., and Liu, W. (2012). ""New findings from centrifuge modeling of rocking shallow foundations in clayey ground."" In GeoCongress 2012: State of the Art and Practice in Geotechnical Engineering, 195-204.",NEESR-CR: Design of Soil and Structure Compatible Yielding to Improve System Performance,B. L. Kutter,"S. K. Kunnath, T. C. Hutchinson, M. Aschheim",NSF NEESR,"M. Hakhamaneshi, W. Liu","Center for Geotechnical Modeling, University of California, Davis, CA",Centrifuge,9-m radius centrifuge with 1D shaker,Rigid Container 1,1.75,0.9,0.53,2010-11-18,1,LDm,20,New model,30,0.03333,0.03333,0.00003704,55.9,Constant,Prototype,5.1,0,Water,3,An approximately 3-mm thick (model scale) layer of Nevada Sand was placed on top of the Yolo Loam Clay to achieve a smooth soil surface before placement of the structures and to prevent rocking-induced suction at the base of the footings.,Monterey 0/30 Sand,0.3,40,10,7777,7777,7777,7777,1953,27.3,Yolo Loam,4.2,7777,7777,59,73,79,5,2034,22.5,Nevada Sand,0.6,92,2,7777,7777,7777,7777,2084,20.3,Lumped-mass bridge pier model (footing-column-deck) with flexible elastic column,Rectangle,Aluminum 6061,3.208,5.281,7777,7777,7777,0,0,0.3,0.286,12603,11260,0.141,0,7777,Aluminum 6063,5.342,5757,14751,2.957,37333,20718,6.593,55694,459817,4.757,546.2,32.2,0.326,2.06,10.7,8888,9.7,8.9,8888,777.3,9999.0,Elastic,0.299,Elastic,0.567,9999,1D,Gazli,"1976 Gazli, USSR",Karakyr 000,0.65,(a) Original record filtered to avoid frequencies and amplitudes that were outside the capability of the centrifuge and shake table and (b) due to a signal processing error the motion model time was scaled down by 1/49 instead of 1/30,0.366,19.7,3.33,0.172,0.437,3.54,3.05,0.114,0.681,26.609,0.349,9.452,0.549,31.1,4.86,0.24,0.428,6.27,3.11,0.193,1.995,60.986,0.724,17.081,-1.667,-1.052,-0.611,0.005,Centroid of deck,-0.02099,-0.00964,-0.01123,0.00012,0.0535,0.6768,0.924,0.43,0.528,0.033,0.969,0.059,8888,8888,1.083,0.889,0.838,9999,0.168,Low-pass filtered at 10 Hz,8888,8888,Shake 20 - Structure LD,https://www.designsafe-ci.org/data/browser/public/nees.public/NEES-2009-0732.groups,MAH01-1-LDm-20-CriticalPlot.pdf,MAH01-AnalyticalSystemProps.pdf,MAH01-Report.pdf,MAH01-Comments.pdf,MAH01-1-LDm-20-CriticalData.txt,MAH01-1-20-BaselineCorMotions.txt,MAH01-1-20-ResponseSpectra.txt,,"MAH01-LDm-StructPhoto.jpg, MAH01-TestPhoto.jpg",,2010-11-18,2010-11-18,"M. Hakhamaneshi, B. L. Kutter, W. Liu, T. C. Hutchinson","centrifuge, overconsolidated clay, rectangular embedded footing, flexible bridge pier",38.526393,-121.785078,"A. G. Gavras, M. Hakhamaneshi",2018-08-21,,,
119,MAH01,MAH01-1-LDm-21,108,"Hakhamaneshi, M., Kutter, B. L., Deng, L., Hutchinson, T. C., and Liu, W. (2012). ""New findings from centrifuge modeling of rocking shallow foundations in clayey ground."" In GeoCongress 2012: State of the Art and Practice in Geotechnical Engineering, 195-204.",NEESR-CR: Design of Soil and Structure Compatible Yielding to Improve System Performance,B. L. Kutter,"S. K. Kunnath, T. C. Hutchinson, M. Aschheim",NSF NEESR,"M. Hakhamaneshi, W. Liu","Center for Geotechnical Modeling, University of California, Davis, CA",Centrifuge,9-m radius centrifuge with 1D shaker,Rigid Container 1,1.75,0.9,0.53,2010-11-18,1,LDm,21,New model,30,0.03333,0.03333,0.00003704,55.8,Constant,Prototype,5.1,0,Water,3,An approximately 3-mm thick (model scale) layer of Nevada Sand was placed on top of the Yolo Loam Clay to achieve a smooth soil surface before placement of the structures and to prevent rocking-induced suction at the base of the footings.,Monterey 0/30 Sand,0.3,40,10,7777,7777,7777,7777,1953,27.3,Yolo Loam,4.2,7777,7777,59,73,79,5,2034,22.5,Nevada Sand,0.6,92,2,7777,7777,7777,7777,2084,20.3,Lumped-mass bridge pier model (footing-column-deck) with flexible elastic column,Rectangle,Aluminum 6061,3.208,5.281,7777,7777,7777,0,0,0.3,0.286,12603,11260,0.141,0,7777,Aluminum 6063,5.342,5757,14751,2.957,37333,20718,6.593,55694,459817,4.757,546.2,32.2,0.326,2.06,10.7,8888,9.7,8.9,8888,777.3,9999.0,Elastic,0.299,Elastic,0.567,9999,1D,San Fernando,"1971 San Fernando, CA",Pacoima Dam (upper left abut),0.65,(a) Original record filtered to avoid frequencies and amplitudes that were outside the capability of the centrifuge and shake table and (b) due to a signal processing error the motion model time was scaled down by 1/49 instead of 1/30,0.541,34.4,5.72,0.237,0.381,6.31,3.95,0.167,1.89,28.499,0.713,10.165,0.794,52.8,8.11,0.237,0.394,11.72,4.43,0.252,4.788,65.774,1.263,18.344,-3.05,-2.44,-0.502,0.108,Centroid of deck,-0.02987,-0.01864,-0.01067,0.00056,0.0809,0.7577,1.09,0.563,0.691,0.163,0.972,0.003,8888,8888,1.212,0.794,1.09,9999,0.301,Low-pass filtered at 10 Hz,8888,8888,Shake 21 - Structure LD,https://www.designsafe-ci.org/data/browser/public/nees.public/NEES-2009-0732.groups,MAH01-1-LDm-21-CriticalPlot.pdf,MAH01-AnalyticalSystemProps.pdf,MAH01-Report.pdf,MAH01-Comments.pdf,MAH01-1-LDm-21-CriticalData.txt,MAH01-1-21-BaselineCorMotions.txt,MAH01-1-21-ResponseSpectra.txt,,"MAH01-LDm-StructPhoto.jpg, MAH01-TestPhoto.jpg",,2010-11-18,2010-11-18,"M. Hakhamaneshi, B. L. Kutter, W. Liu, T. C. Hutchinson","centrifuge, overconsolidated clay, rectangular embedded footing, flexible bridge pier",38.526393,-121.785078,"A. G. Gavras, M. Hakhamaneshi",2018-08-21,,,
120,MAH01,MAH01-1-LDm-22,109,"Hakhamaneshi, M., Kutter, B. L., Deng, L., Hutchinson, T. C., and Liu, W. (2012). ""New findings from centrifuge modeling of rocking shallow foundations in clayey ground."" In GeoCongress 2012: State of the Art and Practice in Geotechnical Engineering, 195-204.",NEESR-CR: Design of Soil and Structure Compatible Yielding to Improve System Performance,B. L. Kutter,"S. K. Kunnath, T. C. Hutchinson, M. Aschheim",NSF NEESR,"M. Hakhamaneshi, W. Liu","Center for Geotechnical Modeling, University of California, Davis, CA",Centrifuge,9-m radius centrifuge with 1D shaker,Rigid Container 1,1.75,0.9,0.53,2010-11-18,1,LDm,22,New model,30,0.03333,0.03333,0.00003704,55.5,Constant,Prototype,5.1,0,Water,3,An approximately 3-mm thick (model scale) layer of Nevada Sand was placed on top of the Yolo Loam Clay to achieve a smooth soil surface before placement of the structures and to prevent rocking-induced suction at the base of the footings.,Monterey 0/30 Sand,0.3,40,10,7777,7777,7777,7777,1953,27.3,Yolo Loam,4.2,7777,7777,59,73,79,5,2034,22.5,Nevada Sand,0.6,92,2,7777,7777,7777,7777,2084,20.3,Lumped-mass bridge pier model (footing-column-deck) with flexible elastic column,Rectangle,Aluminum 6061,3.208,5.281,7777,7777,7777,0,0,0.3,0.286,12603,11260,0.141,0,7777,Aluminum 6063,5.342,5757,14751,2.957,37333,20718,6.593,55694,459817,4.757,546.2,32.2,0.326,2.06,10.7,8888,9.7,8.9,8888,777.3,9999.0,Elastic,0.299,Elastic,0.567,9999,1D,Gazli,"1976 Gazli, USSR",Karakyr 000,0.98,(a) Original record filtered to avoid frequencies and amplitudes that were outside the capability of the centrifuge and shake table and (b) due to a signal processing error the motion model time was scaled down by 1/49 instead of 1/30,0.554,28.6,5.1,0.17,0.429,5.98,3.07,0.177,1.632,30.131,0.565,10.73,1.003,46,7.98,0.242,0.433,6.59,3.13,0.304,4.948,70.722,1.094,19.438,-2.003,1.622,-0.546,-0.044,Centroid of deck,-0.02311,0.01625,-0.01015,0.00053,0.0857,0.8434,1.16,0.469,0.581,-0.11,0.989,0.017,8888,8888,1.189,0.79,0.899,9999,0.201,Low-pass filtered at 10 Hz,8888,8888,Shake 22 - Structure LD,https://www.designsafe-ci.org/data/browser/public/nees.public/NEES-2009-0732.groups,MAH01-1-LDm-22-CriticalPlot.pdf,MAH01-AnalyticalSystemProps.pdf,MAH01-Report.pdf,MAH01-Comments.pdf,MAH01-1-LDm-22-CriticalData.txt,MAH01-1-22-BaselineCorMotions.txt,MAH01-1-22-ResponseSpectra.txt,,"MAH01-LDm-StructPhoto.jpg, MAH01-TestPhoto.jpg",,2010-11-18,2010-11-18,"M. Hakhamaneshi, B. L. Kutter, W. Liu, T. C. Hutchinson","centrifuge, overconsolidated clay, rectangular embedded footing, flexible bridge pier",38.526393,-121.785078,"A. G. Gavras, M. Hakhamaneshi",2018-08-21,,,
121,,,,,,,,,,,,,,,,,,,,,,,,,,,,,,,,,,,,,,,,,,,,,,,,,,,,,,,,,,,,,,,,,,,,,,,,,,,,,,,,,,,,,,,,,,,,,,,,,,,,,,,,,,,,,,,,,,,,,,,,,,,,,,,,,,,,,,,,,,,,,,,,,,,,,,,,,,,,,,,,,,,,,,,,,,,,,,,,,,,,,,,,,,,
122,S2011SQF1,S2011SQF1-1-LS-1,110,"Tsatsis, A. and Anastasopoulos, I. (2015). ""Performance of rocking systems on shallow improved sand: Shaking table testing."" Frontiers in Built Environment, 1, 9.",Soil-Foundation-Structure Systems Beyond Conventional Seismic Failure Thresholds: Application to New or Existing Structures and Monuments,G. Gazetas,I. Anastasopoulos,ERC,"A. Tsatsis, P. Kokkali","Laboratory of Soil Mechanics, National Technical University of Athens, Greece",Small-scale 1g,1D shake table,Rigid soil container,1.48,0.78,0.645,2011-06-20,1,LS,1,New model,1,0.05,0.2236,0.000125,7777,N/A,Model,0.45,7777,7777,1,None,Longstone Sand,0.45,93,3,7777,7777,7777,7777,1609,0,N/A,7777,7777,7777,7777,7777,7777,7777,7777,7777,N/A,7777,7777,7777,7777,7777,7777,7777,7777,7777,Lumped-mass bridge pier model (footing-parallel walls-deck) with rigid elastic walls,Square,Aluminum,0.15,0.15,7777,7777,7777,0,0,0,0.02,1.215,0.00232,0.01,0,7777,Steel,0.44,14.39,0.244,0.24,19.72,0.238,0.46,35.35,1.037,0.355,0.3467,15.4,0.0015,2.37,9999,13.9,4.6,4.5,9999,0.02022,0.0288,Elastic,0.164,Elastic,0.17,0.132,1D,Sine 9 Hz,N/A,N/A,0.2g,Tapered sine wave with 15 cycles of constant amplitude,0.248,3.68,0.062,0.11,0.106,1.41,1.02,0.139,0.335,0.335,0.159,0.159,0.38,5.4,0.095,0.11,0.109,1.39,1.01,0.208,0.743,0.743,0.231,0.231,0.461,0.461,0.109,0.109,Centroid of deck,0.00506,0.00506,0.00154,0.00154,0.0692,0.0692,8888,8888,8888,8888,0.874,0.874,8888,8888,8888,8888,1.05,8888,0.174,Low-pass filtered at 44.7 Hz (10 Hz prototype),8888,8888,S2011SQF1-001 sin - 9 Hz - 0.2g,http://ssi.civil.ntua.gr/?page_id=415,S2011SQF1-1-LS-1-CriticalPlot.pdf,"P2011SQF1-Report.pdf,                                                 P2011SQF2-Report.pdf,                                            S2011SQF1-OneLayer-AnalyticalSystemProps.pdf",S2011SQF1-Report.pdf,S2011SQF1-Comments.pdf,S2011SQF1-1-LS-1-CriticalData.txt,S2011SQF1-1-LS-1-BaselineCorMotions.txt,S2011SQF1-1-LS-1-ResponseSpectra.txt,N/R,"S2011SQF1-LS-StructPhoto.jpg, S2011SQF1-HS-TestPhoto.jpg",,2011-06-20,2011-06-20,"I. Anastasopoulos, P. Kokkali, A. Tsatsis","small-scale 1g, dry sand, square surface footing, rigid bridge pier",37.9772,23.778865,"A. Tsatsis, A. G. Gavras",2018-08-21,,,
123,S2011SQF1,S2011SQF1-1-LS-2,111,"Tsatsis, A. and Anastasopoulos, I. (2015). ""Performance of rocking systems on shallow improved sand: Shaking table testing."" Frontiers in Built Environment, 1, 9.",Soil-Foundation-Structure Systems Beyond Conventional Seismic Failure Thresholds: Application to New or Existing Structures and Monuments,G. Gazetas,I. Anastasopoulos,ERC,"A. Tsatsis, P. Kokkali","Laboratory of Soil Mechanics, National Technical University of Athens, Greece",Small-scale 1g,1D shake table,Rigid soil container,1.48,0.78,0.645,2011-06-20,1,LS,2,New model,1,0.05,0.2236,0.000125,7777,N/A,Model,0.45,7777,7777,1,None,Longstone Sand,0.45,93,3,7777,7777,7777,7777,1609,0,N/A,7777,7777,7777,7777,7777,7777,7777,7777,7777,N/A,7777,7777,7777,7777,7777,7777,7777,7777,7777,Lumped-mass bridge pier model (footing-parallel walls-deck) with rigid elastic walls,Square,Aluminum,0.15,0.15,7777,7777,7777,0,0,0,0.02,1.215,0.00232,0.01,0,7777,Steel,0.44,14.39,0.244,0.24,19.72,0.238,0.46,35.35,1.037,0.355,0.3467,15.4,0.0015,2.37,9999,13.9,4.6,4.5,9999,0.02022,0.0288,Elastic,0.164,Elastic,0.17,0.132,1D,Sine 9 Hz,N/A,N/A,0.4g,Tapered sine wave with 15 cycles of constant amplitude,0.445,6.91,0.123,0.11,0.11,1.83,1.11,0.272,1.409,1.744,0.332,0.491,0.869,12.82,0.222,0.11,0.108,1.8,1.06,0.486,4.287,5.03,0.557,0.788,1.483,1.375,0.959,0.851,Centroid of deck,0.01628,0.01474,0.01132,0.00978,0.1354,0.2046,8888,8888,8888,8888,4.512,3.637,8888,8888,8888,8888,1.142,8888,0.188,Low-pass filtered at 44.7 Hz (10 Hz prototype),8888,8888,S2011SQF1-001 sin - 9 Hz - 0.4g,http://ssi.civil.ntua.gr/?page_id=415,S2011SQF1-1-LS-2-CriticalPlot.pdf,"P2011SQF1-Report.pdf,                                                 P2011SQF2-Report.pdf,                                            S2011SQF1-OneLayer-AnalyticalSystemProps.pdf",S2011SQF1-Report.pdf,S2011SQF1-Comments.pdf,S2011SQF1-1-LS-2-CriticalData.txt,S2011SQF1-1-LS-2-BaselineCorMotions.txt,S2011SQF1-1-LS-2-ResponseSpectra.txt,N/R,"S2011SQF1-LS-StructPhoto.jpg, S2011SQF1-HS-TestPhoto.jpg",,2011-06-20,2011-06-20,"I. Anastasopoulos, P. Kokkali, A. Tsatsis","small-scale 1g, dry sand, square surface footing, rigid bridge pier",37.9772,23.778865,"A. Tsatsis, A. G. Gavras",2018-08-21,,,
124,S2011SQF1,S2011SQF1-1-LS-3,112,"Tsatsis, A. and Anastasopoulos, I. (2015). ""Performance of rocking systems on shallow improved sand: Shaking table testing."" Frontiers in Built Environment, 1, 9.",Soil-Foundation-Structure Systems Beyond Conventional Seismic Failure Thresholds: Application to New or Existing Structures and Monuments,G. Gazetas,I. Anastasopoulos,ERC,"A. Tsatsis, P. Kokkali","Laboratory of Soil Mechanics, National Technical University of Athens, Greece",Small-scale 1g,1D shake table,Rigid soil container,1.48,0.78,0.645,2011-06-20,1,LS,3,New model,1,0.05,0.2236,0.000125,7777,N/A,Model,0.45,7777,7777,1,None,Longstone Sand,0.45,93,3,7777,7777,7777,7777,1609,0,N/A,7777,7777,7777,7777,7777,7777,7777,7777,7777,N/A,7777,7777,7777,7777,7777,7777,7777,7777,7777,Lumped-mass bridge pier model (footing-parallel walls-deck) with rigid elastic walls,Square,Aluminum,0.15,0.15,7777,7777,7777,0,0,0,0.02,1.215,0.00232,0.01,0,7777,Steel,0.44,14.39,0.244,0.24,19.72,0.238,0.46,35.35,1.037,0.355,0.3467,15.4,0.0015,2.37,9999,13.9,4.6,4.5,9999,0.02022,0.0288,Elastic,0.164,Elastic,0.17,0.132,1D,Sine 4.5 Hz,N/A,N/A,0.2g,Tapered sine wave with 15 cycles of constant amplitude,0.18,4.73,0.155,0.197,0.195,2.38,1.91,0.105,0.359,2.103,0.214,0.705,0.212,4.84,0.169,0.198,0.189,2.39,1.89,0.117,0.444,5.474,0.221,1.009,2.331,1.371,1.568,0.609,Centroid of deck,0.0244,0.01309,0.01731,0.00599,0.1509,0.3555,8888,8888,8888,8888,5.131,0.619,8888,8888,8888,8888,1.203,8888,0.19,Low-pass filtered at 44.7 Hz (10 Hz prototype),8888,8888,S2011SQF1-001 sin - 4.5 Hz - 0.2g,http://ssi.civil.ntua.gr/?page_id=415,S2011SQF1-1-LS-3-CriticalPlot.pdf,"P2011SQF1-Report.pdf,                                                 P2011SQF2-Report.pdf,                                            S2011SQF1-OneLayer-AnalyticalSystemProps.pdf",S2011SQF1-Report.pdf,S2011SQF1-Comments.pdf,S2011SQF1-1-LS-3-CriticalData.txt,S2011SQF1-1-LS-3-BaselineCorMotions.txt,S2011SQF1-1-LS-3-ResponseSpectra.txt,N/R,"S2011SQF1-LS-StructPhoto.jpg, S2011SQF1-HS-TestPhoto.jpg",,2011-06-20,2011-06-20,"I. Anastasopoulos, P. Kokkali, A. Tsatsis","small-scale 1g, dry sand, square surface footing, rigid bridge pier",37.9772,23.778865,"A. Tsatsis, A. G. Gavras",2018-08-21,,,
125,S2011SQF1,S2011SQF1-1-LS-4,113,"Tsatsis, A. and Anastasopoulos, I. (2015). ""Performance of rocking systems on shallow improved sand: Shaking table testing."" Frontiers in Built Environment, 1, 9.",Soil-Foundation-Structure Systems Beyond Conventional Seismic Failure Thresholds: Application to New or Existing Structures and Monuments,G. Gazetas,I. Anastasopoulos,ERC,"A. Tsatsis, P. Kokkali","Laboratory of Soil Mechanics, National Technical University of Athens, Greece",Small-scale 1g,1D shake table,Rigid soil container,1.48,0.78,0.645,2011-06-20,1,LS,4,New model,1,0.05,0.2236,0.000125,7777,N/A,Model,0.45,7777,7777,1,None,Longstone Sand,0.45,93,3,7777,7777,7777,7777,1609,0,N/A,7777,7777,7777,7777,7777,7777,7777,7777,7777,N/A,7777,7777,7777,7777,7777,7777,7777,7777,7777,Lumped-mass bridge pier model (footing-parallel walls-deck) with rigid elastic walls,Square,Aluminum,0.15,0.15,7777,7777,7777,0,0,0,0.02,1.215,0.00232,0.01,0,7777,Steel,0.44,14.39,0.244,0.24,19.72,0.238,0.46,35.35,1.037,0.355,0.3467,15.4,0.0015,2.37,9999,13.9,4.6,4.5,9999,0.02022,0.0288,Elastic,0.164,Elastic,0.17,0.132,1D,Sine 4.5 Hz,N/A,N/A,0.4g,Tapered sine wave with 15 cycles of constant amplitude,0.358,11.73,0.372,0.197,0.199,2.71,1.95,0.255,2.156,4.259,0.55,1.255,0.545,11.82,0.418,0.198,0.19,2.72,1.93,0.29,2.764,8.238,0.554,1.563,4.775,3.207,3.358,1.79,Centroid of deck,0.04724,0.02993,0.03289,0.01558,0.311,0.6665,8888,8888,8888,8888,6.18,1.049,8888,8888,8888,8888,1.488,8888,0.225,Low-pass filtered at 44.7 Hz (10 Hz prototype),8888,8888,S2011SQF1-001 sin - 4.5 Hz - 0.4g,http://ssi.civil.ntua.gr/?page_id=415,S2011SQF1-1-LS-4-CriticalPlot.pdf,"P2011SQF1-Report.pdf,                                                 P2011SQF2-Report.pdf,                                            S2011SQF1-OneLayer-AnalyticalSystemProps.pdf",S2011SQF1-Report.pdf,S2011SQF1-Comments.pdf,S2011SQF1-1-LS-4-CriticalData.txt,S2011SQF1-1-LS-4-BaselineCorMotions.txt,S2011SQF1-1-LS-4-ResponseSpectra.txt,N/R,"S2011SQF1-LS-StructPhoto.jpg, S2011SQF1-HS-TestPhoto.jpg",,2011-06-20,2011-06-20,"I. Anastasopoulos, P. Kokkali, A. Tsatsis","small-scale 1g, dry sand, square surface footing, rigid bridge pier",37.9772,23.778865,"A. Tsatsis, A. G. Gavras",2018-08-21,,,
126,S2011SQF1,S2011SQF1-1-LS-5,114,"Tsatsis, A. and Anastasopoulos, I. (2015). ""Performance of rocking systems on shallow improved sand: Shaking table testing."" Frontiers in Built Environment, 1, 9.",Soil-Foundation-Structure Systems Beyond Conventional Seismic Failure Thresholds: Application to New or Existing Structures and Monuments,G. Gazetas,I. Anastasopoulos,ERC,"A. Tsatsis, P. Kokkali","Laboratory of Soil Mechanics, National Technical University of Athens, Greece",Small-scale 1g,1D shake table,Rigid soil container,1.48,0.78,0.645,2011-06-20,1,LS,5,New model,1,0.05,0.2236,0.000125,7777,N/A,Model,0.45,7777,7777,1,None,Longstone Sand,0.45,93,3,7777,7777,7777,7777,1609,0,N/A,7777,7777,7777,7777,7777,7777,7777,7777,7777,N/A,7777,7777,7777,7777,7777,7777,7777,7777,7777,Lumped-mass bridge pier model (footing-parallel walls-deck) with rigid elastic walls,Square,Aluminum,0.15,0.15,7777,7777,7777,0,0,0,0.02,1.215,0.00232,0.01,0,7777,Steel,0.44,14.39,0.244,0.24,19.72,0.238,0.46,35.35,1.037,0.355,0.3467,15.4,0.0015,2.37,9999,13.9,4.6,4.5,9999,0.02022,0.0288,Elastic,0.164,Elastic,0.17,0.132,1D,Pacoima Dam,"1971 San Fernando, CA",Pacoima Dam (upper left abut) 164,1,None,1.092,20.94,1.101,0.086,0.101,9.48,1.88,0.263,2.236,6.495,0.583,1.838,1.868,22.21,1.141,0.088,0.091,9.54,1.86,0.438,6.131,14.369,0.952,2.515,5.813,-3.796,4.614,1.256,Centroid of deck,0.05808,-0.03881,0.04693,0.01404,0.2332,0.8997,8888,8888,8888,8888,8.825,2.646,8888,8888,8888,8888,1.729,8888,0.284,Low-pass filtered at 44.7 Hz (10 Hz prototype),8888,8888,S2011SQF1-001 Pacoima Dam_164,http://ssi.civil.ntua.gr/?page_id=415,S2011SQF1-1-LS-5-CriticalPlot.pdf,"P2011SQF1-Report.pdf,                                                 P2011SQF2-Report.pdf,                                            S2011SQF1-OneLayer-AnalyticalSystemProps.pdf",S2011SQF1-Report.pdf,S2011SQF1-Comments.pdf,S2011SQF1-1-LS-5-CriticalData.txt,S2011SQF1-1-LS-5-BaselineCorMotions.txt,S2011SQF1-1-LS-5-ResponseSpectra.txt,N/R,"S2011SQF1-LS-StructPhoto.jpg, S2011SQF1-HS-TestPhoto.jpg",,2011-06-20,2011-06-20,"I. Anastasopoulos, P. Kokkali, A. Tsatsis","small-scale 1g, dry sand, square surface footing, rigid bridge pier",37.9772,23.778865,"A. Tsatsis, A. G. Gavras",2018-08-21,,,
127,S2011SQF1,S2011SQF1-1-LS-6,115,"Tsatsis, A. and Anastasopoulos, I. (2015). ""Performance of rocking systems on shallow improved sand: Shaking table testing."" Frontiers in Built Environment, 1, 9.",Soil-Foundation-Structure Systems Beyond Conventional Seismic Failure Thresholds: Application to New or Existing Structures and Monuments,G. Gazetas,I. Anastasopoulos,ERC,"A. Tsatsis, P. Kokkali","Laboratory of Soil Mechanics, National Technical University of Athens, Greece",Small-scale 1g,1D shake table,Rigid soil container,1.48,0.78,0.645,2011-06-20,1,LS,6,New model,1,0.05,0.2236,0.000125,7777,N/A,Model,0.45,7777,7777,1,None,Longstone Sand,0.45,93,3,7777,7777,7777,7777,1609,0,N/A,7777,7777,7777,7777,7777,7777,7777,7777,7777,N/A,7777,7777,7777,7777,7777,7777,7777,7777,7777,Lumped-mass bridge pier model (footing-parallel walls-deck) with rigid elastic walls,Square,Aluminum,0.15,0.15,7777,7777,7777,0,0,0,0.02,1.215,0.00232,0.01,0,7777,Steel,0.44,14.39,0.244,0.24,19.72,0.238,0.46,35.35,1.037,0.355,0.3467,15.4,0.0015,2.37,9999,13.9,4.6,4.5,9999,0.02022,0.0288,Elastic,0.164,Elastic,0.17,0.132,1D,Sakarya,"1999 Kocaeli, Turkey",Sakarya 090,1,None,0.468,7.09,0.532,0.021,0.081,4.24,1.98,0.12,0.487,6.982,0.251,2.089,0.778,10.82,0.574,0.072,0.064,4.38,1.8,0.263,2.135,16.504,0.502,3.017,6.175,1.561,5.607,0.993,Centroid of deck,0.06225,0.01532,0.05646,0.00953,0.0706,0.9703,8888,8888,8888,8888,9.373,0.548,8888,8888,8888,8888,1.159,8888,0.205,Low-pass filtered at 44.7 Hz (10 Hz prototype),8888,8888,S2011SQF1-001 Sakarya,http://ssi.civil.ntua.gr/?page_id=415,S2011SQF1-1-LS-6-CriticalPlot.pdf,"P2011SQF1-Report.pdf,                                                 P2011SQF2-Report.pdf,                                            S2011SQF1-OneLayer-AnalyticalSystemProps.pdf",S2011SQF1-Report.pdf,S2011SQF1-Comments.pdf,S2011SQF1-1-LS-6-CriticalData.txt,S2011SQF1-1-LS-6-BaselineCorMotions.txt,S2011SQF1-1-LS-6-ResponseSpectra.txt,N/R,"S2011SQF1-LS-StructPhoto.jpg, S2011SQF1-HS-TestPhoto.jpg",,2011-06-20,2011-06-20,"I. Anastasopoulos, P. Kokkali, A. Tsatsis","small-scale 1g, dry sand, square surface footing, rigid bridge pier",37.9772,23.778865,"A. Tsatsis, A. G. Gavras",2018-08-21,,,
128,S2011SQF1,S2011SQF1-2-LS-1,116,"Tsatsis, A. and Anastasopoulos, I. (2015). ""Performance of rocking systems on shallow improved sand: Shaking table testing."" Frontiers in Built Environment, 1, 9.",Soil-Foundation-Structure Systems Beyond Conventional Seismic Failure Thresholds: Application to New or Existing Structures and Monuments,G. Gazetas,I. Anastasopoulos,ERC,"A. Tsatsis, P. Kokkali","Laboratory of Soil Mechanics, National Technical University of Athens, Greece",Small-scale 1g,1D shake table,Rigid soil container,1.48,0.78,0.645,2011-06-21,2,LS,1,New model,1,0.05,0.2236,0.000125,7777,N/A,Model,0.45,7777,7777,1,None,Longstone Sand,0.45,93,3,7777,7777,7777,7777,1609,0,N/A,7777,7777,7777,7777,7777,7777,7777,7777,7777,N/A,7777,7777,7777,7777,7777,7777,7777,7777,7777,Lumped-mass bridge pier model (footing-parallel walls-deck) with rigid elastic walls,Square,Aluminum,0.15,0.15,7777,7777,7777,0,0,0,0.02,1.215,0.00232,0.01,0,7777,Steel,0.44,14.39,0.244,0.24,19.72,0.238,0.46,35.35,1.037,0.355,0.3467,15.4,0.0015,2.37,9999,13.9,4.6,4.5,9999,0.02022,0.0288,Elastic,0.164,Elastic,0.17,0.132,1D,Aegion,"1995 Aegion, Greece",AIGA T,1,Due to a signal processing error the motion model time was scaled down by a factor approximately 1.1 times smaller than the target T*,0.398,6.67,0.143,0.1,0.097,0.81,0.56,0.108,0.112,0.112,0.058,0.058,0.593,9.6,0.265,0.095,0.094,1.16,0.53,0.196,0.349,0.349,0.102,0.102,0.963,0.963,0.468,0.468,Centroid of deck,0.00951,0.00951,0.00467,0.00467,0.0179,0.0179,0.466,0.466,0.086,0.086,0.818,0.818,8888,8888,8888,8888,0.925,8888,0.154,Low-pass filtered at 44.7 Hz (10 Hz prototype),8888,8888,S2011SQF1-002 Aegion,http://ssi.civil.ntua.gr/?page_id=415,S2011SQF1-2-LS-1-CriticalPlot.pdf,"P2011SQF1-Report.pdf,                                                 P2011SQF2-Report.pdf,                                            S2011SQF1-OneLayer-AnalyticalSystemProps.pdf",S2011SQF1-Report.pdf,S2011SQF1-Comments.pdf,S2011SQF1-2-LS-1-CriticalData.txt,S2011SQF1-2-LS-1-BaselineCorMotions.txt,S2011SQF1-2-LS-1-ResponseSpectra.txt,N/R,"S2011SQF1-LS-StructPhoto.jpg, S2011SQF1-HS-TestPhoto.jpg",,2011-06-21,2011-06-21,"I. Anastasopoulos, P. Kokkali, A. Tsatsis","small-scale 1g, dry sand, square surface footing, rigid bridge pier",37.9772,23.778865,"A. Tsatsis, A. G. Gavras",2018-08-21,,,
129,S2011SQF1,S2011SQF1-2-LS-2,117,"Tsatsis, A. and Anastasopoulos, I. (2015). ""Performance of rocking systems on shallow improved sand: Shaking table testing."" Frontiers in Built Environment, 1, 9.",Soil-Foundation-Structure Systems Beyond Conventional Seismic Failure Thresholds: Application to New or Existing Structures and Monuments,G. Gazetas,I. Anastasopoulos,ERC,"A. Tsatsis, P. Kokkali","Laboratory of Soil Mechanics, National Technical University of Athens, Greece",Small-scale 1g,1D shake table,Rigid soil container,1.48,0.78,0.645,2011-06-21,2,LS,2,New model,1,0.05,0.2236,0.000125,7777,N/A,Model,0.45,7777,7777,1,None,Longstone Sand,0.45,93,3,7777,7777,7777,7777,1609,0,N/A,7777,7777,7777,7777,7777,7777,7777,7777,7777,N/A,7777,7777,7777,7777,7777,7777,7777,7777,7777,Lumped-mass bridge pier model (footing-parallel walls-deck) with rigid elastic walls,Square,Aluminum,0.15,0.15,7777,7777,7777,0,0,0,0.02,1.215,0.00232,0.01,0,7777,Steel,0.44,14.39,0.244,0.24,19.72,0.238,0.46,35.35,1.037,0.355,0.3467,15.4,0.0015,2.37,9999,13.9,4.6,4.5,9999,0.02022,0.0288,Elastic,0.164,Elastic,0.17,0.132,1D,Kalamata,"1986 Kalamata, Greece",KAL1 T,1,Due to a signal processing error the motion model time was scaled down by a factor approximately 1.1 times smaller than the target T*,0.369,5.26,0.193,0.064,0.1,1.2,0.75,0.105,0.142,0.254,0.082,0.14,0.8,10.45,0.219,0.068,0.081,1.47,0.68,0.257,0.775,1.124,0.185,0.287,1.582,1.114,0.914,0.446,Centroid of deck,0.01638,0.01171,0.00965,0.00498,0.0336,0.0515,-0.325,-0.411,0.082,-0.004,1.488,0.67,8888,8888,8888,8888,1.129,8888,0.185,Low-pass filtered at 44.7 Hz (10 Hz prototype),8888,8888,S2011SQF1-002 Kalamata,http://ssi.civil.ntua.gr/?page_id=415,S2011SQF1-2-LS-2-CriticalPlot.pdf,"P2011SQF1-Report.pdf,                                                 P2011SQF2-Report.pdf,                                            S2011SQF1-OneLayer-AnalyticalSystemProps.pdf",S2011SQF1-Report.pdf,S2011SQF1-Comments.pdf,S2011SQF1-2-LS-2-CriticalData.txt,S2011SQF1-2-LS-2-BaselineCorMotions.txt,S2011SQF1-2-LS-2-ResponseSpectra.txt,N/R,"S2011SQF1-LS-StructPhoto.jpg, S2011SQF1-HS-TestPhoto.jpg",,2011-06-21,2011-06-21,"I. Anastasopoulos, P. Kokkali, A. Tsatsis","small-scale 1g, dry sand, square surface footing, rigid bridge pier",37.9772,23.778865,"A. Tsatsis, A. G. Gavras",2018-08-21,,,
130,S2011SQF1,S2011SQF1-2-LS-3,118,"Tsatsis, A. and Anastasopoulos, I. (2015). ""Performance of rocking systems on shallow improved sand: Shaking table testing."" Frontiers in Built Environment, 1, 9.",Soil-Foundation-Structure Systems Beyond Conventional Seismic Failure Thresholds: Application to New or Existing Structures and Monuments,G. Gazetas,I. Anastasopoulos,ERC,"A. Tsatsis, P. Kokkali","Laboratory of Soil Mechanics, National Technical University of Athens, Greece",Small-scale 1g,1D shake table,Rigid soil container,1.48,0.78,0.645,2011-06-21,2,LS,3,New model,1,0.05,0.2236,0.000125,7777,N/A,Model,0.45,7777,7777,1,None,Longstone Sand,0.45,93,3,7777,7777,7777,7777,1609,0,N/A,7777,7777,7777,7777,7777,7777,7777,7777,7777,N/A,7777,7777,7777,7777,7777,7777,7777,7777,7777,Lumped-mass bridge pier model (footing-parallel walls-deck) with rigid elastic walls,Square,Aluminum,0.15,0.15,7777,7777,7777,0,0,0,0.02,1.215,0.00232,0.01,0,7777,Steel,0.44,14.39,0.244,0.24,19.72,0.238,0.46,35.35,1.037,0.355,0.3467,15.4,0.0015,2.37,9999,13.9,4.6,4.5,9999,0.02022,0.0288,Elastic,0.164,Elastic,0.17,0.132,1D,Lefkada 2003,"2003 Lefkada, Greece",LEF1 155,1,Due to a signal processing error the motion model time was scaled down by a factor approximately 1.1 times smaller than the target T*,0.518,6.04,0.179,0.106,0.093,8.7,2.95,0.131,0.868,1.122,0.401,0.541,1.266,15.13,0.243,0.073,0.084,10.11,2.03,0.368,4.705,5.829,0.864,1.151,2.848,1.934,2.46,1.546,Centroid of deck,0.02963,0.01998,0.02548,0.01583,0.1426,0.1941,0.878,0.795,0.573,0.491,4.409,2.921,8888,8888,8888,8888,1.304,8888,0.218,Low-pass filtered at 44.7 Hz (10 Hz prototype),8888,8888,S2011SQF1-002 Lefkada 2003,http://ssi.civil.ntua.gr/?page_id=415,S2011SQF1-2-LS-3-CriticalPlot.pdf,"P2011SQF1-Report.pdf,                                                 P2011SQF2-Report.pdf,                                            S2011SQF1-OneLayer-AnalyticalSystemProps.pdf",S2011SQF1-Report.pdf,S2011SQF1-Comments.pdf,S2011SQF1-2-LS-3-CriticalData.txt,S2011SQF1-2-LS-3-BaselineCorMotions.txt,S2011SQF1-2-LS-3-ResponseSpectra.txt,N/R,"S2011SQF1-LS-StructPhoto.jpg, S2011SQF1-HS-TestPhoto.jpg",,2011-06-21,2011-06-21,"I. Anastasopoulos, P. Kokkali, A. Tsatsis","small-scale 1g, dry sand, square surface footing, rigid bridge pier",37.9772,23.778865,"A. Tsatsis, A. G. Gavras",2018-08-21,,,
131,S2011SQF1,S2011SQF1-2-LS-4,119,"Tsatsis, A. and Anastasopoulos, I. (2015). ""Performance of rocking systems on shallow improved sand: Shaking table testing."" Frontiers in Built Environment, 1, 9.",Soil-Foundation-Structure Systems Beyond Conventional Seismic Failure Thresholds: Application to New or Existing Structures and Monuments,G. Gazetas,I. Anastasopoulos,ERC,"A. Tsatsis, P. Kokkali","Laboratory of Soil Mechanics, National Technical University of Athens, Greece",Small-scale 1g,1D shake table,Rigid soil container,1.48,0.78,0.645,2011-06-21,2,LS,4,New model,1,0.05,0.2236,0.000125,7777,N/A,Model,0.45,7777,7777,1,None,Longstone Sand,0.45,93,3,7777,7777,7777,7777,1609,0,N/A,7777,7777,7777,7777,7777,7777,7777,7777,7777,N/A,7777,7777,7777,7777,7777,7777,7777,7777,7777,Lumped-mass bridge pier model (footing-parallel walls-deck) with rigid elastic walls,Square,Aluminum,0.15,0.15,7777,7777,7777,0,0,0,0.02,1.215,0.00232,0.01,0,7777,Steel,0.44,14.39,0.244,0.24,19.72,0.238,0.46,35.35,1.037,0.355,0.3467,15.4,0.0015,2.37,9999,13.9,4.6,4.5,9999,0.02022,0.0288,Elastic,0.164,Elastic,0.17,0.132,1D,JMA,"1995 Kobe, Japan",KJMA 000,1,Due to a signal processing error the motion model time was scaled down by a factor approximately 2.2 times smaller than the target T*,0.811,8.7,0.139,0.044,0.069,5.04,1.17,0.208,0.869,1.991,0.266,0.807,1.065,17.55,0.291,0.09,0.087,4.99,0.94,0.379,2.304,8.133,0.412,1.563,4.148,1.688,3.788,1.327,Centroid of deck,0.04144,0.01596,0.03785,0.01236,0.0555,0.2496,1.849,1.276,0.887,0.314,5.55,1.142,8888,8888,8888,8888,1.154,8888,0.207,Low-pass filtered at 44.7 Hz (10 Hz prototype),8888,8888,S2011SQF1-002 JMA_000,http://ssi.civil.ntua.gr/?page_id=415,S2011SQF1-2-LS-4-CriticalPlot.pdf,"P2011SQF1-Report.pdf,                                                 P2011SQF2-Report.pdf,                                            S2011SQF1-OneLayer-AnalyticalSystemProps.pdf",S2011SQF1-Report.pdf,S2011SQF1-Comments.pdf,S2011SQF1-2-LS-4-CriticalData.txt,S2011SQF1-2-LS-4-BaselineCorMotions.txt,S2011SQF1-2-LS-4-ResponseSpectra.txt,N/R,"S2011SQF1-LS-StructPhoto.jpg, S2011SQF1-HS-TestPhoto.jpg",,2011-06-21,2011-06-21,"I. Anastasopoulos, P. Kokkali, A. Tsatsis","small-scale 1g, dry sand, square surface footing, rigid bridge pier",37.9772,23.778865,"A. Tsatsis, A. G. Gavras",2018-08-21,,,
132,S2011SQF1,S2011SQF1-2-LS-5,120,"Tsatsis, A. and Anastasopoulos, I. (2015). ""Performance of rocking systems on shallow improved sand: Shaking table testing."" Frontiers in Built Environment, 1, 9.",Soil-Foundation-Structure Systems Beyond Conventional Seismic Failure Thresholds: Application to New or Existing Structures and Monuments,G. Gazetas,I. Anastasopoulos,ERC,"A. Tsatsis, P. Kokkali","Laboratory of Soil Mechanics, National Technical University of Athens, Greece",Small-scale 1g,1D shake table,Rigid soil container,1.48,0.78,0.645,2011-06-21,2,LS,5,New model,1,0.05,0.2236,0.000125,7777,N/A,Model,0.45,7777,7777,1,None,Longstone Sand,0.45,93,3,7777,7777,7777,7777,1609,0,N/A,7777,7777,7777,7777,7777,7777,7777,7777,7777,N/A,7777,7777,7777,7777,7777,7777,7777,7777,7777,Lumped-mass bridge pier model (footing-parallel walls-deck) with rigid elastic walls,Square,Aluminum,0.15,0.15,7777,7777,7777,0,0,0,0.02,1.215,0.00232,0.01,0,7777,Steel,0.44,14.39,0.244,0.24,19.72,0.238,0.46,35.35,1.037,0.355,0.3467,15.4,0.0015,2.37,9999,13.9,4.6,4.5,9999,0.02022,0.0288,Elastic,0.164,Elastic,0.17,0.132,1D,Rinaldi,"1994 Northridge-01, CA",Rinaldi Receiving Sta 048,1,Due to a signal processing error the motion model time was scaled down by a factor approximately 1.1 times smaller than the target T*,1.019,29.31,1.072,0.123,0.149,2.6,1.41,0.254,1.558,3.549,0.344,1.151,1.554,38.75,1.311,0.078,0.111,2.59,1.8,0.401,4.969,13.102,0.649,2.212,12.069,8.282,11.864,8.076,Centroid of deck,0.13006,0.09222,0.12801,0.09016,0.1858,0.4354,2.613,-2.362,2.447,1.559,6.821,1.271,8888,8888,8888,8888,1.233,8888,0.219,Low-pass filtered at 44.7 Hz (10 Hz prototype),8888,8888,S2011SQF1-002 Rinaldi_228,http://ssi.civil.ntua.gr/?page_id=415,S2011SQF1-2-LS-5-CriticalPlot.pdf,"P2011SQF1-Report.pdf,                                                 P2011SQF2-Report.pdf,                                            S2011SQF1-OneLayer-AnalyticalSystemProps.pdf",S2011SQF1-Report.pdf,S2011SQF1-Comments.pdf,S2011SQF1-2-LS-5-CriticalData.txt,S2011SQF1-2-LS-5-BaselineCorMotions.txt,S2011SQF1-2-LS-5-ResponseSpectra.txt,N/R,"S2011SQF1-LS-StructPhoto.jpg, S2011SQF1-HS-TestPhoto.jpg",,2011-06-21,2011-06-21,"I. Anastasopoulos, P. Kokkali, A. Tsatsis","small-scale 1g, dry sand, square surface footing, rigid bridge pier",37.9772,23.778865,"A. Tsatsis, A. G. Gavras",2018-08-21,,,
133,S2011SQF1,S2011SQF1-3-LS-1,121,"Tsatsis, A. and Anastasopoulos, I. (2015). ""Performance of rocking systems on shallow improved sand: Shaking table testing."" Frontiers in Built Environment, 1, 9.",Soil-Foundation-Structure Systems Beyond Conventional Seismic Failure Thresholds: Application to New or Existing Structures and Monuments,G. Gazetas,I. Anastasopoulos,ERC,"A. Tsatsis, P. Kokkali","Laboratory of Soil Mechanics, National Technical University of Athens, Greece",Small-scale 1g,1D shake table,Rigid soil container,1.48,0.78,0.645,2011-06-24,3,LS,1,New model,1,0.05,0.2236,0.000125,7777,N/A,Model,0.45,7777,7777,1,None,Longstone Sand,0.45,45,3,7777,7777,7777,7777,1448,0,N/A,7777,7777,7777,7777,7777,7777,7777,7777,7777,N/A,7777,7777,7777,7777,7777,7777,7777,7777,7777,Lumped-mass bridge pier model (footing-parallel walls-deck) with rigid elastic walls,Square,Aluminum,0.15,0.15,7777,7777,7777,0,0,0,0.02,1.215,0.00232,0.01,0,7777,Steel,0.44,14.39,0.244,0.24,19.72,0.238,0.46,35.35,1.037,0.355,0.3467,15.4,0.0015,2.37,9999,4.9,2.6,2.6,2.7,0.01583,0.01632,Elastic,0.129,Elastic,0.192,0.187,1D,Sine 9 Hz,N/A,N/A,0.2g,Tapered sine wave with 15 cycles of constant amplitude,0.237,3.73,0.064,0.11,0.108,1.41,1.05,0.143,0.37,0.37,0.169,0.169,0.411,5.75,0.104,0.11,0.109,1.51,1.02,0.229,0.905,0.905,0.256,0.256,1.371,1.371,1.14,1.14,Centroid of deck,0.01447,0.01447,0.0126,0.0126,0.0501,0.0501,0.399,0.399,0.304,0.304,3.922,3.922,8888,8888,8888,8888,0.712,8888,0.125,Low-pass filtered at 44.7 Hz (10 Hz prototype),8888,8888,S2011SQF1-003 sin - 9 Hz - 0.2g,http://ssi.civil.ntua.gr/?page_id=415,S2011SQF1-3-LS-1-CriticalPlot.pdf,"P2011SQF1-Report.pdf,                                                 P2011SQF2-Report.pdf,                                            S2011SQF1-OneLayer-AnalyticalSystemProps.pdf",S2011SQF1-Report.pdf,S2011SQF1-Comments.pdf,S2011SQF1-3-LS-1-CriticalData.txt,S2011SQF1-3-LS-1-BaselineCorMotions.txt,S2011SQF1-3-LS-1-ResponseSpectra.txt,N/R,"S2011SQF1-LS-StructPhoto.jpg, S2011SQF1-HS-TestPhoto.jpg",,2011-06-24,2011-06-24,"I. Anastasopoulos, P. Kokkali, A. Tsatsis","small-scale 1g, dry sand, square surface footing, rigid bridge pier",37.9772,23.778865,"A. Tsatsis, A. G. Gavras",2018-08-21,,,
134,S2011SQF1,S2011SQF1-4-LS-1,122,"Tsatsis, A. and Anastasopoulos, I. (2015). ""Performance of rocking systems on shallow improved sand: Shaking table testing."" Frontiers in Built Environment, 1, 9.",Soil-Foundation-Structure Systems Beyond Conventional Seismic Failure Thresholds: Application to New or Existing Structures and Monuments,G. Gazetas,I. Anastasopoulos,ERC,"A. Tsatsis, P. Kokkali","Laboratory of Soil Mechanics, National Technical University of Athens, Greece",Small-scale 1g,1D shake table,Rigid soil container,1.48,0.78,0.645,2011-06-27,4,LS,1,New model,1,0.05,0.2236,0.000125,7777,N/A,Model,0.45,7777,7777,1,None,Longstone Sand,0.45,45,3,7777,7777,7777,7777,1448,0,N/A,7777,7777,7777,7777,7777,7777,7777,7777,7777,N/A,7777,7777,7777,7777,7777,7777,7777,7777,7777,Lumped-mass bridge pier model (footing-parallel walls-deck) with rigid elastic walls,Square,Aluminum,0.15,0.15,7777,7777,7777,0,0,0,0.02,1.215,0.00232,0.01,0,7777,Steel,0.44,14.39,0.244,0.24,19.72,0.238,0.46,35.35,1.037,0.355,0.3467,15.4,0.0015,2.37,9999,4.9,2.6,2.6,2.7,0.01583,0.01632,Elastic,0.129,Elastic,0.192,0.187,1D,Aegion,"1995 Aegion, Greece",AIGA T,1,Due to a signal processing error the motion model time was scaled down by a factor approximately 1.1 times smaller than the target T*,0.425,7.23,0.146,0.097,0.095,0.99,0.46,0.13,0.133,0.133,0.06,0.06,0.537,11.25,0.238,0.095,0.097,1.17,0.55,0.198,0.366,0.366,0.11,0.11,1.019,1.019,0.885,0.885,Centroid of deck,0.01039,0.01039,0.00927,0.00927,0.015,0.015,0.672,0.672,0.318,0.318,3.886,3.886,8888,8888,8888,8888,0.513,8888,0.084,Low-pass filtered at 44.7 Hz (10 Hz prototype),8888,8888,S2011SQF1-004 Aegion,http://ssi.civil.ntua.gr/?page_id=415,S2011SQF1-4-LS-1-CriticalPlot.pdf,"P2011SQF1-Report.pdf,                                                 P2011SQF2-Report.pdf,                                            S2011SQF1-OneLayer-AnalyticalSystemProps.pdf",S2011SQF1-Report.pdf,S2011SQF1-Comments.pdf,S2011SQF1-4-LS-1-CriticalData.txt,S2011SQF1-4-LS-1-BaselineCorMotions.txt,S2011SQF1-4-LS-1-ResponseSpectra.txt,N/R,"S2011SQF1-LS-StructPhoto.jpg, S2011SQF1-HS-TestPhoto.jpg",,2011-06-27,2011-06-27,"I. Anastasopoulos, P. Kokkali, A. Tsatsis","small-scale 1g, dry sand, square surface footing, rigid bridge pier",37.9772,23.778865,"A. Tsatsis, A. G. Gavras",2018-08-21,,,
135,S2011SQF1,S2011SQF1-4-LS-2,123,"Tsatsis, A. and Anastasopoulos, I. (2015). ""Performance of rocking systems on shallow improved sand: Shaking table testing."" Frontiers in Built Environment, 1, 9.",Soil-Foundation-Structure Systems Beyond Conventional Seismic Failure Thresholds: Application to New or Existing Structures and Monuments,G. Gazetas,I. Anastasopoulos,ERC,"A. Tsatsis, P. Kokkali","Laboratory of Soil Mechanics, National Technical University of Athens, Greece",Small-scale 1g,1D shake table,Rigid soil container,1.48,0.78,0.645,2011-06-27,4,LS,2,New model,1,0.05,0.2236,0.000125,7777,N/A,Model,0.45,7777,7777,1,None,Longstone Sand,0.45,45,3,7777,7777,7777,7777,1448,0,N/A,7777,7777,7777,7777,7777,7777,7777,7777,7777,N/A,7777,7777,7777,7777,7777,7777,7777,7777,7777,Lumped-mass bridge pier model (footing-parallel walls-deck) with rigid elastic walls,Square,Aluminum,0.15,0.15,7777,7777,7777,0,0,0,0.02,1.215,0.00232,0.01,0,7777,Steel,0.44,14.39,0.244,0.24,19.72,0.238,0.46,35.35,1.037,0.355,0.3467,15.4,0.0015,2.37,9999,4.9,2.6,2.6,2.7,0.01583,0.01632,Elastic,0.129,Elastic,0.192,0.187,1D,Kalamata,"1986 Kalamata, Greece",KAL1 T,1,Due to a signal processing error the motion model time was scaled down by a factor approximately 1.1 times smaller than the target T*,0.389,5.53,0.199,0.07,0.1,1.32,0.74,0.11,0.154,0.287,0.082,0.142,0.717,10.33,0.236,0.069,0.083,1.65,0.71,0.254,0.781,1.147,0.191,0.301,3.395,2.511,3.266,2.381,Centroid of deck,0.03585,0.02658,0.03477,0.0255,0.0261,0.0411,1.186,0.867,1.176,0.857,7.217,3.331,8888,8888,8888,8888,0.635,8888,0.108,Low-pass filtered at 44.7 Hz (10 Hz prototype),8888,8888,S2011SQF1-004 Kalamata,http://ssi.civil.ntua.gr/?page_id=415,S2011SQF1-4-LS-2-CriticalPlot.pdf,"P2011SQF1-Report.pdf,                                                 P2011SQF2-Report.pdf,                                            S2011SQF1-OneLayer-AnalyticalSystemProps.pdf",S2011SQF1-Report.pdf,S2011SQF1-Comments.pdf,S2011SQF1-4-LS-2-CriticalData.txt,S2011SQF1-4-LS-2-BaselineCorMotions.txt,S2011SQF1-4-LS-2-ResponseSpectra.txt,N/R,"S2011SQF1-LS-StructPhoto.jpg, S2011SQF1-HS-TestPhoto.jpg",,2011-06-27,2011-06-27,"I. Anastasopoulos, P. Kokkali, A. Tsatsis","small-scale 1g, dry sand, square surface footing, rigid bridge pier",37.9772,23.778865,"A. Tsatsis, A. G. Gavras",2018-08-21,,,
136,S2011SQF1,S2011SQF1-5-LS-1,124,"Tsatsis, A. and Anastasopoulos, I. (2015). ""Performance of rocking systems on shallow improved sand: Shaking table testing."" Frontiers in Built Environment, 1, 9.",Soil-Foundation-Structure Systems Beyond Conventional Seismic Failure Thresholds: Application to New or Existing Structures and Monuments,G. Gazetas,I. Anastasopoulos,ERC,"A. Tsatsis, P. Kokkali","Laboratory of Soil Mechanics, National Technical University of Athens, Greece",Small-scale 1g,1D shake table,Rigid soil container,1.48,0.78,0.645,2011-06-28,5,LS,1,New model,1,0.05,0.2236,0.000125,7777,N/A,Model,0.45,7777,7777,2,None,Longstone Sand,0.15,93,3,7777,7777,7777,7777,1609,0,Longstone Sand,0.3,45,3,7777,7777,7777,7777,1448,0,N/A,7777,7777,7777,7777,7777,7777,7777,7777,7777,Lumped-mass bridge pier model (footing-parallel walls-deck) with rigid elastic walls,Square,Aluminum,0.15,0.15,7777,7777,7777,0,0,0,0.02,1.215,0.00232,0.01,0,7777,Steel,0.44,14.39,0.244,0.24,19.72,0.238,0.46,35.35,1.037,0.355,0.3467,15.4,0.0015,2.37,9999,9.8,3.8,3.7,9999,0.01904,0.02428,Elastic,0.155,Elastic,0.175,0.159,1D,Sine 9 Hz,N/A,N/A,0.2g,Tapered sine wave with 15 cycles of constant amplitude,0.237,3.7,0.063,0.11,0.108,1.41,1.03,0.141,0.348,0.348,0.162,0.162,0.424,5.62,0.1,0.11,0.109,1.39,1.01,0.219,0.826,0.826,0.244,0.244,0.357,0.357,0.051,0.051,Centroid of deck,0.00405,0.00405,0.00117,0.00117,0.0628,0.0628,0.445,0.445,0.441,0.441,1.926,1.926,0,0,8888,8888,0.997,8888,0.165,Low-pass filtered at 44.7 Hz (10 Hz prototype),8888,8888,S2011SQF1-005 sin - 9 Hz - 0.2g,http://ssi.civil.ntua.gr/?page_id=415,S2011SQF1-5-LS-1-CriticalPlot.pdf,"P2011SQF1-Report.pdf,                                                 P2011SQF2-Report.pdf,                                            S2011SQF1-TwoLayer-AnalyticalSystemProps.pdf",S2011SQF1-Report.pdf,S2011SQF1-Comments.pdf,S2011SQF1-5-LS-1-CriticalData.txt,S2011SQF1-5-LS-1-BaselineCorMotions.txt,S2011SQF1-5-LS-1-ResponseSpectra.txt,N/R,"S2011SQF1-LS-StructPhoto.jpg, S2011SQF1-HS-TestPhoto.jpg",,2011-06-28,2011-06-28,"I. Anastasopoulos, P. Kokkali, A. Tsatsis","small-scale 1g, dry sand, two-layered soil, square surface footing, rigid bridge pier",37.9772,23.778865,"A. Tsatsis, A. G. Gavras",2018-08-21,,,
137,S2011SQF1,S2011SQF1-5-LS-2,125,"Tsatsis, A. and Anastasopoulos, I. (2015). ""Performance of rocking systems on shallow improved sand: Shaking table testing."" Frontiers in Built Environment, 1, 9.",Soil-Foundation-Structure Systems Beyond Conventional Seismic Failure Thresholds: Application to New or Existing Structures and Monuments,G. Gazetas,I. Anastasopoulos,ERC,"A. Tsatsis, P. Kokkali","Laboratory of Soil Mechanics, National Technical University of Athens, Greece",Small-scale 1g,1D shake table,Rigid soil container,1.48,0.78,0.645,2011-06-28,5,LS,2,New model,1,0.05,0.2236,0.000125,7777,N/A,Model,0.45,7777,7777,2,None,Longstone Sand,0.15,93,3,7777,7777,7777,7777,1609,0,Longstone Sand,0.3,45,3,7777,7777,7777,7777,1448,0,N/A,7777,7777,7777,7777,7777,7777,7777,7777,7777,Lumped-mass bridge pier model (footing-parallel walls-deck) with rigid elastic walls,Square,Aluminum,0.15,0.15,7777,7777,7777,0,0,0,0.02,1.215,0.00232,0.01,0,7777,Steel,0.44,14.39,0.244,0.24,19.72,0.238,0.46,35.35,1.037,0.355,0.3467,15.4,0.0015,2.37,9999,9.8,3.8,3.7,9999,0.01904,0.02428,Elastic,0.155,Elastic,0.175,0.159,1D,Sine 9 Hz,N/A,N/A,0.4g,Tapered sine wave with 15 cycles of constant amplitude,0.498,6.99,0.122,0.11,0.109,1.75,1.09,0.275,1.409,1.757,0.329,0.491,0.829,12.95,0.218,0.11,0.108,1.83,1.08,0.479,4.219,5.045,0.565,0.809,1.62,1.569,1.324,1.273,Centroid of deck,0.01849,0.01732,0.0157,0.01452,0.1227,0.1855,1.162,-0.915,0.833,0.391,10.703,8.777,1.107,1.106,8888,8888,1.103,8888,0.181,Low-pass filtered at 44.7 Hz (10 Hz prototype),8888,8888,S2011SQF1-005 sin - 9 Hz - 0.4g,http://ssi.civil.ntua.gr/?page_id=415,S2011SQF1-5-LS-2-CriticalPlot.pdf,"P2011SQF1-Report.pdf,                                                 P2011SQF2-Report.pdf,                                            S2011SQF1-TwoLayer-AnalyticalSystemProps.pdf",S2011SQF1-Report.pdf,S2011SQF1-Comments.pdf,S2011SQF1-5-LS-2-CriticalData.txt,S2011SQF1-5-LS-2-BaselineCorMotions.txt,S2011SQF1-5-LS-2-ResponseSpectra.txt,N/R,"S2011SQF1-LS-StructPhoto.jpg, S2011SQF1-HS-TestPhoto.jpg",,2011-06-28,2011-06-28,"I. Anastasopoulos, P. Kokkali, A. Tsatsis","small-scale 1g, dry sand, two-layered soil, square surface footing, rigid bridge pier",37.9772,23.778865,"A. Tsatsis, A. G. Gavras",2018-08-21,,,
138,S2011SQF1,S2011SQF1-5-LS-3,126,"Tsatsis, A. and Anastasopoulos, I. (2015). ""Performance of rocking systems on shallow improved sand: Shaking table testing."" Frontiers in Built Environment, 1, 9.",Soil-Foundation-Structure Systems Beyond Conventional Seismic Failure Thresholds: Application to New or Existing Structures and Monuments,G. Gazetas,I. Anastasopoulos,ERC,"A. Tsatsis, P. Kokkali","Laboratory of Soil Mechanics, National Technical University of Athens, Greece",Small-scale 1g,1D shake table,Rigid soil container,1.48,0.78,0.645,2011-06-28,5,LS,3,New model,1,0.05,0.2236,0.000125,7777,N/A,Model,0.45,7777,7777,2,None,Longstone Sand,0.15,93,3,7777,7777,7777,7777,1609,0,Longstone Sand,0.3,45,3,7777,7777,7777,7777,1448,0,N/A,7777,7777,7777,7777,7777,7777,7777,7777,7777,Lumped-mass bridge pier model (footing-parallel walls-deck) with rigid elastic walls,Square,Aluminum,0.15,0.15,7777,7777,7777,0,0,0,0.02,1.215,0.00232,0.01,0,7777,Steel,0.44,14.39,0.244,0.24,19.72,0.238,0.46,35.35,1.037,0.355,0.3467,15.4,0.0015,2.37,9999,9.8,3.8,3.7,9999,0.01904,0.02428,Elastic,0.155,Elastic,0.175,0.159,1D,Sine 4.5 Hz,N/A,N/A,0.2g,Tapered sine wave with 15 cycles of constant amplitude,0.183,4.86,0.159,0.197,0.195,2.38,1.91,0.108,0.383,2.14,0.221,0.712,0.225,5.02,0.175,0.198,0.188,2.43,1.89,0.122,0.481,5.526,0.228,1.037,2.703,1.378,1.989,0.665,Centroid of deck,0.02896,0.01326,0.02234,0.00664,0.1394,0.3249,1.468,0.636,1.148,0.315,11.617,0.915,1.107,0,8888,8888,1.056,8888,0.18,Low-pass filtered at 44.7 Hz (10 Hz prototype),8888,8888,S2011SQF1-005 sin - 4.5 Hz - 0.2g,http://ssi.civil.ntua.gr/?page_id=415,S2011SQF1-5-LS-3-CriticalPlot.pdf,"P2011SQF1-Report.pdf,                                                 P2011SQF2-Report.pdf,                                            S2011SQF1-TwoLayer-AnalyticalSystemProps.pdf",S2011SQF1-Report.pdf,S2011SQF1-Comments.pdf,S2011SQF1-5-LS-3-CriticalData.txt,S2011SQF1-5-LS-3-BaselineCorMotions.txt,S2011SQF1-5-LS-3-ResponseSpectra.txt,N/R,"S2011SQF1-LS-StructPhoto.jpg, S2011SQF1-HS-TestPhoto.jpg",,2011-06-28,2011-06-28,"I. Anastasopoulos, P. Kokkali, A. Tsatsis","small-scale 1g, dry sand, two-layered soil, square surface footing, rigid bridge pier",37.9772,23.778865,"A. Tsatsis, A. G. Gavras",2018-08-21,,,
139,S2011SQF1,S2011SQF1-5-LS-4,127,"Tsatsis, A. and Anastasopoulos, I. (2015). ""Performance of rocking systems on shallow improved sand: Shaking table testing."" Frontiers in Built Environment, 1, 9.",Soil-Foundation-Structure Systems Beyond Conventional Seismic Failure Thresholds: Application to New or Existing Structures and Monuments,G. Gazetas,I. Anastasopoulos,ERC,"A. Tsatsis, P. Kokkali","Laboratory of Soil Mechanics, National Technical University of Athens, Greece",Small-scale 1g,1D shake table,Rigid soil container,1.48,0.78,0.645,2011-06-28,5,LS,4,New model,1,0.05,0.2236,0.000125,7777,N/A,Model,0.45,7777,7777,2,None,Longstone Sand,0.15,93,3,7777,7777,7777,7777,1609,0,Longstone Sand,0.3,45,3,7777,7777,7777,7777,1448,0,N/A,7777,7777,7777,7777,7777,7777,7777,7777,7777,Lumped-mass bridge pier model (footing-parallel walls-deck) with rigid elastic walls,Square,Aluminum,0.15,0.15,7777,7777,7777,0,0,0,0.02,1.215,0.00232,0.01,0,7777,Steel,0.44,14.39,0.244,0.24,19.72,0.238,0.46,35.35,1.037,0.355,0.3467,15.4,0.0015,2.37,9999,9.8,3.8,3.7,9999,0.01904,0.02428,Elastic,0.155,Elastic,0.175,0.159,1D,Sine 4.5 Hz,N/A,N/A,0.4g,Tapered sine wave with 15 cycles of constant amplitude,0.357,11.75,0.371,0.197,0.199,2.71,1.95,0.256,2.173,4.313,0.553,1.265,0.557,11.93,0.423,0.198,0.189,2.7,1.93,0.296,2.883,8.409,0.56,1.597,5.949,3.96,4.723,2.734,Centroid of deck,0.06118,0.03884,0.04897,0.02664,0.2862,0.6111,2.766,1.618,2.435,1.287,13.003,1.386,1.283,0.177,8888,8888,1.206,8888,0.217,Low-pass filtered at 44.7 Hz (10 Hz prototype),8888,8888,S2011SQF1-005 sin - 4.5 Hz - 0.4g,http://ssi.civil.ntua.gr/?page_id=415,S2011SQF1-5-LS-4-CriticalPlot.pdf,"P2011SQF1-Report.pdf,                                                 P2011SQF2-Report.pdf,                                            S2011SQF1-TwoLayer-AnalyticalSystemProps.pdf",S2011SQF1-Report.pdf,S2011SQF1-Comments.pdf,S2011SQF1-5-LS-4-CriticalData.txt,S2011SQF1-5-LS-4-BaselineCorMotions.txt,S2011SQF1-5-LS-4-ResponseSpectra.txt,N/R,"S2011SQF1-LS-StructPhoto.jpg, S2011SQF1-HS-TestPhoto.jpg",,2011-06-28,2011-06-28,"I. Anastasopoulos, P. Kokkali, A. Tsatsis","small-scale 1g, dry sand, two-layered soil, square surface footing, rigid bridge pier",37.9772,23.778865,"A. Tsatsis, A. G. Gavras",2018-08-21,,,
140,S2011SQF1,S2011SQF1-5-LS-5,128,"Tsatsis, A. and Anastasopoulos, I. (2015). ""Performance of rocking systems on shallow improved sand: Shaking table testing."" Frontiers in Built Environment, 1, 9.",Soil-Foundation-Structure Systems Beyond Conventional Seismic Failure Thresholds: Application to New or Existing Structures and Monuments,G. Gazetas,I. Anastasopoulos,ERC,"A. Tsatsis, P. Kokkali","Laboratory of Soil Mechanics, National Technical University of Athens, Greece",Small-scale 1g,1D shake table,Rigid soil container,1.48,0.78,0.645,2011-06-28,5,LS,5,New model,1,0.05,0.2236,0.000125,7777,N/A,Model,0.45,7777,7777,2,None,Longstone Sand,0.15,93,3,7777,7777,7777,7777,1609,0,Longstone Sand,0.3,45,3,7777,7777,7777,7777,1448,0,N/A,7777,7777,7777,7777,7777,7777,7777,7777,7777,Lumped-mass bridge pier model (footing-parallel walls-deck) with rigid elastic walls,Square,Aluminum,0.15,0.15,7777,7777,7777,0,0,0,0.02,1.215,0.00232,0.01,0,7777,Steel,0.44,14.39,0.244,0.24,19.72,0.238,0.46,35.35,1.037,0.355,0.3467,15.4,0.0015,2.37,9999,9.8,3.8,3.7,9999,0.01904,0.02428,Elastic,0.155,Elastic,0.175,0.159,1D,Pacoima Dam,"1971 San Fernando, CA",Pacoima Dam (upper left abut) 164,1,None,1.23,20.7,1.083,0.086,0.093,9.48,1.83,0.287,2.576,6.889,0.613,1.878,2.272,21.95,1.139,0.088,0.088,9.55,1.86,0.452,6.517,14.926,0.971,2.568,8.989,4.266,8.838,4.115,Centroid of deck,0.09354,0.04457,0.09183,0.04285,0.2527,0.8638,4.523,2.088,3.928,1.493,17.066,4.063,1.62,0.337,8888,8888,1.344,8888,0.229,Low-pass filtered at 44.7 Hz (10 Hz prototype),8888,8888,S2011SQF1-005 Pacoima Dam_164,http://ssi.civil.ntua.gr/?page_id=415,S2011SQF1-5-LS-5-CriticalPlot.pdf,"P2011SQF1-Report.pdf,                                                 P2011SQF2-Report.pdf,                                            S2011SQF1-TwoLayer-AnalyticalSystemProps.pdf",S2011SQF1-Report.pdf,S2011SQF1-Comments.pdf,S2011SQF1-5-LS-5-CriticalData.txt,S2011SQF1-5-LS-5-BaselineCorMotions.txt,S2011SQF1-5-LS-5-ResponseSpectra.txt,N/R,"S2011SQF1-LS-StructPhoto.jpg, S2011SQF1-HS-TestPhoto.jpg",,2011-06-28,2011-06-28,"I. Anastasopoulos, P. Kokkali, A. Tsatsis","small-scale 1g, dry sand, two-layered soil, square surface footing, rigid bridge pier",37.9772,23.778865,"A. Tsatsis, A. G. Gavras",2018-08-21,,,
141,S2011SQF1,S2011SQF1-5-LS-6,129,"Tsatsis, A. and Anastasopoulos, I. (2015). ""Performance of rocking systems on shallow improved sand: Shaking table testing."" Frontiers in Built Environment, 1, 9.",Soil-Foundation-Structure Systems Beyond Conventional Seismic Failure Thresholds: Application to New or Existing Structures and Monuments,G. Gazetas,I. Anastasopoulos,ERC,"A. Tsatsis, P. Kokkali","Laboratory of Soil Mechanics, National Technical University of Athens, Greece",Small-scale 1g,1D shake table,Rigid soil container,1.48,0.78,0.645,2011-06-28,5,LS,6,New model,1,0.05,0.2236,0.000125,7777,N/A,Model,0.45,7777,7777,2,None,Longstone Sand,0.15,93,3,7777,7777,7777,7777,1609,0,Longstone Sand,0.3,45,3,7777,7777,7777,7777,1448,0,N/A,7777,7777,7777,7777,7777,7777,7777,7777,7777,Lumped-mass bridge pier model (footing-parallel walls-deck) with rigid elastic walls,Square,Aluminum,0.15,0.15,7777,7777,7777,0,0,0,0.02,1.215,0.00232,0.01,0,7777,Steel,0.44,14.39,0.244,0.24,19.72,0.238,0.46,35.35,1.037,0.355,0.3467,15.4,0.0015,2.37,9999,9.8,3.8,3.7,9999,0.01904,0.02428,Elastic,0.155,Elastic,0.175,0.159,1D,Sakarya,"1999 Kocaeli, Turkey",Sakarya 090,1,None,0.454,7,0.527,0.021,0.071,4.21,1.92,0.13,0.56,7.449,0.265,2.143,0.833,11.35,0.575,0.072,0.062,4.34,1.81,0.279,2.412,17.338,0.532,3.1,11.795,2.957,11.378,2.54,Centroid of deck,0.12066,0.02883,0.1173,0.02547,0.0706,0.9344,3.961,0.034,3.956,0.029,18.065,0.999,1.788,0.168,8888,8888,1.199,8888,0.219,Low-pass filtered at 44.7 Hz (10 Hz prototype),8888,8888,S2011SQF1-005 Sakarya,http://ssi.civil.ntua.gr/?page_id=415,S2011SQF1-5-LS-6-CriticalPlot.pdf,"P2011SQF1-Report.pdf,                                                 P2011SQF2-Report.pdf,                                            S2011SQF1-TwoLayer-AnalyticalSystemProps.pdf",S2011SQF1-Report.pdf,S2011SQF1-Comments.pdf,S2011SQF1-5-LS-6-CriticalData.txt,S2011SQF1-5-LS-6-BaselineCorMotions.txt,S2011SQF1-5-LS-6-ResponseSpectra.txt,N/R,"S2011SQF1-LS-StructPhoto.jpg, S2011SQF1-HS-TestPhoto.jpg",,2011-06-28,2011-06-28,"I. Anastasopoulos, P. Kokkali, A. Tsatsis","small-scale 1g, dry sand, two-layered soil, square surface footing, rigid bridge pier",37.9772,23.778865,"A. Tsatsis, A. G. Gavras",2018-08-21,,,
142,S2011SQF1,S2011SQF1-6-LS-1,130,"Tsatsis, A. and Anastasopoulos, I. (2015). ""Performance of rocking systems on shallow improved sand: Shaking table testing."" Frontiers in Built Environment, 1, 9.",Soil-Foundation-Structure Systems Beyond Conventional Seismic Failure Thresholds: Application to New or Existing Structures and Monuments,G. Gazetas,I. Anastasopoulos,ERC,"A. Tsatsis, P. Kokkali","Laboratory of Soil Mechanics, National Technical University of Athens, Greece",Small-scale 1g,1D shake table,Rigid soil container,1.48,0.78,0.645,2011-06-29,6,LS,1,New model,1,0.05,0.2236,0.000125,7777,N/A,Model,0.45,7777,7777,2,None,Longstone Sand,0.15,93,3,7777,7777,7777,7777,1609,0,Longstone Sand,0.3,45,3,7777,7777,7777,7777,1448,0,N/A,7777,7777,7777,7777,7777,7777,7777,7777,7777,Lumped-mass bridge pier model (footing-parallel walls-deck) with rigid elastic walls,Square,Aluminum,0.15,0.15,7777,7777,7777,0,0,0,0.02,1.215,0.00232,0.01,0,7777,Steel,0.44,14.39,0.244,0.24,19.72,0.238,0.46,35.35,1.037,0.355,0.3467,15.4,0.0015,2.37,9999,9.8,3.8,3.7,9999,0.01904,0.02428,Elastic,0.155,Elastic,0.175,0.159,1D,Aegion,"1995 Aegion, Greece",AIGA T,1,Due to a signal processing error the motion model time was scaled down by a factor approximately 1.1 times smaller than the target T*,0.425,7.1,0.15,0.097,0.097,1.17,0.49,0.122,0.126,0.126,0.059,0.059,0.621,10.93,0.228,0.094,0.094,1.16,0.55,0.204,0.389,0.389,0.111,0.111,0.828,0.828,0.205,0.205,Centroid of deck,0.00827,0.00827,0.00203,0.00203,0.0161,0.0161,0.565,0.565,0.161,0.161,1.966,1.966,0.169,0.169,8888,8888,0.881,8888,0.141,Low-pass filtered at 44.7 Hz (10 Hz prototype),8888,8888,S2011SQF1-006 Aegion,http://ssi.civil.ntua.gr/?page_id=415,S2011SQF1-6-LS-1-CriticalPlot.pdf,"P2011SQF1-Report.pdf,                                                 P2011SQF2-Report.pdf,                                            S2011SQF1-TwoLayer-AnalyticalSystemProps.pdf",S2011SQF1-Report.pdf,S2011SQF1-Comments.pdf,S2011SQF1-6-LS-1-CriticalData.txt,S2011SQF1-6-LS-1-BaselineCorMotions.txt,S2011SQF1-6-LS-1-ResponseSpectra.txt,N/R,"S2011SQF1-LS-StructPhoto.jpg, S2011SQF1-HS-TestPhoto.jpg",,2011-06-29,2011-06-29,"I. Anastasopoulos, P. Kokkali, A. Tsatsis","small-scale 1g, dry sand, two-layered soil, square surface footing, rigid bridge pier",37.9772,23.778865,"A. Tsatsis, A. G. Gavras",2018-08-21,,,
143,S2011SQF1,S2011SQF1-6-LS-2,131,"Tsatsis, A. and Anastasopoulos, I. (2015). ""Performance of rocking systems on shallow improved sand: Shaking table testing."" Frontiers in Built Environment, 1, 9.",Soil-Foundation-Structure Systems Beyond Conventional Seismic Failure Thresholds: Application to New or Existing Structures and Monuments,G. Gazetas,I. Anastasopoulos,ERC,"A. Tsatsis, P. Kokkali","Laboratory of Soil Mechanics, National Technical University of Athens, Greece",Small-scale 1g,1D shake table,Rigid soil container,1.48,0.78,0.645,2011-06-29,6,LS,2,New model,1,0.05,0.2236,0.000125,7777,N/A,Model,0.45,7777,7777,2,None,Longstone Sand,0.15,93,3,7777,7777,7777,7777,1609,0,Longstone Sand,0.3,45,3,7777,7777,7777,7777,1448,0,N/A,7777,7777,7777,7777,7777,7777,7777,7777,7777,Lumped-mass bridge pier model (footing-parallel walls-deck) with rigid elastic walls,Square,Aluminum,0.15,0.15,7777,7777,7777,0,0,0,0.02,1.215,0.00232,0.01,0,7777,Steel,0.44,14.39,0.244,0.24,19.72,0.238,0.46,35.35,1.037,0.355,0.3467,15.4,0.0015,2.37,9999,9.8,3.8,3.7,9999,0.01904,0.02428,Elastic,0.155,Elastic,0.175,0.159,1D,Kalamata,"1986 Kalamata, Greece",KAL1 T,1,Due to a signal processing error the motion model time was scaled down by a factor approximately 1.1 times smaller than the target T*,0.38,5.46,0.199,0.064,0.098,1.32,0.75,0.11,0.156,0.282,0.084,0.143,0.888,10.88,0.232,0.068,0.08,1.37,0.71,0.27,0.881,1.27,0.197,0.308,1.368,1.164,0.664,0.46,Centroid of deck,0.01442,0.01239,0.00718,0.00515,0.0312,0.0473,0.506,-0.592,0.006,-0.155,3.562,1.596,0.493,0.325,8888,8888,1.039,8888,0.176,Low-pass filtered at 44.7 Hz (10 Hz prototype),8888,8888,S2011SQF1-006 Kalamata,http://ssi.civil.ntua.gr/?page_id=415,S2011SQF1-6-LS-2-CriticalPlot.pdf,"P2011SQF1-Report.pdf,                                                 P2011SQF2-Report.pdf,                                            S2011SQF1-TwoLayer-AnalyticalSystemProps.pdf",S2011SQF1-Report.pdf,S2011SQF1-Comments.pdf,S2011SQF1-6-LS-2-CriticalData.txt,S2011SQF1-6-LS-2-BaselineCorMotions.txt,S2011SQF1-6-LS-2-ResponseSpectra.txt,N/R,"S2011SQF1-LS-StructPhoto.jpg, S2011SQF1-HS-TestPhoto.jpg",,2011-06-29,2011-06-29,"I. Anastasopoulos, P. Kokkali, A. Tsatsis","small-scale 1g, dry sand, two-layered soil, square surface footing, rigid bridge pier",37.9772,23.778865,"A. Tsatsis, A. G. Gavras",2018-08-21,,,
144,S2011SQF1,S2011SQF1-6-LS-3,132,"Tsatsis, A. and Anastasopoulos, I. (2015). ""Performance of rocking systems on shallow improved sand: Shaking table testing."" Frontiers in Built Environment, 1, 9.",Soil-Foundation-Structure Systems Beyond Conventional Seismic Failure Thresholds: Application to New or Existing Structures and Monuments,G. Gazetas,I. Anastasopoulos,ERC,"A. Tsatsis, P. Kokkali","Laboratory of Soil Mechanics, National Technical University of Athens, Greece",Small-scale 1g,1D shake table,Rigid soil container,1.48,0.78,0.645,2011-06-29,6,LS,3,New model,1,0.05,0.2236,0.000125,7777,N/A,Model,0.45,7777,7777,2,None,Longstone Sand,0.15,93,3,7777,7777,7777,7777,1609,0,Longstone Sand,0.3,45,3,7777,7777,7777,7777,1448,0,N/A,7777,7777,7777,7777,7777,7777,7777,7777,7777,Lumped-mass bridge pier model (footing-parallel walls-deck) with rigid elastic walls,Square,Aluminum,0.15,0.15,7777,7777,7777,0,0,0,0.02,1.215,0.00232,0.01,0,7777,Steel,0.44,14.39,0.244,0.24,19.72,0.238,0.46,35.35,1.037,0.355,0.3467,15.4,0.0015,2.37,9999,9.8,3.8,3.7,9999,0.01904,0.02428,Elastic,0.155,Elastic,0.175,0.159,1D,Lefkada 2003,"2003 Lefkada, Greece",LEF1 155,1,Due to a signal processing error the motion model time was scaled down by a factor approximately 1.1 times smaller than the target T*,0.653,6.42,0.179,0.073,0.092,9.32,2.87,0.146,1.046,1.328,0.438,0.581,1.418,14.59,0.248,0.073,0.083,10.18,2.3,0.351,4.853,6.123,0.895,1.203,1.42,-0.844,1.035,0.371,Centroid of deck,0.01561,-0.00886,0.01159,0.00441,0.125,0.1723,1.63,1.624,0.498,0.491,9.259,5.698,1.357,0.863,8888,8888,1.171,8888,0.194,Low-pass filtered at 44.7 Hz (10 Hz prototype),8888,8888,S2011SQF1-006 Lefkada 2003,http://ssi.civil.ntua.gr/?page_id=415,S2011SQF1-6-LS-3-CriticalPlot.pdf,"P2011SQF1-Report.pdf,                                                 P2011SQF2-Report.pdf,                                            S2011SQF1-TwoLayer-AnalyticalSystemProps.pdf",S2011SQF1-Report.pdf,S2011SQF1-Comments.pdf,S2011SQF1-6-LS-3-CriticalData.txt,S2011SQF1-6-LS-3-BaselineCorMotions.txt,S2011SQF1-6-LS-3-ResponseSpectra.txt,N/R,"S2011SQF1-LS-StructPhoto.jpg, S2011SQF1-HS-TestPhoto.jpg",,2011-06-29,2011-06-29,"I. Anastasopoulos, P. Kokkali, A. Tsatsis","small-scale 1g, dry sand, two-layered soil, square surface footing, rigid bridge pier",37.9772,23.778865,"A. Tsatsis, A. G. Gavras",2018-08-21,,,
145,S2011SQF1,S2011SQF1-6-LS-4,133,"Tsatsis, A. and Anastasopoulos, I. (2015). ""Performance of rocking systems on shallow improved sand: Shaking table testing."" Frontiers in Built Environment, 1, 9.",Soil-Foundation-Structure Systems Beyond Conventional Seismic Failure Thresholds: Application to New or Existing Structures and Monuments,G. Gazetas,I. Anastasopoulos,ERC,"A. Tsatsis, P. Kokkali","Laboratory of Soil Mechanics, National Technical University of Athens, Greece",Small-scale 1g,1D shake table,Rigid soil container,1.48,0.78,0.645,2011-06-29,6,LS,4,New model,1,0.05,0.2236,0.000125,7777,N/A,Model,0.45,7777,7777,2,None,Longstone Sand,0.15,93,3,7777,7777,7777,7777,1609,0,Longstone Sand,0.3,45,3,7777,7777,7777,7777,1448,0,N/A,7777,7777,7777,7777,7777,7777,7777,7777,7777,Lumped-mass bridge pier model (footing-parallel walls-deck) with rigid elastic walls,Square,Aluminum,0.15,0.15,7777,7777,7777,0,0,0,0.02,1.215,0.00232,0.01,0,7777,Steel,0.44,14.39,0.244,0.24,19.72,0.238,0.46,35.35,1.037,0.355,0.3467,15.4,0.0015,2.37,9999,9.8,3.8,3.7,9999,0.01904,0.02428,Elastic,0.155,Elastic,0.175,0.159,1D,JMA,"1995 Kobe, Japan",KJMA 000,1,Due to a signal processing error the motion model time was scaled down by a factor approximately 2.2 times smaller than the target T*,0.848,9.2,0.153,0.044,0.069,4.93,1.17,0.219,0.956,2.284,0.277,0.858,1.196,16.04,0.307,0.09,0.085,5.02,1.06,0.357,2.305,8.428,0.415,1.618,1.907,0.872,1.396,0.361,Centroid of deck,0.01963,-0.00907,0.01471,0.00311,0.0541,0.2264,1.806,1.308,0.828,0.331,11.229,1.97,1.845,0.488,8888,8888,1.165,8888,0.197,Low-pass filtered at 44.7 Hz (10 Hz prototype),8888,8888,S2011SQF1-006 JMA_000,http://ssi.civil.ntua.gr/?page_id=415,S2011SQF1-6-LS-4-CriticalPlot.pdf,"P2011SQF1-Report.pdf,                                                 P2011SQF2-Report.pdf,                                            S2011SQF1-TwoLayer-AnalyticalSystemProps.pdf",S2011SQF1-Report.pdf,S2011SQF1-Comments.pdf,S2011SQF1-6-LS-4-CriticalData.txt,S2011SQF1-6-LS-4-BaselineCorMotions.txt,S2011SQF1-6-LS-4-ResponseSpectra.txt,N/R,"S2011SQF1-LS-StructPhoto.jpg, S2011SQF1-HS-TestPhoto.jpg",,2011-06-29,2011-06-29,"I. Anastasopoulos, P. Kokkali, A. Tsatsis","small-scale 1g, dry sand, two-layered soil, square surface footing, rigid bridge pier",37.9772,23.778865,"A. Tsatsis, A. G. Gavras",2018-08-21,,,
146,S2011SQF1,S2011SQF1-6-LS-5,134,"Tsatsis, A. and Anastasopoulos, I. (2015). ""Performance of rocking systems on shallow improved sand: Shaking table testing."" Frontiers in Built Environment, 1, 9.",Soil-Foundation-Structure Systems Beyond Conventional Seismic Failure Thresholds: Application to New or Existing Structures and Monuments,G. Gazetas,I. Anastasopoulos,ERC,"A. Tsatsis, P. Kokkali","Laboratory of Soil Mechanics, National Technical University of Athens, Greece",Small-scale 1g,1D shake table,Rigid soil container,1.48,0.78,0.645,2011-06-29,6,LS,5,New model,1,0.05,0.2236,0.000125,7777,N/A,Model,0.45,7777,7777,2,None,Longstone Sand,0.15,93,3,7777,7777,7777,7777,1609,0,Longstone Sand,0.3,45,3,7777,7777,7777,7777,1448,0,N/A,7777,7777,7777,7777,7777,7777,7777,7777,7777,Lumped-mass bridge pier model (footing-parallel walls-deck) with rigid elastic walls,Square,Aluminum,0.15,0.15,7777,7777,7777,0,0,0,0.02,1.215,0.00232,0.01,0,7777,Steel,0.44,14.39,0.244,0.24,19.72,0.238,0.46,35.35,1.037,0.355,0.3467,15.4,0.0015,2.37,9999,9.8,3.8,3.7,9999,0.01904,0.02428,Elastic,0.155,Elastic,0.175,0.159,1D,Rinaldi,"1994 Northridge-01, CA",Rinaldi Receiving Sta 048,1,Due to a signal processing error the motion model time was scaled down by a factor approximately 1.1 times smaller than the target T*,1.066,29.88,1.066,0.123,0.143,2.6,1.41,0.262,1.662,3.946,0.357,1.215,1.561,39.43,1.309,0.078,0.109,2.59,1.81,0.407,5.134,13.562,0.662,2.28,5.274,3.878,3.047,1.651,Centroid of deck,0.05836,0.04366,0.03805,0.02335,0.1597,0.3861,9999,9999,9999,9999,14.486,3.257,1.687,-0.158,8888,8888,1.523,8888,0.208,Low-pass filtered at 44.7 Hz (10 Hz prototype),8888,8888,S2011SQF1-006 Rinaldi_228,http://ssi.civil.ntua.gr/?page_id=415,S2011SQF1-6-LS-5-CriticalPlot.pdf,"P2011SQF1-Report.pdf,                                                 P2011SQF2-Report.pdf,                                            S2011SQF1-TwoLayer-AnalyticalSystemProps.pdf",S2011SQF1-Report.pdf,S2011SQF1-Comments.pdf,S2011SQF1-6-LS-5-CriticalData.txt,S2011SQF1-6-LS-5-BaselineCorMotions.txt,S2011SQF1-6-LS-5-ResponseSpectra.txt,N/R,"S2011SQF1-LS-StructPhoto.jpg, S2011SQF1-HS-TestPhoto.jpg",,2011-06-29,2011-06-29,"I. Anastasopoulos, P. Kokkali, A. Tsatsis","small-scale 1g, dry sand, two-layered soil, square surface footing, rigid bridge pier",37.9772,23.778865,"A. Tsatsis, A. G. Gavras",2018-08-21,,,
147,S2011SQF1,S2011SQF1-8-LS-1,135,"Tsatsis, A. and Anastasopoulos, I. (2015). ""Performance of rocking systems on shallow improved sand: Shaking table testing."" Frontiers in Built Environment, 1, 9.",Soil-Foundation-Structure Systems Beyond Conventional Seismic Failure Thresholds: Application to New or Existing Structures and Monuments,G. Gazetas,I. Anastasopoulos,ERC,"A. Tsatsis, P. Kokkali","Laboratory of Soil Mechanics, National Technical University of Athens, Greece",Small-scale 1g,1D shake table,Rigid soil container,1.48,0.78,0.645,2011-07-01,8,LS,1,New model,1,0.05,0.2236,0.000125,7777,N/A,Model,0.45,7777,7777,2,None,Longstone Sand,0.075,93,3,7777,7777,7777,7777,1609,0,Longstone Sand,0.375,45,3,7777,7777,7777,7777,1448,0,N/A,7777,7777,7777,7777,7777,7777,7777,7777,7777,Lumped-mass bridge pier model (footing-parallel walls-deck) with rigid elastic walls,Square,Aluminum,0.15,0.15,7777,7777,7777,0,0,0,0.02,1.215,0.00232,0.01,0,7777,Steel,0.44,14.39,0.244,0.24,19.72,0.238,0.46,35.35,1.037,0.355,0.3467,15.4,0.0015,2.37,9999,7.1,3.2,3.1,9999,0.01768,0.02304,Elastic,0.144,Elastic,0.182,0.167,1D,Sine 9 Hz,N/A,N/A,0.2g,Tapered sine wave with 15 cycles of constant amplitude,0.235,3.7,0.063,0.11,0.108,1.41,1.04,0.139,0.346,0.346,0.163,0.163,0.421,5.69,0.102,0.109,0.109,1.51,1.01,0.218,0.823,0.823,0.244,0.244,0.372,0.372,0.053,0.053,Centroid of deck,0.0068,0.0068,0.00416,0.00416,0.0544,0.0544,0.326,0.326,-0.223,-0.223,2.8,2.8,0,0,8888,8888,0.96,8888,0.161,Low-pass filtered at 44.7 Hz (10 Hz prototype),8888,8888,S2011SQF1-008 sin - 9 Hz - 0.2g,http://ssi.civil.ntua.gr/?page_id=415,S2011SQF1-8-LS-1-CriticalPlot.pdf,"P2011SQF1-Report.pdf,                                                 P2011SQF2-Report.pdf,                                            S2011SQF1-TwoLayer-AnalyticalSystemProps.pdf",S2011SQF1-Report.pdf,S2011SQF1-Comments.pdf,S2011SQF1-8-LS-1-CriticalData.txt,S2011SQF1-8-LS-1-BaselineCorMotions.txt,S2011SQF1-8-LS-1-ResponseSpectra.txt,N/R,"S2011SQF1-LS-StructPhoto.jpg, S2011SQF1-HS-TestPhoto.jpg",,2011-07-01,2011-07-01,"I. Anastasopoulos, P. Kokkali, A. Tsatsis","small-scale 1g, dry sand, two-layered soil, square surface footing, rigid bridge pier",37.9772,23.778865,"A. Tsatsis, A. G. Gavras",2018-08-21,,,
148,S2011SQF1,S2011SQF1-8-LS-2,136,"Tsatsis, A. and Anastasopoulos, I. (2015). ""Performance of rocking systems on shallow improved sand: Shaking table testing."" Frontiers in Built Environment, 1, 9.",Soil-Foundation-Structure Systems Beyond Conventional Seismic Failure Thresholds: Application to New or Existing Structures and Monuments,G. Gazetas,I. Anastasopoulos,ERC,"A. Tsatsis, P. Kokkali","Laboratory of Soil Mechanics, National Technical University of Athens, Greece",Small-scale 1g,1D shake table,Rigid soil container,1.48,0.78,0.645,2011-07-01,8,LS,2,New model,1,0.05,0.2236,0.000125,7777,N/A,Model,0.45,7777,7777,2,None,Longstone Sand,0.075,93,3,7777,7777,7777,7777,1609,0,Longstone Sand,0.375,45,3,7777,7777,7777,7777,1448,0,N/A,7777,7777,7777,7777,7777,7777,7777,7777,7777,Lumped-mass bridge pier model (footing-parallel walls-deck) with rigid elastic walls,Square,Aluminum,0.15,0.15,7777,7777,7777,0,0,0,0.02,1.215,0.00232,0.01,0,7777,Steel,0.44,14.39,0.244,0.24,19.72,0.238,0.46,35.35,1.037,0.355,0.3467,15.4,0.0015,2.37,9999,7.1,3.2,3.1,9999,0.01768,0.02304,Elastic,0.144,Elastic,0.182,0.167,1D,Sine 9 Hz,N/A,N/A,0.4g,Tapered sine wave with 15 cycles of constant amplitude,0.553,7.74,0.139,0.109,0.109,1.9,1.07,0.3,1.648,1.994,0.357,0.52,0.795,11.41,0.212,0.11,0.109,1.84,1.11,0.458,3.987,4.81,0.548,0.792,2.402,2.349,2.222,2.169,Centroid of deck,0.03461,0.03045,0.03318,0.02903,0.1056,0.16,9999,9999,9999,9999,15.878,13.078,2.227,2.227,8888,8888,1.027,8888,0.171,Low-pass filtered at 44.7 Hz (10 Hz prototype),8888,8888,S2011SQF1-008 sin - 9 Hz - 0.4g,http://ssi.civil.ntua.gr/?page_id=415,S2011SQF1-8-LS-2-CriticalPlot.pdf,"P2011SQF1-Report.pdf,                                                 P2011SQF2-Report.pdf,                                            S2011SQF1-TwoLayer-AnalyticalSystemProps.pdf",S2011SQF1-Report.pdf,S2011SQF1-Comments.pdf,S2011SQF1-8-LS-2-CriticalData.txt,S2011SQF1-8-LS-2-BaselineCorMotions.txt,S2011SQF1-8-LS-2-ResponseSpectra.txt,N/R,"S2011SQF1-LS-StructPhoto.jpg, S2011SQF1-HS-TestPhoto.jpg",,2011-07-01,2011-07-01,"I. Anastasopoulos, P. Kokkali, A. Tsatsis","small-scale 1g, dry sand, two-layered soil, square surface footing, rigid bridge pier",37.9772,23.778865,"A. Tsatsis, A. G. Gavras",2018-08-21,,,
149,S2011SQF1,S2011SQF1-8-LS-3,137,"Tsatsis, A. and Anastasopoulos, I. (2015). ""Performance of rocking systems on shallow improved sand: Shaking table testing."" Frontiers in Built Environment, 1, 9.",Soil-Foundation-Structure Systems Beyond Conventional Seismic Failure Thresholds: Application to New or Existing Structures and Monuments,G. Gazetas,I. Anastasopoulos,ERC,"A. Tsatsis, P. Kokkali","Laboratory of Soil Mechanics, National Technical University of Athens, Greece",Small-scale 1g,1D shake table,Rigid soil container,1.48,0.78,0.645,2011-07-01,8,LS,3,New model,1,0.05,0.2236,0.000125,7777,N/A,Model,0.45,7777,7777,2,None,Longstone Sand,0.075,93,3,7777,7777,7777,7777,1609,0,Longstone Sand,0.375,45,3,7777,7777,7777,7777,1448,0,N/A,7777,7777,7777,7777,7777,7777,7777,7777,7777,Lumped-mass bridge pier model (footing-parallel walls-deck) with rigid elastic walls,Square,Aluminum,0.15,0.15,7777,7777,7777,0,0,0,0.02,1.215,0.00232,0.01,0,7777,Steel,0.44,14.39,0.244,0.24,19.72,0.238,0.46,35.35,1.037,0.355,0.3467,15.4,0.0015,2.37,9999,7.1,3.2,3.1,9999,0.01768,0.02304,Elastic,0.144,Elastic,0.182,0.167,1D,Sine 4.5 Hz,N/A,N/A,0.2g,Tapered sine wave with 15 cycles of constant amplitude,0.181,4.72,0.155,0.197,0.194,2.39,1.92,0.105,0.365,2.359,0.217,0.737,0.227,4.9,0.171,0.198,0.187,2.43,1.9,0.119,0.46,5.27,0.225,1.017,4.224,2.002,3.781,1.559,Centroid of deck,0.05364,0.02045,0.04939,0.01621,0.1161,0.2761,8888,8888,8888,8888,16.957,1.079,2.228,0.001,8888,8888,0.994,8888,0.156,Low-pass filtered at 44.7 Hz (10 Hz prototype),8888,8888,S2011SQF1-008 sin - 4.5 Hz - 0.2g,http://ssi.civil.ntua.gr/?page_id=415,S2011SQF1-8-LS-3-CriticalPlot.pdf,"P2011SQF1-Report.pdf,                                                 P2011SQF2-Report.pdf,                                            S2011SQF1-TwoLayer-AnalyticalSystemProps.pdf",S2011SQF1-Report.pdf,S2011SQF1-Comments.pdf,S2011SQF1-8-LS-3-CriticalData.txt,S2011SQF1-8-LS-3-BaselineCorMotions.txt,S2011SQF1-8-LS-3-ResponseSpectra.txt,N/R,"S2011SQF1-LS-StructPhoto.jpg, S2011SQF1-HS-TestPhoto.jpg",,2011-07-01,2011-07-01,"I. Anastasopoulos, P. Kokkali, A. Tsatsis","small-scale 1g, dry sand, two-layered soil, square surface footing, rigid bridge pier",37.9772,23.778865,"A. Tsatsis, A. G. Gavras",2018-08-21,,,
150,S2011SQF1,S2011SQF1-9-LS-1,138,"Tsatsis, A. and Anastasopoulos, I. (2015). ""Performance of rocking systems on shallow improved sand: Shaking table testing."" Frontiers in Built Environment, 1, 9.",Soil-Foundation-Structure Systems Beyond Conventional Seismic Failure Thresholds: Application to New or Existing Structures and Monuments,G. Gazetas,I. Anastasopoulos,ERC,"A. Tsatsis, P. Kokkali","Laboratory of Soil Mechanics, National Technical University of Athens, Greece",Small-scale 1g,1D shake table,Rigid soil container,1.48,0.78,0.645,2011-07-05,9,LS,1,New model,1,0.05,0.2236,0.000125,7777,N/A,Model,0.45,7777,7777,2,None,Longstone Sand,0.075,93,3,7777,7777,7777,7777,1609,0,Longstone Sand,0.375,45,3,7777,7777,7777,7777,1448,0,N/A,7777,7777,7777,7777,7777,7777,7777,7777,7777,Lumped-mass bridge pier model (footing-parallel walls-deck) with rigid elastic walls,Square,Aluminum,0.15,0.15,7777,7777,7777,0,0,0,0.02,1.215,0.00232,0.01,0,7777,Steel,0.44,14.39,0.244,0.24,19.72,0.238,0.46,35.35,1.037,0.355,0.3467,15.4,0.0015,2.37,9999,7.1,3.2,3.1,9999,0.01768,0.02304,Elastic,0.144,Elastic,0.182,0.167,1D,Aegion,"1995 Aegion, Greece",AIGA T,1,Due to a signal processing error the motion model time was scaled down by a factor approximately 1.1 times smaller than the target T*,0.424,7.11,0.146,0.096,0.095,1.1,0.47,0.126,0.128,0.128,0.059,0.059,0.553,10.96,0.222,0.095,0.093,1.18,0.57,0.201,0.393,0.393,0.114,0.114,0.853,0.853,0.251,0.251,Centroid of deck,0.00861,0.00861,0.00297,0.00297,0.0147,0.0147,0.5,0.5,0,0,2.239,2.239,0.167,0.167,8888,8888,0.821,8888,0.135,Low-pass filtered at 44.7 Hz (10 Hz prototype),8888,8888,S2011SQF1-009 Aegion,http://ssi.civil.ntua.gr/?page_id=415,S2011SQF1-9-LS-1-CriticalPlot.pdf,"P2011SQF1-Report.pdf,                                                 P2011SQF2-Report.pdf,                                            S2011SQF1-TwoLayer-AnalyticalSystemProps.pdf",S2011SQF1-Report.pdf,S2011SQF1-Comments.pdf,S2011SQF1-9-LS-1-CriticalData.txt,S2011SQF1-9-LS-1-BaselineCorMotions.txt,S2011SQF1-9-LS-1-ResponseSpectra.txt,N/R,"S2011SQF1-LS-StructPhoto.jpg, S2011SQF1-HS-TestPhoto.jpg",,2011-07-05,2011-07-05,"I. Anastasopoulos, P. Kokkali, A. Tsatsis","small-scale 1g, dry sand, two-layered soil, square surface footing, rigid bridge pier",37.9772,23.778865,"A. Tsatsis, A. G. Gavras",2018-08-21,,,
151,S2011SQF1,S2011SQF1-9-LS-2,139,"Tsatsis, A. and Anastasopoulos, I. (2015). ""Performance of rocking systems on shallow improved sand: Shaking table testing."" Frontiers in Built Environment, 1, 9.",Soil-Foundation-Structure Systems Beyond Conventional Seismic Failure Thresholds: Application to New or Existing Structures and Monuments,G. Gazetas,I. Anastasopoulos,ERC,"A. Tsatsis, P. Kokkali","Laboratory of Soil Mechanics, National Technical University of Athens, Greece",Small-scale 1g,1D shake table,Rigid soil container,1.48,0.78,0.645,2011-07-05,9,LS,2,New model,1,0.05,0.2236,0.000125,7777,N/A,Model,0.45,7777,7777,2,None,Longstone Sand,0.075,93,3,7777,7777,7777,7777,1609,0,Longstone Sand,0.375,45,3,7777,7777,7777,7777,1448,0,N/A,7777,7777,7777,7777,7777,7777,7777,7777,7777,Lumped-mass bridge pier model (footing-parallel walls-deck) with rigid elastic walls,Square,Aluminum,0.15,0.15,7777,7777,7777,0,0,0,0.02,1.215,0.00232,0.01,0,7777,Steel,0.44,14.39,0.244,0.24,19.72,0.238,0.46,35.35,1.037,0.355,0.3467,15.4,0.0015,2.37,9999,7.1,3.2,3.1,9999,0.01768,0.02304,Elastic,0.144,Elastic,0.182,0.167,1D,Kalamata,"1986 Kalamata, Greece",KAL1 T,1,Due to a signal processing error the motion model time was scaled down by a factor approximately 1.1 times smaller than the target T*,0.404,5.59,0.202,0.065,0.097,1.37,0.75,0.113,0.163,0.291,0.085,0.144,0.812,10.92,0.236,0.068,0.081,1.63,0.71,0.272,0.893,1.286,0.202,0.316,1.783,1.533,1.485,1.234,Centroid of deck,0.01808,0.0151,0.01556,0.01259,0.0285,0.0432,0.671,0.67,0.667,0.667,4.615,2.376,0.497,0.331,8888,8888,0.939,8888,0.167,Low-pass filtered at 44.7 Hz (10 Hz prototype),8888,8888,S2011SQF1-009 Kalamata,http://ssi.civil.ntua.gr/?page_id=415,S2011SQF1-9-LS-2-CriticalPlot.pdf,"P2011SQF1-Report.pdf,                                                 P2011SQF2-Report.pdf,                                            S2011SQF1-TwoLayer-AnalyticalSystemProps.pdf",S2011SQF1-Report.pdf,S2011SQF1-Comments.pdf,S2011SQF1-9-LS-2-CriticalData.txt,S2011SQF1-9-LS-2-BaselineCorMotions.txt,S2011SQF1-9-LS-2-ResponseSpectra.txt,N/R,"S2011SQF1-LS-StructPhoto.jpg, S2011SQF1-HS-TestPhoto.jpg",,2011-07-05,2011-07-05,"I. Anastasopoulos, P. Kokkali, A. Tsatsis","small-scale 1g, dry sand, two-layered soil, square surface footing, rigid bridge pier",37.9772,23.778865,"A. Tsatsis, A. G. Gavras",2018-08-21,,,
152,S2011SQF1,S2011SQF1-9-LS-3,140,"Tsatsis, A. and Anastasopoulos, I. (2015). ""Performance of rocking systems on shallow improved sand: Shaking table testing."" Frontiers in Built Environment, 1, 9.",Soil-Foundation-Structure Systems Beyond Conventional Seismic Failure Thresholds: Application to New or Existing Structures and Monuments,G. Gazetas,I. Anastasopoulos,ERC,"A. Tsatsis, P. Kokkali","Laboratory of Soil Mechanics, National Technical University of Athens, Greece",Small-scale 1g,1D shake table,Rigid soil container,1.48,0.78,0.645,2011-07-05,9,LS,3,New model,1,0.05,0.2236,0.000125,7777,N/A,Model,0.45,7777,7777,2,None,Longstone Sand,0.075,93,3,7777,7777,7777,7777,1609,0,Longstone Sand,0.375,45,3,7777,7777,7777,7777,1448,0,N/A,7777,7777,7777,7777,7777,7777,7777,7777,7777,Lumped-mass bridge pier model (footing-parallel walls-deck) with rigid elastic walls,Square,Aluminum,0.15,0.15,7777,7777,7777,0,0,0,0.02,1.215,0.00232,0.01,0,7777,Steel,0.44,14.39,0.244,0.24,19.72,0.238,0.46,35.35,1.037,0.355,0.3467,15.4,0.0015,2.37,9999,7.1,3.2,3.1,9999,0.01768,0.02304,Elastic,0.144,Elastic,0.182,0.167,1D,Lefkada 2003,"2003 Lefkada, Greece",LEF1 155,1,Due to a signal processing error the motion model time was scaled down by a factor approximately 1.1 times smaller than the target T*,0.696,7.03,0.173,0.073,0.09,9.32,2.63,0.16,1.156,1.447,0.453,0.597,1.093,13.52,0.26,0.073,0.085,10.18,2.57,0.323,4.586,5.872,0.895,1.211,10.139,8.654,10.069,8.584,Centroid of deck,0.1003,0.08474,0.09959,0.08402,0.1349,0.1781,5.883,5.217,5.611,4.944,12.402,7.787,2.32,1.823,8888,8888,0.997,8888,0.172,Low-pass filtered at 44.7 Hz (10 Hz prototype),8888,8888,S2011SQF1-009 Lefkada 2003,http://ssi.civil.ntua.gr/?page_id=415,S2011SQF1-9-LS-3-CriticalPlot.pdf,"P2011SQF1-Report.pdf,                                                 P2011SQF2-Report.pdf,                                            S2011SQF1-TwoLayer-AnalyticalSystemProps.pdf",S2011SQF1-Report.pdf,S2011SQF1-Comments.pdf,S2011SQF1-9-LS-3-CriticalData.txt,S2011SQF1-9-LS-3-BaselineCorMotions.txt,S2011SQF1-9-LS-3-ResponseSpectra.txt,N/R,"S2011SQF1-LS-StructPhoto.jpg, S2011SQF1-HS-TestPhoto.jpg",,2011-07-05,2011-07-05,"I. Anastasopoulos, P. Kokkali, A. Tsatsis","small-scale 1g, dry sand, two-layered soil, square surface footing, rigid bridge pier",37.9772,23.778865,"A. Tsatsis, A. G. Gavras",2018-08-21,,,
153,S2011SQF1,S2011SQF1-14-HS-1,141,"Tsatsis, A. and Anastasopoulos, I. (2015). ""Performance of rocking systems on shallow improved sand: Shaking table testing."" Frontiers in Built Environment, 1, 9.",Soil-Foundation-Structure Systems Beyond Conventional Seismic Failure Thresholds: Application to New or Existing Structures and Monuments,G. Gazetas,I. Anastasopoulos,ERC,"A. Tsatsis, P. Kokkali","Laboratory of Soil Mechanics, National Technical University of Athens, Greece",Small-scale 1g,1D shake table,Rigid soil container,1.48,0.78,0.645,2011-07-12,14,HS,1,New model,1,0.05,0.2236,0.000125,7777,N/A,Model,0.45,7777,7777,1,None,Longstone Sand,0.45,93,3,7777,7777,7777,7777,1609,0,N/A,7777,7777,7777,7777,7777,7777,7777,7777,7777,N/A,7777,7777,7777,7777,7777,7777,7777,7777,7777,Lumped-mass bridge pier model (footing-parallel walls-deck) with rigid elastic walls,Square,Aluminum,0.15,0.15,7777,7777,7777,0,0,0,0.02,1.215,0.00232,0.01,0,7777,Steel,0.44,14.39,0.244,0.24,84.92,1.093,0.46,100.5,2.144,0.423,0.986,43.8,0.0037,2.82,9999,4.9,2.6,2.6,3.6,0.04525,0.05369,Elastic,0.109,Elastic,0.229,0.188,1D,Sine 9 Hz,N/A,N/A,0.1g,Tapered sine wave with 15 cycles of constant amplitude,0.081,1.14,0.019,0.11,0.101,0.85,0.95,0.042,0.029,0.029,0.044,0.044,0.104,1.62,0.028,0.11,0.106,1.05,0.96,0.058,0.055,0.055,0.062,0.062,0.092,0.092,0.017,0.017,Centroid of deck,0.00157,0.00157,0.00098,0.00098,0,0,-0.284,-0.284,-0.273,-0.273,0.388,0.388,0.033,0.033,8888,8888,0.331,8888,0.055,Low-pass filtered at 44.7 Hz (10 Hz prototype),8888,8888,S2011SQF1-014 sin - 9 Hz - 0.1g,http://ssi.civil.ntua.gr/?page_id=415,S2011SQF1-14-HS-1-CriticalPlot.pdf,"P2011SQF1-Report.pdf,                                                 P2011SQF2-Report.pdf,                                            S2011SQF1-OneLayer-AnalyticalSystemProps.pdf",S2011SQF1-Report.pdf,S2011SQF1-Comments.pdf,S2011SQF1-14-HS-1-CriticalData.txt,S2011SQF1-14-HS-1-BaselineCorMotions.txt,S2011SQF1-14-HS-1-ResponseSpectra.txt,N/R,"S2011SQF1-HS-StructPhoto.jpg, S2011SQF1-HS-TestPhoto.jpg",,2011-07-12,2011-07-12,"I. Anastasopoulos, P. Kokkali, A. Tsatsis","small-scale 1g, dry sand, square surface footing, rigid bridge pier",37.9772,23.778865,"A. Tsatsis, A. G. Gavras",2018-08-21,,,
154,S2011SQF1,S2011SQF1-14-HS-2,142,"Tsatsis, A. and Anastasopoulos, I. (2015). ""Performance of rocking systems on shallow improved sand: Shaking table testing."" Frontiers in Built Environment, 1, 9.",Soil-Foundation-Structure Systems Beyond Conventional Seismic Failure Thresholds: Application to New or Existing Structures and Monuments,G. Gazetas,I. Anastasopoulos,ERC,"A. Tsatsis, P. Kokkali","Laboratory of Soil Mechanics, National Technical University of Athens, Greece",Small-scale 1g,1D shake table,Rigid soil container,1.48,0.78,0.645,2011-07-12,14,HS,2,New model,1,0.05,0.2236,0.000125,7777,N/A,Model,0.45,7777,7777,1,None,Longstone Sand,0.45,93,3,7777,7777,7777,7777,1609,0,N/A,7777,7777,7777,7777,7777,7777,7777,7777,7777,N/A,7777,7777,7777,7777,7777,7777,7777,7777,7777,Lumped-mass bridge pier model (footing-parallel walls-deck) with rigid elastic walls,Square,Aluminum,0.15,0.15,7777,7777,7777,0,0,0,0.02,1.215,0.00232,0.01,0,7777,Steel,0.44,14.39,0.244,0.24,84.92,1.093,0.46,100.5,2.144,0.423,0.986,43.8,0.0037,2.82,9999,4.9,2.6,2.6,3.6,0.04525,0.05369,Elastic,0.109,Elastic,0.229,0.188,1D,Sine 9 Hz,N/A,N/A,0.15g,Tapered sine wave with 15 cycles of constant amplitude,0.179,2.55,0.041,0.11,0.104,1.19,1,0.093,0.148,0.177,0.103,0.147,0.264,3.65,0.063,0.11,0.109,1.27,0.99,0.135,0.31,0.365,0.145,0.207,0.258,0.241,0.096,0.08,Centroid of deck,0.00368,0.00271,0.00218,0.0012,0.033,0.033,-0.818,-0.545,-0.642,-0.369,1.22,0.832,0.033,0,8888,8888,0.439,8888,0.074,Low-pass filtered at 44.7 Hz (10 Hz prototype),8888,8888,S2011SQF1-014 sin - 9 Hz - 0.15g,http://ssi.civil.ntua.gr/?page_id=415,S2011SQF1-14-HS-2-CriticalPlot.pdf,"P2011SQF1-Report.pdf,                                                 P2011SQF2-Report.pdf,                                            S2011SQF1-OneLayer-AnalyticalSystemProps.pdf",S2011SQF1-Report.pdf,S2011SQF1-Comments.pdf,S2011SQF1-14-HS-2-CriticalData.txt,S2011SQF1-14-HS-2-BaselineCorMotions.txt,S2011SQF1-14-HS-2-ResponseSpectra.txt,N/R,"S2011SQF1-HS-StructPhoto.jpg, S2011SQF1-HS-TestPhoto.jpg",,2011-07-12,2011-07-12,"I. Anastasopoulos, P. Kokkali, A. Tsatsis","small-scale 1g, dry sand, square surface footing, rigid bridge pier",37.9772,23.778865,"A. Tsatsis, A. G. Gavras",2018-08-21,,,
155,S2011SQF1,S2011SQF1-14-HS-3,143,"Tsatsis, A. and Anastasopoulos, I. (2015). ""Performance of rocking systems on shallow improved sand: Shaking table testing."" Frontiers in Built Environment, 1, 9.",Soil-Foundation-Structure Systems Beyond Conventional Seismic Failure Thresholds: Application to New or Existing Structures and Monuments,G. Gazetas,I. Anastasopoulos,ERC,"A. Tsatsis, P. Kokkali","Laboratory of Soil Mechanics, National Technical University of Athens, Greece",Small-scale 1g,1D shake table,Rigid soil container,1.48,0.78,0.645,2011-07-12,14,HS,3,New model,1,0.05,0.2236,0.000125,7777,N/A,Model,0.45,7777,7777,1,None,Longstone Sand,0.45,93,3,7777,7777,7777,7777,1609,0,N/A,7777,7777,7777,7777,7777,7777,7777,7777,7777,N/A,7777,7777,7777,7777,7777,7777,7777,7777,7777,Lumped-mass bridge pier model (footing-parallel walls-deck) with rigid elastic walls,Square,Aluminum,0.15,0.15,7777,7777,7777,0,0,0,0.02,1.215,0.00232,0.01,0,7777,Steel,0.44,14.39,0.244,0.24,84.92,1.093,0.46,100.5,2.144,0.423,0.986,43.8,0.0037,2.82,9999,4.9,2.6,2.6,3.6,0.04525,0.05369,Elastic,0.109,Elastic,0.229,0.188,1D,Sine 9 Hz,N/A,N/A,0.2g,Tapered sine wave with 15 cycles of constant amplitude,0.249,3.72,0.063,0.11,0.107,1.4,1.03,0.14,0.346,0.523,0.162,0.309,0.394,5.44,0.096,0.11,0.109,1.44,1.01,0.211,0.768,1.133,0.234,0.441,0.556,0.46,0.3,0.204,Centroid of deck,0.00723,0.00505,0.00474,0.00256,0.0542,0.0872,-0.963,-0.321,-0.785,-0.144,2.302,1.082,0.034,0.001,8888,8888,0.487,8888,0.084,Low-pass filtered at 44.7 Hz (10 Hz prototype),8888,8888,S2011SQF1-014 sin - 9 Hz - 0.2g,http://ssi.civil.ntua.gr/?page_id=415,S2011SQF1-14-HS-3-CriticalPlot.pdf,"P2011SQF1-Report.pdf,                                                 P2011SQF2-Report.pdf,                                            S2011SQF1-OneLayer-AnalyticalSystemProps.pdf",S2011SQF1-Report.pdf,S2011SQF1-Comments.pdf,S2011SQF1-14-HS-3-CriticalData.txt,S2011SQF1-14-HS-3-BaselineCorMotions.txt,S2011SQF1-14-HS-3-ResponseSpectra.txt,N/R,"S2011SQF1-HS-StructPhoto.jpg, S2011SQF1-HS-TestPhoto.jpg",,2011-07-12,2011-07-12,"I. Anastasopoulos, P. Kokkali, A. Tsatsis","small-scale 1g, dry sand, square surface footing, rigid bridge pier",37.9772,23.778865,"A. Tsatsis, A. G. Gavras",2018-08-21,,,
156,S2011SQF1,S2011SQF1-14-HS-4,144,"Tsatsis, A. and Anastasopoulos, I. (2015). ""Performance of rocking systems on shallow improved sand: Shaking table testing."" Frontiers in Built Environment, 1, 9.",Soil-Foundation-Structure Systems Beyond Conventional Seismic Failure Thresholds: Application to New or Existing Structures and Monuments,G. Gazetas,I. Anastasopoulos,ERC,"A. Tsatsis, P. Kokkali","Laboratory of Soil Mechanics, National Technical University of Athens, Greece",Small-scale 1g,1D shake table,Rigid soil container,1.48,0.78,0.645,2011-07-12,14,HS,4,New model,1,0.05,0.2236,0.000125,7777,N/A,Model,0.45,7777,7777,1,None,Longstone Sand,0.45,93,3,7777,7777,7777,7777,1609,0,N/A,7777,7777,7777,7777,7777,7777,7777,7777,7777,N/A,7777,7777,7777,7777,7777,7777,7777,7777,7777,Lumped-mass bridge pier model (footing-parallel walls-deck) with rigid elastic walls,Square,Aluminum,0.15,0.15,7777,7777,7777,0,0,0,0.02,1.215,0.00232,0.01,0,7777,Steel,0.44,14.39,0.244,0.24,84.92,1.093,0.46,100.5,2.144,0.423,0.986,43.8,0.0037,2.82,9999,4.9,2.6,2.6,3.6,0.04525,0.05369,Elastic,0.109,Elastic,0.229,0.188,1D,Sine 9 Hz,N/A,N/A,0.25g,Tapered sine wave with 15 cycles of constant amplitude,0.305,4.71,0.081,0.11,0.108,1.46,1.08,0.181,0.604,1.127,0.216,0.525,0.533,7.1,0.129,0.109,0.11,1.71,1.04,0.28,1.399,2.532,0.318,0.759,1.061,0.761,0.753,0.453,Centroid of deck,0.01291,0.00817,0.01011,0.00537,0.0718,0.159,-0.947,0.551,-0.432,0.353,3.711,1.409,0.18,0.146,8888,8888,0.523,8888,0.085,Low-pass filtered at 44.7 Hz (10 Hz prototype),8888,8888,S2011SQF1-014 sin - 9 Hz - 0.25g,http://ssi.civil.ntua.gr/?page_id=415,S2011SQF1-14-HS-4-CriticalPlot.pdf,"P2011SQF1-Report.pdf,                                                 P2011SQF2-Report.pdf,                                            S2011SQF1-OneLayer-AnalyticalSystemProps.pdf",S2011SQF1-Report.pdf,S2011SQF1-Comments.pdf,S2011SQF1-14-HS-4-CriticalData.txt,S2011SQF1-14-HS-4-BaselineCorMotions.txt,S2011SQF1-14-HS-4-ResponseSpectra.txt,N/R,"S2011SQF1-HS-StructPhoto.jpg, S2011SQF1-HS-TestPhoto.jpg",,2011-07-12,2011-07-12,"I. Anastasopoulos, P. Kokkali, A. Tsatsis","small-scale 1g, dry sand, square surface footing, rigid bridge pier",37.9772,23.778865,"A. Tsatsis, A. G. Gavras",2018-08-21,,,
157,S2011SQF1,S2011SQF1-14-HS-5,145,"Tsatsis, A. and Anastasopoulos, I. (2015). ""Performance of rocking systems on shallow improved sand: Shaking table testing."" Frontiers in Built Environment, 1, 9.",Soil-Foundation-Structure Systems Beyond Conventional Seismic Failure Thresholds: Application to New or Existing Structures and Monuments,G. Gazetas,I. Anastasopoulos,ERC,"A. Tsatsis, P. Kokkali","Laboratory of Soil Mechanics, National Technical University of Athens, Greece",Small-scale 1g,1D shake table,Rigid soil container,1.48,0.78,0.645,2011-07-12,14,HS,5,New model,1,0.05,0.2236,0.000125,7777,N/A,Model,0.45,7777,7777,1,None,Longstone Sand,0.45,93,3,7777,7777,7777,7777,1609,0,N/A,7777,7777,7777,7777,7777,7777,7777,7777,7777,N/A,7777,7777,7777,7777,7777,7777,7777,7777,7777,Lumped-mass bridge pier model (footing-parallel walls-deck) with rigid elastic walls,Square,Aluminum,0.15,0.15,7777,7777,7777,0,0,0,0.02,1.215,0.00232,0.01,0,7777,Steel,0.44,14.39,0.244,0.24,84.92,1.093,0.46,100.5,2.144,0.423,0.986,43.8,0.0037,2.82,9999,4.9,2.6,2.6,3.6,0.04525,0.05369,Elastic,0.109,Elastic,0.229,0.188,1D,Sine 9 Hz,N/A,N/A,0.3g,Tapered sine wave with 15 cycles of constant amplitude,0.358,5.64,0.098,0.11,0.109,1.72,1.1,0.219,0.905,2.032,0.267,0.792,0.641,8.83,0.162,0.109,0.11,1.78,1.06,0.346,2.175,4.707,0.401,1.16,2.074,1.321,1.734,0.981,Centroid of deck,0.02424,0.01412,0.02124,0.01113,0.0871,0.2461,-0.688,-0.255,-0.204,0.228,5.351,1.64,0.18,0,8888,8888,0.552,8888,0.089,Low-pass filtered at 44.7 Hz (10 Hz prototype),8888,8888,S2011SQF1-014 sin - 9 Hz - 0.3g,http://ssi.civil.ntua.gr/?page_id=415,S2011SQF1-14-HS-5-CriticalPlot.pdf,"P2011SQF1-Report.pdf,                                                 P2011SQF2-Report.pdf,                                            S2011SQF1-OneLayer-AnalyticalSystemProps.pdf",S2011SQF1-Report.pdf,S2011SQF1-Comments.pdf,S2011SQF1-14-HS-5-CriticalData.txt,S2011SQF1-14-HS-5-BaselineCorMotions.txt,S2011SQF1-14-HS-5-ResponseSpectra.txt,N/R,"S2011SQF1-HS-StructPhoto.jpg, S2011SQF1-HS-TestPhoto.jpg",,2011-07-12,2011-07-12,"I. Anastasopoulos, P. Kokkali, A. Tsatsis","small-scale 1g, dry sand, square surface footing, rigid bridge pier",37.9772,23.778865,"A. Tsatsis, A. G. Gavras",2018-08-21,,,
158,S2011SQF1,S2011SQF1-14-HS-6,146,"Tsatsis, A. and Anastasopoulos, I. (2015). ""Performance of rocking systems on shallow improved sand: Shaking table testing."" Frontiers in Built Environment, 1, 9.",Soil-Foundation-Structure Systems Beyond Conventional Seismic Failure Thresholds: Application to New or Existing Structures and Monuments,G. Gazetas,I. Anastasopoulos,ERC,"A. Tsatsis, P. Kokkali","Laboratory of Soil Mechanics, National Technical University of Athens, Greece",Small-scale 1g,1D shake table,Rigid soil container,1.48,0.78,0.645,2011-07-12,14,HS,6,New model,1,0.05,0.2236,0.000125,7777,N/A,Model,0.45,7777,7777,1,None,Longstone Sand,0.45,93,3,7777,7777,7777,7777,1609,0,N/A,7777,7777,7777,7777,7777,7777,7777,7777,7777,N/A,7777,7777,7777,7777,7777,7777,7777,7777,7777,Lumped-mass bridge pier model (footing-parallel walls-deck) with rigid elastic walls,Square,Aluminum,0.15,0.15,7777,7777,7777,0,0,0,0.02,1.215,0.00232,0.01,0,7777,Steel,0.44,14.39,0.244,0.24,84.92,1.093,0.46,100.5,2.144,0.423,0.986,43.8,0.0037,2.82,9999,4.9,2.6,2.6,3.6,0.04525,0.05369,Elastic,0.109,Elastic,0.229,0.188,1D,Sine 9 Hz,N/A,N/A,0.35g,Tapered sine wave with 15 cycles of constant amplitude,0.406,6.48,0.114,0.11,0.109,1.83,1.1,0.255,1.224,3.256,0.309,1.101,0.743,10.37,0.188,0.11,0.11,1.83,1.07,0.412,3.104,7.811,0.476,1.636,6.371,4.637,6.181,4.447,Centroid of deck,0.07106,0.04981,0.06917,0.04793,0.1019,0.348,1.242,1.447,1.226,1.43,7.273,1.922,0.18,0,8888,8888,0.584,8888,0.095,Low-pass filtered at 44.7 Hz (10 Hz prototype),8888,8888,S2011SQF1-014 sin - 9 Hz - 0.35g,http://ssi.civil.ntua.gr/?page_id=415,S2011SQF1-14-HS-6-CriticalPlot.pdf,"P2011SQF1-Report.pdf,                                                 P2011SQF2-Report.pdf,                                            S2011SQF1-OneLayer-AnalyticalSystemProps.pdf",S2011SQF1-Report.pdf,S2011SQF1-Comments.pdf,S2011SQF1-14-HS-6-CriticalData.txt,S2011SQF1-14-HS-6-BaselineCorMotions.txt,S2011SQF1-14-HS-6-ResponseSpectra.txt,N/R,"S2011SQF1-HS-StructPhoto.jpg, S2011SQF1-HS-TestPhoto.jpg",,2011-07-12,2011-07-12,"I. Anastasopoulos, P. Kokkali, A. Tsatsis","small-scale 1g, dry sand, square surface footing, rigid bridge pier",37.9772,23.778865,"A. Tsatsis, A. G. Gavras",2018-08-21,,,
159,S2011SQF1,S2011SQF1-15-HS-1,147,"Tsatsis, A. and Anastasopoulos, I. (2015). ""Performance of rocking systems on shallow improved sand: Shaking table testing."" Frontiers in Built Environment, 1, 9.",Soil-Foundation-Structure Systems Beyond Conventional Seismic Failure Thresholds: Application to New or Existing Structures and Monuments,G. Gazetas,I. Anastasopoulos,ERC,"A. Tsatsis, P. Kokkali","Laboratory of Soil Mechanics, National Technical University of Athens, Greece",Small-scale 1g,1D shake table,Rigid soil container,1.48,0.78,0.645,2011-07-13,15,HS,1,New model,1,0.05,0.2236,0.000125,7777,N/A,Model,0.45,7777,7777,1,None,Longstone Sand,0.45,65,3,7777,7777,7777,7777,1511,0,N/A,7777,7777,7777,7777,7777,7777,7777,7777,7777,N/A,7777,7777,7777,7777,7777,7777,7777,7777,7777,Lumped-mass bridge pier model (footing-parallel walls-deck) with rigid elastic walls,Square,Aluminum,0.15,0.15,7777,7777,7777,0,0,0,0.02,1.215,0.00232,0.01,0,7777,Steel,0.44,14.39,0.244,0.24,84.92,1.093,0.46,100.5,2.144,0.423,0.986,43.8,0.0037,2.82,9999,2.5,1.8,1.8,2,0.03232,0.03785,Elastic,0.078,Elastic,0.271,0.23,1D,Sine 9 Hz,N/A,N/A,0.1g,Tapered sine wave with 15 cycles of constant amplitude,0.085,1.16,0.02,0.11,0.101,0.89,1.04,0.042,0.032,0.032,0.049,0.049,0.108,1.71,0.029,0.11,0.106,1.12,1.02,0.06,0.064,0.064,0.069,0.069,0.378,0.378,0.339,0.339,Centroid of deck,0.00392,0.00392,0.00361,0.00361,0,0,0.323,0.323,0.311,0.311,0.607,0.607,0.005,0.005,8888,8888,0.209,8888,0.037,Low-pass filtered at 44.7 Hz (10 Hz prototype),8888,8888,S2011SQF1-015 sin - 9 Hz - 0.1g,http://ssi.civil.ntua.gr/?page_id=415,S2011SQF1-15-HS-1-CriticalPlot.pdf,"P2011SQF1-Report.pdf,                                                 P2011SQF2-Report.pdf,                                            S2011SQF1-OneLayer-AnalyticalSystemProps.pdf",S2011SQF1-Report.pdf,S2011SQF1-Comments.pdf,S2011SQF1-15-HS-1-CriticalData.txt,S2011SQF1-15-HS-1-BaselineCorMotions.txt,S2011SQF1-15-HS-1-ResponseSpectra.txt,N/R,"S2011SQF1-HS-StructPhoto.jpg, S2011SQF1-HS-TestPhoto.jpg",,2011-07-13,2011-07-13,"I. Anastasopoulos, P. Kokkali, A. Tsatsis","small-scale 1g, dry sand, square surface footing, rigid bridge pier",37.9772,23.778865,"A. Tsatsis, A. G. Gavras",2018-08-21,,,
160,S2011SQF1,S2011SQF1-15-HS-2,148,"Tsatsis, A. and Anastasopoulos, I. (2015). ""Performance of rocking systems on shallow improved sand: Shaking table testing."" Frontiers in Built Environment, 1, 9.",Soil-Foundation-Structure Systems Beyond Conventional Seismic Failure Thresholds: Application to New or Existing Structures and Monuments,G. Gazetas,I. Anastasopoulos,ERC,"A. Tsatsis, P. Kokkali","Laboratory of Soil Mechanics, National Technical University of Athens, Greece",Small-scale 1g,1D shake table,Rigid soil container,1.48,0.78,0.645,2011-07-13,15,HS,2,New model,1,0.05,0.2236,0.000125,7777,N/A,Model,0.45,7777,7777,1,None,Longstone Sand,0.45,65,3,7777,7777,7777,7777,1511,0,N/A,7777,7777,7777,7777,7777,7777,7777,7777,7777,N/A,7777,7777,7777,7777,7777,7777,7777,7777,7777,Lumped-mass bridge pier model (footing-parallel walls-deck) with rigid elastic walls,Square,Aluminum,0.15,0.15,7777,7777,7777,0,0,0,0.02,1.215,0.00232,0.01,0,7777,Steel,0.44,14.39,0.244,0.24,84.92,1.093,0.46,100.5,2.144,0.423,0.986,43.8,0.0037,2.82,9999,2.5,1.8,1.8,2,0.03232,0.03785,Elastic,0.078,Elastic,0.271,0.23,1D,Sine 9 Hz,N/A,N/A,0.15g,Tapered sine wave with 15 cycles of constant amplitude,0.179,2.59,0.042,0.11,0.105,1.19,1,0.095,0.154,0.186,0.105,0.154,0.27,3.82,0.066,0.11,0.109,1.29,0.99,0.141,0.34,0.404,0.153,0.222,1.494,1.155,1.416,1.077,Centroid of deck,0.01541,0.0118,0.0149,0.01129,0.0283,0.0283,0.822,0.511,0.661,0.35,2.162,1.556,0.003,-0.003,8888,8888,0.297,8888,0.046,Low-pass filtered at 44.7 Hz (10 Hz prototype),8888,8888,S2011SQF1-015 sin - 9 Hz - 0.15g,http://ssi.civil.ntua.gr/?page_id=415,S2011SQF1-15-HS-2-CriticalPlot.pdf,"P2011SQF1-Report.pdf,                                                 P2011SQF2-Report.pdf,                                            S2011SQF1-OneLayer-AnalyticalSystemProps.pdf",S2011SQF1-Report.pdf,S2011SQF1-Comments.pdf,S2011SQF1-15-HS-2-CriticalData.txt,S2011SQF1-15-HS-2-BaselineCorMotions.txt,S2011SQF1-15-HS-2-ResponseSpectra.txt,N/R,"S2011SQF1-HS-StructPhoto.jpg, S2011SQF1-HS-TestPhoto.jpg",,2011-07-13,2011-07-13,"I. Anastasopoulos, P. Kokkali, A. Tsatsis","small-scale 1g, dry sand, square surface footing, rigid bridge pier",37.9772,23.778865,"A. Tsatsis, A. G. Gavras",2018-08-21,,,
161,S2011SQF1,S2011SQF1-16-HS-1,149,"Tsatsis, A. and Anastasopoulos, I. (2015). ""Performance of rocking systems on shallow improved sand: Shaking table testing."" Frontiers in Built Environment, 1, 9.",Soil-Foundation-Structure Systems Beyond Conventional Seismic Failure Thresholds: Application to New or Existing Structures and Monuments,G. Gazetas,I. Anastasopoulos,ERC,"A. Tsatsis, P. Kokkali","Laboratory of Soil Mechanics, National Technical University of Athens, Greece",Small-scale 1g,1D shake table,Rigid soil container,1.48,0.78,0.645,2011-07-14,16,HS,1,New model,1,0.05,0.2236,0.000125,7777,N/A,Model,0.45,7777,7777,2,None,Longstone Sand,0.15,93,3,7777,7777,7777,7777,1609,0,Longstone Sand,0.3,65,3,7777,7777,7777,7777,1511,0,N/A,7777,7777,7777,7777,7777,7777,7777,7777,7777,Lumped-mass bridge pier model (footing-parallel walls-deck) with rigid elastic walls,Square,Aluminum,0.15,0.15,7777,7777,7777,0,0,0,0.02,1.215,0.00232,0.01,0,7777,Steel,0.44,14.39,0.244,0.24,84.92,1.093,0.46,100.5,2.144,0.423,0.986,43.8,0.0037,2.82,9999,4,2.4,2.3,3,0.04192,0.04935,Elastic,0.101,Elastic,0.238,0.199,1D,Sine 9 Hz,N/A,N/A,0.1g,Tapered sine wave with 15 cycles of constant amplitude,0.081,1.12,0.019,0.11,0.101,0.78,1.04,0.04,0.028,0.028,0.045,0.045,0.097,1.53,0.026,0.11,0.105,1.12,1.03,0.055,0.053,0.053,0.063,0.063,-0.153,-0.153,-0.06,-0.06,Centroid of deck,-0.00073,-0.00073,-0.00011,-0.00011,0,0,9999,9999,9999,9999,0.445,0.445,0.003,0.003,8888,8888,0.315,8888,0.052,Low-pass filtered at 44.7 Hz (10 Hz prototype),8888,8888,S2011SQF1-016 sin - 9 Hz - 0.1g,http://ssi.civil.ntua.gr/?page_id=415,S2011SQF1-16-HS-1-CriticalPlot.pdf,"P2011SQF1-Report.pdf,                                                 P2011SQF2-Report.pdf,                                            S2011SQF1-TwoLayer-AnalyticalSystemProps.pdf",S2011SQF1-Report.pdf,S2011SQF1-Comments.pdf,S2011SQF1-16-HS-1-CriticalData.txt,S2011SQF1-16-HS-1-BaselineCorMotions.txt,S2011SQF1-16-HS-1-ResponseSpectra.txt,N/R,"S2011SQF1-HS-StructPhoto.jpg, S2011SQF1-HS-TestPhoto.jpg",,2011-07-14,2011-07-14,"I. Anastasopoulos, P. Kokkali, A. Tsatsis","small-scale 1g, dry sand, two-layered soil, square surface footing, rigid bridge pier",37.9772,23.778865,"A. Tsatsis, A. G. Gavras",2018-08-21,,,
162,S2011SQF1,S2011SQF1-16-HS-2,150,"Tsatsis, A. and Anastasopoulos, I. (2015). ""Performance of rocking systems on shallow improved sand: Shaking table testing."" Frontiers in Built Environment, 1, 9.",Soil-Foundation-Structure Systems Beyond Conventional Seismic Failure Thresholds: Application to New or Existing Structures and Monuments,G. Gazetas,I. Anastasopoulos,ERC,"A. Tsatsis, P. Kokkali","Laboratory of Soil Mechanics, National Technical University of Athens, Greece",Small-scale 1g,1D shake table,Rigid soil container,1.48,0.78,0.645,2011-07-14,16,HS,2,New model,1,0.05,0.2236,0.000125,7777,N/A,Model,0.45,7777,7777,2,None,Longstone Sand,0.15,93,3,7777,7777,7777,7777,1609,0,Longstone Sand,0.3,65,3,7777,7777,7777,7777,1511,0,N/A,7777,7777,7777,7777,7777,7777,7777,7777,7777,Lumped-mass bridge pier model (footing-parallel walls-deck) with rigid elastic walls,Square,Aluminum,0.15,0.15,7777,7777,7777,0,0,0,0.02,1.215,0.00232,0.01,0,7777,Steel,0.44,14.39,0.244,0.24,84.92,1.093,0.46,100.5,2.144,0.423,0.986,43.8,0.0037,2.82,9999,4,2.4,2.3,3,0.04192,0.04935,Elastic,0.101,Elastic,0.238,0.199,1D,Sine 9 Hz,N/A,N/A,0.15g,Tapered sine wave with 15 cycles of constant amplitude,0.178,2.55,0.041,0.11,0.104,1.19,1,0.093,0.147,0.175,0.103,0.148,0.262,3.72,0.065,0.11,0.109,1.28,0.99,0.135,0.309,0.362,0.145,0.208,-0.301,-0.24,-0.089,-0.028,Centroid of deck,0.00228,0.00239,0.00076,0.00087,0.0268,0.0268,-0.517,-0.366,-0.283,-0.131,1.343,0.898,0.006,0.003,8888,8888,0.415,8888,0.069,Low-pass filtered at 44.7 Hz (10 Hz prototype),8888,8888,S2011SQF1-016 sin - 9 Hz - 0.15g,http://ssi.civil.ntua.gr/?page_id=415,S2011SQF1-16-HS-2-CriticalPlot.pdf,"P2011SQF1-Report.pdf,                                                 P2011SQF2-Report.pdf,                                            S2011SQF1-TwoLayer-AnalyticalSystemProps.pdf",S2011SQF1-Report.pdf,S2011SQF1-Comments.pdf,S2011SQF1-16-HS-2-CriticalData.txt,S2011SQF1-16-HS-2-BaselineCorMotions.txt,S2011SQF1-16-HS-2-ResponseSpectra.txt,N/R,"S2011SQF1-HS-StructPhoto.jpg, S2011SQF1-HS-TestPhoto.jpg",,2011-07-14,2011-07-14,"I. Anastasopoulos, P. Kokkali, A. Tsatsis","small-scale 1g, dry sand, two-layered soil, square surface footing, rigid bridge pier",37.9772,23.778865,"A. Tsatsis, A. G. Gavras",2018-08-21,,,
163,S2011SQF1,S2011SQF1-16-HS-3,151,"Tsatsis, A. and Anastasopoulos, I. (2015). ""Performance of rocking systems on shallow improved sand: Shaking table testing."" Frontiers in Built Environment, 1, 9.",Soil-Foundation-Structure Systems Beyond Conventional Seismic Failure Thresholds: Application to New or Existing Structures and Monuments,G. Gazetas,I. Anastasopoulos,ERC,"A. Tsatsis, P. Kokkali","Laboratory of Soil Mechanics, National Technical University of Athens, Greece",Small-scale 1g,1D shake table,Rigid soil container,1.48,0.78,0.645,2011-07-14,16,HS,3,New model,1,0.05,0.2236,0.000125,7777,N/A,Model,0.45,7777,7777,2,None,Longstone Sand,0.15,93,3,7777,7777,7777,7777,1609,0,Longstone Sand,0.3,65,3,7777,7777,7777,7777,1511,0,N/A,7777,7777,7777,7777,7777,7777,7777,7777,7777,Lumped-mass bridge pier model (footing-parallel walls-deck) with rigid elastic walls,Square,Aluminum,0.15,0.15,7777,7777,7777,0,0,0,0.02,1.215,0.00232,0.01,0,7777,Steel,0.44,14.39,0.244,0.24,84.92,1.093,0.46,100.5,2.144,0.423,0.986,43.8,0.0037,2.82,9999,4,2.4,2.3,3,0.04192,0.04935,Elastic,0.101,Elastic,0.238,0.199,1D,Sine 9 Hz,N/A,N/A,0.2g,Tapered sine wave with 15 cycles of constant amplitude,0.244,3.76,0.063,0.11,0.107,1.35,1.02,0.141,0.349,0.524,0.162,0.31,0.409,5.51,0.097,0.11,0.109,1.43,1.01,0.213,0.78,1.142,0.235,0.443,-0.379,0.388,0.056,0.145,Centroid of deck,0.00466,0.00391,0.00258,0.00183,0.0494,0.0762,-0.309,0.34,0.019,0.301,2.754,1.411,0.006,0,8888,8888,0.451,8888,0.075,Low-pass filtered at 44.7 Hz (10 Hz prototype),8888,8888,S2011SQF1-016 sin - 9 Hz - 0.2g,http://ssi.civil.ntua.gr/?page_id=415,S2011SQF1-16-HS-3-CriticalPlot.pdf,"P2011SQF1-Report.pdf,                                                 P2011SQF2-Report.pdf,                                            S2011SQF1-TwoLayer-AnalyticalSystemProps.pdf",S2011SQF1-Report.pdf,S2011SQF1-Comments.pdf,S2011SQF1-16-HS-3-CriticalData.txt,S2011SQF1-16-HS-3-BaselineCorMotions.txt,S2011SQF1-16-HS-3-ResponseSpectra.txt,N/R,"S2011SQF1-HS-StructPhoto.jpg, S2011SQF1-HS-TestPhoto.jpg",,2011-07-14,2011-07-14,"I. Anastasopoulos, P. Kokkali, A. Tsatsis","small-scale 1g, dry sand, two-layered soil, square surface footing, rigid bridge pier",37.9772,23.778865,"A. Tsatsis, A. G. Gavras",2018-08-21,,,
164,S2011SQF1,S2011SQF1-16-HS-4,152,"Tsatsis, A. and Anastasopoulos, I. (2015). ""Performance of rocking systems on shallow improved sand: Shaking table testing."" Frontiers in Built Environment, 1, 9.",Soil-Foundation-Structure Systems Beyond Conventional Seismic Failure Thresholds: Application to New or Existing Structures and Monuments,G. Gazetas,I. Anastasopoulos,ERC,"A. Tsatsis, P. Kokkali","Laboratory of Soil Mechanics, National Technical University of Athens, Greece",Small-scale 1g,1D shake table,Rigid soil container,1.48,0.78,0.645,2011-07-14,16,HS,4,New model,1,0.05,0.2236,0.000125,7777,N/A,Model,0.45,7777,7777,2,None,Longstone Sand,0.15,93,3,7777,7777,7777,7777,1609,0,Longstone Sand,0.3,65,3,7777,7777,7777,7777,1511,0,N/A,7777,7777,7777,7777,7777,7777,7777,7777,7777,Lumped-mass bridge pier model (footing-parallel walls-deck) with rigid elastic walls,Square,Aluminum,0.15,0.15,7777,7777,7777,0,0,0,0.02,1.215,0.00232,0.01,0,7777,Steel,0.44,14.39,0.244,0.24,84.92,1.093,0.46,100.5,2.144,0.423,0.986,43.8,0.0037,2.82,9999,4,2.4,2.3,3,0.04192,0.04935,Elastic,0.101,Elastic,0.238,0.199,1D,Sine 9 Hz,N/A,N/A,0.25g,Tapered sine wave with 15 cycles of constant amplitude,0.293,4.74,0.081,0.11,0.108,1.46,1.08,0.182,0.607,1.131,0.217,0.527,0.52,7.13,0.129,0.11,0.11,1.71,1.03,0.283,1.412,2.554,0.319,0.762,0.689,0.632,0.407,0.35,Centroid of deck,0.00871,0.00613,0.00618,0.0036,0.0662,0.1424,0.19,-0.208,-0.015,-0.033,4.548,1.793,0.167,0.161,8888,8888,0.49,8888,0.079,Low-pass filtered at 44.7 Hz (10 Hz prototype),8888,8888,S2011SQF1-016 sin - 9 Hz - 0.25g,http://ssi.civil.ntua.gr/?page_id=415,S2011SQF1-16-HS-4-CriticalPlot.pdf,"P2011SQF1-Report.pdf,                                                 P2011SQF2-Report.pdf,                                            S2011SQF1-TwoLayer-AnalyticalSystemProps.pdf",S2011SQF1-Report.pdf,S2011SQF1-Comments.pdf,S2011SQF1-16-HS-4-CriticalData.txt,S2011SQF1-16-HS-4-BaselineCorMotions.txt,S2011SQF1-16-HS-4-ResponseSpectra.txt,N/R,"S2011SQF1-HS-StructPhoto.jpg, S2011SQF1-HS-TestPhoto.jpg",,2011-07-14,2011-07-14,"I. Anastasopoulos, P. Kokkali, A. Tsatsis","small-scale 1g, dry sand, two-layered soil, square surface footing, rigid bridge pier",37.9772,23.778865,"A. Tsatsis, A. G. Gavras",2018-08-21,,,
165,S2011SQF1,S2011SQF1-16-HS-5,153,"Tsatsis, A. and Anastasopoulos, I. (2015). ""Performance of rocking systems on shallow improved sand: Shaking table testing."" Frontiers in Built Environment, 1, 9.",Soil-Foundation-Structure Systems Beyond Conventional Seismic Failure Thresholds: Application to New or Existing Structures and Monuments,G. Gazetas,I. Anastasopoulos,ERC,"A. Tsatsis, P. Kokkali","Laboratory of Soil Mechanics, National Technical University of Athens, Greece",Small-scale 1g,1D shake table,Rigid soil container,1.48,0.78,0.645,2011-07-14,16,HS,5,New model,1,0.05,0.2236,0.000125,7777,N/A,Model,0.45,7777,7777,2,None,Longstone Sand,0.15,93,3,7777,7777,7777,7777,1609,0,Longstone Sand,0.3,65,3,7777,7777,7777,7777,1511,0,N/A,7777,7777,7777,7777,7777,7777,7777,7777,7777,Lumped-mass bridge pier model (footing-parallel walls-deck) with rigid elastic walls,Square,Aluminum,0.15,0.15,7777,7777,7777,0,0,0,0.02,1.215,0.00232,0.01,0,7777,Steel,0.44,14.39,0.244,0.24,84.92,1.093,0.46,100.5,2.144,0.423,0.986,43.8,0.0037,2.82,9999,4,2.4,2.3,3,0.04192,0.04935,Elastic,0.101,Elastic,0.238,0.199,1D,Sine 9 Hz,N/A,N/A,0.3g,Tapered sine wave with 15 cycles of constant amplitude,0.351,5.62,0.098,0.11,0.109,1.68,1.1,0.218,0.898,2.029,0.264,0.791,0.612,8.69,0.159,0.109,0.11,1.72,1.06,0.346,2.169,4.723,0.396,1.158,1.599,1.192,1.298,0.891,Centroid of deck,0.01661,0.01043,0.01411,0.00793,0.0797,0.2221,0.441,0.456,0.255,0.269,6.718,2.17,0.336,0.169,8888,8888,0.525,8888,0.081,Low-pass filtered at 44.7 Hz (10 Hz prototype),8888,8888,S2011SQF1-016 sin - 9 Hz - 0.3g,http://ssi.civil.ntua.gr/?page_id=415,S2011SQF1-16-HS-5-CriticalPlot.pdf,"P2011SQF1-Report.pdf,                                                 P2011SQF2-Report.pdf,                                            S2011SQF1-TwoLayer-AnalyticalSystemProps.pdf",S2011SQF1-Report.pdf,S2011SQF1-Comments.pdf,S2011SQF1-16-HS-5-CriticalData.txt,S2011SQF1-16-HS-5-BaselineCorMotions.txt,S2011SQF1-16-HS-5-ResponseSpectra.txt,N/R,"S2011SQF1-HS-StructPhoto.jpg, S2011SQF1-HS-TestPhoto.jpg",,2011-07-14,2011-07-14,"I. Anastasopoulos, P. Kokkali, A. Tsatsis","small-scale 1g, dry sand, two-layered soil, square surface footing, rigid bridge pier",37.9772,23.778865,"A. Tsatsis, A. G. Gavras",2018-08-21,,,
166,S2011SQF1,S2011SQF1-16-HS-6,154,"Tsatsis, A. and Anastasopoulos, I. (2015). ""Performance of rocking systems on shallow improved sand: Shaking table testing."" Frontiers in Built Environment, 1, 9.",Soil-Foundation-Structure Systems Beyond Conventional Seismic Failure Thresholds: Application to New or Existing Structures and Monuments,G. Gazetas,I. Anastasopoulos,ERC,"A. Tsatsis, P. Kokkali","Laboratory of Soil Mechanics, National Technical University of Athens, Greece",Small-scale 1g,1D shake table,Rigid soil container,1.48,0.78,0.645,2011-07-14,16,HS,6,New model,1,0.05,0.2236,0.000125,7777,N/A,Model,0.45,7777,7777,2,None,Longstone Sand,0.15,93,3,7777,7777,7777,7777,1609,0,Longstone Sand,0.3,65,3,7777,7777,7777,7777,1511,0,N/A,7777,7777,7777,7777,7777,7777,7777,7777,7777,Lumped-mass bridge pier model (footing-parallel walls-deck) with rigid elastic walls,Square,Aluminum,0.15,0.15,7777,7777,7777,0,0,0,0.02,1.215,0.00232,0.01,0,7777,Steel,0.44,14.39,0.244,0.24,84.92,1.093,0.46,100.5,2.144,0.423,0.986,43.8,0.0037,2.82,9999,4,2.4,2.3,3,0.04192,0.04935,Elastic,0.101,Elastic,0.238,0.199,1D,Sine 9 Hz,N/A,N/A,0.35g,Tapered sine wave with 15 cycles of constant amplitude,0.41,6.43,0.113,0.11,0.11,1.83,1.11,0.253,1.207,3.236,0.307,1.098,0.713,10.47,0.188,0.11,0.11,1.78,1.07,0.411,3.08,7.803,0.474,1.632,3.981,2.684,3.736,2.438,Centroid of deck,0.04214,0.02803,0.03978,0.02567,0.1032,0.3253,0.961,0.706,0.782,0.527,9.592,2.874,0.476,0.14,8888,8888,0.54,8888,0.085,Low-pass filtered at 44.7 Hz (10 Hz prototype),8888,8888,S2011SQF1-016 sin - 9 Hz - 0.35g,http://ssi.civil.ntua.gr/?page_id=415,S2011SQF1-16-HS-6-CriticalPlot.pdf,"P2011SQF1-Report.pdf,                                                 P2011SQF2-Report.pdf,                                            S2011SQF1-TwoLayer-AnalyticalSystemProps.pdf",S2011SQF1-Report.pdf,S2011SQF1-Comments.pdf,S2011SQF1-16-HS-6-CriticalData.txt,S2011SQF1-16-HS-6-BaselineCorMotions.txt,S2011SQF1-16-HS-6-ResponseSpectra.txt,N/R,"S2011SQF1-HS-StructPhoto.jpg, S2011SQF1-HS-TestPhoto.jpg",,2011-07-14,2011-07-14,"I. Anastasopoulos, P. Kokkali, A. Tsatsis","small-scale 1g, dry sand, two-layered soil, square surface footing, rigid bridge pier",37.9772,23.778865,"A. Tsatsis, A. G. Gavras",2018-08-21,,,
167,S2011SQF1,S2011SQF1-17-HS-1,155,"Tsatsis, A. and Anastasopoulos, I. (2015). ""Performance of rocking systems on shallow improved sand: Shaking table testing."" Frontiers in Built Environment, 1, 9.",Soil-Foundation-Structure Systems Beyond Conventional Seismic Failure Thresholds: Application to New or Existing Structures and Monuments,G. Gazetas,I. Anastasopoulos,ERC,"A. Tsatsis, P. Kokkali","Laboratory of Soil Mechanics, National Technical University of Athens, Greece",Small-scale 1g,1D shake table,Rigid soil container,1.48,0.78,0.645,2011-07-18,17,HS,1,New model,1,0.05,0.2236,0.000125,7777,N/A,Model,0.45,7777,7777,2,None,Longstone Sand,0.075,93,3,7777,7777,7777,7777,1609,0,Longstone Sand,0.375,65,3,7777,7777,7777,7777,1511,0,N/A,7777,7777,7777,7777,7777,7777,7777,7777,7777,Lumped-mass bridge pier model (footing-parallel walls-deck) with rigid elastic walls,Square,Aluminum,0.15,0.15,7777,7777,7777,0,0,0,0.02,1.215,0.00232,0.01,0,7777,Steel,0.44,14.39,0.244,0.24,84.92,1.093,0.46,100.5,2.144,0.423,0.986,43.8,0.0037,2.82,9999,3.1,2,2,2.3,0.03671,0.042,Elastic,0.088,Elastic,0.254,0.219,1D,Sine 9 Hz,N/A,N/A,0.1g,Tapered sine wave with 15 cycles of constant amplitude,0.078,1.11,0.019,0.11,0.101,0.78,1.05,0.039,0.027,0.027,0.045,0.045,0.099,1.52,0.026,0.11,0.105,1.23,1.05,0.054,0.052,0.052,0.062,0.062,-0.094,-0.094,-0.013,-0.013,Centroid of deck,0.00099,0.00099,0.00026,0.00026,0,0,9999,9999,9999,9999,0.634,0.634,-0.153,-0.153,8888,8888,0.271,8888,0.045,Low-pass filtered at 44.7 Hz (10 Hz prototype),8888,8888,S2011SQF1-017 sin - 9 Hz - 0.1g,http://ssi.civil.ntua.gr/?page_id=415,S2011SQF1-17-HS-1-CriticalPlot.pdf,"P2011SQF1-Report.pdf,                                                 P2011SQF2-Report.pdf,                                            S2011SQF1-TwoLayer-AnalyticalSystemProps.pdf",S2011SQF1-Report.pdf,S2011SQF1-Comments.pdf,S2011SQF1-17-HS-1-CriticalData.txt,S2011SQF1-17-HS-1-BaselineCorMotions.txt,S2011SQF1-17-HS-1-ResponseSpectra.txt,N/R,"S2011SQF1-HS-StructPhoto.jpg, S2011SQF1-HS-TestPhoto.jpg",,2011-07-18,2011-07-18,"I. Anastasopoulos, P. Kokkali, A. Tsatsis","small-scale 1g, dry sand, two-layered soil, square surface footing, rigid bridge pier",37.9772,23.778865,"A. Tsatsis, A. G. Gavras",2018-08-21,,,
168,S2011SQF1,S2011SQF1-17-HS-2,156,"Tsatsis, A. and Anastasopoulos, I. (2015). ""Performance of rocking systems on shallow improved sand: Shaking table testing."" Frontiers in Built Environment, 1, 9.",Soil-Foundation-Structure Systems Beyond Conventional Seismic Failure Thresholds: Application to New or Existing Structures and Monuments,G. Gazetas,I. Anastasopoulos,ERC,"A. Tsatsis, P. Kokkali","Laboratory of Soil Mechanics, National Technical University of Athens, Greece",Small-scale 1g,1D shake table,Rigid soil container,1.48,0.78,0.645,2011-07-18,17,HS,2,New model,1,0.05,0.2236,0.000125,7777,N/A,Model,0.45,7777,7777,2,None,Longstone Sand,0.075,93,3,7777,7777,7777,7777,1609,0,Longstone Sand,0.375,65,3,7777,7777,7777,7777,1511,0,N/A,7777,7777,7777,7777,7777,7777,7777,7777,7777,Lumped-mass bridge pier model (footing-parallel walls-deck) with rigid elastic walls,Square,Aluminum,0.15,0.15,7777,7777,7777,0,0,0,0.02,1.215,0.00232,0.01,0,7777,Steel,0.44,14.39,0.244,0.24,84.92,1.093,0.46,100.5,2.144,0.423,0.986,43.8,0.0037,2.82,9999,3.1,2,2,2.3,0.03671,0.042,Elastic,0.088,Elastic,0.254,0.219,1D,Sine 9 Hz,N/A,N/A,0.15g,Tapered sine wave with 15 cycles of constant amplitude,0.176,2.56,0.041,0.11,0.105,1.19,1,0.093,0.147,0.174,0.103,0.148,0.266,3.63,0.063,0.11,0.108,1.27,0.99,0.134,0.307,0.359,0.144,0.206,-0.203,-0.19,-0.007,0.006,Centroid of deck,0.00264,0.00238,0.00118,0.00092,0.0272,0.0272,-0.436,-0.315,-0.419,-0.298,1.943,1.308,-0.153,0,8888,8888,0.374,8888,0.062,Low-pass filtered at 44.7 Hz (10 Hz prototype),8888,8888,S2011SQF1-017 sin - 9 Hz - 0.15g,http://ssi.civil.ntua.gr/?page_id=415,S2011SQF1-17-HS-2-CriticalPlot.pdf,"P2011SQF1-Report.pdf,                                                 P2011SQF2-Report.pdf,                                            S2011SQF1-TwoLayer-AnalyticalSystemProps.pdf",S2011SQF1-Report.pdf,S2011SQF1-Comments.pdf,S2011SQF1-17-HS-2-CriticalData.txt,S2011SQF1-17-HS-2-BaselineCorMotions.txt,S2011SQF1-17-HS-2-ResponseSpectra.txt,N/R,"S2011SQF1-HS-StructPhoto.jpg, S2011SQF1-HS-TestPhoto.jpg",,2011-07-18,2011-07-18,"I. Anastasopoulos, P. Kokkali, A. Tsatsis","small-scale 1g, dry sand, two-layered soil, square surface footing, rigid bridge pier",37.9772,23.778865,"A. Tsatsis, A. G. Gavras",2018-08-21,,,
169,S2011SQF1,S2011SQF1-17-HS-3,157,"Tsatsis, A. and Anastasopoulos, I. (2015). ""Performance of rocking systems on shallow improved sand: Shaking table testing."" Frontiers in Built Environment, 1, 9.",Soil-Foundation-Structure Systems Beyond Conventional Seismic Failure Thresholds: Application to New or Existing Structures and Monuments,G. Gazetas,I. Anastasopoulos,ERC,"A. Tsatsis, P. Kokkali","Laboratory of Soil Mechanics, National Technical University of Athens, Greece",Small-scale 1g,1D shake table,Rigid soil container,1.48,0.78,0.645,2011-07-18,17,HS,3,New model,1,0.05,0.2236,0.000125,7777,N/A,Model,0.45,7777,7777,2,None,Longstone Sand,0.075,93,3,7777,7777,7777,7777,1609,0,Longstone Sand,0.375,65,3,7777,7777,7777,7777,1511,0,N/A,7777,7777,7777,7777,7777,7777,7777,7777,7777,Lumped-mass bridge pier model (footing-parallel walls-deck) with rigid elastic walls,Square,Aluminum,0.15,0.15,7777,7777,7777,0,0,0,0.02,1.215,0.00232,0.01,0,7777,Steel,0.44,14.39,0.244,0.24,84.92,1.093,0.46,100.5,2.144,0.423,0.986,43.8,0.0037,2.82,9999,3.1,2,2,2.3,0.03671,0.042,Elastic,0.088,Elastic,0.254,0.219,1D,Sine 9 Hz,N/A,N/A,0.2g,Tapered sine wave with 15 cycles of constant amplitude,0.243,3.76,0.063,0.11,0.107,1.35,1.02,0.142,0.353,0.527,0.163,0.311,0.413,5.49,0.097,0.11,0.109,1.41,1.01,0.213,0.779,1.138,0.235,0.441,0.518,0.525,0.282,0.289,Centroid of deck,0.0073,0.00612,0.00529,0.00411,0.0493,0.0765,-0.52,0.103,-0.337,0.082,3.788,1.845,-0.153,0,8888,8888,0.423,8888,0.07,Low-pass filtered at 44.7 Hz (10 Hz prototype),8888,8888,S2011SQF1-017 sin - 9 Hz - 0.2g,http://ssi.civil.ntua.gr/?page_id=415,S2011SQF1-17-HS-3-CriticalPlot.pdf,"P2011SQF1-Report.pdf,                                                 P2011SQF2-Report.pdf,                                            S2011SQF1-TwoLayer-AnalyticalSystemProps.pdf",S2011SQF1-Report.pdf,S2011SQF1-Comments.pdf,S2011SQF1-17-HS-3-CriticalData.txt,S2011SQF1-17-HS-3-BaselineCorMotions.txt,S2011SQF1-17-HS-3-ResponseSpectra.txt,N/R,"S2011SQF1-HS-StructPhoto.jpg, S2011SQF1-HS-TestPhoto.jpg",,2011-07-18,2011-07-18,"I. Anastasopoulos, P. Kokkali, A. Tsatsis","small-scale 1g, dry sand, two-layered soil, square surface footing, rigid bridge pier",37.9772,23.778865,"A. Tsatsis, A. G. Gavras",2018-08-21,,,
170,S2011SQF1,S2011SQF1-17-HS-4,158,"Tsatsis, A. and Anastasopoulos, I. (2015). ""Performance of rocking systems on shallow improved sand: Shaking table testing."" Frontiers in Built Environment, 1, 9.",Soil-Foundation-Structure Systems Beyond Conventional Seismic Failure Thresholds: Application to New or Existing Structures and Monuments,G. Gazetas,I. Anastasopoulos,ERC,"A. Tsatsis, P. Kokkali","Laboratory of Soil Mechanics, National Technical University of Athens, Greece",Small-scale 1g,1D shake table,Rigid soil container,1.48,0.78,0.645,2011-07-18,17,HS,4,New model,1,0.05,0.2236,0.000125,7777,N/A,Model,0.45,7777,7777,2,None,Longstone Sand,0.075,93,3,7777,7777,7777,7777,1609,0,Longstone Sand,0.375,65,3,7777,7777,7777,7777,1511,0,N/A,7777,7777,7777,7777,7777,7777,7777,7777,7777,Lumped-mass bridge pier model (footing-parallel walls-deck) with rigid elastic walls,Square,Aluminum,0.15,0.15,7777,7777,7777,0,0,0,0.02,1.215,0.00232,0.01,0,7777,Steel,0.44,14.39,0.244,0.24,84.92,1.093,0.46,100.5,2.144,0.423,0.986,43.8,0.0037,2.82,9999,3.1,2,2,2.3,0.03671,0.042,Elastic,0.088,Elastic,0.254,0.219,1D,Sine 9 Hz,N/A,N/A,0.25g,Tapered sine wave with 15 cycles of constant amplitude,0.299,4.75,0.082,0.11,0.108,1.46,1.08,0.183,0.614,1.141,0.218,0.529,0.517,7.12,0.129,0.109,0.109,1.71,1.02,0.285,1.419,2.557,0.319,0.76,1.508,1.226,1.302,1.019,Centroid of deck,0.01853,0.01324,0.01669,0.01139,0.0631,0.1396,-0.502,0.372,-0.176,0.161,6.157,2.369,-0.047,0.107,8888,8888,0.461,8888,0.074,Low-pass filtered at 44.7 Hz (10 Hz prototype),8888,8888,S2011SQF1-017 sin - 9 Hz - 0.25g,http://ssi.civil.ntua.gr/?page_id=415,S2011SQF1-17-HS-4-CriticalPlot.pdf,"P2011SQF1-Report.pdf,                                                 P2011SQF2-Report.pdf,                                            S2011SQF1-TwoLayer-AnalyticalSystemProps.pdf",S2011SQF1-Report.pdf,S2011SQF1-Comments.pdf,S2011SQF1-17-HS-4-CriticalData.txt,S2011SQF1-17-HS-4-BaselineCorMotions.txt,S2011SQF1-17-HS-4-ResponseSpectra.txt,N/R,"S2011SQF1-HS-StructPhoto.jpg, S2011SQF1-HS-TestPhoto.jpg",,2011-07-18,2011-07-18,"I. Anastasopoulos, P. Kokkali, A. Tsatsis","small-scale 1g, dry sand, two-layered soil, square surface footing, rigid bridge pier",37.9772,23.778865,"A. Tsatsis, A. G. Gavras",2018-08-21,,,
171,,,,,,,,,,,,,,,,,,,,,,,,,,,,,,,,,,,,,,,,,,,,,,,,,,,,,,,,,,,,,,,,,,,,,,,,,,,,,,,,,,,,,,,,,,,,,,,,,,,,,,,,,,,,,,,,,,,,,,,,,,,,,,,,,,,,,,,,,,,,,,,,,,,,,,,,,,,,,,,,,,,,,,,,,,,,,,,,,,,,,,,,,,,
172,UCSD,UCSD-1-AS-2,159,"Antonellis, G., Gavras, A. G., Panagiotou, M., Kutter, B. L., Guerrini, G., Sander, A. C., and Fox, P. J. (2015). ""Shake table test of large-scale bridge columns supported on rocking shallow foundations."" Journal of Geotechnical and Geoenvironmental Engineering, 141(5), 04015009.",Analytical and Experimental Development of Bridges with Foundations Allowed to Uplift During Earthquakes,M. Panagiotou,"B. L. Kutter, P. J. Fox, J. I. Restrepo, S. A. Mahin",Caltrans,"G. Antonellis, A. G. Gavras, G. Guerrini, A. C. Sander","Large High Performance Outdoor Shake Table, University of California, San Diego, CA",Large-scale 1g,1D shake table,Large Soil Confinement Box,10.06,4.62,7.62,2013-05-17,1,AS,2,New model (except for soil layer 3),1,0.3333,0.5774,0.1111,7777,N/A,Model,3.35,7777,N/A,2,The sand used to backfill the footing (lateral extent of 0.3-0.4 m) for test day 1 had approximately 4-5% water content and was compacted using a dropping weight hand compactor. Layers 1 and 2 are separated by a liner.,Concrete Sand,2.75,90,5,7777,7777,7777,7777,1854,5,Concrete Sand,0.6,88,4,7777,7777,7777,7777,1865,6,N/A,7777,7777,7777,7777,7777,7777,7777,7777,7777,Lumped-mass bridge pier model (footing-column-deck) with flexible elastic column,Square,Reinforced Concrete,1.524,1.524,7777,7777,7777,0,0,0.6604,0.508,2832,609,0.254,1863,1.286,Reinforced Concrete,1.346,530,87,1.181,24648,21795,2.985,29873,47576,2.588,293,126,0.451,1.96,24.4,8888,14.7,11.8,9999,227.9,8888,365,0.313,0.603,0.576,0.59,1D,Gilroy #1,"1989 Loma Prieta, CA",Gilroy Array #1 090,1,None,0.466,17.4,1.66,0.221,0.262,3.23,1.93,0.137,0.621,0.621,0.3,0.3,0.549,18.6,1.59,0.219,0.225,4.27,2.57,0.14,0.865,0.865,0.397,0.397,-0.703,-0.702,-0.049,-0.048,Centroid of deck,-0.00309,-0.0031,-0.00035,-0.00036,0.0106,0.0106,-0.117,-0.117,-0.007,-0.007,0.035,0.035,8888,8888,1.064,0.946,0.737,0.737,0.156,Low-pass filtered at 17.3 Hz (10 Hz prototype),0.59,0.588,Aligned specimen - Test day 1 - Motion 1,N/A,UCSD-1-AS-2-CriticalPlot.pdf,UCSD-AS-AnalyticalSystemProps.pdf,UCSD-Report.pdf,UCSD-Comments.pdf,UCSD-1-AS-2-CriticalDataE.txt,UCSD-1-2-BaselineCorMotions.txt,UCSD-1-2-ResponseSpectra.txt,"UCSD-1-1-SupplementalData.txt, UCSD-1-2-SupplementalData.txt",UCSD-StructPhoto.jpg,UCSD-TestSetup.pdf,2013-05-17,2013-05-17,"G. Antonellis, A. G. Gavras, M. Panagiotou, B. L. Kutter, G. Guerrini, A. C. Sander, P. J. Fox, J. I. Restrepo, S. A. Mahin","large-scale 1g, sand, square embedded footing, flexible bridge pier",32.893619,-117.108998,A. G. Gavras,2018-08-21,,,
173,UCSD,UCSD-1-AS-4,160,"Antonellis, G., Gavras, A. G., Panagiotou, M., Kutter, B. L., Guerrini, G., Sander, A. C., and Fox, P. J. (2015). ""Shake table test of large-scale bridge columns supported on rocking shallow foundations."" Journal of Geotechnical and Geoenvironmental Engineering, 141(5), 04015009.",Analytical and Experimental Development of Bridges with Foundations Allowed to Uplift During Earthquakes,M. Panagiotou,"B. L. Kutter, P. J. Fox, J. I. Restrepo, S. A. Mahin",Caltrans,"G. Antonellis, A. G. Gavras, G. Guerrini, A. C. Sander","Large High Performance Outdoor Shake Table, University of California, San Diego, CA",Large-scale 1g,1D shake table,Large Soil Confinement Box,10.06,4.62,7.62,2013-05-17,1,AS,4,New model (except for soil layer 3),1,0.3333,0.5774,0.1111,7777,N/A,Model,3.35,7777,N/A,2,The sand used to backfill the footing (lateral extent of 0.3-0.4 m) for test day 1 had approximately 4-5% water content and was compacted using a dropping weight hand compactor. Layers 1 and 2 are separated by a liner.,Concrete Sand,2.75,90,5,7777,7777,7777,7777,1854,5,Concrete Sand,0.6,88,4,7777,7777,7777,7777,1865,6,N/A,7777,7777,7777,7777,7777,7777,7777,7777,7777,Lumped-mass bridge pier model (footing-column-deck) with flexible elastic column,Square,Reinforced Concrete,1.524,1.524,7777,7777,7777,0,0,0.6604,0.508,2832,609,0.254,1863,1.286,Reinforced Concrete,1.346,530,87,1.181,24648,21795,2.985,29873,47576,2.588,293,126,0.451,1.96,24.4,8888,14.7,11.8,9999,227.9,8888,365,0.313,0.603,0.576,0.59,1D,Corralitos,"1989 Loma Prieta, CA",Corralitos 218,0.8,None,0.329,19.1,2.15,0.424,0.372,7.8,4.54,0.106,0.879,1.5,0.502,0.802,0.399,18.7,2.05,0.139,0.332,8.28,4.57,0.114,1.008,1.873,0.534,0.931,-0.962,-0.913,-0.073,-0.024,Centroid of deck,-0.00495,-0.00473,-0.00018,0.00005,0.0532,0.0638,0.061,0.076,-0.002,0.013,0.097,0.055,8888,8888,1.073,0.943,0.833,0.833,0.177,Low-pass filtered at 17.3 Hz (10 Hz prototype),0.588,0.596,Aligned specimen - Test day 1 - Motion 2,N/A,UCSD-1-AS-4-CriticalPlot.pdf,UCSD-AS-AnalyticalSystemProps.pdf,UCSD-Report.pdf,UCSD-Comments.pdf,UCSD-1-AS-4-CriticalDataE.txt,UCSD-1-4-BaselineCorMotions.txt,UCSD-1-4-ResponseSpectra.txt,"UCSD-1-3-SupplementalData.txt, UCSD-1-4-SupplementalData.txt",UCSD-StructPhoto.jpg,UCSD-TestSetup.pdf,2013-05-17,2013-05-17,"G. Antonellis, A. G. Gavras, M. Panagiotou, B. L. Kutter, G. Guerrini, A. C. Sander, P. J. Fox, J. I. Restrepo, S. A. Mahin","large-scale 1g, sand, square embedded footing, flexible bridge pier",32.893619,-117.108998,A. G. Gavras,2018-08-21,,,
174,UCSD,UCSD-1-AS-6,161,"Antonellis, G., Gavras, A. G., Panagiotou, M., Kutter, B. L., Guerrini, G., Sander, A. C., and Fox, P. J. (2015). ""Shake table test of large-scale bridge columns supported on rocking shallow foundations."" Journal of Geotechnical and Geoenvironmental Engineering, 141(5), 04015009.",Analytical and Experimental Development of Bridges with Foundations Allowed to Uplift During Earthquakes,M. Panagiotou,"B. L. Kutter, P. J. Fox, J. I. Restrepo, S. A. Mahin",Caltrans,"G. Antonellis, A. G. Gavras, G. Guerrini, A. C. Sander","Large High Performance Outdoor Shake Table, University of California, San Diego, CA",Large-scale 1g,1D shake table,Large Soil Confinement Box,10.06,4.62,7.62,2013-05-17,1,AS,6,New model (except for soil layer 3),1,0.3333,0.5774,0.1111,7777,N/A,Model,3.35,7777,N/A,2,The sand used to backfill the footing (lateral extent of 0.3-0.4 m) for test day 1 had approximately 4-5% water content and was compacted using a dropping weight hand compactor. Layers 1 and 2 are separated by a liner.,Concrete Sand,2.75,90,5,7777,7777,7777,7777,1854,5,Concrete Sand,0.6,88,4,7777,7777,7777,7777,1865,6,N/A,7777,7777,7777,7777,7777,7777,7777,7777,7777,Lumped-mass bridge pier model (footing-column-deck) with flexible elastic column,Square,Reinforced Concrete,1.524,1.524,7777,7777,7777,0,0,0.6604,0.508,2832,609,0.254,1863,1.286,Reinforced Concrete,1.346,530,87,1.181,24648,21795,2.985,29873,47576,2.588,293,126,0.451,1.96,24.4,8888,14.7,11.8,9999,227.9,8888,365,0.313,0.603,0.576,0.59,1D,El Centro #6,"1979 Imperial Valley-06, CA",El Centro Array #6 053,1.1,None,0.346,60,16.4,0.139,0.919,6.65,4.9,0.092,0.717,2.217,0.502,1.304,0.389,57.4,15.61,0.053,0.7,6.92,5.28,0.098,0.872,2.745,0.581,1.512,-1.514,-1.441,-0.123,-0.05,Centroid of deck,-0.00893,-0.00865,-0.00034,-0.00007,0.0191,0.0829,-0.107,-0.107,-0.017,-0.018,0.139,0.031,8888,8888,1.059,0.934,0.933,0.843,0.224,Low-pass filtered at 17.3 Hz (10 Hz prototype),0.596,0.635,Aligned specimen - Test day 1 - Motion 3,N/A,UCSD-1-AS-6-CriticalPlot.pdf,UCSD-AS-AnalyticalSystemProps.pdf,UCSD-Report.pdf,UCSD-Comments.pdf,UCSD-1-AS-6-CriticalDataE.txt,UCSD-1-6-BaselineCorMotions.txt,UCSD-1-6-ResponseSpectra.txt,"UCSD-1-5-SupplementalData.txt, UCSD-1-6-SupplementalData.txt",UCSD-StructPhoto.jpg,UCSD-TestSetup.pdf,2013-05-17,2013-05-17,"G. Antonellis, A. G. Gavras, M. Panagiotou, B. L. Kutter, G. Guerrini, A. C. Sander, P. J. Fox, J. I. Restrepo, S. A. Mahin","large-scale 1g, sand, square embedded footing, flexible bridge pier",32.893619,-117.108998,A. G. Gavras,2018-08-21,,,
175,UCSD,UCSD-1-AS-8,162,"Antonellis, G., Gavras, A. G., Panagiotou, M., Kutter, B. L., Guerrini, G., Sander, A. C., and Fox, P. J. (2015). ""Shake table test of large-scale bridge columns supported on rocking shallow foundations."" Journal of Geotechnical and Geoenvironmental Engineering, 141(5), 04015009.",Analytical and Experimental Development of Bridges with Foundations Allowed to Uplift During Earthquakes,M. Panagiotou,"B. L. Kutter, P. J. Fox, J. I. Restrepo, S. A. Mahin",Caltrans,"G. Antonellis, A. G. Gavras, G. Guerrini, A. C. Sander","Large High Performance Outdoor Shake Table, University of California, San Diego, CA",Large-scale 1g,1D shake table,Large Soil Confinement Box,10.06,4.62,7.62,2013-05-17,1,AS,8,New model (except for soil layer 3),1,0.3333,0.5774,0.1111,7777,N/A,Model,3.35,7777,N/A,2,The sand used to backfill the footing (lateral extent of 0.3-0.4 m) for test day 1 had approximately 4-5% water content and was compacted using a dropping weight hand compactor. Layers 1 and 2 are separated by a liner.,Concrete Sand,2.75,90,5,7777,7777,7777,7777,1854,5,Concrete Sand,0.6,88,4,7777,7777,7777,7777,1865,6,N/A,7777,7777,7777,7777,7777,7777,7777,7777,7777,Lumped-mass bridge pier model (footing-column-deck) with flexible elastic column,Square,Reinforced Concrete,1.524,1.524,7777,7777,7777,0,0,0.6604,0.508,2832,609,0.254,1863,1.286,Reinforced Concrete,1.346,530,87,1.181,24648,21795,2.985,29873,47576,2.588,293,126,0.451,1.96,24.4,8888,14.7,11.8,9999,227.9,8888,365,0.313,0.603,0.576,0.59,1D,Pacoima Dam,"1971 San Fernando, CA",Pacoima Dam (upper left abut) 017,0.64,Low-pass filtered at 5 Hz (prototype),0.427,35.9,5.46,0.227,0.387,5.75,4.18,0.145,1.507,3.724,0.644,1.948,0.541,34.9,5.32,0.227,0.322,5.82,4.21,0.165,1.966,4.711,0.739,2.251,-3.668,-3.537,-0.41,-0.28,Centroid of deck,-0.0283,-0.02799,-0.00186,-0.00154,0.1106,0.1935,-0.15,-0.128,-0.046,-0.025,0.296,0.15,8888,8888,1.182,0.827,1.173,0.826,0.246,Low-pass filtered at 17.3 Hz (10 Hz prototype),0.635,0.685,Aligned specimen - Test day 1 - Motion 4,N/A,UCSD-1-AS-8-CriticalPlot.pdf,UCSD-AS-AnalyticalSystemProps.pdf,UCSD-Report.pdf,UCSD-Comments.pdf,UCSD-1-AS-8-CriticalDataE.txt,UCSD-1-8-BaselineCorMotions.txt,UCSD-1-8-ResponseSpectra.txt,"UCSD-1-7-SupplementalData.txt, UCSD-1-8-SupplementalData.txt",UCSD-StructPhoto.jpg,UCSD-TestSetup.pdf,2013-05-17,2013-05-17,"G. Antonellis, A. G. Gavras, M. Panagiotou, B. L. Kutter, G. Guerrini, A. C. Sander, P. J. Fox, J. I. Restrepo, S. A. Mahin","large-scale 1g, sand, square embedded footing, flexible bridge pier",32.893619,-117.108998,A. G. Gavras,2018-08-21,,,
176,UCSD,UCSD-1-AS-10,163,"Antonellis, G., Gavras, A. G., Panagiotou, M., Kutter, B. L., Guerrini, G., Sander, A. C., and Fox, P. J. (2015). ""Shake table test of large-scale bridge columns supported on rocking shallow foundations."" Journal of Geotechnical and Geoenvironmental Engineering, 141(5), 04015009.",Analytical and Experimental Development of Bridges with Foundations Allowed to Uplift During Earthquakes,M. Panagiotou,"B. L. Kutter, P. J. Fox, J. I. Restrepo, S. A. Mahin",Caltrans,"G. Antonellis, A. G. Gavras, G. Guerrini, A. C. Sander","Large High Performance Outdoor Shake Table, University of California, San Diego, CA",Large-scale 1g,1D shake table,Large Soil Confinement Box,10.06,4.62,7.62,2013-05-17,1,AS,10,New model (except for soil layer 3),1,0.3333,0.5774,0.1111,7777,N/A,Model,3.35,7777,N/A,2,The sand used to backfill the footing (lateral extent of 0.3-0.4 m) for test day 1 had approximately 4-5% water content and was compacted using a dropping weight hand compactor. Layers 1 and 2 are separated by a liner.,Concrete Sand,2.75,90,5,7777,7777,7777,7777,1854,5,Concrete Sand,0.6,88,4,7777,7777,7777,7777,1865,6,N/A,7777,7777,7777,7777,7777,7777,7777,7777,7777,Lumped-mass bridge pier model (footing-column-deck) with flexible elastic column,Square,Reinforced Concrete,1.524,1.524,7777,7777,7777,0,0,0.6604,0.508,2832,609,0.254,1863,1.286,Reinforced Concrete,1.346,530,87,1.181,24648,21795,2.985,29873,47576,2.588,293,126,0.451,1.96,24.4,8888,14.7,11.8,9999,227.9,8888,365,0.313,0.603,0.576,0.59,1D,Takatori,"1995 Kobe, Japan",Takatori 320,0.5,None,0.359,55.8,8.16,0.706,0.732,10.7,6.07,0.131,1.778,5.502,0.83,2.778,0.392,54.3,7.75,0.705,0.673,10.68,6.13,0.132,1.82,6.531,0.849,3.1,-6.883,-6.481,-0.826,-0.423,Centroid of deck,-0.05689,-0.055,-0.00339,-0.00149,0.2906,0.4841,-0.207,-0.169,-0.007,0.032,0.498,0.176,8888,8888,1.2,0.828,1.158,0.851,0.273,Low-pass filtered at 17.3 Hz (10 Hz prototype),0.685,0.741,Aligned specimen - Test day 1 - Motion 5,N/A,UCSD-1-AS-10-CriticalPlot.pdf,UCSD-AS-AnalyticalSystemProps.pdf,UCSD-Report.pdf,UCSD-Comments.pdf,UCSD-1-AS-10-CriticalDataE.txt,UCSD-1-10-BaselineCorMotions.txt,UCSD-1-10-ResponseSpectra.txt,"UCSD-1-9-SupplementalData.txt, UCSD-1-10-SupplementalData.txt",UCSD-StructPhoto.jpg,UCSD-TestSetup.pdf,2013-05-17,2013-05-17,"G. Antonellis, A. G. Gavras, M. Panagiotou, B. L. Kutter, G. Guerrini, A. C. Sander, P. J. Fox, J. I. Restrepo, S. A. Mahin","large-scale 1g, sand, square embedded footing, flexible bridge pier",32.893619,-117.108998,A. G. Gavras,2018-08-21,,,
177,UCSD,UCSD-1-AS-12,164,"Antonellis, G., Gavras, A. G., Panagiotou, M., Kutter, B. L., Guerrini, G., Sander, A. C., and Fox, P. J. (2015). ""Shake table test of large-scale bridge columns supported on rocking shallow foundations."" Journal of Geotechnical and Geoenvironmental Engineering, 141(5), 04015009.",Analytical and Experimental Development of Bridges with Foundations Allowed to Uplift During Earthquakes,M. Panagiotou,"B. L. Kutter, P. J. Fox, J. I. Restrepo, S. A. Mahin",Caltrans,"G. Antonellis, A. G. Gavras, G. Guerrini, A. C. Sander","Large High Performance Outdoor Shake Table, University of California, San Diego, CA",Large-scale 1g,1D shake table,Large Soil Confinement Box,10.06,4.62,7.62,2013-05-17,1,AS,12,New model (except for soil layer 3),1,0.3333,0.5774,0.1111,7777,N/A,Model,3.35,7777,N/A,2,The sand used to backfill the footing (lateral extent of 0.3-0.4 m) for test day 1 had approximately 4-5% water content and was compacted using a dropping weight hand compactor. Layers 1 and 2 are separated by a liner.,Concrete Sand,2.75,90,5,7777,7777,7777,7777,1854,5,Concrete Sand,0.6,88,4,7777,7777,7777,7777,1865,6,N/A,7777,7777,7777,7777,7777,7777,7777,7777,7777,Lumped-mass bridge pier model (footing-column-deck) with flexible elastic column,Square,Reinforced Concrete,1.524,1.524,7777,7777,7777,0,0,0.6604,0.508,2832,609,0.254,1863,1.286,Reinforced Concrete,1.346,530,87,1.181,24648,21795,2.985,29873,47576,2.588,293,126,0.451,1.96,24.4,8888,14.7,11.8,9999,227.9,8888,365,0.313,0.603,0.576,0.59,1D,Takatori,"1995 Kobe, Japan",Takatori 320,1,None,0.741,103.4,16.7,0.716,0.754,14.77,6.23,0.254,6.862,12.364,1.762,4.54,0.784,100.1,16.16,0.717,0.69,19.68,6.28,0.259,7.201,13.732,1.917,5.017,-11.61,-10.785,-3.34,-2.516,Centroid of deck,-0.10829,-0.10496,-0.02716,-0.02383,0.5034,0.9875,0.877,0.885,0.524,0.532,0.385,-0.127,8888,8888,1.517,0.605,1.498,0.738,0.288,Low-pass filtered at 17.3 Hz (10 Hz prototype),0.741,0.804,Aligned specimen - Test day 1 - Motion 6,N/A,UCSD-1-AS-12-CriticalPlot.pdf,UCSD-AS-AnalyticalSystemProps.pdf,UCSD-Report.pdf,UCSD-Comments.pdf,UCSD-1-AS-12-CriticalDataE.txt,UCSD-1-12-BaselineCorMotions.txt,UCSD-1-12-ResponseSpectra.txt,"UCSD-1-11-SupplementalData.txt, UCSD-1-12-SupplementalData.txt",UCSD-StructPhoto.jpg,UCSD-TestSetup.pdf,2013-05-17,2013-05-17,"G. Antonellis, A. G. Gavras, M. Panagiotou, B. L. Kutter, G. Guerrini, A. C. Sander, P. J. Fox, J. I. Restrepo, S. A. Mahin","large-scale 1g, sand, square embedded footing, flexible bridge pier",32.893619,-117.108998,A. G. Gavras,2018-08-21,,,
178,UCSD,UCSD-1-SS-2,165,"Antonellis, G., Gavras, A. G., Panagiotou, M., Kutter, B. L., Guerrini, G., Sander, A. C., and Fox, P. J. (2015). ""Shake table test of large-scale bridge columns supported on rocking shallow foundations."" Journal of Geotechnical and Geoenvironmental Engineering, 141(5), 04015009.",Analytical and Experimental Development of Bridges with Foundations Allowed to Uplift During Earthquakes,M. Panagiotou,"B. L. Kutter, P. J. Fox, J. I. Restrepo, S. A. Mahin",Caltrans,"G. Antonellis, A. G. Gavras, G. Guerrini, A. C. Sander","Large High Performance Outdoor Shake Table, University of California, San Diego, CA",Large-scale 1g,1D shake table,Large Soil Confinement Box,10.06,4.62,7.62,2013-05-17,1,SS,2,New model (except for soil layer 3),1,0.3333,0.5774,0.1111,7777,N/A,Model,3.35,7777,N/A,2,The sand used to backfill the footing (lateral extent of 0.3-0.4 m) for test day 1 had approximately 4-5% water content and was compacted using a dropping weight hand compactor. Layers 1 and 2 are separated by a liner.,Concrete Sand,2.75,90,5,7777,7777,7777,7777,1854,5,Concrete Sand,0.6,88,4,7777,7777,7777,7777,1865,6,N/A,7777,7777,7777,7777,7777,7777,7777,7777,7777,Lumped-mass bridge pier model (footing-column-deck) with flexible elastic column,Square,Reinforced Concrete,1.524,1.524,7777,7777,7777,0,30,0.6604,0.508,2832,609,0.254,1863,1.286,Reinforced Concrete,1.346,530,87,1.181,24648,21795,2.985,29873,47576,2.588,293,126,0.451,1.96,24.4,8888,15.3,12.1,9999,252.4,8888,365,0.346,0.603,0.565,0.501,1D,Gilroy #1,"1989 Loma Prieta, CA",Gilroy Array #1 090,1,None,0.466,17.4,1.66,0.221,0.262,3.23,1.93,0.137,0.621,0.621,0.3,0.3,0.549,18.6,1.59,0.219,0.225,4.27,2.57,0.14,0.865,0.865,0.397,0.397,-0.706,-0.706,-0.025,-0.025,Centroid of deck,-0.0025,-0.00249,-0.0001,-0.00009,0.0056,0.0056,-0.105,-0.106,-0.006,-0.006,0.027,0.028,8888,8888,1.082,0.932,0.74,0.74,0.17,Low-pass filtered at 17.3 Hz (10 Hz prototype),0.501,0.587,Skewed specimen - Test day 1 - Motion 1,N/A,UCSD-1-SS-2-CriticalPlot.pdf,UCSD-SS-AnalyticalSystemProps.pdf,UCSD-Report.pdf,UCSD-Comments.pdf,UCSD-1-SS-2-CriticalDataE.txt,UCSD-1-2-BaselineCorMotions.txt,UCSD-1-2-ResponseSpectra.txt,"UCSD-1-1-SupplementalData.txt, UCSD-1-2-SupplementalData.txt",UCSD-StructPhoto.jpg,UCSD-TestSetup.pdf,2013-05-17,2013-05-17,"G. Antonellis, A. G. Gavras, M. Panagiotou, B. L. Kutter, G. Guerrini, A. C. Sander, P. J. Fox, J. I. Restrepo, S. A. Mahin","large-scale 1g, sand, square embedded footing, skew footing, flexible bridge pier",32.893619,-117.108998,A. G. Gavras,2018-08-21,,,
179,UCSD,UCSD-1-SS-4,166,"Antonellis, G., Gavras, A. G., Panagiotou, M., Kutter, B. L., Guerrini, G., Sander, A. C., and Fox, P. J. (2015). ""Shake table test of large-scale bridge columns supported on rocking shallow foundations."" Journal of Geotechnical and Geoenvironmental Engineering, 141(5), 04015009.",Analytical and Experimental Development of Bridges with Foundations Allowed to Uplift During Earthquakes,M. Panagiotou,"B. L. Kutter, P. J. Fox, J. I. Restrepo, S. A. Mahin",Caltrans,"G. Antonellis, A. G. Gavras, G. Guerrini, A. C. Sander","Large High Performance Outdoor Shake Table, University of California, San Diego, CA",Large-scale 1g,1D shake table,Large Soil Confinement Box,10.06,4.62,7.62,2013-05-17,1,SS,4,New model (except for soil layer 3),1,0.3333,0.5774,0.1111,7777,N/A,Model,3.35,7777,N/A,2,The sand used to backfill the footing (lateral extent of 0.3-0.4 m) for test day 1 had approximately 4-5% water content and was compacted using a dropping weight hand compactor. Layers 1 and 2 are separated by a liner.,Concrete Sand,2.75,90,5,7777,7777,7777,7777,1854,5,Concrete Sand,0.6,88,4,7777,7777,7777,7777,1865,6,N/A,7777,7777,7777,7777,7777,7777,7777,7777,7777,Lumped-mass bridge pier model (footing-column-deck) with flexible elastic column,Square,Reinforced Concrete,1.524,1.524,7777,7777,7777,0,30,0.6604,0.508,2832,609,0.254,1863,1.286,Reinforced Concrete,1.346,530,87,1.181,24648,21795,2.985,29873,47576,2.588,293,126,0.451,1.96,24.4,8888,15.3,12.1,9999,252.4,8888,365,0.346,0.603,0.565,0.501,1D,Corralitos,"1989 Loma Prieta, CA",Corralitos 218,0.8,None,0.329,19.1,2.15,0.424,0.372,7.8,4.54,0.106,0.879,1.5,0.502,0.802,0.399,18.7,2.05,0.139,0.332,8.28,4.57,0.114,1.008,1.873,0.534,0.931,-0.935,-0.922,-0.001,0.012,Centroid of deck,-0.00428,-0.00422,-0.00005,0,0.0277,0.0333,0.089,0.094,-0.004,0.001,0.078,0.042,8888,8888,1.067,0.94,0.862,0.862,0.189,Low-pass filtered at 17.3 Hz (10 Hz prototype),0.587,0.586,Skewed specimen - Test day 1 - Motion 2,N/A,UCSD-1-SS-4-CriticalPlot.pdf,UCSD-SS-AnalyticalSystemProps.pdf,UCSD-Report.pdf,UCSD-Comments.pdf,UCSD-1-SS-4-CriticalDataE.txt,UCSD-1-4-BaselineCorMotions.txt,UCSD-1-4-ResponseSpectra.txt,"UCSD-1-3-SupplementalData.txt, UCSD-1-4-SupplementalData.txt",UCSD-StructPhoto.jpg,UCSD-TestSetup.pdf,2013-05-17,2013-05-17,"G. Antonellis, A. G. Gavras, M. Panagiotou, B. L. Kutter, G. Guerrini, A. C. Sander, P. J. Fox, J. I. Restrepo, S. A. Mahin","large-scale 1g, sand, square embedded footing, skew footing, flexible bridge pier",32.893619,-117.108998,A. G. Gavras,2018-08-21,,,
180,UCSD,UCSD-1-SS-6,167,"Antonellis, G., Gavras, A. G., Panagiotou, M., Kutter, B. L., Guerrini, G., Sander, A. C., and Fox, P. J. (2015). ""Shake table test of large-scale bridge columns supported on rocking shallow foundations."" Journal of Geotechnical and Geoenvironmental Engineering, 141(5), 04015009.",Analytical and Experimental Development of Bridges with Foundations Allowed to Uplift During Earthquakes,M. Panagiotou,"B. L. Kutter, P. J. Fox, J. I. Restrepo, S. A. Mahin",Caltrans,"G. Antonellis, A. G. Gavras, G. Guerrini, A. C. Sander","Large High Performance Outdoor Shake Table, University of California, San Diego, CA",Large-scale 1g,1D shake table,Large Soil Confinement Box,10.06,4.62,7.62,2013-05-17,1,SS,6,New model (except for soil layer 3),1,0.3333,0.5774,0.1111,7777,N/A,Model,3.35,7777,N/A,2,The sand used to backfill the footing (lateral extent of 0.3-0.4 m) for test day 1 had approximately 4-5% water content and was compacted using a dropping weight hand compactor. Layers 1 and 2 are separated by a liner.,Concrete Sand,2.75,90,5,7777,7777,7777,7777,1854,5,Concrete Sand,0.6,88,4,7777,7777,7777,7777,1865,6,N/A,7777,7777,7777,7777,7777,7777,7777,7777,7777,Lumped-mass bridge pier model (footing-column-deck) with flexible elastic column,Square,Reinforced Concrete,1.524,1.524,7777,7777,7777,0,30,0.6604,0.508,2832,609,0.254,1863,1.286,Reinforced Concrete,1.346,530,87,1.181,24648,21795,2.985,29873,47576,2.588,293,126,0.451,1.96,24.4,8888,15.3,12.1,9999,252.4,8888,365,0.346,0.603,0.565,0.501,1D,El Centro #6,"1979 Imperial Valley-06, CA",El Centro Array #6 053,1.1,None,0.346,60,16.4,0.139,0.919,6.65,4.9,0.092,0.717,2.217,0.502,1.304,0.389,57.4,15.61,0.053,0.7,6.92,5.28,0.098,0.872,2.745,0.581,1.512,-1.297,-1.3,0.034,0.031,Centroid of deck,0.00681,0.00686,0.00004,0.00008,0.0211,0.0544,-0.11,-0.106,0.012,0.016,0.115,0.031,8888,8888,1.065,0.943,0.924,0.924,0.227,Low-pass filtered at 17.3 Hz (10 Hz prototype),0.586,0.587,Skewed specimen - Test day 1 - Motion 3,N/A,UCSD-1-SS-6-CriticalPlot.pdf,UCSD-SS-AnalyticalSystemProps.pdf,UCSD-Report.pdf,UCSD-Comments.pdf,UCSD-1-SS-6-CriticalDataE.txt,UCSD-1-6-BaselineCorMotions.txt,UCSD-1-6-ResponseSpectra.txt,"UCSD-1-5-SupplementalData.txt, UCSD-1-6-SupplementalData.txt",UCSD-StructPhoto.jpg,UCSD-TestSetup.pdf,2013-05-17,2013-05-17,"G. Antonellis, A. G. Gavras, M. Panagiotou, B. L. Kutter, G. Guerrini, A. C. Sander, P. J. Fox, J. I. Restrepo, S. A. Mahin","large-scale 1g, sand, square embedded footing, skew footing, flexible bridge pier",32.893619,-117.108998,A. G. Gavras,2018-08-21,,,
181,UCSD,UCSD-1-SS-8,168,"Antonellis, G., Gavras, A. G., Panagiotou, M., Kutter, B. L., Guerrini, G., Sander, A. C., and Fox, P. J. (2015). ""Shake table test of large-scale bridge columns supported on rocking shallow foundations."" Journal of Geotechnical and Geoenvironmental Engineering, 141(5), 04015009.",Analytical and Experimental Development of Bridges with Foundations Allowed to Uplift During Earthquakes,M. Panagiotou,"B. L. Kutter, P. J. Fox, J. I. Restrepo, S. A. Mahin",Caltrans,"G. Antonellis, A. G. Gavras, G. Guerrini, A. C. Sander","Large High Performance Outdoor Shake Table, University of California, San Diego, CA",Large-scale 1g,1D shake table,Large Soil Confinement Box,10.06,4.62,7.62,2013-05-17,1,SS,8,New model (except for soil layer 3),1,0.3333,0.5774,0.1111,7777,N/A,Model,3.35,7777,N/A,2,The sand used to backfill the footing (lateral extent of 0.3-0.4 m) for test day 1 had approximately 4-5% water content and was compacted using a dropping weight hand compactor. Layers 1 and 2 are separated by a liner.,Concrete Sand,2.75,90,5,7777,7777,7777,7777,1854,5,Concrete Sand,0.6,88,4,7777,7777,7777,7777,1865,6,N/A,7777,7777,7777,7777,7777,7777,7777,7777,7777,Lumped-mass bridge pier model (footing-column-deck) with flexible elastic column,Square,Reinforced Concrete,1.524,1.524,7777,7777,7777,0,30,0.6604,0.508,2832,609,0.254,1863,1.286,Reinforced Concrete,1.346,530,87,1.181,24648,21795,2.985,29873,47576,2.588,293,126,0.451,1.96,24.4,8888,15.3,12.1,9999,252.4,8888,365,0.346,0.603,0.565,0.501,1D,Pacoima Dam,"1971 San Fernando, CA",Pacoima Dam (upper left abut) 017,0.64,Low-pass filtered at 5 Hz (prototype),0.427,35.9,5.46,0.227,0.387,5.75,4.18,0.145,1.507,3.724,0.644,1.948,0.541,34.9,5.32,0.227,0.322,5.82,4.21,0.165,1.966,4.711,0.739,2.251,-3.519,-3.551,-0.023,-0.056,Centroid of deck,-0.02544,-0.02545,-0.00055,-0.00056,0.1103,0.1647,-0.227,-0.238,-0.038,-0.049,0.314,0.186,8888,8888,1.239,0.81,1.228,0.876,0.274,Low-pass filtered at 17.3 Hz (10 Hz prototype),0.587,0.635,Skewed specimen - Test day 1 - Motion 4,N/A,UCSD-1-SS-8-CriticalPlot.pdf,UCSD-SS-AnalyticalSystemProps.pdf,UCSD-Report.pdf,UCSD-Comments.pdf,UCSD-1-SS-8-CriticalDataE.txt,UCSD-1-8-BaselineCorMotions.txt,UCSD-1-8-ResponseSpectra.txt,"UCSD-1-7-SupplementalData.txt, UCSD-1-8-SupplementalData.txt",UCSD-StructPhoto.jpg,UCSD-TestSetup.pdf,2013-05-17,2013-05-17,"G. Antonellis, A. G. Gavras, M. Panagiotou, B. L. Kutter, G. Guerrini, A. C. Sander, P. J. Fox, J. I. Restrepo, S. A. Mahin","large-scale 1g, sand, square embedded footing, skew footing, flexible bridge pier",32.893619,-117.108998,A. G. Gavras,2018-08-21,,,
182,UCSD,UCSD-1-SS-10,169,"Antonellis, G., Gavras, A. G., Panagiotou, M., Kutter, B. L., Guerrini, G., Sander, A. C., and Fox, P. J. (2015). ""Shake table test of large-scale bridge columns supported on rocking shallow foundations."" Journal of Geotechnical and Geoenvironmental Engineering, 141(5), 04015009.",Analytical and Experimental Development of Bridges with Foundations Allowed to Uplift During Earthquakes,M. Panagiotou,"B. L. Kutter, P. J. Fox, J. I. Restrepo, S. A. Mahin",Caltrans,"G. Antonellis, A. G. Gavras, G. Guerrini, A. C. Sander","Large High Performance Outdoor Shake Table, University of California, San Diego, CA",Large-scale 1g,1D shake table,Large Soil Confinement Box,10.06,4.62,7.62,2013-05-17,1,SS,10,New model (except for soil layer 3),1,0.3333,0.5774,0.1111,7777,N/A,Model,3.35,7777,N/A,2,The sand used to backfill the footing (lateral extent of 0.3-0.4 m) for test day 1 had approximately 4-5% water content and was compacted using a dropping weight hand compactor. Layers 1 and 2 are separated by a liner.,Concrete Sand,2.75,90,5,7777,7777,7777,7777,1854,5,Concrete Sand,0.6,88,4,7777,7777,7777,7777,1865,6,N/A,7777,7777,7777,7777,7777,7777,7777,7777,7777,Lumped-mass bridge pier model (footing-column-deck) with flexible elastic column,Square,Reinforced Concrete,1.524,1.524,7777,7777,7777,0,30,0.6604,0.508,2832,609,0.254,1863,1.286,Reinforced Concrete,1.346,530,87,1.181,24648,21795,2.985,29873,47576,2.588,293,126,0.451,1.96,24.4,8888,15.3,12.1,9999,252.4,8888,365,0.346,0.603,0.565,0.501,1D,Takatori,"1995 Kobe, Japan",Takatori 320,0.5,None,0.359,55.8,8.16,0.706,0.732,10.7,6.07,0.131,1.778,5.502,0.83,2.778,0.392,54.3,7.75,0.705,0.673,10.68,6.13,0.132,1.82,6.531,0.849,3.1,5.132,5.152,0.302,0.322,Centroid of deck,-0.04219,-0.04146,-0.00099,-0.00025,0.2604,0.4251,-0.273,-0.263,-0.02,-0.01,0.535,0.219,8888,8888,1.23,0.859,1.131,0.95,0.274,Low-pass filtered at 17.3 Hz (10 Hz prototype),0.635,0.689,Skewed specimen - Test day 1 - Motion 5,N/A,UCSD-1-SS-10-CriticalPlot.pdf,UCSD-SS-AnalyticalSystemProps.pdf,UCSD-Report.pdf,UCSD-Comments.pdf,UCSD-1-SS-10-CriticalDataE.txt,UCSD-1-10-BaselineCorMotions.txt,UCSD-1-10-ResponseSpectra.txt,"UCSD-1-9-SupplementalData.txt, UCSD-1-10-SupplementalData.txt",UCSD-StructPhoto.jpg,UCSD-TestSetup.pdf,2013-05-17,2013-05-17,"G. Antonellis, A. G. Gavras, M. Panagiotou, B. L. Kutter, G. Guerrini, A. C. Sander, P. J. Fox, J. I. Restrepo, S. A. Mahin","large-scale 1g, sand, square embedded footing, skew footing, flexible bridge pier",32.893619,-117.108998,A. G. Gavras,2018-08-21,,,
183,UCSD,UCSD-1-SS-12,170,"Antonellis, G., Gavras, A. G., Panagiotou, M., Kutter, B. L., Guerrini, G., Sander, A. C., and Fox, P. J. (2015). ""Shake table test of large-scale bridge columns supported on rocking shallow foundations."" Journal of Geotechnical and Geoenvironmental Engineering, 141(5), 04015009.",Analytical and Experimental Development of Bridges with Foundations Allowed to Uplift During Earthquakes,M. Panagiotou,"B. L. Kutter, P. J. Fox, J. I. Restrepo, S. A. Mahin",Caltrans,"G. Antonellis, A. G. Gavras, G. Guerrini, A. C. Sander","Large High Performance Outdoor Shake Table, University of California, San Diego, CA",Large-scale 1g,1D shake table,Large Soil Confinement Box,10.06,4.62,7.62,2013-05-17,1,SS,12,New model (except for soil layer 3),1,0.3333,0.5774,0.1111,7777,N/A,Model,3.35,7777,N/A,2,The sand used to backfill the footing (lateral extent of 0.3-0.4 m) for test day 1 had approximately 4-5% water content and was compacted using a dropping weight hand compactor. Layers 1 and 2 are separated by a liner.,Concrete Sand,2.75,90,5,7777,7777,7777,7777,1854,5,Concrete Sand,0.6,88,4,7777,7777,7777,7777,1865,6,N/A,7777,7777,7777,7777,7777,7777,7777,7777,7777,Lumped-mass bridge pier model (footing-column-deck) with flexible elastic column,Square,Reinforced Concrete,1.524,1.524,7777,7777,7777,0,30,0.6604,0.508,2832,609,0.254,1863,1.286,Reinforced Concrete,1.346,530,87,1.181,24648,21795,2.985,29873,47576,2.588,293,126,0.451,1.96,24.4,8888,15.3,12.1,9999,252.4,8888,365,0.346,0.603,0.565,0.501,1D,Takatori,"1995 Kobe, Japan",Takatori 320,1,None,0.741,103.4,16.7,0.716,0.754,14.77,6.23,0.254,6.862,12.364,1.762,4.54,0.784,100.1,16.16,0.717,0.69,19.68,6.28,0.259,7.201,13.732,1.917,5.017,-11.492,-11.794,-1.585,-1.887,Centroid of deck,-0.10824,-0.10721,-0.0255,-0.02447,0.4662,0.8913,0.567,0.586,0.126,0.145,0.475,-0.07,8888,8888,1.515,0.7,1.533,0.911,0.349,Low-pass filtered at 17.3 Hz (10 Hz prototype),0.689,0.692,Skewed specimen - Test day 1 - Motion 6,N/A,UCSD-1-SS-12-CriticalPlot.pdf,UCSD-SS-AnalyticalSystemProps.pdf,UCSD-Report.pdf,UCSD-Comments.pdf,UCSD-1-SS-12-CriticalDataE.txt,UCSD-1-12-BaselineCorMotions.txt,UCSD-1-12-ResponseSpectra.txt,"UCSD-1-11-SupplementalData.txt, UCSD-1-12-SupplementalData.txt",UCSD-StructPhoto.jpg,UCSD-TestSetup.pdf,2013-05-17,2013-05-17,"G. Antonellis, A. G. Gavras, M. Panagiotou, B. L. Kutter, G. Guerrini, A. C. Sander, P. J. Fox, J. I. Restrepo, S. A. Mahin","large-scale 1g, sand, square embedded footing, skew footing, flexible bridge pier",32.893619,-117.108998,A. G. Gavras,2018-08-21,,,
184,UCSD,UCSD-2-AS-2,171,"Antonellis, G., Gavras, A. G., Panagiotou, M., Kutter, B. L., Guerrini, G., Sander, A. C., and Fox, P. J. (2015). ""Shake table test of large-scale bridge columns supported on rocking shallow foundations."" Journal of Geotechnical and Geoenvironmental Engineering, 141(5), 04015009.",Analytical and Experimental Development of Bridges with Foundations Allowed to Uplift During Earthquakes,M. Panagiotou,"B. L. Kutter, P. J. Fox, J. I. Restrepo, S. A. Mahin",Caltrans,"G. Antonellis, A. G. Gavras, G. Guerrini, A. C. Sander","Large High Performance Outdoor Shake Table, University of California, San Diego, CA",Large-scale 1g,1D shake table,Large Soil Confinement Box,10.06,4.62,7.62,2013-05-20,2,AS,2,"The structure was removed after test day 1, the soil under the footing was leveled and compacted using a dropping weight hand compactor, and the structure was placed back at the target position.",1,0.3333,0.5774,0.1111,7777,N/A,Model,3.35,1.89,Water,3,The sand used to backfill the footing (lateral extent of 0.3-0.4 m) for test day 2 had approximately 2% water content and was compacted using a dropping weight hand compactor. Layers 2 and 3 are separated by a liner.,Concrete Sand,1.89,90,5,7777,7777,7777,7777,1854,5,Concrete Sand,0.86,90,5,7777,7777,7777,7777,2102,19,Concrete Sand,0.6,88,4,7777,7777,7777,7777,1865,6,Lumped-mass bridge pier model (footing-column-deck) with flexible elastic column,Square,Reinforced Concrete,1.524,1.524,7777,7777,7777,0,0,0.6604,0.508,2832,609,0.254,1863,1.286,Reinforced Concrete,1.346,530,87,1.181,24648,21795,2.985,29873,47576,2.588,293,126,0.451,1.96,24,8888,14.7,11.8,9999,227.9,8888,365,0.313,0.603,0.576,0.741,1D,Gilroy #1,"1989 Loma Prieta, CA",Gilroy Array #1 090,1,None,0.447,16.4,1.7,0.223,0.268,3.65,1.97,0.13,0.569,0.569,0.286,0.286,0.577,19.9,1.57,0.22,0.216,5.52,2.37,0.159,1.027,1.027,0.422,0.422,0.886,-0.902,0.01,-0.041,Centroid of deck,-0.00482,-0.00501,0.00004,-0.00015,0.0313,0.0313,-0.214,-0.22,-0.001,-0.008,0.141,0.065,-0.012,-0.012,1.093,0.917,0.606,0.606,0.183,Low-pass filtered at 17.3 Hz (10 Hz prototype),0.741,0.732,Aligned specimen - Test day 2 - Motion 1,N/A,UCSD-2-AS-2-CriticalPlot.pdf,UCSD-AS-AnalyticalSystemProps.pdf,UCSD-Report.pdf,UCSD-Comments.pdf,UCSD-2-AS-2-CriticalDataE.txt,UCSD-2-2-BaselineCorMotions.txt,UCSD-2-2-ResponseSpectra.txt,"UCSD-2-1-SupplementalData.txt, UCSD-2-2-SupplementalData.txt",UCSD-StructPhoto.jpg,UCSD-TestSetup.pdf,2013-05-20,2013-05-20,"G. Antonellis, A. G. Gavras, M. Panagiotou, B. L. Kutter, G. Guerrini, A. C. Sander, P. J. Fox, J. I. Restrepo, S. A. Mahin","large-scale 1g, sand, water table, square embedded footing, flexible bridge pier",32.893619,-117.108998,A. G. Gavras,2018-08-21,,,
185,UCSD,UCSD-2-AS-4,172,"Antonellis, G., Gavras, A. G., Panagiotou, M., Kutter, B. L., Guerrini, G., Sander, A. C., and Fox, P. J. (2015). ""Shake table test of large-scale bridge columns supported on rocking shallow foundations."" Journal of Geotechnical and Geoenvironmental Engineering, 141(5), 04015009.",Analytical and Experimental Development of Bridges with Foundations Allowed to Uplift During Earthquakes,M. Panagiotou,"B. L. Kutter, P. J. Fox, J. I. Restrepo, S. A. Mahin",Caltrans,"G. Antonellis, A. G. Gavras, G. Guerrini, A. C. Sander","Large High Performance Outdoor Shake Table, University of California, San Diego, CA",Large-scale 1g,1D shake table,Large Soil Confinement Box,10.06,4.62,7.62,2013-05-20,2,AS,4,"The structure was removed after test day 1, the soil under the footing was leveled and compacted using a dropping weight hand compactor, and the structure was placed back at the target position.",1,0.3333,0.5774,0.1111,7777,N/A,Model,3.35,1.89,Water,3,The sand used to backfill the footing (lateral extent of 0.3-0.4 m) for test day 2 had approximately 2% water content and was compacted using a dropping weight hand compactor. Layers 2 and 3 are separated by a liner.,Concrete Sand,1.89,90,5,7777,7777,7777,7777,1854,5,Concrete Sand,0.86,90,5,7777,7777,7777,7777,2102,19,Concrete Sand,0.6,88,4,7777,7777,7777,7777,1865,6,Lumped-mass bridge pier model (footing-column-deck) with flexible elastic column,Square,Reinforced Concrete,1.524,1.524,7777,7777,7777,0,0,0.6604,0.508,2832,609,0.254,1863,1.286,Reinforced Concrete,1.346,530,87,1.181,24648,21795,2.985,29873,47576,2.588,293,126,0.451,1.96,24,8888,14.7,11.8,9999,227.9,8888,365,0.313,0.603,0.576,0.741,1D,Corralitos,"1989 Loma Prieta, CA",Corralitos 218,0.8,None,0.309,19.1,2.07,0.425,0.381,7.79,4.55,0.104,0.844,1.413,0.495,0.781,0.428,18.9,2.1,0.14,0.321,8.53,4.55,0.119,1.105,2.132,0.559,0.981,1.494,1.474,0.028,0.009,Centroid of deck,0.00962,0.00924,0.00065,0.00027,0.0436,0.0749,0.07,0.082,0.006,0.018,0.196,0.049,-0.01,0.001,1.09,0.894,0.85,0.85,0.183,Low-pass filtered at 17.3 Hz (10 Hz prototype),0.732,0.733,Aligned specimen - Test day 2 - Motion 2,N/A,UCSD-2-AS-4-CriticalPlot.pdf,UCSD-AS-AnalyticalSystemProps.pdf,UCSD-Report.pdf,UCSD-Comments.pdf,UCSD-2-AS-4-CriticalDataE.txt,UCSD-2-4-BaselineCorMotions.txt,UCSD-2-4-ResponseSpectra.txt,"UCSD-2-3-SupplementalData.txt, UCSD-2-4-SupplementalData.txt",UCSD-StructPhoto.jpg,UCSD-TestSetup.pdf,2013-05-20,2013-05-20,"G. Antonellis, A. G. Gavras, M. Panagiotou, B. L. Kutter, G. Guerrini, A. C. Sander, P. J. Fox, J. I. Restrepo, S. A. Mahin","large-scale 1g, sand, water table, square embedded footing, flexible bridge pier",32.893619,-117.108998,A. G. Gavras,2018-08-21,,,
186,UCSD,UCSD-2-AS-6,173,"Antonellis, G., Gavras, A. G., Panagiotou, M., Kutter, B. L., Guerrini, G., Sander, A. C., and Fox, P. J. (2015). ""Shake table test of large-scale bridge columns supported on rocking shallow foundations."" Journal of Geotechnical and Geoenvironmental Engineering, 141(5), 04015009.",Analytical and Experimental Development of Bridges with Foundations Allowed to Uplift During Earthquakes,M. Panagiotou,"B. L. Kutter, P. J. Fox, J. I. Restrepo, S. A. Mahin",Caltrans,"G. Antonellis, A. G. Gavras, G. Guerrini, A. C. Sander","Large High Performance Outdoor Shake Table, University of California, San Diego, CA",Large-scale 1g,1D shake table,Large Soil Confinement Box,10.06,4.62,7.62,2013-05-20,2,AS,6,"The structure was removed after test day 1, the soil under the footing was leveled and compacted using a dropping weight hand compactor, and the structure was placed back at the target position.",1,0.3333,0.5774,0.1111,7777,N/A,Model,3.35,1.89,Water,3,The sand used to backfill the footing (lateral extent of 0.3-0.4 m) for test day 2 had approximately 2% water content and was compacted using a dropping weight hand compactor. Layers 2 and 3 are separated by a liner.,Concrete Sand,1.89,90,5,7777,7777,7777,7777,1854,5,Concrete Sand,0.86,90,5,7777,7777,7777,7777,2102,19,Concrete Sand,0.6,88,4,7777,7777,7777,7777,1865,6,Lumped-mass bridge pier model (footing-column-deck) with flexible elastic column,Square,Reinforced Concrete,1.524,1.524,7777,7777,7777,0,0,0.6604,0.508,2832,609,0.254,1863,1.286,Reinforced Concrete,1.346,530,87,1.181,24648,21795,2.985,29873,47576,2.588,293,126,0.451,1.96,24,8888,14.7,11.8,9999,227.9,8888,365,0.313,0.603,0.576,0.741,1D,El Centro #6,"1979 Imperial Valley-06, CA",El Centro Array #6 053,1.1,None,0.346,59.9,16.29,0.141,0.934,6.01,5.11,0.09,0.71,2.123,0.505,1.286,0.385,57.6,15.7,0.054,0.636,12.42,5.54,0.102,0.985,3.117,0.63,1.611,-2.178,-2.213,-0.116,-0.15,Centroid of deck,-0.01521,-0.01597,-0.00058,-0.00134,0.0408,0.1157,-0.133,-0.14,-0.017,-0.024,0.232,0.026,-0.01,0,1.085,0.895,0.957,0.762,0.217,Low-pass filtered at 17.3 Hz (10 Hz prototype),0.733,0.737,Aligned specimen - Test day 2 - Motion 3,N/A,UCSD-2-AS-6-CriticalPlot.pdf,UCSD-AS-AnalyticalSystemProps.pdf,UCSD-Report.pdf,UCSD-Comments.pdf,UCSD-2-AS-6-CriticalDataE.txt,UCSD-2-6-BaselineCorMotions.txt,UCSD-2-6-ResponseSpectra.txt,"UCSD-2-5-SupplementalData.txt, UCSD-2-6-SupplementalData.txt",UCSD-StructPhoto.jpg,UCSD-TestSetup.pdf,2013-05-20,2013-05-20,"G. Antonellis, A. G. Gavras, M. Panagiotou, B. L. Kutter, G. Guerrini, A. C. Sander, P. J. Fox, J. I. Restrepo, S. A. Mahin","large-scale 1g, sand, water table, square embedded footing, flexible bridge pier",32.893619,-117.108998,A. G. Gavras,2018-08-21,,,
187,UCSD,UCSD-2-AS-8,174,"Antonellis, G., Gavras, A. G., Panagiotou, M., Kutter, B. L., Guerrini, G., Sander, A. C., and Fox, P. J. (2015). ""Shake table test of large-scale bridge columns supported on rocking shallow foundations."" Journal of Geotechnical and Geoenvironmental Engineering, 141(5), 04015009.",Analytical and Experimental Development of Bridges with Foundations Allowed to Uplift During Earthquakes,M. Panagiotou,"B. L. Kutter, P. J. Fox, J. I. Restrepo, S. A. Mahin",Caltrans,"G. Antonellis, A. G. Gavras, G. Guerrini, A. C. Sander","Large High Performance Outdoor Shake Table, University of California, San Diego, CA",Large-scale 1g,1D shake table,Large Soil Confinement Box,10.06,4.62,7.62,2013-05-20,2,AS,8,"The structure was removed after test day 1, the soil under the footing was leveled and compacted using a dropping weight hand compactor, and the structure was placed back at the target position.",1,0.3333,0.5774,0.1111,7777,N/A,Model,3.35,1.89,Water,3,The sand used to backfill the footing (lateral extent of 0.3-0.4 m) for test day 2 had approximately 2% water content and was compacted using a dropping weight hand compactor. Layers 2 and 3 are separated by a liner.,Concrete Sand,1.89,90,5,7777,7777,7777,7777,1854,5,Concrete Sand,0.86,90,5,7777,7777,7777,7777,2102,19,Concrete Sand,0.6,88,4,7777,7777,7777,7777,1865,6,Lumped-mass bridge pier model (footing-column-deck) with flexible elastic column,Square,Reinforced Concrete,1.524,1.524,7777,7777,7777,0,0,0.6604,0.508,2832,609,0.254,1863,1.286,Reinforced Concrete,1.346,530,87,1.181,24648,21795,2.985,29873,47576,2.588,293,126,0.451,1.96,24,8888,14.7,11.8,9999,227.9,8888,365,0.313,0.603,0.576,0.741,1D,Pacoima Dam,"1971 San Fernando, CA",Pacoima Dam (upper left abut) 017,0.64,Low-pass filtered at 5 Hz (prototype),0.422,35.9,5.51,0.227,0.398,5.67,4.18,0.142,1.442,3.565,0.628,1.914,0.559,35.3,5.3,0.126,0.304,5.76,4.22,0.176,2.245,5.362,0.824,2.435,-3.834,-3.729,-0.42,-0.315,Centroid of deck,-0.0291,-0.02858,-0.00193,-0.00141,0.0897,0.2054,-0.193,-0.178,-0.026,-0.011,0.3,0.053,0.001,0.012,1.171,0.803,1.122,0.792,0.243,Low-pass filtered at 17.3 Hz (10 Hz prototype),0.737,0.684,Aligned specimen - Test day 2 - Motion 4,N/A,UCSD-2-AS-8-CriticalPlot.pdf,UCSD-AS-AnalyticalSystemProps.pdf,UCSD-Report.pdf,UCSD-Comments.pdf,UCSD-2-AS-8-CriticalDataE.txt,UCSD-2-8-BaselineCorMotions.txt,UCSD-2-8-ResponseSpectra.txt,"UCSD-2-7-SupplementalData.txt, UCSD-2-8-SupplementalData.txt",UCSD-StructPhoto.jpg,UCSD-TestSetup.pdf,2013-05-20,2013-05-20,"G. Antonellis, A. G. Gavras, M. Panagiotou, B. L. Kutter, G. Guerrini, A. C. Sander, P. J. Fox, J. I. Restrepo, S. A. Mahin","large-scale 1g, sand, water table, square embedded footing, flexible bridge pier",32.893619,-117.108998,A. G. Gavras,2018-08-21,,,
188,UCSD,UCSD-2-AS-10,175,"Antonellis, G., Gavras, A. G., Panagiotou, M., Kutter, B. L., Guerrini, G., Sander, A. C., and Fox, P. J. (2015). ""Shake table test of large-scale bridge columns supported on rocking shallow foundations."" Journal of Geotechnical and Geoenvironmental Engineering, 141(5), 04015009.",Analytical and Experimental Development of Bridges with Foundations Allowed to Uplift During Earthquakes,M. Panagiotou,"B. L. Kutter, P. J. Fox, J. I. Restrepo, S. A. Mahin",Caltrans,"G. Antonellis, A. G. Gavras, G. Guerrini, A. C. Sander","Large High Performance Outdoor Shake Table, University of California, San Diego, CA",Large-scale 1g,1D shake table,Large Soil Confinement Box,10.06,4.62,7.62,2013-05-20,2,AS,10,"The structure was removed after test day 1, the soil under the footing was leveled and compacted using a dropping weight hand compactor, and the structure was placed back at the target position.",1,0.3333,0.5774,0.1111,7777,N/A,Model,3.35,1.89,Water,3,The sand used to backfill the footing (lateral extent of 0.3-0.4 m) for test day 2 had approximately 2% water content and was compacted using a dropping weight hand compactor. Layers 2 and 3 are separated by a liner.,Concrete Sand,1.89,90,5,7777,7777,7777,7777,1854,5,Concrete Sand,0.86,90,5,7777,7777,7777,7777,2102,19,Concrete Sand,0.6,88,4,7777,7777,7777,7777,1865,6,Lumped-mass bridge pier model (footing-column-deck) with flexible elastic column,Square,Reinforced Concrete,1.524,1.524,7777,7777,7777,0,0,0.6604,0.508,2832,609,0.254,1863,1.286,Reinforced Concrete,1.346,530,87,1.181,24648,21795,2.985,29873,47576,2.588,293,126,0.451,1.96,24,8888,14.7,11.8,9999,227.9,8888,365,0.313,0.603,0.576,0.741,1D,Takatori,"1995 Kobe, Japan",Takatori 320,0.5,None,0.353,55.9,8.24,0.707,0.739,10.68,6.1,0.13,1.769,5.334,0.831,2.745,0.379,54.7,7.89,0.706,0.66,10.94,6.18,0.134,1.895,7.257,0.868,3.303,-6.915,-6.512,-1.342,-0.94,Centroid of deck,-0.05574,-0.05417,-0.00798,-0.00641,0.2661,0.4715,-0.277,0.298,0.202,0.237,0.246,-0.054,0.007,0.005,1.202,0.864,1.1,0.91,0.267,Low-pass filtered at 17.3 Hz (10 Hz prototype),0.684,0.69,Aligned specimen - Test day 2 - Motion 5,N/A,UCSD-2-AS-10-CriticalPlot.pdf,UCSD-AS-AnalyticalSystemProps.pdf,UCSD-Report.pdf,UCSD-Comments.pdf,UCSD-2-AS-10-CriticalDataE.txt,UCSD-2-10-BaselineCorMotions.txt,UCSD-2-10-ResponseSpectra.txt,"UCSD-2-9-SupplementalData.txt, UCSD-2-10-SupplementalData.txt",UCSD-StructPhoto.jpg,UCSD-TestSetup.pdf,2013-05-20,2013-05-20,"G. Antonellis, A. G. Gavras, M. Panagiotou, B. L. Kutter, G. Guerrini, A. C. Sander, P. J. Fox, J. I. Restrepo, S. A. Mahin","large-scale 1g, sand, water table, square embedded footing, flexible bridge pier",32.893619,-117.108998,A. G. Gavras,2018-08-21,,,
189,UCSD,UCSD-2-AS-12,176,"Antonellis, G., Gavras, A. G., Panagiotou, M., Kutter, B. L., Guerrini, G., Sander, A. C., and Fox, P. J. (2015). ""Shake table test of large-scale bridge columns supported on rocking shallow foundations."" Journal of Geotechnical and Geoenvironmental Engineering, 141(5), 04015009.",Analytical and Experimental Development of Bridges with Foundations Allowed to Uplift During Earthquakes,M. Panagiotou,"B. L. Kutter, P. J. Fox, J. I. Restrepo, S. A. Mahin",Caltrans,"G. Antonellis, A. G. Gavras, G. Guerrini, A. C. Sander","Large High Performance Outdoor Shake Table, University of California, San Diego, CA",Large-scale 1g,1D shake table,Large Soil Confinement Box,10.06,4.62,7.62,2013-05-20,2,AS,12,"The structure was removed after test day 1, the soil under the footing was leveled and compacted using a dropping weight hand compactor, and the structure was placed back at the target position.",1,0.3333,0.5774,0.1111,7777,N/A,Model,3.35,1.89,Water,3,The sand used to backfill the footing (lateral extent of 0.3-0.4 m) for test day 2 had approximately 2% water content and was compacted using a dropping weight hand compactor. Layers 2 and 3 are separated by a liner.,Concrete Sand,1.89,90,5,7777,7777,7777,7777,1854,5,Concrete Sand,0.86,90,5,7777,7777,7777,7777,2102,19,Concrete Sand,0.6,88,4,7777,7777,7777,7777,1865,6,Lumped-mass bridge pier model (footing-column-deck) with flexible elastic column,Square,Reinforced Concrete,1.524,1.524,7777,7777,7777,0,0,0.6604,0.508,2832,609,0.254,1863,1.286,Reinforced Concrete,1.346,530,87,1.181,24648,21795,2.985,29873,47576,2.588,293,126,0.451,1.96,24,8888,14.7,11.8,9999,227.9,8888,365,0.313,0.603,0.576,0.741,1D,Takatori,"1995 Kobe, Japan",Takatori 320,1,None,0.8,104.6,16.91,0.715,0.761,14,6.2,0.257,6.984,12.318,1.7,4.445,0.804,102.6,16.31,0.715,0.681,14.97,6.2,0.269,7.689,14.946,1.771,5.074,-13.697,-12.371,-7.773,-6.447,Centroid of deck,-0.12853,-0.12063,-0.07276,-0.06486,0.4657,0.9372,1.307,1.104,1.1,0.897,-0.986,-1.249,0.098,0.09,1.7,0.585,1.592,0.734,0.316,Low-pass filtered at 17.3 Hz (10 Hz prototype),0.69,0.727,Aligned specimen - Test day 2 - Motion 6,N/A,UCSD-2-AS-12-CriticalPlot.pdf,UCSD-AS-AnalyticalSystemProps.pdf,UCSD-Report.pdf,UCSD-Comments.pdf,UCSD-2-AS-12-CriticalDataE.txt,UCSD-2-12-BaselineCorMotions.txt,UCSD-2-12-ResponseSpectra.txt,"UCSD-2-11-SupplementalData.txt, UCSD-2-12-SupplementalData.txt",UCSD-StructPhoto.jpg,UCSD-TestSetup.pdf,2013-05-20,2013-05-20,"G. Antonellis, A. G. Gavras, M. Panagiotou, B. L. Kutter, G. Guerrini, A. C. Sander, P. J. Fox, J. I. Restrepo, S. A. Mahin","large-scale 1g, sand, water table, square embedded footing, flexible bridge pier",32.893619,-117.108998,A. G. Gavras,2018-08-21,,,
190,UCSD,UCSD-2-SS-2,177,"Antonellis, G., Gavras, A. G., Panagiotou, M., Kutter, B. L., Guerrini, G., Sander, A. C., and Fox, P. J. (2015). ""Shake table test of large-scale bridge columns supported on rocking shallow foundations."" Journal of Geotechnical and Geoenvironmental Engineering, 141(5), 04015009.",Analytical and Experimental Development of Bridges with Foundations Allowed to Uplift During Earthquakes,M. Panagiotou,"B. L. Kutter, P. J. Fox, J. I. Restrepo, S. A. Mahin",Caltrans,"G. Antonellis, A. G. Gavras, G. Guerrini, A. C. Sander","Large High Performance Outdoor Shake Table, University of California, San Diego, CA",Large-scale 1g,1D shake table,Large Soil Confinement Box,10.06,4.62,7.62,2013-05-20,2,SS,2,"The structure was removed after test day 1, the soil under the footing was leveled and compacted using a dropping weight hand compactor, and the structure was placed back at the target position.",1,0.3333,0.5774,0.1111,7777,N/A,Model,3.35,1.89,Water,3,The sand used to backfill the footing (lateral extent of 0.3-0.4 m) for test day 2 had approximately 2% water content and was compacted using a dropping weight hand compactor. Layers 2 and 3 are separated by a liner.,Concrete Sand,1.89,90,5,7777,7777,7777,7777,1854,5,Concrete Sand,0.86,90,5,7777,7777,7777,7777,2102,19,Concrete Sand,0.6,88,4,7777,7777,7777,7777,1865,6,Lumped-mass bridge pier model (footing-column-deck) with flexible elastic column,Square,Reinforced Concrete,1.524,1.524,7777,7777,7777,0,30,0.6604,0.508,2832,609,0.254,1863,1.286,Reinforced Concrete,1.346,530,87,1.181,24648,21795,2.985,29873,47576,2.588,293,126,0.451,1.96,24,8888,15.3,12.1,9999,252.4,8888,365,0.346,0.603,0.565,0.641,1D,Gilroy #1,"1989 Loma Prieta, CA",Gilroy Array #1 090,1,None,0.447,16.4,1.7,0.223,0.268,3.65,1.97,0.13,0.569,0.569,0.286,0.286,0.577,19.9,1.57,0.22,0.216,5.52,2.37,0.159,1.027,1.027,0.422,0.422,-0.725,-0.734,0.017,0.007,Centroid of deck,0.003,-0.0029,0.00038,0.00012,0.0149,0.0149,-0.196,-0.183,-0.032,-0.018,0.141,0.075,-0.012,-0.012,1.111,0.884,0.696,0.696,0.233,Low-pass filtered at 17.3 Hz (10 Hz prototype),0.641,0.64,Skewed specimen - Test day 2 - Motion 1,N/A,UCSD-2-SS-2-CriticalPlot.pdf,UCSD-SS-AnalyticalSystemProps.pdf,UCSD-Report.pdf,UCSD-Comments.pdf,UCSD-2-SS-2-CriticalDataE.txt,UCSD-2-2-BaselineCorMotions.txt,UCSD-2-2-ResponseSpectra.txt,"UCSD-2-1-SupplementalData.txt, UCSD-2-2-SupplementalData.txt",UCSD-StructPhoto.jpg,UCSD-TestSetup.pdf,2013-05-20,2013-05-20,"G. Antonellis, A. G. Gavras, M. Panagiotou, B. L. Kutter, G. Guerrini, A. C. Sander, P. J. Fox, J. I. Restrepo, S. A. Mahin","large-scale 1g, sand, water table, square embedded footing, skew footing, flexible bridge pier",32.893619,-117.108998,A. G. Gavras,2018-08-21,,,
191,UCSD,UCSD-2-SS-4,178,"Antonellis, G., Gavras, A. G., Panagiotou, M., Kutter, B. L., Guerrini, G., Sander, A. C., and Fox, P. J. (2015). ""Shake table test of large-scale bridge columns supported on rocking shallow foundations."" Journal of Geotechnical and Geoenvironmental Engineering, 141(5), 04015009.",Analytical and Experimental Development of Bridges with Foundations Allowed to Uplift During Earthquakes,M. Panagiotou,"B. L. Kutter, P. J. Fox, J. I. Restrepo, S. A. Mahin",Caltrans,"G. Antonellis, A. G. Gavras, G. Guerrini, A. C. Sander","Large High Performance Outdoor Shake Table, University of California, San Diego, CA",Large-scale 1g,1D shake table,Large Soil Confinement Box,10.06,4.62,7.62,2013-05-20,2,SS,4,"The structure was removed after test day 1, the soil under the footing was leveled and compacted using a dropping weight hand compactor, and the structure was placed back at the target position.",1,0.3333,0.5774,0.1111,7777,N/A,Model,3.35,1.89,Water,3,The sand used to backfill the footing (lateral extent of 0.3-0.4 m) for test day 2 had approximately 2% water content and was compacted using a dropping weight hand compactor. Layers 2 and 3 are separated by a liner.,Concrete Sand,1.89,90,5,7777,7777,7777,7777,1854,5,Concrete Sand,0.86,90,5,7777,7777,7777,7777,2102,19,Concrete Sand,0.6,88,4,7777,7777,7777,7777,1865,6,Lumped-mass bridge pier model (footing-column-deck) with flexible elastic column,Square,Reinforced Concrete,1.524,1.524,7777,7777,7777,0,30,0.6604,0.508,2832,609,0.254,1863,1.286,Reinforced Concrete,1.346,530,87,1.181,24648,21795,2.985,29873,47576,2.588,293,126,0.451,1.96,24,8888,15.3,12.1,9999,252.4,8888,365,0.346,0.603,0.565,0.641,1D,Corralitos,"1989 Loma Prieta, CA",Corralitos 218,0.8,None,0.309,19.1,2.07,0.425,0.381,7.79,4.55,0.104,0.844,1.413,0.495,0.781,0.428,18.9,2.1,0.14,0.321,8.53,4.55,0.119,1.105,2.132,0.559,0.981,0.954,-0.935,0.087,0.061,Centroid of deck,0.00428,-0.00413,0.00038,0.00011,0.0346,0.0495,0.088,0.107,-0.013,0.007,0.188,0.041,-0.01,0.001,1.09,0.907,0.79,0.79,0.178,Low-pass filtered at 17.3 Hz (10 Hz prototype),0.64,0.64,Skewed specimen - Test day 2 - Motion 2,N/A,UCSD-2-SS-4-CriticalPlot.pdf,UCSD-SS-AnalyticalSystemProps.pdf,UCSD-Report.pdf,UCSD-Comments.pdf,UCSD-2-SS-4-CriticalDataE.txt,UCSD-2-4-BaselineCorMotions.txt,UCSD-2-4-ResponseSpectra.txt,"UCSD-2-3-SupplementalData.txt, UCSD-2-4-SupplementalData.txt",UCSD-StructPhoto.jpg,UCSD-TestSetup.pdf,2013-05-20,2013-05-20,"G. Antonellis, A. G. Gavras, M. Panagiotou, B. L. Kutter, G. Guerrini, A. C. Sander, P. J. Fox, J. I. Restrepo, S. A. Mahin","large-scale 1g, sand, water table, square embedded footing, skew footing, flexible bridge pier",32.893619,-117.108998,A. G. Gavras,2018-08-21,,,
192,UCSD,UCSD-2-SS-6,179,"Antonellis, G., Gavras, A. G., Panagiotou, M., Kutter, B. L., Guerrini, G., Sander, A. C., and Fox, P. J. (2015). ""Shake table test of large-scale bridge columns supported on rocking shallow foundations."" Journal of Geotechnical and Geoenvironmental Engineering, 141(5), 04015009.",Analytical and Experimental Development of Bridges with Foundations Allowed to Uplift During Earthquakes,M. Panagiotou,"B. L. Kutter, P. J. Fox, J. I. Restrepo, S. A. Mahin",Caltrans,"G. Antonellis, A. G. Gavras, G. Guerrini, A. C. Sander","Large High Performance Outdoor Shake Table, University of California, San Diego, CA",Large-scale 1g,1D shake table,Large Soil Confinement Box,10.06,4.62,7.62,2013-05-20,2,SS,6,"The structure was removed after test day 1, the soil under the footing was leveled and compacted using a dropping weight hand compactor, and the structure was placed back at the target position.",1,0.3333,0.5774,0.1111,7777,N/A,Model,3.35,1.89,Water,3,The sand used to backfill the footing (lateral extent of 0.3-0.4 m) for test day 2 had approximately 2% water content and was compacted using a dropping weight hand compactor. Layers 2 and 3 are separated by a liner.,Concrete Sand,1.89,90,5,7777,7777,7777,7777,1854,5,Concrete Sand,0.86,90,5,7777,7777,7777,7777,2102,19,Concrete Sand,0.6,88,4,7777,7777,7777,7777,1865,6,Lumped-mass bridge pier model (footing-column-deck) with flexible elastic column,Square,Reinforced Concrete,1.524,1.524,7777,7777,7777,0,30,0.6604,0.508,2832,609,0.254,1863,1.286,Reinforced Concrete,1.346,530,87,1.181,24648,21795,2.985,29873,47576,2.588,293,126,0.451,1.96,24,8888,15.3,12.1,9999,252.4,8888,365,0.346,0.603,0.565,0.641,1D,El Centro #6,"1979 Imperial Valley-06, CA",El Centro Array #6 053,1.1,None,0.346,59.9,16.29,0.141,0.934,6.01,5.11,0.09,0.71,2.123,0.505,1.286,0.385,57.6,15.7,0.054,0.636,12.42,5.54,0.102,0.985,3.117,0.63,1.611,-1.426,-1.517,0.108,0.017,Centroid of deck,-0.00782,-0.00808,0.00041,0.00015,0.0182,0.0677,-0.13,-0.127,-0.024,-0.02,0.223,0.03,-0.01,0,1.083,0.907,0.959,0.823,0.226,Low-pass filtered at 17.3 Hz (10 Hz prototype),0.64,0.64,Skewed specimen - Test day 2 - Motion 3,N/A,UCSD-2-SS-6-CriticalPlot.pdf,UCSD-SS-AnalyticalSystemProps.pdf,UCSD-Report.pdf,UCSD-Comments.pdf,UCSD-2-SS-6-CriticalDataE.txt,UCSD-2-6-BaselineCorMotions.txt,UCSD-2-6-ResponseSpectra.txt,"UCSD-2-5-SupplementalData.txt, UCSD-2-6-SupplementalData.txt",UCSD-StructPhoto.jpg,UCSD-TestSetup.pdf,2013-05-20,2013-05-20,"G. Antonellis, A. G. Gavras, M. Panagiotou, B. L. Kutter, G. Guerrini, A. C. Sander, P. J. Fox, J. I. Restrepo, S. A. Mahin","large-scale 1g, sand, water table, square embedded footing, skew footing, flexible bridge pier",32.893619,-117.108998,A. G. Gavras,2018-08-21,,,
193,UCSD,UCSD-2-SS-8,180,"Antonellis, G., Gavras, A. G., Panagiotou, M., Kutter, B. L., Guerrini, G., Sander, A. C., and Fox, P. J. (2015). ""Shake table test of large-scale bridge columns supported on rocking shallow foundations."" Journal of Geotechnical and Geoenvironmental Engineering, 141(5), 04015009.",Analytical and Experimental Development of Bridges with Foundations Allowed to Uplift During Earthquakes,M. Panagiotou,"B. L. Kutter, P. J. Fox, J. I. Restrepo, S. A. Mahin",Caltrans,"G. Antonellis, A. G. Gavras, G. Guerrini, A. C. Sander","Large High Performance Outdoor Shake Table, University of California, San Diego, CA",Large-scale 1g,1D shake table,Large Soil Confinement Box,10.06,4.62,7.62,2013-05-20,2,SS,8,"The structure was removed after test day 1, the soil under the footing was leveled and compacted using a dropping weight hand compactor, and the structure was placed back at the target position.",1,0.3333,0.5774,0.1111,7777,N/A,Model,3.35,1.89,Water,3,The sand used to backfill the footing (lateral extent of 0.3-0.4 m) for test day 2 had approximately 2% water content and was compacted using a dropping weight hand compactor. Layers 2 and 3 are separated by a liner.,Concrete Sand,1.89,90,5,7777,7777,7777,7777,1854,5,Concrete Sand,0.86,90,5,7777,7777,7777,7777,2102,19,Concrete Sand,0.6,88,4,7777,7777,7777,7777,1865,6,Lumped-mass bridge pier model (footing-column-deck) with flexible elastic column,Square,Reinforced Concrete,1.524,1.524,7777,7777,7777,0,30,0.6604,0.508,2832,609,0.254,1863,1.286,Reinforced Concrete,1.346,530,87,1.181,24648,21795,2.985,29873,47576,2.588,293,126,0.451,1.96,24,8888,15.3,12.1,9999,252.4,8888,365,0.346,0.603,0.565,0.641,1D,Pacoima Dam,"1971 San Fernando, CA",Pacoima Dam (upper left abut) 017,0.64,Low-pass filtered at 5 Hz (prototype),0.422,35.9,5.51,0.227,0.398,5.67,4.18,0.142,1.442,3.565,0.628,1.914,0.559,35.3,5.3,0.126,0.304,5.76,4.22,0.176,2.245,5.362,0.824,2.435,-3.38,-3.481,0.254,0.152,Centroid of deck,-0.02539,-0.02575,-0.00021,-0.00056,0.0904,0.1581,0.223,0.243,0.052,0.072,0.328,0.102,0.001,0.012,1.183,0.804,1.188,0.894,0.268,Low-pass filtered at 17.3 Hz (10 Hz prototype),0.64,0.641,Skewed specimen - Test day 2 - Motion 4,N/A,UCSD-2-SS-8-CriticalPlot.pdf,UCSD-SS-AnalyticalSystemProps.pdf,UCSD-Report.pdf,UCSD-Comments.pdf,UCSD-2-SS-8-CriticalDataE.txt,UCSD-2-8-BaselineCorMotions.txt,UCSD-2-8-ResponseSpectra.txt,"UCSD-2-7-SupplementalData.txt, UCSD-2-8-SupplementalData.txt",UCSD-StructPhoto.jpg,UCSD-TestSetup.pdf,2013-05-20,2013-05-20,"G. Antonellis, A. G. Gavras, M. Panagiotou, B. L. Kutter, G. Guerrini, A. C. Sander, P. J. Fox, J. I. Restrepo, S. A. Mahin","large-scale 1g, sand, water table, square embedded footing, skew footing, flexible bridge pier",32.893619,-117.108998,A. G. Gavras,2018-08-21,,,
194,UCSD,UCSD-2-SS-10,181,"Antonellis, G., Gavras, A. G., Panagiotou, M., Kutter, B. L., Guerrini, G., Sander, A. C., and Fox, P. J. (2015). ""Shake table test of large-scale bridge columns supported on rocking shallow foundations."" Journal of Geotechnical and Geoenvironmental Engineering, 141(5), 04015009.",Analytical and Experimental Development of Bridges with Foundations Allowed to Uplift During Earthquakes,M. Panagiotou,"B. L. Kutter, P. J. Fox, J. I. Restrepo, S. A. Mahin",Caltrans,"G. Antonellis, A. G. Gavras, G. Guerrini, A. C. Sander","Large High Performance Outdoor Shake Table, University of California, San Diego, CA",Large-scale 1g,1D shake table,Large Soil Confinement Box,10.06,4.62,7.62,2013-05-20,2,SS,10,"The structure was removed after test day 1, the soil under the footing was leveled and compacted using a dropping weight hand compactor, and the structure was placed back at the target position.",1,0.3333,0.5774,0.1111,7777,N/A,Model,3.35,1.89,Water,3,The sand used to backfill the footing (lateral extent of 0.3-0.4 m) for test day 2 had approximately 2% water content and was compacted using a dropping weight hand compactor. Layers 2 and 3 are separated by a liner.,Concrete Sand,1.89,90,5,7777,7777,7777,7777,1854,5,Concrete Sand,0.86,90,5,7777,7777,7777,7777,2102,19,Concrete Sand,0.6,88,4,7777,7777,7777,7777,1865,6,Lumped-mass bridge pier model (footing-column-deck) with flexible elastic column,Square,Reinforced Concrete,1.524,1.524,7777,7777,7777,0,30,0.6604,0.508,2832,609,0.254,1863,1.286,Reinforced Concrete,1.346,530,87,1.181,24648,21795,2.985,29873,47576,2.588,293,126,0.451,1.96,24,8888,15.3,12.1,9999,252.4,8888,365,0.346,0.603,0.565,0.641,1D,Takatori,"1995 Kobe, Japan",Takatori 320,0.5,None,0.353,55.9,8.24,0.707,0.739,10.68,6.1,0.13,1.769,5.334,0.831,2.745,0.379,54.7,7.89,0.706,0.66,10.94,6.18,0.134,1.895,7.257,0.868,3.303,4.492,-4.249,1.673,1.402,Centroid of deck,-0.03517,-0.03493,0.00805,0.00829,0.1946,0.3527,0.32,-0.362,-0.087,-0.141,0.195,-0.143,0.007,0.005,1.215,0.828,1.166,0.994,0.29,Low-pass filtered at 17.3 Hz (10 Hz prototype),0.641,0.637,Skewed specimen - Test day 2 - Motion 5,N/A,UCSD-2-SS-10-CriticalPlot.pdf,UCSD-SS-AnalyticalSystemProps.pdf,UCSD-Report.pdf,UCSD-Comments.pdf,UCSD-2-SS-10-CriticalDataE.txt,UCSD-2-10-BaselineCorMotions.txt,UCSD-2-10-ResponseSpectra.txt,"UCSD-2-9-SupplementalData.txt, UCSD-2-10-SupplementalData.txt",UCSD-StructPhoto.jpg,UCSD-TestSetup.pdf,2013-05-20,2013-05-20,"G. Antonellis, A. G. Gavras, M. Panagiotou, B. L. Kutter, G. Guerrini, A. C. Sander, P. J. Fox, J. I. Restrepo, S. A. Mahin","large-scale 1g, sand, water table, square embedded footing, skew footing, flexible bridge pier",32.893619,-117.108998,A. G. Gavras,2018-08-21,,,
195,UCSD,UCSD-2-SS-12,182,"Antonellis, G., Gavras, A. G., Panagiotou, M., Kutter, B. L., Guerrini, G., Sander, A. C., and Fox, P. J. (2015). ""Shake table test of large-scale bridge columns supported on rocking shallow foundations."" Journal of Geotechnical and Geoenvironmental Engineering, 141(5), 04015009.",Analytical and Experimental Development of Bridges with Foundations Allowed to Uplift During Earthquakes,M. Panagiotou,"B. L. Kutter, P. J. Fox, J. I. Restrepo, S. A. Mahin",Caltrans,"G. Antonellis, A. G. Gavras, G. Guerrini, A. C. Sander","Large High Performance Outdoor Shake Table, University of California, San Diego, CA",Large-scale 1g,1D shake table,Large Soil Confinement Box,10.06,4.62,7.62,2013-05-20,2,SS,12,"The structure was removed after test day 1, the soil under the footing was leveled and compacted using a dropping weight hand compactor, and the structure was placed back at the target position.",1,0.3333,0.5774,0.1111,7777,N/A,Model,3.35,1.89,Water,3,The sand used to backfill the footing (lateral extent of 0.3-0.4 m) for test day 2 had approximately 2% water content and was compacted using a dropping weight hand compactor. Layers 2 and 3 are separated by a liner.,Concrete Sand,1.89,90,5,7777,7777,7777,7777,1854,5,Concrete Sand,0.86,90,5,7777,7777,7777,7777,2102,19,Concrete Sand,0.6,88,4,7777,7777,7777,7777,1865,6,Lumped-mass bridge pier model (footing-column-deck) with flexible elastic column,Square,Reinforced Concrete,1.524,1.524,7777,7777,7777,0,30,0.6604,0.508,2832,609,0.254,1863,1.286,Reinforced Concrete,1.346,530,87,1.181,24648,21795,2.985,29873,47576,2.588,293,126,0.451,1.96,24,8888,15.3,12.1,9999,252.4,8888,365,0.346,0.603,0.565,0.641,1D,Takatori,"1995 Kobe, Japan",Takatori 320,1,None,0.8,104.6,16.91,0.715,0.761,14,6.2,0.257,6.984,12.318,1.7,4.445,0.804,102.6,16.31,0.715,0.681,14.97,6.2,0.269,7.689,14.946,1.771,5.074,-9.831,-11.492,-2.077,-3.738,Centroid of deck,-0.10272,-0.11053,-0.03023,-0.03804,0.5012,0.8539,-0.631,-0.547,-0.148,-0.064,-0.531,-0.731,0.098,0.09,1.311,0.71,1.558,0.919,0.397,Low-pass filtered at 17.3 Hz (10 Hz prototype),0.637,0.803,Skewed specimen - Test day 2 - Motion 6,N/A,UCSD-2-SS-12-CriticalPlot.pdf,UCSD-SS-AnalyticalSystemProps.pdf,UCSD-Report.pdf,UCSD-Comments.pdf,UCSD-2-SS-12-CriticalDataE.txt,UCSD-2-12-BaselineCorMotions.txt,UCSD-2-12-ResponseSpectra.txt,"UCSD-2-11-SupplementalData.txt, UCSD-2-12-SupplementalData.txt",UCSD-StructPhoto.jpg,UCSD-TestSetup.pdf,2013-05-20,2013-05-20,"G. Antonellis, A. G. Gavras, M. Panagiotou, B. L. Kutter, G. Guerrini, A. C. Sander, P. J. Fox, J. I. Restrepo, S. A. Mahin","large-scale 1g, sand, water table, square embedded footing, skew footing, flexible bridge pier",32.893619,-117.108998,A. G. Gavras,2018-08-21,,,
196,UCSD,UCSD-3-AS-2,183,"Antonellis, G., Gavras, A. G., Panagiotou, M., Kutter, B. L., Guerrini, G., Sander, A. C., and Fox, P. J. (2015). ""Shake table test of large-scale bridge columns supported on rocking shallow foundations."" Journal of Geotechnical and Geoenvironmental Engineering, 141(5), 04015009.",Analytical and Experimental Development of Bridges with Foundations Allowed to Uplift During Earthquakes,M. Panagiotou,"B. L. Kutter, P. J. Fox, J. I. Restrepo, S. A. Mahin",Caltrans,"G. Antonellis, A. G. Gavras, G. Guerrini, A. C. Sander","Large High Performance Outdoor Shake Table, University of California, San Diego, CA",Large-scale 1g,1D shake table,Large Soil Confinement Box,10.06,4.62,7.62,2013-05-23,3,AS,2,"The structure was removed after test day 2, the soil under the footing was leveled and compacted using a dropping weight hand compactor, and the structure was placed back at the target position.",1,0.3333,0.5774,0.1111,7777,N/A,Model,3.35,1.29,Water,3,Weak concrete was cast around the footing (lateral extent of about 0.3 m at base and 0.4 m at top) for test day 3; modification aimed at eliminating backfill sand from raveling under the footing during rocking. Layers 2 and 3 are separated by a liner.,Concrete Sand,1.29,90,5,7777,7777,7777,7777,1854,5,Concrete Sand,1.46,90,5,7777,7777,7777,7777,2102,19,Concrete Sand,0.6,88,4,7777,7777,7777,7777,1865,6,Lumped-mass bridge pier model (footing-column-deck) with flexible elastic column,Square,Reinforced Concrete,1.524,1.524,7777,7777,7777,0,0,0.6604,0.508,2832,609,0.254,1863,1.286,Reinforced Concrete,1.346,530,87,1.181,24648,21795,2.985,29873,47576,2.588,293,126,0.451,1.96,23.1,8888,14.7,11.8,9999,244.7,8888,365,0.336,0.603,0.568,0.637,1D,Gilroy #1,"1989 Loma Prieta, CA",Gilroy Array #1 090,1,None,0.435,16.4,1.71,0.223,0.274,3.64,1.99,0.126,0.543,0.543,0.281,0.281,0.613,19.8,1.61,0.221,0.216,5.57,2.28,0.169,1.106,1.106,0.427,0.427,-0.793,-0.815,-0.008,-0.031,Centroid of deck,-0.00214,-0.00216,0.00015,0.00013,0.01,0.01,-0.228,-0.247,-0.012,-0.031,0.1,0.039,-0.005,-0.005,1.199,0.79,0.852,0.852,0.213,Low-pass filtered at 17.3 Hz (10 Hz prototype),0.637,0.634,Aligned specimen - Test day 3 - Motion 1,N/A,UCSD-3-AS-2-CriticalPlot.pdf,UCSD-AS-AnalyticalSystemProps.pdf,UCSD-Report.pdf,UCSD-Comments.pdf,UCSD-3-AS-2-CriticalDataE.txt,UCSD-3-2-BaselineCorMotions.txt,UCSD-3-2-ResponseSpectra.txt,"UCSD-3-1-SupplementalData.txt, UCSD-3-2-SupplementalData.txt",UCSD-StructPhoto.jpg,UCSD-TestSetup.pdf,2013-05-23,2013-05-23,"G. Antonellis, A. G. Gavras, M. Panagiotou, B. L. Kutter, G. Guerrini, A. C. Sander, P. J. Fox, J. I. Restrepo, S. A. Mahin","large-scale 1g, sand, water table, square embedded footing, flexible bridge pier",32.893619,-117.108998,A. G. Gavras,2018-08-21,,,
197,UCSD,UCSD-3-AS-4,184,"Antonellis, G., Gavras, A. G., Panagiotou, M., Kutter, B. L., Guerrini, G., Sander, A. C., and Fox, P. J. (2015). ""Shake table test of large-scale bridge columns supported on rocking shallow foundations."" Journal of Geotechnical and Geoenvironmental Engineering, 141(5), 04015009.",Analytical and Experimental Development of Bridges with Foundations Allowed to Uplift During Earthquakes,M. Panagiotou,"B. L. Kutter, P. J. Fox, J. I. Restrepo, S. A. Mahin",Caltrans,"G. Antonellis, A. G. Gavras, G. Guerrini, A. C. Sander","Large High Performance Outdoor Shake Table, University of California, San Diego, CA",Large-scale 1g,1D shake table,Large Soil Confinement Box,10.06,4.62,7.62,2013-05-23,3,AS,4,"The structure was removed after test day 2, the soil under the footing was leveled and compacted using a dropping weight hand compactor, and the structure was placed back at the target position.",1,0.3333,0.5774,0.1111,7777,N/A,Model,3.35,1.29,Water,3,Weak concrete was cast around the footing (lateral extent of about 0.3 m at base and 0.4 m at top) for test day 3; modification aimed at eliminating backfill sand from raveling under the footing during rocking. Layers 2 and 3 are separated by a liner.,Concrete Sand,1.29,90,5,7777,7777,7777,7777,1854,5,Concrete Sand,1.46,90,5,7777,7777,7777,7777,2102,19,Concrete Sand,0.6,88,4,7777,7777,7777,7777,1865,6,Lumped-mass bridge pier model (footing-column-deck) with flexible elastic column,Square,Reinforced Concrete,1.524,1.524,7777,7777,7777,0,0,0.6604,0.508,2832,609,0.254,1863,1.286,Reinforced Concrete,1.346,530,87,1.181,24648,21795,2.985,29873,47576,2.588,293,126,0.451,1.96,23.1,8888,14.7,11.8,9999,244.7,8888,365,0.336,0.603,0.568,0.637,1D,Corralitos,"1989 Loma Prieta, CA",Corralitos 218,0.8,None,0.291,18.9,2.18,0.425,0.391,7.27,4.55,0.102,0.807,1.35,0.486,0.767,0.456,18.8,2.14,0.141,0.314,7.98,4.75,0.12,1.175,2.281,0.598,1.025,-1.097,-1.098,-0.015,-0.016,Centroid of deck,-0.00365,-0.00393,0.00041,0.00013,0.0315,0.0415,-0.09,0.085,-0.009,0.001,0.156,0.041,0.006,0.011,1.102,0.884,1.02,1.02,0.202,Low-pass filtered at 17.3 Hz (10 Hz prototype),0.634,0.636,Aligned specimen - Test day 3 - Motion 2,N/A,UCSD-3-AS-4-CriticalPlot.pdf,UCSD-AS-AnalyticalSystemProps.pdf,UCSD-Report.pdf,UCSD-Comments.pdf,UCSD-3-AS-4-CriticalDataE.txt,UCSD-3-4-BaselineCorMotions.txt,UCSD-3-4-ResponseSpectra.txt,"UCSD-3-3-SupplementalData.txt, UCSD-3-4-SupplementalData.txt",UCSD-StructPhoto.jpg,UCSD-TestSetup.pdf,2013-05-23,2013-05-23,"G. Antonellis, A. G. Gavras, M. Panagiotou, B. L. Kutter, G. Guerrini, A. C. Sander, P. J. Fox, J. I. Restrepo, S. A. Mahin","large-scale 1g, sand, water table, square embedded footing, flexible bridge pier",32.893619,-117.108998,A. G. Gavras,2018-08-21,,,
198,UCSD,UCSD-3-AS-6,185,"Antonellis, G., Gavras, A. G., Panagiotou, M., Kutter, B. L., Guerrini, G., Sander, A. C., and Fox, P. J. (2015). ""Shake table test of large-scale bridge columns supported on rocking shallow foundations."" Journal of Geotechnical and Geoenvironmental Engineering, 141(5), 04015009.",Analytical and Experimental Development of Bridges with Foundations Allowed to Uplift During Earthquakes,M. Panagiotou,"B. L. Kutter, P. J. Fox, J. I. Restrepo, S. A. Mahin",Caltrans,"G. Antonellis, A. G. Gavras, G. Guerrini, A. C. Sander","Large High Performance Outdoor Shake Table, University of California, San Diego, CA",Large-scale 1g,1D shake table,Large Soil Confinement Box,10.06,4.62,7.62,2013-05-23,3,AS,6,"The structure was removed after test day 2, the soil under the footing was leveled and compacted using a dropping weight hand compactor, and the structure was placed back at the target position.",1,0.3333,0.5774,0.1111,7777,N/A,Model,3.35,1.29,Water,3,Weak concrete was cast around the footing (lateral extent of about 0.3 m at base and 0.4 m at top) for test day 3; modification aimed at eliminating backfill sand from raveling under the footing during rocking. Layers 2 and 3 are separated by a liner.,Concrete Sand,1.29,90,5,7777,7777,7777,7777,1854,5,Concrete Sand,1.46,90,5,7777,7777,7777,7777,2102,19,Concrete Sand,0.6,88,4,7777,7777,7777,7777,1865,6,Lumped-mass bridge pier model (footing-column-deck) with flexible elastic column,Square,Reinforced Concrete,1.524,1.524,7777,7777,7777,0,0,0.6604,0.508,2832,609,0.254,1863,1.286,Reinforced Concrete,1.346,530,87,1.181,24648,21795,2.985,29873,47576,2.588,293,126,0.451,1.96,23.1,8888,14.7,11.8,9999,244.7,8888,365,0.336,0.603,0.568,0.637,1D,El Centro #6,"1979 Imperial Valley-06, CA",El Centro Array #6 053,1.1,None,0.344,60.3,16.5,0.139,0.973,6,4.99,0.089,0.675,2.025,0.485,1.252,0.403,58.1,15.62,0.141,0.623,7.27,5.53,0.103,1.011,3.292,0.636,1.661,-1.401,-1.391,-0.033,-0.023,Centroid of deck,-0.00523,-0.00567,0.00073,0.00029,0.0147,0.0562,-0.141,-0.136,-0.022,-0.017,0.186,0.02,0.011,0.005,1.069,0.919,1.079,1.079,0.261,Low-pass filtered at 17.3 Hz (10 Hz prototype),0.636,0.637,Aligned specimen - Test day 3 - Motion 3,N/A,UCSD-3-AS-6-CriticalPlot.pdf,UCSD-AS-AnalyticalSystemProps.pdf,UCSD-Report.pdf,UCSD-Comments.pdf,UCSD-3-AS-6-CriticalDataE.txt,UCSD-3-6-BaselineCorMotions.txt,UCSD-3-6-ResponseSpectra.txt,"UCSD-3-5-SupplementalData.txt, UCSD-3-6-SupplementalData.txt",UCSD-StructPhoto.jpg,UCSD-TestSetup.pdf,2013-05-23,2013-05-23,"G. Antonellis, A. G. Gavras, M. Panagiotou, B. L. Kutter, G. Guerrini, A. C. Sander, P. J. Fox, J. I. Restrepo, S. A. Mahin","large-scale 1g, sand, water table, square embedded footing, flexible bridge pier",32.893619,-117.108998,A. G. Gavras,2018-08-21,,,
199,UCSD,UCSD-3-AS-8,186,"Antonellis, G., Gavras, A. G., Panagiotou, M., Kutter, B. L., Guerrini, G., Sander, A. C., and Fox, P. J. (2015). ""Shake table test of large-scale bridge columns supported on rocking shallow foundations."" Journal of Geotechnical and Geoenvironmental Engineering, 141(5), 04015009.",Analytical and Experimental Development of Bridges with Foundations Allowed to Uplift During Earthquakes,M. Panagiotou,"B. L. Kutter, P. J. Fox, J. I. Restrepo, S. A. Mahin",Caltrans,"G. Antonellis, A. G. Gavras, G. Guerrini, A. C. Sander","Large High Performance Outdoor Shake Table, University of California, San Diego, CA",Large-scale 1g,1D shake table,Large Soil Confinement Box,10.06,4.62,7.62,2013-05-23,3,AS,8,"The structure was removed after test day 2, the soil under the footing was leveled and compacted using a dropping weight hand compactor, and the structure was placed back at the target position.",1,0.3333,0.5774,0.1111,7777,N/A,Model,3.35,1.29,Water,3,Weak concrete was cast around the footing (lateral extent of about 0.3 m at base and 0.4 m at top) for test day 3; modification aimed at eliminating backfill sand from raveling under the footing during rocking. Layers 2 and 3 are separated by a liner.,Concrete Sand,1.29,90,5,7777,7777,7777,7777,1854,5,Concrete Sand,1.46,90,5,7777,7777,7777,7777,2102,19,Concrete Sand,0.6,88,4,7777,7777,7777,7777,1865,6,Lumped-mass bridge pier model (footing-column-deck) with flexible elastic column,Square,Reinforced Concrete,1.524,1.524,7777,7777,7777,0,0,0.6604,0.508,2832,609,0.254,1863,1.286,Reinforced Concrete,1.346,530,87,1.181,24648,21795,2.985,29873,47576,2.588,293,126,0.451,1.96,23.1,8888,14.7,11.8,9999,244.7,8888,365,0.336,0.603,0.568,0.637,1D,Pacoima Dam,"1971 San Fernando, CA",Pacoima Dam (upper left abut) 017,0.64,Low-pass filtered at 5 Hz (prototype),0.425,35.8,5.46,0.226,0.407,5.68,4.13,0.14,1.38,3.405,0.61,1.862,0.582,35.5,5.32,0.227,0.291,6.39,4.21,0.189,2.564,5.856,0.873,2.534,-3.276,-3.246,-0.125,-0.095,Centroid of deck,-0.02209,-0.02288,0.001,0.0002,0.093,0.1492,-0.258,-0.236,-0.065,-0.044,0.333,0.141,0.045,0.034,1.272,0.719,1.538,1.187,0.333,Low-pass filtered at 17.3 Hz (10 Hz prototype),0.637,0.689,Aligned specimen - Test day 3 - Motion 4,N/A,UCSD-3-AS-8-CriticalPlot.pdf,UCSD-AS-AnalyticalSystemProps.pdf,UCSD-Report.pdf,UCSD-Comments.pdf,UCSD-3-AS-8-CriticalDataE.txt,UCSD-3-8-BaselineCorMotions.txt,UCSD-3-8-ResponseSpectra.txt,"UCSD-3-7-SupplementalData.txt, UCSD-3-8-SupplementalData.txt",UCSD-StructPhoto.jpg,UCSD-TestSetup.pdf,2013-05-23,2013-05-23,"G. Antonellis, A. G. Gavras, M. Panagiotou, B. L. Kutter, G. Guerrini, A. C. Sander, P. J. Fox, J. I. Restrepo, S. A. Mahin","large-scale 1g, sand, water table, square embedded footing, flexible bridge pier",32.893619,-117.108998,A. G. Gavras,2018-08-21,,,
200,UCSD,UCSD-3-AS-10,187,"Antonellis, G., Gavras, A. G., Panagiotou, M., Kutter, B. L., Guerrini, G., Sander, A. C., and Fox, P. J. (2015). ""Shake table test of large-scale bridge columns supported on rocking shallow foundations."" Journal of Geotechnical and Geoenvironmental Engineering, 141(5), 04015009.",Analytical and Experimental Development of Bridges with Foundations Allowed to Uplift During Earthquakes,M. Panagiotou,"B. L. Kutter, P. J. Fox, J. I. Restrepo, S. A. Mahin",Caltrans,"G. Antonellis, A. G. Gavras, G. Guerrini, A. C. Sander","Large High Performance Outdoor Shake Table, University of California, San Diego, CA",Large-scale 1g,1D shake table,Large Soil Confinement Box,10.06,4.62,7.62,2013-05-23,3,AS,10,"The structure was removed after test day 2, the soil under the footing was leveled and compacted using a dropping weight hand compactor, and the structure was placed back at the target position.",1,0.3333,0.5774,0.1111,7777,N/A,Model,3.35,1.29,Water,3,Weak concrete was cast around the footing (lateral extent of about 0.3 m at base and 0.4 m at top) for test day 3; modification aimed at eliminating backfill sand from raveling under the footing during rocking. Layers 2 and 3 are separated by a liner.,Concrete Sand,1.29,90,5,7777,7777,7777,7777,1854,5,Concrete Sand,1.46,90,5,7777,7777,7777,7777,2102,19,Concrete Sand,0.6,88,4,7777,7777,7777,7777,1865,6,Lumped-mass bridge pier model (footing-column-deck) with flexible elastic column,Square,Reinforced Concrete,1.524,1.524,7777,7777,7777,0,0,0.6604,0.508,2832,609,0.254,1863,1.286,Reinforced Concrete,1.346,530,87,1.181,24648,21795,2.985,29873,47576,2.588,293,126,0.451,1.96,23.1,8888,14.7,11.8,9999,244.7,8888,365,0.336,0.603,0.568,0.637,1D,Takatori,"1995 Kobe, Japan",Takatori 320,0.5,None,0.359,55.6,8.23,0.705,0.747,10.7,6.15,0.128,1.737,5.142,0.823,2.685,0.404,54.6,8.08,0.125,0.627,10.76,6.21,0.138,2.012,7.868,0.912,3.446,-5.946,-5.826,-0.305,-0.185,Centroid of deck,-0.0448,-0.04602,0.00281,0.00159,0.3641,0.5133,-0.377,-0.306,-0.187,-0.116,0.549,0.212,0.051,0.005,1.31,0.81,1.409,1.142,0.313,Low-pass filtered at 17.3 Hz (10 Hz prototype),0.689,0.723,Aligned specimen - Test day 3 - Motion 5,N/A,UCSD-3-AS-10-CriticalPlot.pdf,UCSD-AS-AnalyticalSystemProps.pdf,UCSD-Report.pdf,UCSD-Comments.pdf,UCSD-3-AS-10-CriticalDataE.txt,UCSD-3-10-BaselineCorMotions.txt,UCSD-3-10-ResponseSpectra.txt,"UCSD-3-9-SupplementalData.txt, UCSD-3-10-SupplementalData.txt",UCSD-StructPhoto.jpg,UCSD-TestSetup.pdf,2013-05-23,2013-05-23,"G. Antonellis, A. G. Gavras, M. Panagiotou, B. L. Kutter, G. Guerrini, A. C. Sander, P. J. Fox, J. I. Restrepo, S. A. Mahin","large-scale 1g, sand, water table, square embedded footing, flexible bridge pier",32.893619,-117.108998,A. G. Gavras,2018-08-21,,,
201,UCSD,UCSD-3-AS-12,188,"Antonellis, G., Gavras, A. G., Panagiotou, M., Kutter, B. L., Guerrini, G., Sander, A. C., and Fox, P. J. (2015). ""Shake table test of large-scale bridge columns supported on rocking shallow foundations."" Journal of Geotechnical and Geoenvironmental Engineering, 141(5), 04015009.",Analytical and Experimental Development of Bridges with Foundations Allowed to Uplift During Earthquakes,M. Panagiotou,"B. L. Kutter, P. J. Fox, J. I. Restrepo, S. A. Mahin",Caltrans,"G. Antonellis, A. G. Gavras, G. Guerrini, A. C. Sander","Large High Performance Outdoor Shake Table, University of California, San Diego, CA",Large-scale 1g,1D shake table,Large Soil Confinement Box,10.06,4.62,7.62,2013-05-23,3,AS,12,"The structure was removed after test day 2, the soil under the footing was leveled and compacted using a dropping weight hand compactor, and the structure was placed back at the target position.",1,0.3333,0.5774,0.1111,7777,N/A,Model,3.35,1.29,Water,3,Weak concrete was cast around the footing (lateral extent of about 0.3 m at base and 0.4 m at top) for test day 3; modification aimed at eliminating backfill sand from raveling under the footing during rocking. Layers 2 and 3 are separated by a liner.,Concrete Sand,1.29,90,5,7777,7777,7777,7777,1854,5,Concrete Sand,1.46,90,5,7777,7777,7777,7777,2102,19,Concrete Sand,0.6,88,4,7777,7777,7777,7777,1865,6,Lumped-mass bridge pier model (footing-column-deck) with flexible elastic column,Square,Reinforced Concrete,1.524,1.524,7777,7777,7777,0,0,0.6604,0.508,2832,609,0.254,1863,1.286,Reinforced Concrete,1.346,530,87,1.181,24648,21795,2.985,29873,47576,2.588,293,126,0.451,1.96,23.1,8888,14.7,11.8,9999,244.7,8888,365,0.336,0.603,0.568,0.637,1D,Takatori,"1995 Kobe, Japan",Takatori 320,1,None,0.799,103.7,16.66,0.715,0.759,14.78,6.19,0.255,6.881,12.023,1.692,4.377,0.934,101,16.29,0.717,0.66,18.73,6.2,0.275,8.046,15.914,1.83,5.276,-10.148,-9.858,-1.932,-1.641,Centroid of deck,-0.09259,-0.09553,-0.0129,-0.01584,0.5477,1.061,1.524,1.709,0.631,0.817,0.824,0.243,0.177,0.125,1.562,0.473,1.864,0.646,0.304,Low-pass filtered at 17.3 Hz (10 Hz prototype),0.723,1.128,Aligned specimen - Test day 3 - Motion 6,N/A,UCSD-3-AS-12-CriticalPlot.pdf,UCSD-AS-AnalyticalSystemProps.pdf,UCSD-Report.pdf,UCSD-Comments.pdf,UCSD-3-AS-12-CriticalDataE.txt,UCSD-3-12-BaselineCorMotions.txt,UCSD-3-12-ResponseSpectra.txt,"UCSD-3-11-SupplementalData.txt, UCSD-3-12-SupplementalData.txt",UCSD-StructPhoto.jpg,UCSD-TestSetup.pdf,2013-05-23,2013-05-23,"G. Antonellis, A. G. Gavras, M. Panagiotou, B. L. Kutter, G. Guerrini, A. C. Sander, P. J. Fox, J. I. Restrepo, S. A. Mahin","large-scale 1g, sand, water table, square embedded footing, flexible bridge pier",32.893619,-117.108998,A. G. Gavras,2018-08-21,,,
202,UCSD,UCSD-3-AS-14,189,"Antonellis, G., Gavras, A. G., Panagiotou, M., Kutter, B. L., Guerrini, G., Sander, A. C., and Fox, P. J. (2015). ""Shake table test of large-scale bridge columns supported on rocking shallow foundations."" Journal of Geotechnical and Geoenvironmental Engineering, 141(5), 04015009.",Analytical and Experimental Development of Bridges with Foundations Allowed to Uplift During Earthquakes,M. Panagiotou,"B. L. Kutter, P. J. Fox, J. I. Restrepo, S. A. Mahin",Caltrans,"G. Antonellis, A. G. Gavras, G. Guerrini, A. C. Sander","Large High Performance Outdoor Shake Table, University of California, San Diego, CA",Large-scale 1g,1D shake table,Large Soil Confinement Box,10.06,4.62,7.62,2013-05-23,3,AS,14,"The structure was removed after test day 2, the soil under the footing was leveled and compacted using a dropping weight hand compactor, and the structure was placed back at the target position.",1,0.3333,0.5774,0.1111,7777,N/A,Model,3.35,1.29,Water,3,Weak concrete was cast around the footing (lateral extent of about 0.3 m at base and 0.4 m at top) for test day 3; modification aimed at eliminating backfill sand from raveling under the footing during rocking. Layers 2 and 3 are separated by a liner.,Concrete Sand,1.29,90,5,7777,7777,7777,7777,1854,5,Concrete Sand,1.46,90,5,7777,7777,7777,7777,2102,19,Concrete Sand,0.6,88,4,7777,7777,7777,7777,1865,6,Lumped-mass bridge pier model (footing-column-deck) with flexible elastic column,Square,Reinforced Concrete,1.524,1.524,7777,7777,7777,0,0,0.6604,0.508,2832,609,0.254,1863,1.286,Reinforced Concrete,1.346,530,87,1.181,24648,21795,2.985,29873,47576,2.588,293,126,0.451,1.96,23.1,8888,14.7,11.8,9999,244.7,8888,365,0.336,0.603,0.568,0.637,1D,Parachute Test Site,"1987 Superstition Hills-02, CA",Parachute Test Site 217,1,None,0.336,60.8,14.6,0.369,0.705,10.2,6.14,0.13,1.779,13.802,0.821,5.198,0.424,60.4,14.23,0.368,0.574,10.74,6.27,0.143,2.185,18.099,0.936,6.212,-12.908,-10.994,-2.392,-0.478,Centroid of deck,-0.11832,-0.10549,-0.01877,-0.00593,0.2981,1.3591,1.355,0.718,1.034,0.397,0.735,-0.124,0.187,0.01,1.166,0.839,1.414,1.158,0.252,Low-pass filtered at 17.3 Hz (10 Hz prototype),1.128,1.129,Aligned specimen - Test day 3 - Motion 7,N/A,UCSD-3-AS-14-CriticalPlot.pdf,UCSD-AS-AnalyticalSystemProps.pdf,UCSD-Report.pdf,UCSD-Comments.pdf,UCSD-3-AS-14-CriticalDataE.txt,UCSD-3-14-BaselineCorMotions.txt,UCSD-3-14-ResponseSpectra.txt,"UCSD-3-13-SupplementalData.txt, UCSD-3-14-SupplementalData.txt",UCSD-StructPhoto.jpg,UCSD-TestSetup.pdf,2013-05-23,2013-05-23,"G. Antonellis, A. G. Gavras, M. Panagiotou, B. L. Kutter, G. Guerrini, A. C. Sander, P. J. Fox, J. I. Restrepo, S. A. Mahin","large-scale 1g, sand, water table, square embedded footing, flexible bridge pier",32.893619,-117.108998,A. G. Gavras,2018-08-21,,,
203,UCSD,UCSD-3-AS-16,190,"Antonellis, G., Gavras, A. G., Panagiotou, M., Kutter, B. L., Guerrini, G., Sander, A. C., and Fox, P. J. (2015). ""Shake table test of large-scale bridge columns supported on rocking shallow foundations."" Journal of Geotechnical and Geoenvironmental Engineering, 141(5), 04015009.",Analytical and Experimental Development of Bridges with Foundations Allowed to Uplift During Earthquakes,M. Panagiotou,"B. L. Kutter, P. J. Fox, J. I. Restrepo, S. A. Mahin",Caltrans,"G. Antonellis, A. G. Gavras, G. Guerrini, A. C. Sander","Large High Performance Outdoor Shake Table, University of California, San Diego, CA",Large-scale 1g,1D shake table,Large Soil Confinement Box,10.06,4.62,7.62,2013-05-23,3,AS,16,"The structure was removed after test day 2, the soil under the footing was leveled and compacted using a dropping weight hand compactor, and the structure was placed back at the target position.",1,0.3333,0.5774,0.1111,7777,N/A,Model,3.35,1.29,Water,3,Weak concrete was cast around the footing (lateral extent of about 0.3 m at base and 0.4 m at top) for test day 3; modification aimed at eliminating backfill sand from raveling under the footing during rocking. Layers 2 and 3 are separated by a liner.,Concrete Sand,1.29,90,5,7777,7777,7777,7777,1854,5,Concrete Sand,1.46,90,5,7777,7777,7777,7777,2102,19,Concrete Sand,0.6,88,4,7777,7777,7777,7777,1865,6,Lumped-mass bridge pier model (footing-column-deck) with flexible elastic column,Square,Reinforced Concrete,1.524,1.524,7777,7777,7777,0,0,0.6604,0.508,2832,609,0.254,1863,1.286,Reinforced Concrete,1.346,530,87,1.181,24648,21795,2.985,29873,47576,2.588,293,126,0.451,1.96,23.1,8888,14.7,11.8,9999,244.7,8888,365,0.336,0.603,0.568,0.637,1D,Parachute Test Site,"1987 Superstition Hills-02, CA",Parachute Test Site 217,-1,None,0.342,61.1,14.6,0.369,0.702,10.2,6.13,0.131,1.788,15.59,0.823,6.021,0.437,60.2,14.15,0.368,0.578,10.74,6.25,0.143,2.2,20.299,0.91,7.122,-8.807,-6.467,-2.583,-0.244,Centroid of deck,-0.07503,-0.0568,-0.01942,-0.00118,0.3131,1.6722,1.131,-0.393,0.86,-0.169,0.952,0.156,0.201,0.013,1.147,0.843,1.167,1.167,0.25,Low-pass filtered at 17.3 Hz (10 Hz prototype),1.129,1.126,Aligned specimen - Test day 3 - Motion 8,N/A,UCSD-3-AS-16-CriticalPlot.pdf,UCSD-AS-AnalyticalSystemProps.pdf,UCSD-Report.pdf,UCSD-Comments.pdf,UCSD-3-AS-16-CriticalDataE.txt,UCSD-3-16-BaselineCorMotions.txt,UCSD-3-16-ResponseSpectra.txt,"UCSD-3-15-SupplementalData.txt, UCSD-3-16-SupplementalData.txt",UCSD-StructPhoto.jpg,UCSD-TestSetup.pdf,2013-05-23,2013-05-23,"G. Antonellis, A. G. Gavras, M. Panagiotou, B. L. Kutter, G. Guerrini, A. C. Sander, P. J. Fox, J. I. Restrepo, S. A. Mahin","large-scale 1g, sand, water table, square embedded footing, flexible bridge pier",32.893619,-117.108998,A. G. Gavras,2018-08-21,,,
204,UCSD,UCSD-3-AS-18,191,"Antonellis, G., Gavras, A. G., Panagiotou, M., Kutter, B. L., Guerrini, G., Sander, A. C., and Fox, P. J. (2015). ""Shake table test of large-scale bridge columns supported on rocking shallow foundations."" Journal of Geotechnical and Geoenvironmental Engineering, 141(5), 04015009.",Analytical and Experimental Development of Bridges with Foundations Allowed to Uplift During Earthquakes,M. Panagiotou,"B. L. Kutter, P. J. Fox, J. I. Restrepo, S. A. Mahin",Caltrans,"G. Antonellis, A. G. Gavras, G. Guerrini, A. C. Sander","Large High Performance Outdoor Shake Table, University of California, San Diego, CA",Large-scale 1g,1D shake table,Large Soil Confinement Box,10.06,4.62,7.62,2013-05-23,3,AS,18,"The structure was removed after test day 2, the soil under the footing was leveled and compacted using a dropping weight hand compactor, and the structure was placed back at the target position.",1,0.3333,0.5774,0.1111,7777,N/A,Model,3.35,1.29,Water,3,Weak concrete was cast around the footing (lateral extent of about 0.3 m at base and 0.4 m at top) for test day 3; modification aimed at eliminating backfill sand from raveling under the footing during rocking. Layers 2 and 3 are separated by a liner.,Concrete Sand,1.29,90,5,7777,7777,7777,7777,1854,5,Concrete Sand,1.46,90,5,7777,7777,7777,7777,2102,19,Concrete Sand,0.6,88,4,7777,7777,7777,7777,1865,6,Lumped-mass bridge pier model (footing-column-deck) with flexible elastic column,Square,Reinforced Concrete,1.524,1.524,7777,7777,7777,0,0,0.6604,0.508,2832,609,0.254,1863,1.286,Reinforced Concrete,1.346,530,87,1.181,24648,21795,2.985,29873,47576,2.588,293,126,0.451,1.96,23.1,8888,14.7,11.8,9999,244.7,8888,365,0.336,0.603,0.568,0.637,1D,Parachute Test Site,"1987 Superstition Hills-02, CA",Parachute Test Site 217,1.1,None,0.384,66.6,16.03,0.368,0.703,10.4,6.17,0.144,2.186,17.776,0.933,6.954,0.456,66,15.79,0.369,0.57,11.12,6.3,0.159,2.717,23.016,1.181,8.303,-13.788,-11.243,-3.37,-0.824,Centroid of deck,-0.12661,-0.10749,-0.02807,-0.00895,0.3369,2.0091,1.513,0.648,1.228,0.363,0.761,-0.238,0.211,0.009,1.209,0.846,1.362,1.227,0.253,Low-pass filtered at 17.3 Hz (10 Hz prototype),1.126,0.887,Aligned specimen - Test day 3 - Motion 9,N/A,UCSD-3-AS-18-CriticalPlot.pdf,UCSD-AS-AnalyticalSystemProps.pdf,UCSD-Report.pdf,UCSD-Comments.pdf,UCSD-3-AS-18-CriticalDataE.txt,UCSD-3-18-BaselineCorMotions.txt,UCSD-3-18-ResponseSpectra.txt,"UCSD-3-17-SupplementalData.txt, UCSD-3-18-SupplementalData.txt",UCSD-StructPhoto.jpg,UCSD-TestSetup.pdf,2013-05-23,2013-05-23,"G. Antonellis, A. G. Gavras, M. Panagiotou, B. L. Kutter, G. Guerrini, A. C. Sander, P. J. Fox, J. I. Restrepo, S. A. Mahin","large-scale 1g, sand, water table, square embedded footing, flexible bridge pier",32.893619,-117.108998,A. G. Gavras,2018-08-21,,,
205,UCSD,UCSD-3-SS-2,192,"Antonellis, G., Gavras, A. G., Panagiotou, M., Kutter, B. L., Guerrini, G., Sander, A. C., and Fox, P. J. (2015). ""Shake table test of large-scale bridge columns supported on rocking shallow foundations."" Journal of Geotechnical and Geoenvironmental Engineering, 141(5), 04015009.",Analytical and Experimental Development of Bridges with Foundations Allowed to Uplift During Earthquakes,M. Panagiotou,"B. L. Kutter, P. J. Fox, J. I. Restrepo, S. A. Mahin",Caltrans,"G. Antonellis, A. G. Gavras, G. Guerrini, A. C. Sander","Large High Performance Outdoor Shake Table, University of California, San Diego, CA",Large-scale 1g,1D shake table,Large Soil Confinement Box,10.06,4.62,7.62,2013-05-23,3,SS,2,"The structure was removed after test day 2, the soil under the footing was leveled and compacted using a dropping weight hand compactor, and the structure was placed back at the target position.",1,0.3333,0.5774,0.1111,7777,N/A,Model,3.35,1.29,Water,3,Weak concrete was cast around the footing (lateral extent of about 0.3 m at base and 0.4 m at top) for test day 3; modification aimed at eliminating backfill sand from raveling under the footing during rocking. Layers 2 and 3 are separated by a liner.,Concrete Sand,1.29,90,5,7777,7777,7777,7777,1854,5,Concrete Sand,1.46,90,5,7777,7777,7777,7777,2102,19,Concrete Sand,0.6,88,4,7777,7777,7777,7777,1865,6,Lumped-mass bridge pier model (footing-column-deck) with flexible elastic column,Square,Reinforced Concrete,1.524,1.524,7777,7777,7777,0,30,0.6604,0.508,2832,609,0.254,1863,1.286,Reinforced Concrete,1.346,530,87,1.181,24648,21795,2.985,29873,47576,2.588,293,126,0.451,1.96,23.1,8888,15.3,12.1,9999,275.4,8888,365,0.378,0.603,0.556,0.637,1D,Gilroy #1,"1989 Loma Prieta, CA",Gilroy Array #1 090,1,None,0.435,16.4,1.71,0.223,0.274,3.64,1.99,0.126,0.543,0.543,0.281,0.281,0.613,19.8,1.61,0.221,0.216,5.57,2.28,0.169,1.106,1.106,0.427,0.427,-0.899,-0.887,0.007,0.019,Centroid of deck,-0.00316,0.00333,0.00005,0.00025,0.0192,0.0192,-0.219,-0.203,-0.039,-0.022,0.107,0.075,-0.005,-0.005,1.158,0.846,0.727,0.727,0.242,Low-pass filtered at 17.3 Hz (10 Hz prototype),0.637,0.683,Skewed specimen - Test day 3 - Motion 1,N/A,UCSD-3-SS-2-CriticalPlot.pdf,UCSD-SS-AnalyticalSystemProps.pdf,UCSD-Report.pdf,UCSD-Comments.pdf,UCSD-3-SS-2-CriticalDataE.txt,UCSD-3-2-BaselineCorMotions.txt,UCSD-3-2-ResponseSpectra.txt,"UCSD-3-1-SupplementalData.txt, UCSD-3-2-SupplementalData.txt",UCSD-StructPhoto.jpg,UCSD-TestSetup.pdf,2013-05-23,2013-05-23,"G. Antonellis, A. G. Gavras, M. Panagiotou, B. L. Kutter, G. Guerrini, A. C. Sander, P. J. Fox, J. I. Restrepo, S. A. Mahin","large-scale 1g, sand, water table, square embedded footing, skew footing, flexible bridge pier",32.893619,-117.108998,A. G. Gavras,2018-08-21,,,
206,UCSD,UCSD-3-SS-4,193,"Antonellis, G., Gavras, A. G., Panagiotou, M., Kutter, B. L., Guerrini, G., Sander, A. C., and Fox, P. J. (2015). ""Shake table test of large-scale bridge columns supported on rocking shallow foundations."" Journal of Geotechnical and Geoenvironmental Engineering, 141(5), 04015009.",Analytical and Experimental Development of Bridges with Foundations Allowed to Uplift During Earthquakes,M. Panagiotou,"B. L. Kutter, P. J. Fox, J. I. Restrepo, S. A. Mahin",Caltrans,"G. Antonellis, A. G. Gavras, G. Guerrini, A. C. Sander","Large High Performance Outdoor Shake Table, University of California, San Diego, CA",Large-scale 1g,1D shake table,Large Soil Confinement Box,10.06,4.62,7.62,2013-05-23,3,SS,4,"The structure was removed after test day 2, the soil under the footing was leveled and compacted using a dropping weight hand compactor, and the structure was placed back at the target position.",1,0.3333,0.5774,0.1111,7777,N/A,Model,3.35,1.29,Water,3,Weak concrete was cast around the footing (lateral extent of about 0.3 m at base and 0.4 m at top) for test day 3; modification aimed at eliminating backfill sand from raveling under the footing during rocking. Layers 2 and 3 are separated by a liner.,Concrete Sand,1.29,90,5,7777,7777,7777,7777,1854,5,Concrete Sand,1.46,90,5,7777,7777,7777,7777,2102,19,Concrete Sand,0.6,88,4,7777,7777,7777,7777,1865,6,Lumped-mass bridge pier model (footing-column-deck) with flexible elastic column,Square,Reinforced Concrete,1.524,1.524,7777,7777,7777,0,30,0.6604,0.508,2832,609,0.254,1863,1.286,Reinforced Concrete,1.346,530,87,1.181,24648,21795,2.985,29873,47576,2.588,293,126,0.451,1.96,23.1,8888,15.3,12.1,9999,275.4,8888,365,0.378,0.603,0.556,0.637,1D,Corralitos,"1989 Loma Prieta, CA",Corralitos 218,0.8,None,0.291,18.9,2.18,0.425,0.391,7.27,4.55,0.102,0.807,1.35,0.486,0.767,0.456,18.8,2.14,0.141,0.314,7.98,4.75,0.12,1.175,2.281,0.598,1.025,1.03,-1.035,0.073,0.064,Centroid of deck,0.00427,0.00417,0.00044,0.00034,0.048,0.0672,-0.108,0.11,-0.039,0.001,0.172,0.049,0.006,0.011,1.107,0.892,0.86,0.86,0.185,Low-pass filtered at 17.3 Hz (10 Hz prototype),0.683,0.681,Skewed specimen - Test day 3 - Motion 2,N/A,UCSD-3-SS-4-CriticalPlot.pdf,UCSD-SS-AnalyticalSystemProps.pdf,UCSD-Report.pdf,UCSD-Comments.pdf,UCSD-3-SS-4-CriticalDataE.txt,UCSD-3-4-BaselineCorMotions.txt,UCSD-3-4-ResponseSpectra.txt,"UCSD-3-3-SupplementalData.txt, UCSD-3-4-SupplementalData.txt",UCSD-StructPhoto.jpg,UCSD-TestSetup.pdf,2013-05-23,2013-05-23,"G. Antonellis, A. G. Gavras, M. Panagiotou, B. L. Kutter, G. Guerrini, A. C. Sander, P. J. Fox, J. I. Restrepo, S. A. Mahin","large-scale 1g, sand, water table, square embedded footing, skew footing, flexible bridge pier",32.893619,-117.108998,A. G. Gavras,2018-08-21,,,
207,UCSD,UCSD-3-SS-6,194,"Antonellis, G., Gavras, A. G., Panagiotou, M., Kutter, B. L., Guerrini, G., Sander, A. C., and Fox, P. J. (2015). ""Shake table test of large-scale bridge columns supported on rocking shallow foundations."" Journal of Geotechnical and Geoenvironmental Engineering, 141(5), 04015009.",Analytical and Experimental Development of Bridges with Foundations Allowed to Uplift During Earthquakes,M. Panagiotou,"B. L. Kutter, P. J. Fox, J. I. Restrepo, S. A. Mahin",Caltrans,"G. Antonellis, A. G. Gavras, G. Guerrini, A. C. Sander","Large High Performance Outdoor Shake Table, University of California, San Diego, CA",Large-scale 1g,1D shake table,Large Soil Confinement Box,10.06,4.62,7.62,2013-05-23,3,SS,6,"The structure was removed after test day 2, the soil under the footing was leveled and compacted using a dropping weight hand compactor, and the structure was placed back at the target position.",1,0.3333,0.5774,0.1111,7777,N/A,Model,3.35,1.29,Water,3,Weak concrete was cast around the footing (lateral extent of about 0.3 m at base and 0.4 m at top) for test day 3; modification aimed at eliminating backfill sand from raveling under the footing during rocking. Layers 2 and 3 are separated by a liner.,Concrete Sand,1.29,90,5,7777,7777,7777,7777,1854,5,Concrete Sand,1.46,90,5,7777,7777,7777,7777,2102,19,Concrete Sand,0.6,88,4,7777,7777,7777,7777,1865,6,Lumped-mass bridge pier model (footing-column-deck) with flexible elastic column,Square,Reinforced Concrete,1.524,1.524,7777,7777,7777,0,30,0.6604,0.508,2832,609,0.254,1863,1.286,Reinforced Concrete,1.346,530,87,1.181,24648,21795,2.985,29873,47576,2.588,293,126,0.451,1.96,23.1,8888,15.3,12.1,9999,275.4,8888,365,0.378,0.603,0.556,0.637,1D,El Centro #6,"1979 Imperial Valley-06, CA",El Centro Array #6 053,1.1,None,0.344,60.3,16.5,0.139,0.973,6,4.99,0.089,0.675,2.025,0.485,1.252,0.403,58.1,15.62,0.141,0.623,7.27,5.53,0.103,1.011,3.292,0.636,1.661,-1.492,-1.567,0.104,0.03,Centroid of deck,-0.00681,-0.00724,0.00056,0.00012,0.0187,0.0859,-0.147,-0.11,-0.041,-0.004,0.206,0.025,0.011,0.005,1.069,0.935,1.058,1.058,0.259,Low-pass filtered at 17.3 Hz (10 Hz prototype),0.681,0.684,Skewed specimen - Test day 3 - Motion 3,N/A,UCSD-3-SS-6-CriticalPlot.pdf,UCSD-SS-AnalyticalSystemProps.pdf,UCSD-Report.pdf,UCSD-Comments.pdf,UCSD-3-SS-6-CriticalDataE.txt,UCSD-3-6-BaselineCorMotions.txt,UCSD-3-6-ResponseSpectra.txt,"UCSD-3-5-SupplementalData.txt, UCSD-3-6-SupplementalData.txt",UCSD-StructPhoto.jpg,UCSD-TestSetup.pdf,2013-05-23,2013-05-23,"G. Antonellis, A. G. Gavras, M. Panagiotou, B. L. Kutter, G. Guerrini, A. C. Sander, P. J. Fox, J. I. Restrepo, S. A. Mahin","large-scale 1g, sand, water table, square embedded footing, skew footing, flexible bridge pier",32.893619,-117.108998,A. G. Gavras,2018-08-21,,,
208,UCSD,UCSD-3-SS-8,195,"Antonellis, G., Gavras, A. G., Panagiotou, M., Kutter, B. L., Guerrini, G., Sander, A. C., and Fox, P. J. (2015). ""Shake table test of large-scale bridge columns supported on rocking shallow foundations."" Journal of Geotechnical and Geoenvironmental Engineering, 141(5), 04015009.",Analytical and Experimental Development of Bridges with Foundations Allowed to Uplift During Earthquakes,M. Panagiotou,"B. L. Kutter, P. J. Fox, J. I. Restrepo, S. A. Mahin",Caltrans,"G. Antonellis, A. G. Gavras, G. Guerrini, A. C. Sander","Large High Performance Outdoor Shake Table, University of California, San Diego, CA",Large-scale 1g,1D shake table,Large Soil Confinement Box,10.06,4.62,7.62,2013-05-23,3,SS,8,"The structure was removed after test day 2, the soil under the footing was leveled and compacted using a dropping weight hand compactor, and the structure was placed back at the target position.",1,0.3333,0.5774,0.1111,7777,N/A,Model,3.35,1.29,Water,3,Weak concrete was cast around the footing (lateral extent of about 0.3 m at base and 0.4 m at top) for test day 3; modification aimed at eliminating backfill sand from raveling under the footing during rocking. Layers 2 and 3 are separated by a liner.,Concrete Sand,1.29,90,5,7777,7777,7777,7777,1854,5,Concrete Sand,1.46,90,5,7777,7777,7777,7777,2102,19,Concrete Sand,0.6,88,4,7777,7777,7777,7777,1865,6,Lumped-mass bridge pier model (footing-column-deck) with flexible elastic column,Square,Reinforced Concrete,1.524,1.524,7777,7777,7777,0,30,0.6604,0.508,2832,609,0.254,1863,1.286,Reinforced Concrete,1.346,530,87,1.181,24648,21795,2.985,29873,47576,2.588,293,126,0.451,1.96,23.1,8888,15.3,12.1,9999,275.4,8888,365,0.378,0.603,0.556,0.637,1D,Pacoima Dam,"1971 San Fernando, CA",Pacoima Dam (upper left abut) 017,0.64,Low-pass filtered at 5 Hz (prototype),0.425,35.8,5.46,0.226,0.407,5.68,4.13,0.14,1.38,3.405,0.61,1.862,0.582,35.5,5.32,0.227,0.291,6.39,4.21,0.189,2.564,5.856,0.873,2.534,-3.304,-3.412,0.224,0.116,Centroid of deck,-0.02213,-0.02258,0.00097,0.00052,0.1319,0.2178,-0.238,0.262,-0.039,-0.008,0.403,0.191,0.045,0.034,1.291,0.742,1.509,1.151,0.324,Low-pass filtered at 17.3 Hz (10 Hz prototype),0.684,0.716,Skewed specimen - Test day 3 - Motion 4,N/A,UCSD-3-SS-8-CriticalPlot.pdf,UCSD-SS-AnalyticalSystemProps.pdf,UCSD-Report.pdf,UCSD-Comments.pdf,UCSD-3-SS-8-CriticalDataE.txt,UCSD-3-8-BaselineCorMotions.txt,UCSD-3-8-ResponseSpectra.txt,"UCSD-3-7-SupplementalData.txt, UCSD-3-8-SupplementalData.txt",UCSD-StructPhoto.jpg,UCSD-TestSetup.pdf,2013-05-23,2013-05-23,"G. Antonellis, A. G. Gavras, M. Panagiotou, B. L. Kutter, G. Guerrini, A. C. Sander, P. J. Fox, J. I. Restrepo, S. A. Mahin","large-scale 1g, sand, water table, square embedded footing, skew footing, flexible bridge pier",32.893619,-117.108998,A. G. Gavras,2018-08-21,,,
209,UCSD,UCSD-3-SS-10,196,"Antonellis, G., Gavras, A. G., Panagiotou, M., Kutter, B. L., Guerrini, G., Sander, A. C., and Fox, P. J. (2015). ""Shake table test of large-scale bridge columns supported on rocking shallow foundations."" Journal of Geotechnical and Geoenvironmental Engineering, 141(5), 04015009.",Analytical and Experimental Development of Bridges with Foundations Allowed to Uplift During Earthquakes,M. Panagiotou,"B. L. Kutter, P. J. Fox, J. I. Restrepo, S. A. Mahin",Caltrans,"G. Antonellis, A. G. Gavras, G. Guerrini, A. C. Sander","Large High Performance Outdoor Shake Table, University of California, San Diego, CA",Large-scale 1g,1D shake table,Large Soil Confinement Box,10.06,4.62,7.62,2013-05-23,3,SS,10,"The structure was removed after test day 2, the soil under the footing was leveled and compacted using a dropping weight hand compactor, and the structure was placed back at the target position.",1,0.3333,0.5774,0.1111,7777,N/A,Model,3.35,1.29,Water,3,Weak concrete was cast around the footing (lateral extent of about 0.3 m at base and 0.4 m at top) for test day 3; modification aimed at eliminating backfill sand from raveling under the footing during rocking. Layers 2 and 3 are separated by a liner.,Concrete Sand,1.29,90,5,7777,7777,7777,7777,1854,5,Concrete Sand,1.46,90,5,7777,7777,7777,7777,2102,19,Concrete Sand,0.6,88,4,7777,7777,7777,7777,1865,6,Lumped-mass bridge pier model (footing-column-deck) with flexible elastic column,Square,Reinforced Concrete,1.524,1.524,7777,7777,7777,0,30,0.6604,0.508,2832,609,0.254,1863,1.286,Reinforced Concrete,1.346,530,87,1.181,24648,21795,2.985,29873,47576,2.588,293,126,0.451,1.96,23.1,8888,15.3,12.1,9999,275.4,8888,365,0.378,0.603,0.556,0.637,1D,Takatori,"1995 Kobe, Japan",Takatori 320,0.5,None,0.359,55.6,8.23,0.705,0.747,10.7,6.15,0.128,1.737,5.142,0.823,2.685,0.404,54.6,8.08,0.125,0.627,10.76,6.21,0.138,2.012,7.868,0.912,3.446,5.654,-5.458,0.755,0.514,Centroid of deck,0.04336,-0.04287,0.00301,0.00201,0.3662,0.584,-0.242,0.224,0.022,0.05,0.649,0.237,0.051,0.005,1.325,0.821,1.442,1.104,0.317,Low-pass filtered at 17.3 Hz (10 Hz prototype),0.716,0.8,Skewed specimen - Test day 3 - Motion 5,N/A,UCSD-3-SS-10-CriticalPlot.pdf,UCSD-SS-AnalyticalSystemProps.pdf,UCSD-Report.pdf,UCSD-Comments.pdf,UCSD-3-SS-10-CriticalDataE.txt,UCSD-3-10-BaselineCorMotions.txt,UCSD-3-10-ResponseSpectra.txt,"UCSD-3-9-SupplementalData.txt, UCSD-3-10-SupplementalData.txt",UCSD-StructPhoto.jpg,UCSD-TestSetup.pdf,2013-05-23,2013-05-23,"G. Antonellis, A. G. Gavras, M. Panagiotou, B. L. Kutter, G. Guerrini, A. C. Sander, P. J. Fox, J. I. Restrepo, S. A. Mahin","large-scale 1g, sand, water table, square embedded footing, skew footing, flexible bridge pier",32.893619,-117.108998,A. G. Gavras,2018-08-21,,,
210,UCSD,UCSD-3-SS-12,197,"Antonellis, G., Gavras, A. G., Panagiotou, M., Kutter, B. L., Guerrini, G., Sander, A. C., and Fox, P. J. (2015). ""Shake table test of large-scale bridge columns supported on rocking shallow foundations."" Journal of Geotechnical and Geoenvironmental Engineering, 141(5), 04015009.",Analytical and Experimental Development of Bridges with Foundations Allowed to Uplift During Earthquakes,M. Panagiotou,"B. L. Kutter, P. J. Fox, J. I. Restrepo, S. A. Mahin",Caltrans,"G. Antonellis, A. G. Gavras, G. Guerrini, A. C. Sander","Large High Performance Outdoor Shake Table, University of California, San Diego, CA",Large-scale 1g,1D shake table,Large Soil Confinement Box,10.06,4.62,7.62,2013-05-23,3,SS,12,"The structure was removed after test day 2, the soil under the footing was leveled and compacted using a dropping weight hand compactor, and the structure was placed back at the target position.",1,0.3333,0.5774,0.1111,7777,N/A,Model,3.35,1.29,Water,3,Weak concrete was cast around the footing (lateral extent of about 0.3 m at base and 0.4 m at top) for test day 3; modification aimed at eliminating backfill sand from raveling under the footing during rocking. Layers 2 and 3 are separated by a liner.,Concrete Sand,1.29,90,5,7777,7777,7777,7777,1854,5,Concrete Sand,1.46,90,5,7777,7777,7777,7777,2102,19,Concrete Sand,0.6,88,4,7777,7777,7777,7777,1865,6,Lumped-mass bridge pier model (footing-column-deck) with flexible elastic column,Square,Reinforced Concrete,1.524,1.524,7777,7777,7777,0,30,0.6604,0.508,2832,609,0.254,1863,1.286,Reinforced Concrete,1.346,530,87,1.181,24648,21795,2.985,29873,47576,2.588,293,126,0.451,1.96,23.1,8888,15.3,12.1,9999,275.4,8888,365,0.378,0.603,0.556,0.637,1D,Takatori,"1995 Kobe, Japan",Takatori 320,1,None,0.799,103.7,16.66,0.715,0.759,14.78,6.19,0.255,6.881,12.023,1.692,4.377,0.934,101,16.29,0.717,0.66,18.73,6.2,0.275,8.046,15.914,1.83,5.276,-10.893,-11.645,0.424,-0.328,Centroid of deck,-0.10217,-0.10547,-0.00303,-0.00633,0.549,1.133,1.024,1.014,0.246,0.235,1.132,0.454,0.177,0.125,1.502,0.729,1.631,1.113,0.348,Low-pass filtered at 17.3 Hz (10 Hz prototype),0.8,1.128,Skewed specimen - Test day 3 - Motion 6,N/A,UCSD-3-SS-12-CriticalPlot.pdf,UCSD-SS-AnalyticalSystemProps.pdf,UCSD-Report.pdf,UCSD-Comments.pdf,UCSD-3-SS-12-CriticalDataE.txt,UCSD-3-12-BaselineCorMotions.txt,UCSD-3-12-ResponseSpectra.txt,"UCSD-3-11-SupplementalData.txt, UCSD-3-12-SupplementalData.txt",UCSD-StructPhoto.jpg,UCSD-TestSetup.pdf,2013-05-23,2013-05-23,"G. Antonellis, A. G. Gavras, M. Panagiotou, B. L. Kutter, G. Guerrini, A. C. Sander, P. J. Fox, J. I. Restrepo, S. A. Mahin","large-scale 1g, sand, water table, square embedded footing, skew footing, flexible bridge pier",32.893619,-117.108998,A. G. Gavras,2018-08-21,,,
211,UCSD,UCSD-3-SS-14,198,"Antonellis, G., Gavras, A. G., Panagiotou, M., Kutter, B. L., Guerrini, G., Sander, A. C., and Fox, P. J. (2015). ""Shake table test of large-scale bridge columns supported on rocking shallow foundations."" Journal of Geotechnical and Geoenvironmental Engineering, 141(5), 04015009.",Analytical and Experimental Development of Bridges with Foundations Allowed to Uplift During Earthquakes,M. Panagiotou,"B. L. Kutter, P. J. Fox, J. I. Restrepo, S. A. Mahin",Caltrans,"G. Antonellis, A. G. Gavras, G. Guerrini, A. C. Sander","Large High Performance Outdoor Shake Table, University of California, San Diego, CA",Large-scale 1g,1D shake table,Large Soil Confinement Box,10.06,4.62,7.62,2013-05-23,3,SS,14,"The structure was removed after test day 2, the soil under the footing was leveled and compacted using a dropping weight hand compactor, and the structure was placed back at the target position.",1,0.3333,0.5774,0.1111,7777,N/A,Model,3.35,1.29,Water,3,Weak concrete was cast around the footing (lateral extent of about 0.3 m at base and 0.4 m at top) for test day 3; modification aimed at eliminating backfill sand from raveling under the footing during rocking. Layers 2 and 3 are separated by a liner.,Concrete Sand,1.29,90,5,7777,7777,7777,7777,1854,5,Concrete Sand,1.46,90,5,7777,7777,7777,7777,2102,19,Concrete Sand,0.6,88,4,7777,7777,7777,7777,1865,6,Lumped-mass bridge pier model (footing-column-deck) with flexible elastic column,Square,Reinforced Concrete,1.524,1.524,7777,7777,7777,0,30,0.6604,0.508,2832,609,0.254,1863,1.286,Reinforced Concrete,1.346,530,87,1.181,24648,21795,2.985,29873,47576,2.588,293,126,0.451,1.96,23.1,8888,15.3,12.1,9999,275.4,8888,365,0.378,0.603,0.556,0.637,1D,Parachute Test Site,"1987 Superstition Hills-02, CA",Parachute Test Site 217,1,None,0.336,60.8,14.6,0.369,0.705,10.2,6.14,0.13,1.779,13.802,0.821,5.198,0.424,60.4,14.23,0.368,0.574,10.74,6.27,0.143,2.185,18.099,0.936,6.212,-9.656,-10.099,0.591,0.148,Centroid of deck,-0.08501,-0.08218,-0.00315,-0.00032,0.3504,1.4834,0.621,0.38,0.394,0.153,1.357,0.177,0.187,0.01,1.225,0.913,1.332,1.288,0.249,Low-pass filtered at 17.3 Hz (10 Hz prototype),1.128,0.889,Skewed specimen - Test day 3 - Motion 7,N/A,UCSD-3-SS-14-CriticalPlot.pdf,UCSD-SS-AnalyticalSystemProps.pdf,UCSD-Report.pdf,UCSD-Comments.pdf,UCSD-3-SS-14-CriticalDataE.txt,UCSD-3-14-BaselineCorMotions.txt,UCSD-3-14-ResponseSpectra.txt,"UCSD-3-13-SupplementalData.txt, UCSD-3-14-SupplementalData.txt",UCSD-StructPhoto.jpg,UCSD-TestSetup.pdf,2013-05-23,2013-05-23,"G. Antonellis, A. G. Gavras, M. Panagiotou, B. L. Kutter, G. Guerrini, A. C. Sander, P. J. Fox, J. I. Restrepo, S. A. Mahin","large-scale 1g, sand, water table, square embedded footing, skew footing, flexible bridge pier",32.893619,-117.108998,A. G. Gavras,2018-08-21,,,
212,UCSD,UCSD-3-SS-16,199,"Antonellis, G., Gavras, A. G., Panagiotou, M., Kutter, B. L., Guerrini, G., Sander, A. C., and Fox, P. J. (2015). ""Shake table test of large-scale bridge columns supported on rocking shallow foundations."" Journal of Geotechnical and Geoenvironmental Engineering, 141(5), 04015009.",Analytical and Experimental Development of Bridges with Foundations Allowed to Uplift During Earthquakes,M. Panagiotou,"B. L. Kutter, P. J. Fox, J. I. Restrepo, S. A. Mahin",Caltrans,"G. Antonellis, A. G. Gavras, G. Guerrini, A. C. Sander","Large High Performance Outdoor Shake Table, University of California, San Diego, CA",Large-scale 1g,1D shake table,Large Soil Confinement Box,10.06,4.62,7.62,2013-05-23,3,SS,16,"The structure was removed after test day 2, the soil under the footing was leveled and compacted using a dropping weight hand compactor, and the structure was placed back at the target position.",1,0.3333,0.5774,0.1111,7777,N/A,Model,3.35,1.29,Water,3,Weak concrete was cast around the footing (lateral extent of about 0.3 m at base and 0.4 m at top) for test day 3; modification aimed at eliminating backfill sand from raveling under the footing during rocking. Layers 2 and 3 are separated by a liner.,Concrete Sand,1.29,90,5,7777,7777,7777,7777,1854,5,Concrete Sand,1.46,90,5,7777,7777,7777,7777,2102,19,Concrete Sand,0.6,88,4,7777,7777,7777,7777,1865,6,Lumped-mass bridge pier model (footing-column-deck) with flexible elastic column,Square,Reinforced Concrete,1.524,1.524,7777,7777,7777,0,30,0.6604,0.508,2832,609,0.254,1863,1.286,Reinforced Concrete,1.346,530,87,1.181,24648,21795,2.985,29873,47576,2.588,293,126,0.451,1.96,23.1,8888,15.3,12.1,9999,275.4,8888,365,0.378,0.603,0.556,0.637,1D,Parachute Test Site,"1987 Superstition Hills-02, CA",Parachute Test Site 217,-1,None,0.342,61.1,14.6,0.369,0.702,10.2,6.13,0.131,1.788,15.59,0.823,6.021,0.437,60.2,14.15,0.368,0.578,10.74,6.25,0.143,2.2,20.299,0.91,7.122,8.322,7.736,0.628,0.042,Centroid of deck,0.06204,0.06503,-0.00381,-0.00082,0.3619,1.8453,0.565,-0.467,0.265,-0.118,1.566,0.168,0.201,0.013,1.323,0.854,1.367,1.222,0.269,Low-pass filtered at 17.3 Hz (10 Hz prototype),0.889,1.023,Skewed specimen - Test day 3 - Motion 8,N/A,UCSD-3-SS-16-CriticalPlot.pdf,UCSD-SS-AnalyticalSystemProps.pdf,UCSD-Report.pdf,UCSD-Comments.pdf,UCSD-3-SS-16-CriticalDataE.txt,UCSD-3-16-BaselineCorMotions.txt,UCSD-3-16-ResponseSpectra.txt,"UCSD-3-15-SupplementalData.txt, UCSD-3-16-SupplementalData.txt",UCSD-StructPhoto.jpg,UCSD-TestSetup.pdf,2013-05-23,2013-05-23,"G. Antonellis, A. G. Gavras, M. Panagiotou, B. L. Kutter, G. Guerrini, A. C. Sander, P. J. Fox, J. I. Restrepo, S. A. Mahin","large-scale 1g, sand, water table, square embedded footing, skew footing, flexible bridge pier",32.893619,-117.108998,A. G. Gavras,2018-08-21,,,
213,UCSD,UCSD-3-SS-18,200,"Antonellis, G., Gavras, A. G., Panagiotou, M., Kutter, B. L., Guerrini, G., Sander, A. C., and Fox, P. J. (2015). ""Shake table test of large-scale bridge columns supported on rocking shallow foundations."" Journal of Geotechnical and Geoenvironmental Engineering, 141(5), 04015009.",Analytical and Experimental Development of Bridges with Foundations Allowed to Uplift During Earthquakes,M. Panagiotou,"B. L. Kutter, P. J. Fox, J. I. Restrepo, S. A. Mahin",Caltrans,"G. Antonellis, A. G. Gavras, G. Guerrini, A. C. Sander","Large High Performance Outdoor Shake Table, University of California, San Diego, CA",Large-scale 1g,1D shake table,Large Soil Confinement Box,10.06,4.62,7.62,2013-05-23,3,SS,18,"The structure was removed after test day 2, the soil under the footing was leveled and compacted using a dropping weight hand compactor, and the structure was placed back at the target position.",1,0.3333,0.5774,0.1111,7777,N/A,Model,3.35,1.29,Water,3,Weak concrete was cast around the footing (lateral extent of about 0.3 m at base and 0.4 m at top) for test day 3; modification aimed at eliminating backfill sand from raveling under the footing during rocking. Layers 2 and 3 are separated by a liner.,Concrete Sand,1.29,90,5,7777,7777,7777,7777,1854,5,Concrete Sand,1.46,90,5,7777,7777,7777,7777,2102,19,Concrete Sand,0.6,88,4,7777,7777,7777,7777,1865,6,Lumped-mass bridge pier model (footing-column-deck) with flexible elastic column,Square,Reinforced Concrete,1.524,1.524,7777,7777,7777,0,30,0.6604,0.508,2832,609,0.254,1863,1.286,Reinforced Concrete,1.346,530,87,1.181,24648,21795,2.985,29873,47576,2.588,293,126,0.451,1.96,23.1,8888,15.3,12.1,9999,275.4,8888,365,0.378,0.603,0.556,0.637,1D,Parachute Test Site,"1987 Superstition Hills-02, CA",Parachute Test Site 217,1.1,None,0.384,66.6,16.03,0.368,0.703,10.4,6.17,0.144,2.186,17.776,0.933,6.954,0.456,66,15.79,0.369,0.57,11.12,6.3,0.159,2.717,23.016,1.181,8.303,-10.007,-10.64,0.805,0.172,Centroid of deck,-0.0899,-0.08621,-0.00373,-0.00004,0.3838,2.2291,0.708,0.446,0.427,0.165,1.73,0.125,0.211,0.009,1.264,0.855,1.331,1.31,0.244,Low-pass filtered at 17.3 Hz (10 Hz prototype),1.023,0.887,Skewed specimen - Test day 3 - Motion 9,N/A,UCSD-3-SS-18-CriticalPlot.pdf,UCSD-SS-AnalyticalSystemProps.pdf,UCSD-Report.pdf,UCSD-Comments.pdf,UCSD-3-SS-18-CriticalDataE.txt,UCSD-3-18-BaselineCorMotions.txt,UCSD-3-18-ResponseSpectra.txt,"UCSD-3-17-SupplementalData.txt, UCSD-3-18-SupplementalData.txt",UCSD-StructPhoto.jpg,UCSD-TestSetup.pdf,2013-05-23,2013-05-23,"G. Antonellis, A. G. Gavras, M. Panagiotou, B. L. Kutter, G. Guerrini, A. C. Sander, P. J. Fox, J. I. Restrepo, S. A. Mahin","large-scale 1g, sand, water table, square embedded footing, skew footing, flexible bridge pier",32.893619,-117.108998,A. G. Gavras,2018-08-21,,,
