dataset,source_file,test_id,event_no,lambda_proxy,eta_proxy,n_s_proxy,R_V_proxy,R_delta_total_predicted,measured_displacement_severity,observed_class,predicted_class,correct,robust_marginal,status,notes,sensitivity_label
FoRDy,FoRDy_Mastersheet_v1.0.0_20180821_2322.csv,SSG03-1-SHW-3,1,8.916666666666668,78.50694444444447,-0.31863802416784315,0.498,39.59445833333335,0.492,both_beneficial,mixed,false,robust,validated_proxy_row,"FoRDy uses T1/T0 period-lengthening and normalized maximum footing moment; measured displacement gate is max(pkDR/1.0%, pkRot/0.01 rad, abs(resSet)/1.0%).",base
FoRDy,FoRDy_Mastersheet_v1.0.0_20180821_2322.csv,SSG03-1-SHW-4,2,8.916666666666668,78.50694444444447,-0.18853034442201036,0.662,52.63359722222224,3.028,mixed,mixed,true,robust,validated_proxy_row,"FoRDy uses T1/T0 period-lengthening and normalized maximum footing moment; measured displacement gate is max(pkDR/1.0%, pkRot/0.01 rad, abs(resSet)/1.0%).",base
FoRDy,FoRDy_Mastersheet_v1.0.0_20180821_2322.csv,SSG03-1-SHW-5,3,8.916666666666668,78.50694444444447,-0.1254326354127915,0.76,60.4252777777778,6.101,mixed,mixed,true,robust,validated_proxy_row,"FoRDy uses T1/T0 period-lengthening and normalized maximum footing moment; measured displacement gate is max(pkDR/1.0%, pkRot/0.01 rad, abs(resSet)/1.0%).",base
FoRDy,FoRDy_Mastersheet_v1.0.0_20180821_2322.csv,SSG03-1-DSW-3,4,11.040000000000001,120.88160000000002,-0.203104420124043,0.614,74.83530240000002,0.575,both_beneficial,mixed,,invalid,insufficient_or_out_of_gate,"FoRDy uses T1/T0 period-lengthening and normalized maximum footing moment; measured displacement gate is max(pkDR/1.0%, pkRot/0.01 rad, abs(resSet)/1.0%).",base
FoRDy,FoRDy_Mastersheet_v1.0.0_20180821_2322.csv,SSG03-1-DSW-4,5,11.040000000000001,120.88160000000002,-0.09395974545098275,0.798,97.26151680000002,2.361,mixed,mixed,,invalid,insufficient_or_out_of_gate,"FoRDy uses T1/T0 period-lengthening and normalized maximum footing moment; measured displacement gate is max(pkDR/1.0%, pkRot/0.01 rad, abs(resSet)/1.0%).",base
FoRDy,FoRDy_Mastersheet_v1.0.0_20180821_2322.csv,SSG03-1-DSW-5,6,11.040000000000001,120.88160000000002,-0.07608566794319227,0.833,101.52737280000001,4.952,mixed,mixed,,invalid,insufficient_or_out_of_gate,"FoRDy uses T1/T0 period-lengthening and normalized maximum footing moment; measured displacement gate is max(pkDR/1.0%, pkRot/0.01 rad, abs(resSet)/1.0%).",base
FoRDy,FoRDy_Mastersheet_v1.0.0_20180821_2322.csv,SSG04-1-SHW-3,7,11.266666666666667,125.9377777777778,-0.45033539992072524,0.336,42.65109333333334,0.826,both_beneficial,mixed,,invalid,insufficient_or_out_of_gate,"FoRDy uses T1/T0 period-lengthening and normalized maximum footing moment; measured displacement gate is max(pkDR/1.0%, pkRot/0.01 rad, abs(resSet)/1.0%).",base
FoRDy,FoRDy_Mastersheet_v1.0.0_20180821_2322.csv,SSG04-1-SHW-4,8,11.266666666666667,125.9377777777778,-0.2812804375695396,0.506,64.23051555555557,3.659,mixed,mixed,,invalid,insufficient_or_out_of_gate,"FoRDy uses T1/T0 period-lengthening and normalized maximum footing moment; measured displacement gate is max(pkDR/1.0%, pkRot/0.01 rad, abs(resSet)/1.0%).",base
FoRDy,FoRDy_Mastersheet_v1.0.0_20180821_2322.csv,SSG04-1-DSW-3,9,12.719999999999999,160.79839999999996,-0.33738206592966835,0.424,68.60252159999997,0.912,both_beneficial,mixed,,invalid,insufficient_or_out_of_gate,"FoRDy uses T1/T0 period-lengthening and normalized maximum footing moment; measured displacement gate is max(pkDR/1.0%, pkRot/0.01 rad, abs(resSet)/1.0%).",base
FoRDy,FoRDy_Mastersheet_v1.0.0_20180821_2322.csv,SSG04-1-DSW-4,10,12.719999999999999,160.79839999999996,-0.2393881264831133,0.544,88.01832959999999,2.534,mixed,mixed,,invalid,insufficient_or_out_of_gate,"FoRDy uses T1/T0 period-lengthening and normalized maximum footing moment; measured displacement gate is max(pkDR/1.0%, pkRot/0.01 rad, abs(resSet)/1.0%).",base
FoRDy,FoRDy_Mastersheet_v1.0.0_20180821_2322.csv,SSG04-1-DSW-5,11,12.719999999999999,160.79839999999996,-0.21014494565365838,0.586,94.81386239999998,4.932,mixed,mixed,,invalid,insufficient_or_out_of_gate,"FoRDy uses T1/T0 period-lengthening and normalized maximum footing moment; measured displacement gate is max(pkDR/1.0%, pkRot/0.01 rad, abs(resSet)/1.0%).",base
FoRDy,FoRDy_Mastersheet_v1.0.0_20180821_2322.csv,PWRI_S-1-P-2,12,29.666666666666664,879.111111111111,-0.031735824910768644,0.898,790.3397777777777,3.754,mixed,mixed,,invalid,insufficient_or_out_of_gate,"FoRDy uses T1/T0 period-lengthening and normalized maximum footing moment; measured displacement gate is max(pkDR/1.0%, pkRot/0.01 rad, abs(resSet)/1.0%).",base
FoRDy,FoRDy_Mastersheet_v1.0.0_20180821_2322.csv,PWRI_S-2-P-1,13,34.33333333333333,1177.7777777777774,-0.039382769055890034,0.87,1025.5366666666664,44.897,mixed,mixed,,invalid,insufficient_or_out_of_gate,"FoRDy uses T1/T0 period-lengthening and normalized maximum footing moment; measured displacement gate is max(pkDR/1.0%, pkRot/0.01 rad, abs(resSet)/1.0%).",base
FoRDy,FoRDy_Mastersheet_v1.0.0_20180821_2322.csv,PWRI_S-3-P-1,14,35.666666666666664,1271.1111111111109,,,,71.57,uncertain,uncertain,,invalid,insufficient_or_out_of_gate,"FoRDy uses T1/T0 period-lengthening and normalized maximum footing moment; measured displacement gate is max(pkDR/1.0%, pkRot/0.01 rad, abs(resSet)/1.0%).",base
FoRDy,FoRDy_Mastersheet_v1.0.0_20180821_2322.csv,PWRI_S-4-P-2,15,31.666666666666668,1001.7777777777778,-0.06458074184096671,0.8,802.2222222222223,6.7,mixed,mixed,,invalid,insufficient_or_out_of_gate,"FoRDy uses T1/T0 period-lengthening and normalized maximum footing moment; measured displacement gate is max(pkDR/1.0%, pkRot/0.01 rad, abs(resSet)/1.0%).",base
FoRDy,FoRDy_Mastersheet_v1.0.0_20180821_2322.csv,LJD01-1-MD-1,16,1.0173913043478262,0.03508506616257123,-128.01877353014953,0.11,0.11385935727788284,0.211,both_beneficial,both_beneficial,true,robust,validated_proxy_row,"FoRDy uses T1/T0 period-lengthening and normalized maximum footing moment; measured displacement gate is max(pkDR/1.0%, pkRot/0.01 rad, abs(resSet)/1.0%).",base
FoRDy,FoRDy_Mastersheet_v1.0.0_20180821_2322.csv,LJD01-1-MD-2,17,1.0173913043478262,0.03508506616257123,-129.62252261732007,0.107,0.11075410207939512,0.208,both_beneficial,both_beneficial,true,robust,validated_proxy_row,"FoRDy uses T1/T0 period-lengthening and normalized maximum footing moment; measured displacement gate is max(pkDR/1.0%, pkRot/0.01 rad, abs(resSet)/1.0%).",base
FoRDy,FoRDy_Mastersheet_v1.0.0_20180821_2322.csv,LJD01-1-MD-3,18,1.0173913043478262,0.03508506616257123,,,,0.658,uncertain,uncertain,,invalid,insufficient_or_out_of_gate,"FoRDy uses T1/T0 period-lengthening and normalized maximum footing moment; measured displacement gate is max(pkDR/1.0%, pkRot/0.01 rad, abs(resSet)/1.0%).",base
FoRDy,FoRDy_Mastersheet_v1.0.0_20180821_2322.csv,LJD01-1-MD-4,19,1.0173913043478262,0.03508506616257123,-56.11848328869251,0.38,0.3933323251417771,0.918,both_beneficial,both_beneficial,true,robust,validated_proxy_row,"FoRDy uses T1/T0 period-lengthening and normalized maximum footing moment; measured displacement gate is max(pkDR/1.0%, pkRot/0.01 rad, abs(resSet)/1.0%).",base
FoRDy,FoRDy_Mastersheet_v1.0.0_20180821_2322.csv,LJD01-1-MD-5,20,1.0173913043478262,0.03508506616257123,-86.0005746574897,0.227,0.23496431001890367,0.479,both_beneficial,both_beneficial,true,robust,validated_proxy_row,"FoRDy uses T1/T0 period-lengthening and normalized maximum footing moment; measured displacement gate is max(pkDR/1.0%, pkRot/0.01 rad, abs(resSet)/1.0%).",base
FoRDy,FoRDy_Mastersheet_v1.0.0_20180821_2322.csv,LJD01-1-MD-6,21,1.0173913043478262,0.03508506616257123,-86.25663937007577,0.226,0.2339292249527411,0.48,both_beneficial,both_beneficial,true,robust,validated_proxy_row,"FoRDy uses T1/T0 period-lengthening and normalized maximum footing moment; measured displacement gate is max(pkDR/1.0%, pkRot/0.01 rad, abs(resSet)/1.0%).",base
FoRDy,FoRDy_Mastersheet_v1.0.0_20180821_2322.csv,LJD01-1-MD-7,22,1.0173913043478262,0.03508506616257123,-56.5781836862424,0.377,0.3902270699432894,0.862,both_beneficial,both_beneficial,true,robust,validated_proxy_row,"FoRDy uses T1/T0 period-lengthening and normalized maximum footing moment; measured displacement gate is max(pkDR/1.0%, pkRot/0.01 rad, abs(resSet)/1.0%).",base
FoRDy,FoRDy_Mastersheet_v1.0.0_20180821_2322.csv,LJD01-1-MD-8,23,1.0173913043478262,0.03508506616257123,-41.49175390784712,0.489,0.5061565973534973,1.309,mixed,both_beneficial,false,robust,validated_proxy_row,"FoRDy uses T1/T0 period-lengthening and normalized maximum footing moment; measured displacement gate is max(pkDR/1.0%, pkRot/0.01 rad, abs(resSet)/1.0%).",base
FoRDy,FoRDy_Mastersheet_v1.0.0_20180821_2322.csv,LJD01-1-MD-9,24,1.0173913043478262,0.03508506616257123,-31.593393506118076,0.58,0.6003493383742913,4.277,mixed,both_beneficial,false,robust,validated_proxy_row,"FoRDy uses T1/T0 period-lengthening and normalized maximum footing moment; measured displacement gate is max(pkDR/1.0%, pkRot/0.01 rad, abs(resSet)/1.0%).",base
FoRDy,FoRDy_Mastersheet_v1.0.0_20180821_2322.csv,LJD01-1-SD-1,25,1.0173913043478262,0.03508506616257123,-115.2880564286966,0.137,0.14180665406427226,0.146,both_beneficial,both_beneficial,true,robust,validated_proxy_row,"FoRDy uses T1/T0 period-lengthening and normalized maximum footing moment; measured displacement gate is max(pkDR/1.0%, pkRot/0.01 rad, abs(resSet)/1.0%).",base
FoRDy,FoRDy_Mastersheet_v1.0.0_20180821_2322.csv,LJD01-1-SD-2,26,1.0173913043478262,0.03508506616257123,-119.2290971871938,0.128,0.13249088846880913,0.133,both_beneficial,both_beneficial,true,robust,validated_proxy_row,"FoRDy uses T1/T0 period-lengthening and normalized maximum footing moment; measured displacement gate is max(pkDR/1.0%, pkRot/0.01 rad, abs(resSet)/1.0%).",base
FoRDy,FoRDy_Mastersheet_v1.0.0_20180821_2322.csv,LJD01-1-SD-3,27,1.0173913043478262,0.03508506616257123,,,,0.589,uncertain,uncertain,,invalid,insufficient_or_out_of_gate,"FoRDy uses T1/T0 period-lengthening and normalized maximum footing moment; measured displacement gate is max(pkDR/1.0%, pkRot/0.01 rad, abs(resSet)/1.0%).",base
FoRDy,FoRDy_Mastersheet_v1.0.0_20180821_2322.csv,LJD01-1-SD-4,28,1.0173913043478262,0.03508506616257123,,,,0.802,uncertain,uncertain,,invalid,insufficient_or_out_of_gate,"FoRDy uses T1/T0 period-lengthening and normalized maximum footing moment; measured displacement gate is max(pkDR/1.0%, pkRot/0.01 rad, abs(resSet)/1.0%).",base
FoRDy,FoRDy_Mastersheet_v1.0.0_20180821_2322.csv,LJD01-1-SD-5,29,1.0173913043478262,0.03508506616257123,-69.06048865001189,0.304,0.3146658601134216,0.482,both_beneficial,both_beneficial,true,robust,validated_proxy_row,"FoRDy uses T1/T0 period-lengthening and normalized maximum footing moment; measured displacement gate is max(pkDR/1.0%, pkRot/0.01 rad, abs(resSet)/1.0%).",base
FoRDy,FoRDy_Mastersheet_v1.0.0_20180821_2322.csv,LJD01-1-SD-6,30,1.0173913043478262,0.03508506616257123,-62.74024567615844,0.339,0.3508938374291117,0.503,both_beneficial,both_beneficial,true,robust,validated_proxy_row,"FoRDy uses T1/T0 period-lengthening and normalized maximum footing moment; measured displacement gate is max(pkDR/1.0%, pkRot/0.01 rad, abs(resSet)/1.0%).",base
FoRDy,FoRDy_Mastersheet_v1.0.0_20180821_2322.csv,LJD01-1-SD-7,31,1.0173913043478262,0.03508506616257123,,,,0.998,uncertain,uncertain,,invalid,insufficient_or_out_of_gate,"FoRDy uses T1/T0 period-lengthening and normalized maximum footing moment; measured displacement gate is max(pkDR/1.0%, pkRot/0.01 rad, abs(resSet)/1.0%).",base
FoRDy,FoRDy_Mastersheet_v1.0.0_20180821_2322.csv,LJD01-1-SD-8,32,1.0173913043478262,0.03508506616257123,-27.819011199291353,0.619,0.6407176559546316,1.157,mixed,both_beneficial,false,robust,validated_proxy_row,"FoRDy uses T1/T0 period-lengthening and normalized maximum footing moment; measured displacement gate is max(pkDR/1.0%, pkRot/0.01 rad, abs(resSet)/1.0%).",base
FoRDy,FoRDy_Mastersheet_v1.0.0_20180821_2322.csv,LJD01-1-SD-9,33,1.0173913043478262,0.03508506616257123,-6.563621888200329,0.893,0.9243309640831762,4.831,mixed,both_beneficial,false,marginal,validated_proxy_row,"FoRDy uses T1/T0 period-lengthening and normalized maximum footing moment; measured displacement gate is max(pkDR/1.0%, pkRot/0.01 rad, abs(resSet)/1.0%).",base
FoRDy,FoRDy_Mastersheet_v1.0.0_20180821_2322.csv,LJD01-3-MD-3,34,1.0173913043478262,0.03508506616257123,-116.57220991698208,0.134,0.13870139886578456,0.276,both_beneficial,both_beneficial,true,robust,validated_proxy_row,"FoRDy uses T1/T0 period-lengthening and normalized maximum footing moment; measured displacement gate is max(pkDR/1.0%, pkRot/0.01 rad, abs(resSet)/1.0%).",base
FoRDy,FoRDy_Mastersheet_v1.0.0_20180821_2322.csv,LJD01-3-MD-4,35,1.0173913043478262,0.03508506616257123,-73.21207242024427,0.283,0.2929290737240076,0.853,both_beneficial,both_beneficial,true,robust,validated_proxy_row,"FoRDy uses T1/T0 period-lengthening and normalized maximum footing moment; measured displacement gate is max(pkDR/1.0%, pkRot/0.01 rad, abs(resSet)/1.0%).",base
FoRDy,FoRDy_Mastersheet_v1.0.0_20180821_2322.csv,LJD01-3-MD-5,36,1.0173913043478262,0.03508506616257123,-68.11432471101328,0.309,0.3198412854442345,0.965,both_beneficial,both_beneficial,true,robust,validated_proxy_row,"FoRDy uses T1/T0 period-lengthening and normalized maximum footing moment; measured displacement gate is max(pkDR/1.0%, pkRot/0.01 rad, abs(resSet)/1.0%).",base
FoRDy,FoRDy_Mastersheet_v1.0.0_20180821_2322.csv,LJD01-3-MD-6,37,1.0173913043478262,0.03508506616257123,-56.42454501841259,0.378,0.39126215500945194,1.16,mixed,both_beneficial,false,robust,validated_proxy_row,"FoRDy uses T1/T0 period-lengthening and normalized maximum footing moment; measured displacement gate is max(pkDR/1.0%, pkRot/0.01 rad, abs(resSet)/1.0%).",base
FoRDy,FoRDy_Mastersheet_v1.0.0_20180821_2322.csv,LJD01-3-MD-7,38,1.0173913043478262,0.03508506616257123,-53.726450952016386,0.396,0.40989368620037825,6.581,mixed,both_beneficial,false,robust,validated_proxy_row,"FoRDy uses T1/T0 period-lengthening and normalized maximum footing moment; measured displacement gate is max(pkDR/1.0%, pkRot/0.01 rad, abs(resSet)/1.0%).",base
FoRDy,FoRDy_Mastersheet_v1.0.0_20180821_2322.csv,LJD01-3-SD-3,39,1.0173913043478262,0.03508506616257123,-95.71270349327646,0.192,0.19873633270321367,0.244,both_beneficial,both_beneficial,true,robust,validated_proxy_row,"FoRDy uses T1/T0 period-lengthening and normalized maximum footing moment; measured displacement gate is max(pkDR/1.0%, pkRot/0.01 rad, abs(resSet)/1.0%).",base
FoRDy,FoRDy_Mastersheet_v1.0.0_20180821_2322.csv,LJD01-3-SD-4,40,1.0173913043478262,0.03508506616257123,-37.59314996252472,0.523,0.5413494896030248,0.822,both_beneficial,both_beneficial,true,robust,validated_proxy_row,"FoRDy uses T1/T0 period-lengthening and normalized maximum footing moment; measured displacement gate is max(pkDR/1.0%, pkRot/0.01 rad, abs(resSet)/1.0%).",base
FoRDy,FoRDy_Mastersheet_v1.0.0_20180821_2322.csv,LJD01-3-SD-5,41,1.0173913043478262,0.03508506616257123,-33.01053186862642,0.566,0.5858581474480152,0.783,both_beneficial,both_beneficial,true,robust,validated_proxy_row,"FoRDy uses T1/T0 period-lengthening and normalized maximum footing moment; measured displacement gate is max(pkDR/1.0%, pkRot/0.01 rad, abs(resSet)/1.0%).",base
FoRDy,FoRDy_Mastersheet_v1.0.0_20180821_2322.csv,LJD01-3-SD-6,42,1.0173913043478262,0.03508506616257123,-18.3322755753076,0.729,0.7545770132325144,1.143,mixed,both_beneficial,false,robust,validated_proxy_row,"FoRDy uses T1/T0 period-lengthening and normalized maximum footing moment; measured displacement gate is max(pkDR/1.0%, pkRot/0.01 rad, abs(resSet)/1.0%).",base
FoRDy,FoRDy_Mastersheet_v1.0.0_20180821_2322.csv,LJD01-3-SD-7,43,1.0173913043478262,0.03508506616257123,-7.877348795119152,0.873,0.9036292627599247,4.868,mixed,both_beneficial,false,marginal,validated_proxy_row,"FoRDy uses T1/T0 period-lengthening and normalized maximum footing moment; measured displacement gate is max(pkDR/1.0%, pkRot/0.01 rad, abs(resSet)/1.0%).",base
FoRDy,FoRDy_Mastersheet_v1.0.0_20180821_2322.csv,LJD03-1-SF-2,44,1.75,2.0625,-1.8759694546355847,0.35,1.071875,0.255,both_beneficial,mixed,false,marginal,validated_proxy_row,"FoRDy uses T1/T0 period-lengthening and normalized maximum footing moment; measured displacement gate is max(pkDR/1.0%, pkRot/0.01 rad, abs(resSet)/1.0%).",base
FoRDy,FoRDy_Mastersheet_v1.0.0_20180821_2322.csv,LJD03-1-SF-3,45,1.75,2.0625,-1.1143737030937704,0.536,1.6415000000000002,0.829,both_beneficial,mixed,false,robust,validated_proxy_row,"FoRDy uses T1/T0 period-lengthening and normalized maximum footing moment; measured displacement gate is max(pkDR/1.0%, pkRot/0.01 rad, abs(resSet)/1.0%).",base
FoRDy,FoRDy_Mastersheet_v1.0.0_20180821_2322.csv,LJD03-1-SF-4,46,1.75,2.0625,-1.9649423992458623,0.333,1.0198125,0.434,both_beneficial,mixed,false,marginal,validated_proxy_row,"FoRDy uses T1/T0 period-lengthening and normalized maximum footing moment; measured displacement gate is max(pkDR/1.0%, pkRot/0.01 rad, abs(resSet)/1.0%).",base
FoRDy,FoRDy_Mastersheet_v1.0.0_20180821_2322.csv,LJD03-1-SF-5,47,1.75,2.0625,-1.7526833126532695,0.375,1.1484375,0.524,both_beneficial,mixed,false,marginal,validated_proxy_row,"FoRDy uses T1/T0 period-lengthening and normalized maximum footing moment; measured displacement gate is max(pkDR/1.0%, pkRot/0.01 rad, abs(resSet)/1.0%).",base
FoRDy,FoRDy_Mastersheet_v1.0.0_20180821_2322.csv,LJD03-1-SF-7,48,1.75,2.0625,-2.1573939328008547,0.299,0.9156875,0.256,both_beneficial,both_beneficial,true,marginal,validated_proxy_row,"FoRDy uses T1/T0 period-lengthening and normalized maximum footing moment; measured displacement gate is max(pkDR/1.0%, pkRot/0.01 rad, abs(resSet)/1.0%).",base
FoRDy,FoRDy_Mastersheet_v1.0.0_20180821_2322.csv,LJD03-1-SF-8,49,1.75,2.0625,-0.7946984907309057,0.641,1.9630625,1.365,mixed,mixed,true,robust,validated_proxy_row,"FoRDy uses T1/T0 period-lengthening and normalized maximum footing moment; measured displacement gate is max(pkDR/1.0%, pkRot/0.01 rad, abs(resSet)/1.0%).",base
FoRDy,FoRDy_Mastersheet_v1.0.0_20180821_2322.csv,LJD03-1-SF-9,50,1.75,2.0625,-0.5721876885187009,0.726,2.223375,1.323,mixed,mixed,true,robust,validated_proxy_row,"FoRDy uses T1/T0 period-lengthening and normalized maximum footing moment; measured displacement gate is max(pkDR/1.0%, pkRot/0.01 rad, abs(resSet)/1.0%).",base
FoRDy,FoRDy_Mastersheet_v1.0.0_20180821_2322.csv,LJD03-1-SF-11,51,1.75,2.0625,-0.06737098558835186,0.963,2.9491875,3.183,mixed,mixed,true,marginal,validated_proxy_row,"FoRDy uses T1/T0 period-lengthening and normalized maximum footing moment; measured displacement gate is max(pkDR/1.0%, pkRot/0.01 rad, abs(resSet)/1.0%).",base
FoRDy,FoRDy_Mastersheet_v1.0.0_20180821_2322.csv,LJD03-1-SF-12,52,1.75,2.0625,-0.019765252514107653,0.989,3.0288125,3.872,mixed,mixed,true,marginal,validated_proxy_row,"FoRDy uses T1/T0 period-lengthening and normalized maximum footing moment; measured displacement gate is max(pkDR/1.0%, pkRot/0.01 rad, abs(resSet)/1.0%).",base
FoRDy,FoRDy_Mastersheet_v1.0.0_20180821_2322.csv,LJD03-1-SF-13,53,1.75,2.0625,-0.4099476270570808,0.795,2.4346875000000003,3.855,mixed,mixed,true,robust,validated_proxy_row,"FoRDy uses T1/T0 period-lengthening and normalized maximum footing moment; measured displacement gate is max(pkDR/1.0%, pkRot/0.01 rad, abs(resSet)/1.0%).",base
FoRDy,FoRDy_Mastersheet_v1.0.0_20180821_2322.csv,LJD03-1-SF-14,54,1.75,2.0625,-0.010753935924083474,0.994,3.044125,4.085,mixed,mixed,true,marginal,validated_proxy_row,"FoRDy uses T1/T0 period-lengthening and normalized maximum footing moment; measured displacement gate is max(pkDR/1.0%, pkRot/0.01 rad, abs(resSet)/1.0%).",base
FoRDy,FoRDy_Mastersheet_v1.0.0_20180821_2322.csv,LJD03-1-SF-15,55,1.75,2.0625,-0.08790002936165935,0.952,2.9154999999999998,4.223,mixed,mixed,true,marginal,validated_proxy_row,"FoRDy uses T1/T0 period-lengthening and normalized maximum footing moment; measured displacement gate is max(pkDR/1.0%, pkRot/0.01 rad, abs(resSet)/1.0%).",base
FoRDy,FoRDy_Mastersheet_v1.0.0_20180821_2322.csv,LJD03-1-SF-16,56,1.75,2.0625,0.10917329474425219,1.063,3.2554374999999998,4.416,both_detrimental,both_detrimental,true,marginal,validated_proxy_row,"FoRDy uses T1/T0 period-lengthening and normalized maximum footing moment; measured displacement gate is max(pkDR/1.0%, pkRot/0.01 rad, abs(resSet)/1.0%).",base
FoRDy,FoRDy_Mastersheet_v1.0.0_20180821_2322.csv,LJD03-1-SF-17,57,1.75,2.0625,0.12090196512043794,1.07,3.276875,5.089,both_detrimental,both_detrimental,true,marginal,validated_proxy_row,"FoRDy uses T1/T0 period-lengthening and normalized maximum footing moment; measured displacement gate is max(pkDR/1.0%, pkRot/0.01 rad, abs(resSet)/1.0%).",base
FoRDy,FoRDy_Mastersheet_v1.0.0_20180821_2322.csv,LJD03-1-SF-18,58,1.75,2.0625,0.1391785942001675,1.081,3.3105625,5.836,both_detrimental,both_detrimental,true,marginal,validated_proxy_row,"FoRDy uses T1/T0 period-lengthening and normalized maximum footing moment; measured displacement gate is max(pkDR/1.0%, pkRot/0.01 rad, abs(resSet)/1.0%).",base
FoRDy,FoRDy_Mastersheet_v1.0.0_20180821_2322.csv,LJD03-1-SF-19,59,1.75,2.0625,0.10243647133465868,1.059,3.2431875,6.363,both_detrimental,both_detrimental,true,marginal,validated_proxy_row,"FoRDy uses T1/T0 period-lengthening and normalized maximum footing moment; measured displacement gate is max(pkDR/1.0%, pkRot/0.01 rad, abs(resSet)/1.0%).",base
FoRDy,FoRDy_Mastersheet_v1.0.0_20180821_2322.csv,LJD03-1-SF-20,60,1.75,2.0625,-0.2757559091634578,0.857,2.6245625,4.82,mixed,mixed,true,robust,validated_proxy_row,"FoRDy uses T1/T0 period-lengthening and normalized maximum footing moment; measured displacement gate is max(pkDR/1.0%, pkRot/0.01 rad, abs(resSet)/1.0%).",base
FoRDy,FoRDy_Mastersheet_v1.0.0_20180821_2322.csv,LJD03-1-ISF-2,61,1.75,2.0625,-1.4833624310272218,0.436,1.33525,0.295,both_beneficial,mixed,false,robust,validated_proxy_row,"FoRDy uses T1/T0 period-lengthening and normalized maximum footing moment; measured displacement gate is max(pkDR/1.0%, pkRot/0.01 rad, abs(resSet)/1.0%).",base
FoRDy,FoRDy_Mastersheet_v1.0.0_20180821_2322.csv,LJD03-1-ISF-3,62,1.75,2.0625,-0.6786752081472969,0.684,2.0947500000000003,0.765,both_beneficial,mixed,false,robust,validated_proxy_row,"FoRDy uses T1/T0 period-lengthening and normalized maximum footing moment; measured displacement gate is max(pkDR/1.0%, pkRot/0.01 rad, abs(resSet)/1.0%).",base
FoRDy,FoRDy_Mastersheet_v1.0.0_20180821_2322.csv,LJD03-1-ISF-4,63,1.75,2.0625,-1.8759694546355847,0.35,1.071875,0.342,both_beneficial,mixed,false,marginal,validated_proxy_row,"FoRDy uses T1/T0 period-lengthening and normalized maximum footing moment; measured displacement gate is max(pkDR/1.0%, pkRot/0.01 rad, abs(resSet)/1.0%).",base
FoRDy,FoRDy_Mastersheet_v1.0.0_20180821_2322.csv,LJD03-1-ISF-5,64,1.75,2.0625,-1.5845370140538921,0.412,1.26175,0.41,both_beneficial,mixed,false,robust,validated_proxy_row,"FoRDy uses T1/T0 period-lengthening and normalized maximum footing moment; measured displacement gate is max(pkDR/1.0%, pkRot/0.01 rad, abs(resSet)/1.0%).",base
FoRDy,FoRDy_Mastersheet_v1.0.0_20180821_2322.csv,LJD03-1-ISF-7,65,1.75,2.0625,-2.127759086227425,0.304,0.9309999999999999,0.326,both_beneficial,both_beneficial,true,marginal,validated_proxy_row,"FoRDy uses T1/T0 period-lengthening and normalized maximum footing moment; measured displacement gate is max(pkDR/1.0%, pkRot/0.01 rad, abs(resSet)/1.0%).",base
FoRDy,FoRDy_Mastersheet_v1.0.0_20180821_2322.csv,LJD03-1-ISF-8,66,1.75,2.0625,-0.059963968587525035,0.967,2.9614374999999997,1.255,mixed,mixed,true,marginal,validated_proxy_row,"FoRDy uses T1/T0 period-lengthening and normalized maximum footing moment; measured displacement gate is max(pkDR/1.0%, pkRot/0.01 rad, abs(resSet)/1.0%).",base
FoRDy,FoRDy_Mastersheet_v1.0.0_20180821_2322.csv,LJD03-1-ISF-9,67,1.75,2.0625,-0.039751574967872044,0.978,2.995125,1.342,mixed,mixed,true,marginal,validated_proxy_row,"FoRDy uses T1/T0 period-lengthening and normalized maximum footing moment; measured displacement gate is max(pkDR/1.0%, pkRot/0.01 rad, abs(resSet)/1.0%).",base
FoRDy,FoRDy_Mastersheet_v1.0.0_20180821_2322.csv,LJD03-1-ISF-11,68,1.75,2.0625,0.407300996433484,1.256,3.8465,2.253,both_detrimental,both_detrimental,true,robust,validated_proxy_row,"FoRDy uses T1/T0 period-lengthening and normalized maximum footing moment; measured displacement gate is max(pkDR/1.0%, pkRot/0.01 rad, abs(resSet)/1.0%).",base
FoRDy,FoRDy_Mastersheet_v1.0.0_20180821_2322.csv,LJD03-1-ISF-12,69,1.75,2.0625,0.5987012000638571,1.398,4.281375,3.526,both_detrimental,both_detrimental,true,robust,validated_proxy_row,"FoRDy uses T1/T0 period-lengthening and normalized maximum footing moment; measured displacement gate is max(pkDR/1.0%, pkRot/0.01 rad, abs(resSet)/1.0%).",base
FoRDy,FoRDy_Mastersheet_v1.0.0_20180821_2322.csv,LJD03-1-ISF-13,70,1.75,2.0625,0.008912438888544205,1.005,3.0778125,3.624,both_detrimental,both_detrimental,true,marginal,validated_proxy_row,"FoRDy uses T1/T0 period-lengthening and normalized maximum footing moment; measured displacement gate is max(pkDR/1.0%, pkRot/0.01 rad, abs(resSet)/1.0%).",base
FoRDy,FoRDy_Mastersheet_v1.0.0_20180821_2322.csv,LJD03-1-ISF-14,71,1.75,2.0625,0.5533942383164719,1.363,4.1741875,3.823,both_detrimental,both_detrimental,true,robust,validated_proxy_row,"FoRDy uses T1/T0 period-lengthening and normalized maximum footing moment; measured displacement gate is max(pkDR/1.0%, pkRot/0.01 rad, abs(resSet)/1.0%).",base
FoRDy,FoRDy_Mastersheet_v1.0.0_20180821_2322.csv,LJD03-1-ISF-15,72,1.75,2.0625,0.1621726284801257,1.095,3.3534375,3.93,both_detrimental,both_detrimental,true,marginal,validated_proxy_row,"FoRDy uses T1/T0 period-lengthening and normalized maximum footing moment; measured displacement gate is max(pkDR/1.0%, pkRot/0.01 rad, abs(resSet)/1.0%).",base
FoRDy,FoRDy_Mastersheet_v1.0.0_20180821_2322.csv,LJD03-1-ISF-16,73,1.75,2.0625,0.26521768741699664,1.16,3.5524999999999998,4.079,both_detrimental,both_detrimental,true,robust,validated_proxy_row,"FoRDy uses T1/T0 period-lengthening and normalized maximum footing moment; measured displacement gate is max(pkDR/1.0%, pkRot/0.01 rad, abs(resSet)/1.0%).",base
FoRDy,FoRDy_Mastersheet_v1.0.0_20180821_2322.csv,LJD03-1-ISF-17,74,1.75,2.0625,0.27902837242317097,1.169,3.5800625,4.309,both_detrimental,both_detrimental,true,robust,validated_proxy_row,"FoRDy uses T1/T0 period-lengthening and normalized maximum footing moment; measured displacement gate is max(pkDR/1.0%, pkRot/0.01 rad, abs(resSet)/1.0%).",base
FoRDy,FoRDy_Mastersheet_v1.0.0_20180821_2322.csv,LJD03-1-ISF-18,75,1.75,2.0625,0.2851323588635986,1.173,3.5923125000000002,4.681,both_detrimental,both_detrimental,true,robust,validated_proxy_row,"FoRDy uses T1/T0 period-lengthening and normalized maximum footing moment; measured displacement gate is max(pkDR/1.0%, pkRot/0.01 rad, abs(resSet)/1.0%).",base
FoRDy,FoRDy_Mastersheet_v1.0.0_20180821_2322.csv,LJD03-1-ISF-19,76,1.75,2.0625,0.3479960376224849,1.215,3.7209375000000002,4.819,both_detrimental,both_detrimental,true,robust,validated_proxy_row,"FoRDy uses T1/T0 period-lengthening and normalized maximum footing moment; measured displacement gate is max(pkDR/1.0%, pkRot/0.01 rad, abs(resSet)/1.0%).",base
FoRDy,FoRDy_Mastersheet_v1.0.0_20180821_2322.csv,LJD03-1-ISF-20,77,1.75,2.0625,0.09736713377063888,1.056,3.234,4.438,both_detrimental,both_detrimental,true,marginal,validated_proxy_row,"FoRDy uses T1/T0 period-lengthening and normalized maximum footing moment; measured displacement gate is max(pkDR/1.0%, pkRot/0.01 rad, abs(resSet)/1.0%).",base
FoRDy,FoRDy_Mastersheet_v1.0.0_20180821_2322.csv,MAH01-1-SDm-4,78,1.4907651715039576,1.2223807965692242,-1.3685628240634944,0.579,1.2867584812135806,0.59,both_beneficial,mixed,false,robust,validated_proxy_row,"FoRDy uses T1/T0 period-lengthening and normalized maximum footing moment; measured displacement gate is max(pkDR/1.0%, pkRot/0.01 rad, abs(resSet)/1.0%).",base
FoRDy,FoRDy_Mastersheet_v1.0.0_20180821_2322.csv,MAH01-1-SDm-5,79,1.4907651715039576,1.2223807965692242,-0.8157743161965373,0.722,1.6045589351229799,1.336,mixed,mixed,true,robust,validated_proxy_row,"FoRDy uses T1/T0 period-lengthening and normalized maximum footing moment; measured displacement gate is max(pkDR/1.0%, pkRot/0.01 rad, abs(resSet)/1.0%).",base
FoRDy,FoRDy_Mastersheet_v1.0.0_20180821_2322.csv,MAH01-1-SDm-6,80,1.4907651715039576,1.2223807965692242,-1.822583809055118,0.483,1.0734099247429352,0.367,both_beneficial,mixed,false,marginal,validated_proxy_row,"FoRDy uses T1/T0 period-lengthening and normalized maximum footing moment; measured displacement gate is max(pkDR/1.0%, pkRot/0.01 rad, abs(resSet)/1.0%).",base
FoRDy,FoRDy_Mastersheet_v1.0.0_20180821_2322.csv,MAH01-1-SDm-8,81,1.4907651715039576,1.2223807965692242,-1.6137588750254603,0.525,1.1667499181988428,0.484,both_beneficial,mixed,false,marginal,validated_proxy_row,"FoRDy uses T1/T0 period-lengthening and normalized maximum footing moment; measured displacement gate is max(pkDR/1.0%, pkRot/0.01 rad, abs(resSet)/1.0%).",base
FoRDy,FoRDy_Mastersheet_v1.0.0_20180821_2322.csv,MAH01-1-SDm-9,82,1.4907651715039576,1.2223807965692242,-0.17368368967353004,0.933,2.073481283199086,2.642,mixed,mixed,true,marginal,validated_proxy_row,"FoRDy uses T1/T0 period-lengthening and normalized maximum footing moment; measured displacement gate is max(pkDR/1.0%, pkRot/0.01 rad, abs(resSet)/1.0%).",base
FoRDy,FoRDy_Mastersheet_v1.0.0_20180821_2322.csv,MAH01-1-SDm-10,83,1.4907651715039576,1.2223807965692242,-0.3632095574352909,0.865,1.922359389032379,2.193,mixed,mixed,true,robust,validated_proxy_row,"FoRDy uses T1/T0 period-lengthening and normalized maximum footing moment; measured displacement gate is max(pkDR/1.0%, pkRot/0.01 rad, abs(resSet)/1.0%).",base
FoRDy,FoRDy_Mastersheet_v1.0.0_20180821_2322.csv,MAH01-1-SDm-11,84,1.2938076416337285,0.6739382135498304,-0.9348147250262716,0.786,1.3157154358501668,4.192,mixed,mixed,true,robust,validated_proxy_row,"FoRDy uses T1/T0 period-lengthening and normalized maximum footing moment; measured displacement gate is max(pkDR/1.0%, pkRot/0.01 rad, abs(resSet)/1.0%).",base
FoRDy,FoRDy_Mastersheet_v1.0.0_20180821_2322.csv,MAH01-1-SDm-12,85,1.2938076416337285,0.6739382135498304,-0.4524012129769909,0.89,1.4898050100593492,5.45,mixed,mixed,true,robust,validated_proxy_row,"FoRDy uses T1/T0 period-lengthening and normalized maximum footing moment; measured displacement gate is max(pkDR/1.0%, pkRot/0.01 rad, abs(resSet)/1.0%).",base
FoRDy,FoRDy_Mastersheet_v1.0.0_20180821_2322.csv,MAH01-1-SDm-14,86,1.9473684210526316,2.79224376731302,-0.07380615008202875,0.952,3.610216066481995,1.473,mixed,mixed,true,marginal,validated_proxy_row,"FoRDy uses T1/T0 period-lengthening and normalized maximum footing moment; measured displacement gate is max(pkDR/1.0%, pkRot/0.01 rad, abs(resSet)/1.0%).",base
FoRDy,FoRDy_Mastersheet_v1.0.0_20180821_2322.csv,MAH01-1-SDm-15,87,1.9473684210526316,2.79224376731302,-0.1647686978404203,0.896,3.397850415512466,1.364,mixed,mixed,true,robust,validated_proxy_row,"FoRDy uses T1/T0 period-lengthening and normalized maximum footing moment; measured displacement gate is max(pkDR/1.0%, pkRot/0.01 rad, abs(resSet)/1.0%).",base
FoRDy,FoRDy_Mastersheet_v1.0.0_20180821_2322.csv,MAH01-1-SDm-16,88,1.9473684210526316,2.79224376731302,0.28228640496356483,1.207,4.5772382271468155,3.316,both_detrimental,both_detrimental,true,robust,validated_proxy_row,"FoRDy uses T1/T0 period-lengthening and normalized maximum footing moment; measured displacement gate is max(pkDR/1.0%, pkRot/0.01 rad, abs(resSet)/1.0%).",base
FoRDy,FoRDy_Mastersheet_v1.0.0_20180821_2322.csv,MAH01-1-SDm-17,89,1.9473684210526316,2.79224376731302,0.031182589784319363,1.021,3.871880886426593,2.1319999999999997,both_detrimental,both_detrimental,true,marginal,validated_proxy_row,"FoRDy uses T1/T0 period-lengthening and normalized maximum footing moment; measured displacement gate is max(pkDR/1.0%, pkRot/0.01 rad, abs(resSet)/1.0%).",base
FoRDy,FoRDy_Mastersheet_v1.0.0_20180821_2322.csv,MAH01-1-SDm-18,90,1.4907651715039576,1.2223807965692242,-3.981159487972817,0.204,0.4533656825001217,1.53,mixed,both_beneficial,false,robust,validated_proxy_row,"FoRDy uses T1/T0 period-lengthening and normalized maximum footing moment; measured displacement gate is max(pkDR/1.0%, pkRot/0.01 rad, abs(resSet)/1.0%).",base
FoRDy,FoRDy_Mastersheet_v1.0.0_20180821_2322.csv,MAH01-1-SDm-20,91,1.4907651715039576,1.2223807965692242,-0.7881768098000285,0.73,1.6223379814955337,1.9720000000000002,mixed,mixed,true,robust,validated_proxy_row,"FoRDy uses T1/T0 period-lengthening and normalized maximum footing moment; measured displacement gate is max(pkDR/1.0%, pkRot/0.01 rad, abs(resSet)/1.0%).",base
FoRDy,FoRDy_Mastersheet_v1.0.0_20180821_2322.csv,MAH01-1-SDm-21,92,1.4907651715039576,1.2223807965692242,-0.23619622683546504,0.91,2.022366524877994,3.1189999999999998,mixed,mixed,true,marginal,validated_proxy_row,"FoRDy uses T1/T0 period-lengthening and normalized maximum footing moment; measured displacement gate is max(pkDR/1.0%, pkRot/0.01 rad, abs(resSet)/1.0%).",base
FoRDy,FoRDy_Mastersheet_v1.0.0_20180821_2322.csv,MAH01-1-SDm-22,93,1.4907651715039576,1.2223807965692242,-0.6448359237788678,0.773,1.7179003557480104,2.743,mixed,mixed,true,robust,validated_proxy_row,"FoRDy uses T1/T0 period-lengthening and normalized maximum footing moment; measured displacement gate is max(pkDR/1.0%, pkRot/0.01 rad, abs(resSet)/1.0%).",base
FoRDy,FoRDy_Mastersheet_v1.0.0_20180821_2322.csv,MAH01-1-LDm-4,94,1.7392638036809813,2.025038578794835,-0.8637194025990442,0.62,1.8755239188527977,0.467,both_beneficial,mixed,false,robust,validated_proxy_row,"FoRDy uses T1/T0 period-lengthening and normalized maximum footing moment; measured displacement gate is max(pkDR/1.0%, pkRot/0.01 rad, abs(resSet)/1.0%).",base
FoRDy,FoRDy_Mastersheet_v1.0.0_20180821_2322.csv,MAH01-1-LDm-5,95,1.7392638036809813,2.025038578794835,-0.29364066963175406,0.85,2.5712827919756096,1.157,mixed,mixed,true,robust,validated_proxy_row,"FoRDy uses T1/T0 period-lengthening and normalized maximum footing moment; measured displacement gate is max(pkDR/1.0%, pkRot/0.01 rad, abs(resSet)/1.0%).",base
FoRDy,FoRDy_Mastersheet_v1.0.0_20180821_2322.csv,MAH01-1-LDm-6,96,1.7392638036809813,2.025038578794835,-0.9748965029606208,0.583,1.7635974914373886,0.376,both_beneficial,mixed,false,robust,validated_proxy_row,"FoRDy uses T1/T0 period-lengthening and normalized maximum footing moment; measured displacement gate is max(pkDR/1.0%, pkRot/0.01 rad, abs(resSet)/1.0%).",base
FoRDy,FoRDy_Mastersheet_v1.0.0_20180821_2322.csv,MAH01-1-LDm-8,97,1.7392638036809813,2.025038578794835,-0.9139528155741384,0.603,1.8240982630132856,0.429,both_beneficial,mixed,false,robust,validated_proxy_row,"FoRDy uses T1/T0 period-lengthening and normalized maximum footing moment; measured displacement gate is max(pkDR/1.0%, pkRot/0.01 rad, abs(resSet)/1.0%).",base
FoRDy,FoRDy_Mastersheet_v1.0.0_20180821_2322.csv,MAH01-1-LDm-9,98,1.7392638036809813,2.025038578794835,-0.11757267142447762,0.937,2.8344611483307607,2.311,mixed,mixed,true,marginal,validated_proxy_row,"FoRDy uses T1/T0 period-lengthening and normalized maximum footing moment; measured displacement gate is max(pkDR/1.0%, pkRot/0.01 rad, abs(resSet)/1.0%).",base
FoRDy,FoRDy_Mastersheet_v1.0.0_20180821_2322.csv,MAH01-1-LDm-10,99,1.7392638036809813,2.025038578794835,-0.19438593032919704,0.898,2.716484643757762,1.778,mixed,mixed,true,robust,validated_proxy_row,"FoRDy uses T1/T0 period-lengthening and normalized maximum footing moment; measured displacement gate is max(pkDR/1.0%, pkRot/0.01 rad, abs(resSet)/1.0%).",base
FoRDy,FoRDy_Mastersheet_v1.0.0_20180821_2322.csv,MAH01-1-LDm-11,100,1.3558282208588956,0.8382701644773982,-0.33881906517838867,0.902,1.6581196883586133,3.528,mixed,mixed,true,marginal,validated_proxy_row,"FoRDy uses T1/T0 period-lengthening and normalized maximum footing moment; measured displacement gate is max(pkDR/1.0%, pkRot/0.01 rad, abs(resSet)/1.0%).",base
FoRDy,FoRDy_Mastersheet_v1.0.0_20180821_2322.csv,MAH01-1-LDm-12,101,1.3558282208588956,0.8382701644773982,-0.13068080292015535,0.961,1.7665776280627796,5.943,mixed,mixed,true,marginal,validated_proxy_row,"FoRDy uses T1/T0 period-lengthening and normalized maximum footing moment; measured displacement gate is max(pkDR/1.0%, pkRot/0.01 rad, abs(resSet)/1.0%).",base
FoRDy,FoRDy_Mastersheet_v1.0.0_20180821_2322.csv,MAH01-1-LDm-14,102,2.1288343558282206,3.531935714554555,0.4490957146676351,1.404,6.362837743234595,1.6809999999999998,both_detrimental,both_detrimental,true,robust,validated_proxy_row,"FoRDy uses T1/T0 period-lengthening and normalized maximum footing moment; measured displacement gate is max(pkDR/1.0%, pkRot/0.01 rad, abs(resSet)/1.0%).",base
FoRDy,FoRDy_Mastersheet_v1.0.0_20180821_2322.csv,MAH01-1-LDm-15,103,2.1288343558282206,3.531935714554555,0.050635255834879586,1.039,4.708681207422182,1.557,both_detrimental,both_detrimental,true,marginal,validated_proxy_row,"FoRDy uses T1/T0 period-lengthening and normalized maximum footing moment; measured displacement gate is max(pkDR/1.0%, pkRot/0.01 rad, abs(resSet)/1.0%).",base
FoRDy,FoRDy_Mastersheet_v1.0.0_20180821_2322.csv,MAH01-1-LDm-16,104,2.1288343558282206,3.531935714554555,0.8113310757203169,1.846,8.36595332906771,3.137,both_detrimental,both_detrimental,true,robust,validated_proxy_row,"FoRDy uses T1/T0 period-lengthening and normalized maximum footing moment; measured displacement gate is max(pkDR/1.0%, pkRot/0.01 rad, abs(resSet)/1.0%).",base
FoRDy,FoRDy_Mastersheet_v1.0.0_20180821_2322.csv,MAH01-1-LDm-17,105,2.1288343558282206,3.531935714554555,0.4509796951827998,1.406,6.371901614663704,2.1029999999999998,both_detrimental,both_detrimental,true,robust,validated_proxy_row,"FoRDy uses T1/T0 period-lengthening and normalized maximum footing moment; measured displacement gate is max(pkDR/1.0%, pkRot/0.01 rad, abs(resSet)/1.0%).",base
FoRDy,FoRDy_Mastersheet_v1.0.0_20180821_2322.csv,MAH01-1-LDm-18,106,1.7392638036809813,2.025038578794835,-2.9352544133729794,0.197,0.5959326000225825,1.1769999999999998,mixed,both_beneficial,false,robust,validated_proxy_row,"FoRDy uses T1/T0 period-lengthening and normalized maximum footing moment; measured displacement gate is max(pkDR/1.0%, pkRot/0.01 rad, abs(resSet)/1.0%).",base
FoRDy,FoRDy_Mastersheet_v1.0.0_20180821_2322.csv,MAH01-1-LDm-20,107,1.7392638036809813,2.025038578794835,-0.31933033034341546,0.838,2.5349823290300715,2.099,mixed,mixed,true,robust,validated_proxy_row,"FoRDy uses T1/T0 period-lengthening and normalized maximum footing moment; measured displacement gate is max(pkDR/1.0%, pkRot/0.01 rad, abs(resSet)/1.0%).",base
FoRDy,FoRDy_Mastersheet_v1.0.0_20180821_2322.csv,MAH01-1-LDm-21,108,1.7392638036809813,2.025038578794835,0.15570663989569894,1.09,3.2972920508863703,3.05,both_detrimental,both_detrimental,true,marginal,validated_proxy_row,"FoRDy uses T1/T0 period-lengthening and normalized maximum footing moment; measured displacement gate is max(pkDR/1.0%, pkRot/0.01 rad, abs(resSet)/1.0%).",base
FoRDy,FoRDy_Mastersheet_v1.0.0_20180821_2322.csv,MAH01-1-LDm-22,109,1.7392638036809813,2.025038578794835,-0.19237501300235946,0.899,2.719509682336557,2.311,mixed,mixed,true,robust,validated_proxy_row,"FoRDy uses T1/T0 period-lengthening and normalized maximum footing moment; measured displacement gate is max(pkDR/1.0%, pkRot/0.01 rad, abs(resSet)/1.0%).",base
FoRDy,FoRDy_Mastersheet_v1.0.0_20180821_2322.csv,S2011SQF1-1-LS-1,110,88.0,7743.0,0.01089713957003659,1.05,8131.200000000001,0.874,force_detrimental_displacement_beneficial,both_detrimental,,invalid,insufficient_or_out_of_gate,"FoRDy uses T1/T0 period-lengthening and normalized maximum footing moment; measured displacement gate is max(pkDR/1.0%, pkRot/0.01 rad, abs(resSet)/1.0%).",base
FoRDy,FoRDy_Mastersheet_v1.0.0_20180821_2322.csv,S2011SQF1-1-LS-2,111,88.0,7743.0,0.029656270398163653,1.142,8843.648,4.512,both_detrimental,both_detrimental,,invalid,insufficient_or_out_of_gate,"FoRDy uses T1/T0 period-lengthening and normalized maximum footing moment; measured displacement gate is max(pkDR/1.0%, pkRot/0.01 rad, abs(resSet)/1.0%).",base
FoRDy,FoRDy_Mastersheet_v1.0.0_20180821_2322.csv,S2011SQF1-1-LS-3,112,88.0,7743.0,0.041278653952255946,1.203,9316.032000000001,5.131,both_detrimental,both_detrimental,,invalid,insufficient_or_out_of_gate,"FoRDy uses T1/T0 period-lengthening and normalized maximum footing moment; measured displacement gate is max(pkDR/1.0%, pkRot/0.01 rad, abs(resSet)/1.0%).",base
FoRDy,FoRDy_Mastersheet_v1.0.0_20180821_2322.csv,S2011SQF1-1-LS-4,113,88.0,7743.0,0.08876547663908937,1.488,11523.072,6.18,both_detrimental,both_detrimental,,invalid,insufficient_or_out_of_gate,"FoRDy uses T1/T0 period-lengthening and normalized maximum footing moment; measured displacement gate is max(pkDR/1.0%, pkRot/0.01 rad, abs(resSet)/1.0%).",base
FoRDy,FoRDy_Mastersheet_v1.0.0_20180821_2322.csv,S2011SQF1-1-LS-5,114,88.0,7743.0,0.12229216371003904,1.729,13389.376,8.825,both_detrimental,both_detrimental,,invalid,insufficient_or_out_of_gate,"FoRDy uses T1/T0 period-lengthening and normalized maximum footing moment; measured displacement gate is max(pkDR/1.0%, pkRot/0.01 rad, abs(resSet)/1.0%).",base
FoRDy,FoRDy_Mastersheet_v1.0.0_20180821_2322.csv,S2011SQF1-1-LS-6,115,88.0,7743.0,0.032956547713913986,1.159,8975.296,9.373,both_detrimental,both_detrimental,,invalid,insufficient_or_out_of_gate,"FoRDy uses T1/T0 period-lengthening and normalized maximum footing moment; measured displacement gate is max(pkDR/1.0%, pkRot/0.01 rad, abs(resSet)/1.0%).",base
FoRDy,FoRDy_Mastersheet_v1.0.0_20180821_2322.csv,S2011SQF1-2-LS-1,116,88.0,7743.0,-0.01741248083405526,0.925,7163.200000000001,0.963,both_beneficial,mixed,,invalid,insufficient_or_out_of_gate,"FoRDy uses T1/T0 period-lengthening and normalized maximum footing moment; measured displacement gate is max(pkDR/1.0%, pkRot/0.01 rad, abs(resSet)/1.0%).",base
FoRDy,FoRDy_Mastersheet_v1.0.0_20180821_2322.csv,S2011SQF1-2-LS-2,117,88.0,7743.0,0.02709920879197138,1.129,8742.976,1.638,both_detrimental,both_detrimental,,invalid,insufficient_or_out_of_gate,"FoRDy uses T1/T0 period-lengthening and normalized maximum footing moment; measured displacement gate is max(pkDR/1.0%, pkRot/0.01 rad, abs(resSet)/1.0%).",base
FoRDy,FoRDy_Mastersheet_v1.0.0_20180821_2322.csv,S2011SQF1-2-LS-3,118,88.0,7743.0,0.05928445290203067,1.304,10098.176,4.409,both_detrimental,both_detrimental,,invalid,insufficient_or_out_of_gate,"FoRDy uses T1/T0 period-lengthening and normalized maximum footing moment; measured displacement gate is max(pkDR/1.0%, pkRot/0.01 rad, abs(resSet)/1.0%).",base
FoRDy,FoRDy_Mastersheet_v1.0.0_20180821_2322.csv,S2011SQF1-2-LS-4,119,88.0,7743.0,0.031990929881070475,1.154,8936.576,5.55,both_detrimental,both_detrimental,,invalid,insufficient_or_out_of_gate,"FoRDy uses T1/T0 period-lengthening and normalized maximum footing moment; measured displacement gate is max(pkDR/1.0%, pkRot/0.01 rad, abs(resSet)/1.0%).",base
FoRDy,FoRDy_Mastersheet_v1.0.0_20180821_2322.csv,S2011SQF1-2-LS-5,120,88.0,7743.0,0.04678009112580396,1.233,9548.352,13.006,both_detrimental,both_detrimental,,invalid,insufficient_or_out_of_gate,"FoRDy uses T1/T0 period-lengthening and normalized maximum footing moment; measured displacement gate is max(pkDR/1.0%, pkRot/0.01 rad, abs(resSet)/1.0%).",base
FoRDy,FoRDy_Mastersheet_v1.0.0_20180821_2322.csv,S2011SQF1-3-LS-1,121,124.66666666666666,15540.777777777776,-0.07039006651744997,0.712,11065.745777777776,3.922,mixed,mixed,,invalid,insufficient_or_out_of_gate,"FoRDy uses T1/T0 period-lengthening and normalized maximum footing moment; measured displacement gate is max(pkDR/1.0%, pkRot/0.01 rad, abs(resSet)/1.0%).",base
FoRDy,FoRDy_Mastersheet_v1.0.0_20180821_2322.csv,S2011SQF1-4-LS-1,122,124.66666666666666,15540.777777777776,-0.1383192588929474,0.513,7972.931999999999,3.886,mixed,mixed,,invalid,insufficient_or_out_of_gate,"FoRDy uses T1/T0 period-lengthening and normalized maximum footing moment; measured displacement gate is max(pkDR/1.0%, pkRot/0.01 rad, abs(resSet)/1.0%).",base
FoRDy,FoRDy_Mastersheet_v1.0.0_20180821_2322.csv,S2011SQF1-4-LS-2,123,124.66666666666666,15540.777777777776,-0.09410771418699694,0.635,9869.028888888888,7.217,mixed,mixed,,invalid,insufficient_or_out_of_gate,"FoRDy uses T1/T0 period-lengthening and normalized maximum footing moment; measured displacement gate is max(pkDR/1.0%, pkRot/0.01 rad, abs(resSet)/1.0%).",base
FoRDy,FoRDy_Mastersheet_v1.0.0_20180821_2322.csv,S2011SQF1-5-LS-1,124,106.0,11235.0,-0.0006442689525187832,0.997,11202.292,1.926,mixed,mixed,,invalid,insufficient_or_out_of_gate,"FoRDy uses T1/T0 period-lengthening and normalized maximum footing moment; measured displacement gate is max(pkDR/1.0%, pkRot/0.01 rad, abs(resSet)/1.0%).",base
FoRDy,FoRDy_Mastersheet_v1.0.0_20180821_2322.csv,S2011SQF1-5-LS-2,125,106.0,11235.0,0.02102176919071167,1.103,12393.307999999999,10.703,both_detrimental,both_detrimental,,invalid,insufficient_or_out_of_gate,"FoRDy uses T1/T0 period-lengthening and normalized maximum footing moment; measured displacement gate is max(pkDR/1.0%, pkRot/0.01 rad, abs(resSet)/1.0%).",base
FoRDy,FoRDy_Mastersheet_v1.0.0_20180821_2322.csv,S2011SQF1-5-LS-3,126,106.0,11235.0,0.011684120706725878,1.056,11865.216,11.617,both_detrimental,both_detrimental,,invalid,insufficient_or_out_of_gate,"FoRDy uses T1/T0 period-lengthening and normalized maximum footing moment; measured displacement gate is max(pkDR/1.0%, pkRot/0.01 rad, abs(resSet)/1.0%).",base
FoRDy,FoRDy_Mastersheet_v1.0.0_20180821_2322.csv,S2011SQF1-5-LS-4,127,106.0,11235.0,0.04016544325441821,1.206,13550.616,13.003,both_detrimental,both_detrimental,,invalid,insufficient_or_out_of_gate,"FoRDy uses T1/T0 period-lengthening and normalized maximum footing moment; measured displacement gate is max(pkDR/1.0%, pkRot/0.01 rad, abs(resSet)/1.0%).",base
FoRDy,FoRDy_Mastersheet_v1.0.0_20180821_2322.csv,S2011SQF1-5-LS-5,128,106.0,11235.0,0.06339747043640774,1.344,15101.184000000001,17.066,both_detrimental,both_detrimental,,invalid,insufficient_or_out_of_gate,"FoRDy uses T1/T0 period-lengthening and normalized maximum footing moment; measured displacement gate is max(pkDR/1.0%, pkRot/0.01 rad, abs(resSet)/1.0%).",base
FoRDy,FoRDy_Mastersheet_v1.0.0_20180821_2322.csv,S2011SQF1-5-LS-6,129,106.0,11235.0,0.03891717515395858,1.199,13471.964,18.065,both_detrimental,both_detrimental,,invalid,insufficient_or_out_of_gate,"FoRDy uses T1/T0 period-lengthening and normalized maximum footing moment; measured displacement gate is max(pkDR/1.0%, pkRot/0.01 rad, abs(resSet)/1.0%).",base
FoRDy,FoRDy_Mastersheet_v1.0.0_20180821_2322.csv,S2011SQF1-6-LS-1,130,106.0,11235.0,-0.027168287285218883,0.881,9898.916,1.966,mixed,mixed,,invalid,insufficient_or_out_of_gate,"FoRDy uses T1/T0 period-lengthening and normalized maximum footing moment; measured displacement gate is max(pkDR/1.0%, pkRot/0.01 rad, abs(resSet)/1.0%).",base
FoRDy,FoRDy_Mastersheet_v1.0.0_20180821_2322.csv,S2011SQF1-6-LS-2,131,106.0,11235.0,0.008203969505122238,1.039,11674.204,3.562,both_detrimental,both_detrimental,,invalid,insufficient_or_out_of_gate,"FoRDy uses T1/T0 period-lengthening and normalized maximum footing moment; measured displacement gate is max(pkDR/1.0%, pkRot/0.01 rad, abs(resSet)/1.0%).",base
FoRDy,FoRDy_Mastersheet_v1.0.0_20180821_2322.csv,S2011SQF1-6-LS-3,132,106.0,11235.0,0.03385014394524584,1.171,13157.356,9.259,both_detrimental,both_detrimental,,invalid,insufficient_or_out_of_gate,"FoRDy uses T1/T0 period-lengthening and normalized maximum footing moment; measured displacement gate is max(pkDR/1.0%, pkRot/0.01 rad, abs(resSet)/1.0%).",base
FoRDy,FoRDy_Mastersheet_v1.0.0_20180821_2322.csv,S2011SQF1-6-LS-4,133,106.0,11235.0,0.03274859689075504,1.165,13089.94,11.229,both_detrimental,both_detrimental,,invalid,insufficient_or_out_of_gate,"FoRDy uses T1/T0 period-lengthening and normalized maximum footing moment; measured displacement gate is max(pkDR/1.0%, pkRot/0.01 rad, abs(resSet)/1.0%).",base
FoRDy,FoRDy_Mastersheet_v1.0.0_20180821_2322.csv,S2011SQF1-6-LS-5,134,106.0,11235.0,0.0902085489749757,1.523,17112.428,14.486,both_detrimental,both_detrimental,,invalid,insufficient_or_out_of_gate,"FoRDy uses T1/T0 period-lengthening and normalized maximum footing moment; measured displacement gate is max(pkDR/1.0%, pkRot/0.01 rad, abs(resSet)/1.0%).",base
FoRDy,FoRDy_Mastersheet_v1.0.0_20180821_2322.csv,S2011SQF1-8-LS-1,135,111.33333333333334,12394.111111111113,-0.008662439442105097,0.96,11899.306666666667,2.8,mixed,mixed,,invalid,insufficient_or_out_of_gate,"FoRDy uses T1/T0 period-lengthening and normalized maximum footing moment; measured displacement gate is max(pkDR/1.0%, pkRot/0.01 rad, abs(resSet)/1.0%).",base
FoRDy,FoRDy_Mastersheet_v1.0.0_20180821_2322.csv,S2011SQF1-8-LS-2,136,111.33333333333334,12394.111111111113,0.005653425712200499,1.027,12729.779111111113,15.878,both_detrimental,both_detrimental,,invalid,insufficient_or_out_of_gate,"FoRDy uses T1/T0 period-lengthening and normalized maximum footing moment; measured displacement gate is max(pkDR/1.0%, pkRot/0.01 rad, abs(resSet)/1.0%).",base
FoRDy,FoRDy_Mastersheet_v1.0.0_20180821_2322.csv,S2011SQF1-8-LS-3,137,111.33333333333334,12394.111111111113,-0.0012770367467599278,0.994,12320.740444444446,16.957,mixed,mixed,,invalid,insufficient_or_out_of_gate,"FoRDy uses T1/T0 period-lengthening and normalized maximum footing moment; measured displacement gate is max(pkDR/1.0%, pkRot/0.01 rad, abs(resSet)/1.0%).",base
FoRDy,FoRDy_Mastersheet_v1.0.0_20180821_2322.csv,S2011SQF1-9-LS-1,138,111.33333333333334,12394.111111111113,-0.04185272534242235,0.821,10176.386222222223,2.239,mixed,mixed,,invalid,insufficient_or_out_of_gate,"FoRDy uses T1/T0 period-lengthening and normalized maximum footing moment; measured displacement gate is max(pkDR/1.0%, pkRot/0.01 rad, abs(resSet)/1.0%).",base
FoRDy,FoRDy_Mastersheet_v1.0.0_20180821_2322.csv,S2011SQF1-9-LS-2,139,111.33333333333334,12394.111111111113,-0.013355844329675771,0.939,11639.009333333335,4.615,mixed,mixed,,invalid,insufficient_or_out_of_gate,"FoRDy uses T1/T0 period-lengthening and normalized maximum footing moment; measured displacement gate is max(pkDR/1.0%, pkRot/0.01 rad, abs(resSet)/1.0%).",base
FoRDy,FoRDy_Mastersheet_v1.0.0_20180821_2322.csv,S2011SQF1-9-LS-3,140,111.33333333333334,12394.111111111113,-0.0006375577123915975,0.997,12357.92577777778,12.402,mixed,mixed,,invalid,insufficient_or_out_of_gate,"FoRDy uses T1/T0 period-lengthening and normalized maximum footing moment; measured displacement gate is max(pkDR/1.0%, pkRot/0.01 rad, abs(resSet)/1.0%).",base
FoRDy,FoRDy_Mastersheet_v1.0.0_20180821_2322.csv,S2011SQF1-14-HS-1,141,50.81081081081081,2580.7384952520083,-0.28146796927085144,0.331,854.5554419284148,0.388,both_beneficial,mixed,,invalid,insufficient_or_out_of_gate,"FoRDy uses T1/T0 period-lengthening and normalized maximum footing moment; measured displacement gate is max(pkDR/1.0%, pkRot/0.01 rad, abs(resSet)/1.0%).",base
FoRDy,FoRDy_Mastersheet_v1.0.0_20180821_2322.csv,S2011SQF1-14-HS-2,142,50.81081081081081,2580.7384952520083,-0.2095807005099016,0.439,1133.3831994156317,1.22,mixed,mixed,,invalid,insufficient_or_out_of_gate,"FoRDy uses T1/T0 period-lengthening and normalized maximum footing moment; measured displacement gate is max(pkDR/1.0%, pkRot/0.01 rad, abs(resSet)/1.0%).",base
FoRDy,FoRDy_Mastersheet_v1.0.0_20180821_2322.csv,S2011SQF1-14-HS-3,143,50.81081081081081,2580.7384952520083,-0.18316475680131572,0.487,1257.306647187728,2.302,mixed,mixed,,invalid,insufficient_or_out_of_gate,"FoRDy uses T1/T0 period-lengthening and normalized maximum footing moment; measured displacement gate is max(pkDR/1.0%, pkRot/0.01 rad, abs(resSet)/1.0%).",base
FoRDy,FoRDy_Mastersheet_v1.0.0_20180821_2322.csv,S2011SQF1-14-HS-4,144,50.81081081081081,2580.7384952520083,-0.16500911540164667,0.523,1350.2492330168004,3.711,mixed,mixed,,invalid,insufficient_or_out_of_gate,"FoRDy uses T1/T0 period-lengthening and normalized maximum footing moment; measured displacement gate is max(pkDR/1.0%, pkRot/0.01 rad, abs(resSet)/1.0%).",base
FoRDy,FoRDy_Mastersheet_v1.0.0_20180821_2322.csv,S2011SQF1-14-HS-5,145,50.81081081081081,2580.7384952520083,-0.1512705505489178,0.552,1425.1196493791088,5.351,mixed,mixed,,invalid,insufficient_or_out_of_gate,"FoRDy uses T1/T0 period-lengthening and normalized maximum footing moment; measured displacement gate is max(pkDR/1.0%, pkRot/0.01 rad, abs(resSet)/1.0%).",base
FoRDy,FoRDy_Mastersheet_v1.0.0_20180821_2322.csv,S2011SQF1-14-HS-6,146,50.81081081081081,2580.7384952520083,-0.13692447855930032,0.584,1507.7352812271727,7.273,mixed,mixed,,invalid,insufficient_or_out_of_gate,"FoRDy uses T1/T0 period-lengthening and normalized maximum footing moment; measured displacement gate is max(pkDR/1.0%, pkRot/0.01 rad, abs(resSet)/1.0%).",base
FoRDy,FoRDy_Mastersheet_v1.0.0_20180821_2322.csv,S2011SQF1-15-HS-1,147,62.16216216216216,3863.134404674945,-0.3790598360174153,0.209,807.6040905770635,0.607,both_beneficial,mixed,,invalid,insufficient_or_out_of_gate,"FoRDy uses T1/T0 period-lengthening and normalized maximum footing moment; measured displacement gate is max(pkDR/1.0%, pkRot/0.01 rad, abs(resSet)/1.0%).",base
FoRDy,FoRDy_Mastersheet_v1.0.0_20180821_2322.csv,S2011SQF1-15-HS-2,148,62.16216216216216,3863.134404674945,-0.29397037889198596,0.297,1147.6479181884586,2.162,mixed,mixed,,invalid,insufficient_or_out_of_gate,"FoRDy uses T1/T0 period-lengthening and normalized maximum footing moment; measured displacement gate is max(pkDR/1.0%, pkRot/0.01 rad, abs(resSet)/1.0%).",base
FoRDy,FoRDy_Mastersheet_v1.0.0_20180821_2322.csv,S2011SQF1-16-HS-1,149,53.78378378378378,2891.6953981008032,-0.289884756702315,0.315,911.199050401753,0.445,both_beneficial,mixed,,invalid,insufficient_or_out_of_gate,"FoRDy uses T1/T0 period-lengthening and normalized maximum footing moment; measured displacement gate is max(pkDR/1.0%, pkRot/0.01 rad, abs(resSet)/1.0%).",base
FoRDy,FoRDy_Mastersheet_v1.0.0_20180821_2322.csv,S2011SQF1-16-HS-2,150,53.78378378378378,2891.6953981008032,-0.22069835312056046,0.415,1200.4685902118333,1.343,mixed,mixed,,invalid,insufficient_or_out_of_gate,"FoRDy uses T1/T0 period-lengthening and normalized maximum footing moment; measured displacement gate is max(pkDR/1.0%, pkRot/0.01 rad, abs(resSet)/1.0%).",base
FoRDy,FoRDy_Mastersheet_v1.0.0_20180821_2322.csv,S2011SQF1-16-HS-3,151,53.78378378378378,2891.6953981008032,-0.19982271857004152,0.451,1304.6056245434622,2.754,mixed,mixed,,invalid,insufficient_or_out_of_gate,"FoRDy uses T1/T0 period-lengthening and normalized maximum footing moment; measured displacement gate is max(pkDR/1.0%, pkRot/0.01 rad, abs(resSet)/1.0%).",base
FoRDy,FoRDy_Mastersheet_v1.0.0_20180821_2322.csv,S2011SQF1-16-HS-4,152,53.78378378378378,2891.6953981008032,-0.1790100123587096,0.49,1417.4207450693937,4.548,mixed,mixed,,invalid,insufficient_or_out_of_gate,"FoRDy uses T1/T0 period-lengthening and normalized maximum footing moment; measured displacement gate is max(pkDR/1.0%, pkRot/0.01 rad, abs(resSet)/1.0%).",base
FoRDy,FoRDy_Mastersheet_v1.0.0_20180821_2322.csv,S2011SQF1-16-HS-5,153,53.78378378378378,2891.6953981008032,-0.16169674857690675,0.525,1518.6650840029217,6.718,mixed,mixed,,invalid,insufficient_or_out_of_gate,"FoRDy uses T1/T0 period-lengthening and normalized maximum footing moment; measured displacement gate is max(pkDR/1.0%, pkRot/0.01 rad, abs(resSet)/1.0%).",base
FoRDy,FoRDy_Mastersheet_v1.0.0_20180821_2322.csv,S2011SQF1-16-HS-6,154,53.78378378378378,2891.6953981008032,-0.15462747006483074,0.54,1562.055514974434,9.592,mixed,mixed,,invalid,insufficient_or_out_of_gate,"FoRDy uses T1/T0 period-lengthening and normalized maximum footing moment; measured displacement gate is max(pkDR/1.0%, pkRot/0.01 rad, abs(resSet)/1.0%).",base
FoRDy,FoRDy_Mastersheet_v1.0.0_20180821_2322.csv,S2011SQF1-17-HS-1,155,59.189189189189186,3502.36011687363,-0.3199509909466913,0.271,949.4105916727538,0.634,both_beneficial,mixed,,invalid,insufficient_or_out_of_gate,"FoRDy uses T1/T0 period-lengthening and normalized maximum footing moment; measured displacement gate is max(pkDR/1.0%, pkRot/0.01 rad, abs(resSet)/1.0%).",base
FoRDy,FoRDy_Mastersheet_v1.0.0_20180821_2322.csv,S2011SQF1-17-HS-2,156,59.189189189189186,3502.36011687363,-0.24101014625498787,0.374,1310.2566837107377,1.943,mixed,mixed,,invalid,insufficient_or_out_of_gate,"FoRDy uses T1/T0 period-lengthening and normalized maximum footing moment; measured displacement gate is max(pkDR/1.0%, pkRot/0.01 rad, abs(resSet)/1.0%).",base
FoRDy,FoRDy_Mastersheet_v1.0.0_20180821_2322.csv,S2011SQF1-17-HS-3,157,59.189189189189186,3502.36011687363,-0.21084002649431738,0.423,1481.9213294375454,3.788,mixed,mixed,,invalid,insufficient_or_out_of_gate,"FoRDy uses T1/T0 period-lengthening and normalized maximum footing moment; measured displacement gate is max(pkDR/1.0%, pkRot/0.01 rad, abs(resSet)/1.0%).",base
FoRDy,FoRDy_Mastersheet_v1.0.0_20180821_2322.csv,S2011SQF1-17-HS-4,158,59.189189189189186,3502.36011687363,-0.18975907379331144,0.461,1615.0490138787434,6.157,mixed,mixed,,invalid,insufficient_or_out_of_gate,"FoRDy uses T1/T0 period-lengthening and normalized maximum footing moment; measured displacement gate is max(pkDR/1.0%, pkRot/0.01 rad, abs(resSet)/1.0%).",base
FoRDy,FoRDy_Mastersheet_v1.0.0_20180821_2322.csv,UCSD-1-AS-2,159,1.3082039911308203,0.7113976824106074,-1.1359072511883952,0.737,1.2613000919366177,0.703,both_beneficial,mixed,false,robust,validated_proxy_row,"FoRDy uses T1/T0 period-lengthening and normalized maximum footing moment; measured displacement gate is max(pkDR/1.0%, pkRot/0.01 rad, abs(resSet)/1.0%).",base
FoRDy,FoRDy_Mastersheet_v1.0.0_20180821_2322.csv,UCSD-1-AS-4,160,1.3082039911308203,0.7113976824106074,-0.680134382605009,0.833,1.425594269448036,0.962,both_beneficial,mixed,false,robust,validated_proxy_row,"FoRDy uses T1/T0 period-lengthening and normalized maximum footing moment; measured displacement gate is max(pkDR/1.0%, pkRot/0.01 rad, abs(resSet)/1.0%).",base
FoRDy,FoRDy_Mastersheet_v1.0.0_20180821_2322.csv,UCSD-1-AS-6,161,1.3082039911308203,0.7113976824106074,-0.25813786149199286,0.933,1.5967340376890968,1.514,mixed,mixed,true,marginal,validated_proxy_row,"FoRDy uses T1/T0 period-lengthening and normalized maximum footing moment; measured displacement gate is max(pkDR/1.0%, pkRot/0.01 rad, abs(resSet)/1.0%).",base
FoRDy,FoRDy_Mastersheet_v1.0.0_20180821_2322.csv,UCSD-1-AS-8,162,1.3082039911308203,0.7113976824106074,0.5939381453152887,1.173,2.0074694814676426,3.668,both_detrimental,both_detrimental,true,robust,validated_proxy_row,"FoRDy uses T1/T0 period-lengthening and normalized maximum footing moment; measured displacement gate is max(pkDR/1.0%, pkRot/0.01 rad, abs(resSet)/1.0%).",base
FoRDy,FoRDy_Mastersheet_v1.0.0_20180821_2322.csv,UCSD-1-AS-10,163,1.3082039911308203,0.7113976824106074,0.5460321652887338,1.158,1.9817985162314833,6.883,both_detrimental,both_detrimental,true,robust,validated_proxy_row,"FoRDy uses T1/T0 period-lengthening and normalized maximum footing moment; measured displacement gate is max(pkDR/1.0%, pkRot/0.01 rad, abs(resSet)/1.0%).",base
FoRDy,FoRDy_Mastersheet_v1.0.0_20180821_2322.csv,UCSD-1-AS-12,164,1.3082039911308203,0.7113976824106074,1.5042734665493955,1.498,2.5636737282510897,11.61,both_detrimental,both_detrimental,true,robust,validated_proxy_row,"FoRDy uses T1/T0 period-lengthening and normalized maximum footing moment; measured displacement gate is max(pkDR/1.0%, pkRot/0.01 rad, abs(resSet)/1.0%).",base
FoRDy,FoRDy_Mastersheet_v1.0.0_20180821_2322.csv,UCSD-1-SS-2,165,1.1108647450110865,0.23402048170854606,-2.863882817837352,0.74,0.9131751564643241,0.706,both_beneficial,both_beneficial,true,marginal,validated_proxy_row,"FoRDy uses T1/T0 period-lengthening and normalized maximum footing moment; measured displacement gate is max(pkDR/1.0%, pkRot/0.01 rad, abs(resSet)/1.0%).",base
FoRDy,FoRDy_Mastersheet_v1.0.0_20180821_2322.csv,UCSD-1-SS-4,166,1.1108647450110865,0.23402048170854606,-1.4124192265890658,0.862,1.0637256552327667,0.935,both_beneficial,mixed,false,marginal,validated_proxy_row,"FoRDy uses T1/T0 period-lengthening and normalized maximum footing moment; measured displacement gate is max(pkDR/1.0%, pkRot/0.01 rad, abs(resSet)/1.0%).",base
FoRDy,FoRDy_Mastersheet_v1.0.0_20180821_2322.csv,UCSD-1-SS-6,167,1.1108647450110865,0.23402048170854606,-0.7517989193611072,0.924,1.1402349250986965,1.297,mixed,mixed,true,marginal,validated_proxy_row,"FoRDy uses T1/T0 period-lengthening and normalized maximum footing moment; measured displacement gate is max(pkDR/1.0%, pkRot/0.01 rad, abs(resSet)/1.0%).",base
FoRDy,FoRDy_Mastersheet_v1.0.0_20180821_2322.csv,UCSD-1-SS-8,168,1.1108647450110865,0.23402048170854606,1.9534834406852022,1.228,1.5153771515380945,3.519,both_detrimental,both_detrimental,true,robust,validated_proxy_row,"FoRDy uses T1/T0 period-lengthening and normalized maximum footing moment; measured displacement gate is max(pkDR/1.0%, pkRot/0.01 rad, abs(resSet)/1.0%).",base
FoRDy,FoRDy_Mastersheet_v1.0.0_20180821_2322.csv,UCSD-1-SS-10,169,1.1108647450110865,0.23402048170854606,1.1708545476613308,1.131,1.3956771648123656,5.132,both_detrimental,both_detrimental,true,robust,validated_proxy_row,"FoRDy uses T1/T0 period-lengthening and normalized maximum footing moment; measured displacement gate is max(pkDR/1.0%, pkRot/0.01 rad, abs(resSet)/1.0%).",base
FoRDy,FoRDy_Mastersheet_v1.0.0_20180821_2322.csv,UCSD-1-SS-12,170,1.1108647450110865,0.23402048170854606,4.063454747426487,1.533,1.891753398459201,11.492,both_detrimental,both_detrimental,true,robust,validated_proxy_row,"FoRDy uses T1/T0 period-lengthening and normalized maximum footing moment; measured displacement gate is max(pkDR/1.0%, pkRot/0.01 rad, abs(resSet)/1.0%).",base
FoRDy,FoRDy_Mastersheet_v1.0.0_20180821_2322.csv,UCSD-2-AS-2,171,1.6430155210643016,1.6995000024581985,-1.008744644606204,0.606,1.6358970014896683,0.886,both_beneficial,mixed,false,robust,validated_proxy_row,"FoRDy uses T1/T0 period-lengthening and normalized maximum footing moment; measured displacement gate is max(pkDR/1.0%, pkRot/0.01 rad, abs(resSet)/1.0%).",base
FoRDy,FoRDy_Mastersheet_v1.0.0_20180821_2322.csv,UCSD-2-AS-4,172,1.6430155210643016,1.6995000024581985,-0.32730722017575636,0.85,2.2945750020894686,1.494,mixed,mixed,true,robust,validated_proxy_row,"FoRDy uses T1/T0 period-lengthening and normalized maximum footing moment; measured displacement gate is max(pkDR/1.0%, pkRot/0.01 rad, abs(resSet)/1.0%).",base
FoRDy,FoRDy_Mastersheet_v1.0.0_20180821_2322.csv,UCSD-2-AS-6,173,1.6430155210643016,1.6995000024581985,-0.08851750484149776,0.957,2.583421502352496,2.178,mixed,mixed,true,marginal,validated_proxy_row,"FoRDy uses T1/T0 period-lengthening and normalized maximum footing moment; measured displacement gate is max(pkDR/1.0%, pkRot/0.01 rad, abs(resSet)/1.0%).",base
FoRDy,FoRDy_Mastersheet_v1.0.0_20180821_2322.csv,UCSD-2-AS-8,174,1.6430155210643016,1.6995000024581985,0.23183301179208232,1.122,3.028839002758099,3.834,both_detrimental,both_detrimental,true,robust,validated_proxy_row,"FoRDy uses T1/T0 period-lengthening and normalized maximum footing moment; measured displacement gate is max(pkDR/1.0%, pkRot/0.01 rad, abs(resSet)/1.0%).",base
FoRDy,FoRDy_Mastersheet_v1.0.0_20180821_2322.csv,UCSD-2-AS-10,175,1.6430155210643016,1.6995000024581985,0.19195123978854545,1.1,2.9694500027040185,6.915,both_detrimental,both_detrimental,true,robust,validated_proxy_row,"FoRDy uses T1/T0 period-lengthening and normalized maximum footing moment; measured displacement gate is max(pkDR/1.0%, pkRot/0.01 rad, abs(resSet)/1.0%).",base
FoRDy,FoRDy_Mastersheet_v1.0.0_20180821_2322.csv,UCSD-2-AS-12,176,1.6430155210643016,1.6995000024581985,0.9364751583152857,1.592,4.297604003913452,13.697,both_detrimental,both_detrimental,true,robust,validated_proxy_row,"FoRDy uses T1/T0 period-lengthening and normalized maximum footing moment; measured displacement gate is max(pkDR/1.0%, pkRot/0.01 rad, abs(resSet)/1.0%).",base
FoRDy,FoRDy_Mastersheet_v1.0.0_20180821_2322.csv,UCSD-2-SS-2,177,1.4212860310421287,1.020053982035487,-1.0308437703964368,0.696,1.405957571496699,0.725,both_beneficial,mixed,false,robust,validated_proxy_row,"FoRDy uses T1/T0 period-lengthening and normalized maximum footing moment; measured displacement gate is max(pkDR/1.0%, pkRot/0.01 rad, abs(resSet)/1.0%).",base
FoRDy,FoRDy_Mastersheet_v1.0.0_20180821_2322.csv,UCSD-2-SS-4,178,1.4212860310421287,1.020053982035487,-0.6704998116756887,0.79,1.5958426458080348,0.954,both_beneficial,mixed,false,robust,validated_proxy_row,"FoRDy uses T1/T0 period-lengthening and normalized maximum footing moment; measured displacement gate is max(pkDR/1.0%, pkRot/0.01 rad, abs(resSet)/1.0%).",base
FoRDy,FoRDy_Mastersheet_v1.0.0_20180821_2322.csv,UCSD-2-SS-6,179,1.4212860310421287,1.020053982035487,-0.11908053235702921,0.959,1.937231768772032,1.426,mixed,mixed,true,marginal,validated_proxy_row,"FoRDy uses T1/T0 period-lengthening and normalized maximum footing moment; measured displacement gate is max(pkDR/1.0%, pkRot/0.01 rad, abs(resSet)/1.0%).",base
FoRDy,FoRDy_Mastersheet_v1.0.0_20180821_2322.csv,UCSD-2-SS-8,180,1.4212860310421287,1.020053982035487,0.4900164505939367,1.188,2.3998241306581587,3.38,both_detrimental,both_detrimental,true,robust,validated_proxy_row,"FoRDy uses T1/T0 period-lengthening and normalized maximum footing moment; measured displacement gate is max(pkDR/1.0%, pkRot/0.01 rad, abs(resSet)/1.0%).",base
FoRDy,FoRDy_Mastersheet_v1.0.0_20180821_2322.csv,UCSD-2-SS-10,181,1.4212860310421287,1.020053982035487,0.43684765883265475,1.166,2.3553829430533777,4.492,both_detrimental,both_detrimental,true,robust,validated_proxy_row,"FoRDy uses T1/T0 period-lengthening and normalized maximum footing moment; measured displacement gate is max(pkDR/1.0%, pkRot/0.01 rad, abs(resSet)/1.0%).",base
FoRDy,FoRDy_Mastersheet_v1.0.0_20180821_2322.csv,UCSD-2-SS-12,182,1.4212860310421287,1.020053982035487,1.261236423039773,1.558,3.147244104011289,10.272,both_detrimental,both_detrimental,true,robust,validated_proxy_row,"FoRDy uses T1/T0 period-lengthening and normalized maximum footing moment; measured displacement gate is max(pkDR/1.0%, pkRot/0.01 rad, abs(resSet)/1.0%).",base
FoRDy,FoRDy_Mastersheet_v1.0.0_20180821_2322.csv,UCSD-3-AS-2,183,1.4124168514412416,0.9949213622351905,-0.46385079015974706,0.852,1.6996730006243823,0.793,both_beneficial,mixed,false,robust,validated_proxy_row,"FoRDy uses T1/T0 period-lengthening and normalized maximum footing moment; measured displacement gate is max(pkDR/1.0%, pkRot/0.01 rad, abs(resSet)/1.0%).",base
FoRDy,FoRDy_Mastersheet_v1.0.0_20180821_2322.csv,UCSD-3-AS-4,184,1.4124168514412416,0.9949213622351905,0.05734866629795457,1.02,2.0348197894798945,1.097,both_detrimental,both_detrimental,true,marginal,validated_proxy_row,"FoRDy uses T1/T0 period-lengthening and normalized maximum footing moment; measured displacement gate is max(pkDR/1.0%, pkRot/0.01 rad, abs(resSet)/1.0%).",base
FoRDy,FoRDy_Mastersheet_v1.0.0_20180821_2322.csv,UCSD-3-AS-6,185,1.4124168514412416,0.9949213622351905,0.22019744072813333,1.079,2.1525201498517705,1.401,both_detrimental,both_detrimental,true,marginal,validated_proxy_row,"FoRDy uses T1/T0 period-lengthening and normalized maximum footing moment; measured displacement gate is max(pkDR/1.0%, pkRot/0.01 rad, abs(resSet)/1.0%).",base
FoRDy,FoRDy_Mastersheet_v1.0.0_20180821_2322.csv,UCSD-3-AS-8,186,1.4124168514412416,0.9949213622351905,1.2466839955884526,1.538,3.068189055117723,3.276,both_detrimental,both_detrimental,true,robust,validated_proxy_row,"FoRDy uses T1/T0 period-lengthening and normalized maximum footing moment; measured displacement gate is max(pkDR/1.0%, pkRot/0.01 rad, abs(resSet)/1.0%).",base
FoRDy,FoRDy_Mastersheet_v1.0.0_20180821_2322.csv,UCSD-3-AS-10,187,1.4124168514412416,0.9949213622351905,0.9929856156758172,1.409,2.8108441993893836,5.946,both_detrimental,both_detrimental,true,robust,validated_proxy_row,"FoRDy uses T1/T0 period-lengthening and normalized maximum footing moment; measured displacement gate is max(pkDR/1.0%, pkRot/0.01 rad, abs(resSet)/1.0%).",base
FoRDy,FoRDy_Mastersheet_v1.0.0_20180821_2322.csv,UCSD-3-AS-12,188,1.4124168514412416,0.9949213622351905,1.8034188804516706,1.864,3.7185334192063952,10.148,both_detrimental,both_detrimental,true,robust,validated_proxy_row,"FoRDy uses T1/T0 period-lengthening and normalized maximum footing moment; measured displacement gate is max(pkDR/1.0%, pkRot/0.01 rad, abs(resSet)/1.0%).",base
FoRDy,FoRDy_Mastersheet_v1.0.0_20180821_2322.csv,UCSD-3-AS-14,189,1.4124168514412416,0.9949213622351905,1.0032442626439568,1.414,2.8208188062005592,12.908,both_detrimental,both_detrimental,true,robust,validated_proxy_row,"FoRDy uses T1/T0 period-lengthening and normalized maximum footing moment; measured displacement gate is max(pkDR/1.0%, pkRot/0.01 rad, abs(resSet)/1.0%).",base
FoRDy,FoRDy_Mastersheet_v1.0.0_20180821_2322.csv,UCSD-3-AS-16,190,1.4124168514412416,0.9949213622351905,0.44724968851162245,1.167,2.328073229728467,8.807,both_detrimental,both_detrimental,true,robust,validated_proxy_row,"FoRDy uses T1/T0 period-lengthening and normalized maximum footing moment; measured displacement gate is max(pkDR/1.0%, pkRot/0.01 rad, abs(resSet)/1.0%).",base
FoRDy,FoRDy_Mastersheet_v1.0.0_20180821_2322.csv,UCSD-3-AS-18,191,1.4124168514412416,0.9949213622351905,0.8947354053227665,1.362,2.71708289536433,13.788,both_detrimental,both_detrimental,true,robust,validated_proxy_row,"FoRDy uses T1/T0 period-lengthening and normalized maximum footing moment; measured displacement gate is max(pkDR/1.0%, pkRot/0.01 rad, abs(resSet)/1.0%).",base
FoRDy,FoRDy_Mastersheet_v1.0.0_20180821_2322.csv,UCSD-3-SS-2,192,1.4124168514412416,0.9949213622351905,-0.9233323572161038,0.727,1.4503078303449835,0.899,both_beneficial,mixed,false,robust,validated_proxy_row,"FoRDy uses T1/T0 period-lengthening and normalized maximum footing moment; measured displacement gate is max(pkDR/1.0%, pkRot/0.01 rad, abs(resSet)/1.0%).",base
FoRDy,FoRDy_Mastersheet_v1.0.0_20180821_2322.csv,UCSD-3-SS-4,193,1.4124168514412416,0.9949213622351905,-0.43678505099929205,0.86,1.7156323715222637,1.03,mixed,mixed,true,robust,validated_proxy_row,"FoRDy uses T1/T0 period-lengthening and normalized maximum footing moment; measured displacement gate is max(pkDR/1.0%, pkRot/0.01 rad, abs(resSet)/1.0%).",base
FoRDy,FoRDy_Mastersheet_v1.0.0_20180821_2322.csv,UCSD-3-SS-6,194,1.4124168514412416,0.9949213622351905,0.1632781791847649,1.058,2.1106268012448317,1.492,both_detrimental,both_detrimental,true,marginal,validated_proxy_row,"FoRDy uses T1/T0 period-lengthening and normalized maximum footing moment; measured displacement gate is max(pkDR/1.0%, pkRot/0.01 rad, abs(resSet)/1.0%).",base
FoRDy,FoRDy_Mastersheet_v1.0.0_20180821_2322.csv,UCSD-3-SS-8,195,1.4124168514412416,0.9949213622351905,1.1915563859204366,1.509,3.010336335612902,3.304,both_detrimental,both_detrimental,true,robust,validated_proxy_row,"FoRDy uses T1/T0 period-lengthening and normalized maximum footing moment; measured displacement gate is max(pkDR/1.0%, pkRot/0.01 rad, abs(resSet)/1.0%).",base
FoRDy,FoRDy_Mastersheet_v1.0.0_20180821_2322.csv,UCSD-3-SS-10,196,1.4124168514412416,0.9949213622351905,1.0600306509067872,1.442,2.8766766043431446,5.654,both_detrimental,both_detrimental,true,robust,validated_proxy_row,"FoRDy uses T1/T0 period-lengthening and normalized maximum footing moment; measured displacement gate is max(pkDR/1.0%, pkRot/0.01 rad, abs(resSet)/1.0%).",base
FoRDy,FoRDy_Mastersheet_v1.0.0_20180821_2322.csv,UCSD-3-SS-12,197,1.4124168514412416,0.9949213622351905,1.4167102300594958,1.631,3.2537167418055954,10.893,both_detrimental,both_detrimental,true,robust,validated_proxy_row,"FoRDy uses T1/T0 period-lengthening and normalized maximum footing moment; measured displacement gate is max(pkDR/1.0%, pkRot/0.01 rad, abs(resSet)/1.0%).",base
FoRDy,FoRDy_Mastersheet_v1.0.0_20180821_2322.csv,UCSD-3-SS-14,198,1.4124168514412416,0.9949213622351905,0.8302335628137192,1.332,2.657235254497274,9.656,both_detrimental,both_detrimental,true,robust,validated_proxy_row,"FoRDy uses T1/T0 period-lengthening and normalized maximum footing moment; measured displacement gate is max(pkDR/1.0%, pkRot/0.01 rad, abs(resSet)/1.0%).",base
FoRDy,FoRDy_Mastersheet_v1.0.0_20180821_2322.csv,UCSD-3-SS-16,199,1.4124168514412416,0.9949213622351905,0.9053474106408962,1.367,2.7270575021755055,8.322,both_detrimental,both_detrimental,true,robust,validated_proxy_row,"FoRDy uses T1/T0 period-lengthening and normalized maximum footing moment; measured displacement gate is max(pkDR/1.0%, pkRot/0.01 rad, abs(resSet)/1.0%).",base
FoRDy,FoRDy_Mastersheet_v1.0.0_20180821_2322.csv,UCSD-3-SS-18,200,1.4124168514412416,0.9949213622351905,0.8280585623278498,1.331,2.6552403331350383,10.007,both_detrimental,both_detrimental,true,robust,validated_proxy_row,"FoRDy uses T1/T0 period-lengthening and normalized maximum footing moment; measured displacement gate is max(pkDR/1.0%, pkRot/0.01 rad, abs(resSet)/1.0%).",base
FoRCy,FoRCy_Mastersheet_others.csv,1.4_e_R_0.6,1,2.7524094128159016,6.575757575757575,-1.8350045109577167,0.156,1.1818181818181819,0.299,both_beneficial,mixed,false,marginal,validated_proxy_row,"FoRCy uses normalized maximum footing moment and contact-area proxy lambda=sqrt(1/A_c/A); measured displacement gate is max(rotation/0.01 rad, sliding/0.1%, settlement/0.1%).",base
FoRCy,FoRCy_Mastersheet_others.csv,1.4_e_R_0.6,2,2.7524094128159016,6.575757575757575,-1.7214908181005717,0.175,1.3257575757575757,0.361,both_beneficial,mixed,false,robust,validated_proxy_row,"FoRCy uses normalized maximum footing moment and contact-area proxy lambda=sqrt(1/A_c/A); measured displacement gate is max(rotation/0.01 rad, sliding/0.1%, settlement/0.1%).",base
FoRCy,FoRCy_Mastersheet_others.csv,1.4_e_R_0.6,3,2.7524094128159016,6.575757575757575,-0.7352667878459508,0.475,3.5984848484848486,0.94,both_beneficial,mixed,false,robust,validated_proxy_row,"FoRCy uses normalized maximum footing moment and contact-area proxy lambda=sqrt(1/A_c/A); measured displacement gate is max(rotation/0.01 rad, sliding/0.1%, settlement/0.1%).",base
FoRCy,FoRCy_Mastersheet_others.csv,1.4_e_R_0.6,4,2.7524094128159016,6.575757575757575,0.004926080391220803,1.005,7.613636363636363,2.661,both_detrimental,both_detrimental,true,marginal,validated_proxy_row,"FoRCy uses normalized maximum footing moment and contact-area proxy lambda=sqrt(1/A_c/A); measured displacement gate is max(rotation/0.01 rad, sliding/0.1%, settlement/0.1%).",base
FoRCy,FoRCy_Mastersheet_others.csv,1.4_e_R_0.6,5,2.7524094128159016,6.575757575757575,0.1533792212206236,1.168,8.848484848484848,5.623,both_detrimental,both_detrimental,true,robust,validated_proxy_row,"FoRCy uses normalized maximum footing moment and contact-area proxy lambda=sqrt(1/A_c/A); measured displacement gate is max(rotation/0.01 rad, sliding/0.1%, settlement/0.1%).",base
FoRCy,FoRCy_Mastersheet_others.csv,1.4_e_R_0.6,6,2.7524094128159016,6.575757575757575,0.1634748158072876,1.18,8.93939393939394,10.68,both_detrimental,both_detrimental,true,robust,validated_proxy_row,"FoRCy uses normalized maximum footing moment and contact-area proxy lambda=sqrt(1/A_c/A); measured displacement gate is max(rotation/0.01 rad, sliding/0.1%, settlement/0.1%).",base
FoRCy,FoRCy_Mastersheet_others.csv,1.45_e_R_1.55,7,2.762894819977688,6.633587786259541,-0.664490043701741,0.509,3.885496183206107,0.6329999999999999,both_beneficial,mixed,false,robust,validated_proxy_row,"FoRCy uses normalized maximum footing moment and contact-area proxy lambda=sqrt(1/A_c/A); measured displacement gate is max(rotation/0.01 rad, sliding/0.1%, settlement/0.1%).",base
FoRCy,FoRCy_Mastersheet_others.csv,1.45_e_R_1.55,8,2.762894819977688,6.633587786259541,-0.5445209929791696,0.575,4.3893129770992365,1.4999999999999998,mixed,mixed,true,robust,validated_proxy_row,"FoRCy uses normalized maximum footing moment and contact-area proxy lambda=sqrt(1/A_c/A); measured displacement gate is max(rotation/0.01 rad, sliding/0.1%, settlement/0.1%).",base
FoRCy,FoRCy_Mastersheet_others.csv,1.45_e_R_1.55,9,2.762894819977688,6.633587786259541,-0.13364413325212937,0.873,6.66412213740458,3.3,mixed,mixed,true,robust,validated_proxy_row,"FoRCy uses normalized maximum footing moment and contact-area proxy lambda=sqrt(1/A_c/A); measured displacement gate is max(rotation/0.01 rad, sliding/0.1%, settlement/0.1%).",base
FoRCy,FoRCy_Mastersheet_others.csv,1.45_e_R_1.55,10,2.762894819977688,6.633587786259541,-0.011879200000110704,0.988,7.541984732824428,4.89,mixed,mixed,true,marginal,validated_proxy_row,"FoRCy uses normalized maximum footing moment and contact-area proxy lambda=sqrt(1/A_c/A); measured displacement gate is max(rotation/0.01 rad, sliding/0.1%, settlement/0.1%).",base
FoRCy,FoRCy_Mastersheet_others.csv,1.45_e_R_1.55,11,2.762894819977688,6.633587786259541,0.052683139268673275,1.055,8.053435114503817,6.288,both_detrimental,both_detrimental,true,marginal,validated_proxy_row,"FoRCy uses normalized maximum footing moment and contact-area proxy lambda=sqrt(1/A_c/A); measured displacement gate is max(rotation/0.01 rad, sliding/0.1%, settlement/0.1%).",base
FoRCy,FoRCy_Mastersheet_others.csv,1.45_e_R_1.55,12,2.762894819977688,6.633587786259541,0.0973551062330099,1.104,8.427480916030536,7.1209999999999996,both_detrimental,both_detrimental,true,robust,validated_proxy_row,"FoRCy uses normalized maximum footing moment and contact-area proxy lambda=sqrt(1/A_c/A); measured displacement gate is max(rotation/0.01 rad, sliding/0.1%, settlement/0.1%).",base
FoRCy,FoRCy_Mastersheet_others.csv,1.57_e_R_0.14,13,2.857142857142857,7.163265306122449,-0.894482691003674,0.391,3.1918367346938776,0.62,both_beneficial,mixed,false,robust,validated_proxy_row,"FoRCy uses normalized maximum footing moment and contact-area proxy lambda=sqrt(1/A_c/A); measured displacement gate is max(rotation/0.01 rad, sliding/0.1%, settlement/0.1%).",base
FoRCy,FoRCy_Mastersheet_others.csv,1.57_e_R_0.14,14,2.857142857142857,7.163265306122449,-0.8308777516704732,0.418,3.4122448979591837,0.589,both_beneficial,mixed,false,robust,validated_proxy_row,"FoRCy uses normalized maximum footing moment and contact-area proxy lambda=sqrt(1/A_c/A); measured displacement gate is max(rotation/0.01 rad, sliding/0.1%, settlement/0.1%).",base
FoRCy,FoRCy_Mastersheet_others.csv,1.57_e_R_0.14,15,2.857142857142857,7.163265306122449,-0.2626668796089508,0.759,6.195918367346939,1.051,mixed,mixed,true,robust,validated_proxy_row,"FoRCy uses normalized maximum footing moment and contact-area proxy lambda=sqrt(1/A_c/A); measured displacement gate is max(rotation/0.01 rad, sliding/0.1%, settlement/0.1%).",base
FoRCy,FoRCy_Mastersheet_others.csv,1.57_e_R_0.14,16,2.857142857142857,7.163265306122449,0.032768814749222455,1.035,8.448979591836734,2.5749999999999997,both_detrimental,both_detrimental,true,marginal,validated_proxy_row,"FoRCy uses normalized maximum footing moment and contact-area proxy lambda=sqrt(1/A_c/A); measured displacement gate is max(rotation/0.01 rad, sliding/0.1%, settlement/0.1%).",base
FoRCy,FoRCy_Mastersheet_others.csv,1.57_e_R_0.14,17,2.857142857142857,7.163265306122449,0.09768949037349169,1.108,9.044897959183675,6.087,both_detrimental,both_detrimental,true,robust,validated_proxy_row,"FoRCy uses normalized maximum footing moment and contact-area proxy lambda=sqrt(1/A_c/A); measured displacement gate is max(rotation/0.01 rad, sliding/0.1%, settlement/0.1%).",base
FoRCy,FoRCy_Mastersheet_others.csv,1.57_e_R_0.14,18,2.857142857142857,7.163265306122449,0.09768949037349169,1.108,9.044897959183675,27.0,both_detrimental,both_detrimental,true,robust,validated_proxy_row,"FoRCy uses normalized maximum footing moment and contact-area proxy lambda=sqrt(1/A_c/A); measured displacement gate is max(rotation/0.01 rad, sliding/0.1%, settlement/0.1%).",base
FoRCy,FoRCy_Mastersheet_others.csv,1.5_e_H50_0.11,19,2.88314965852446,7.312551953449709,-0.5784294278189409,0.542,4.5054031587697425,0.24559999999999998,both_beneficial,mixed,false,robust,validated_proxy_row,"FoRCy uses normalized maximum footing moment and contact-area proxy lambda=sqrt(1/A_c/A); measured displacement gate is max(rotation/0.01 rad, sliding/0.1%, settlement/0.1%).",base
FoRCy,FoRCy_Mastersheet_others.csv,1.5_e_H50_0.11,20,2.88314965852446,7.312551953449709,-0.5732165841773097,0.545,4.530340814630092,0.23909999999999998,both_beneficial,mixed,false,robust,validated_proxy_row,"FoRCy uses normalized maximum footing moment and contact-area proxy lambda=sqrt(1/A_c/A); measured displacement gate is max(rotation/0.01 rad, sliding/0.1%, settlement/0.1%).",base
FoRCy,FoRCy_Mastersheet_others.csv,1.5_e_H50_0.11,21,2.88314965852446,7.312551953449709,-0.36005895015005485,0.683,5.677472984206152,0.3147,both_beneficial,mixed,false,robust,validated_proxy_row,"FoRCy uses normalized maximum footing moment and contact-area proxy lambda=sqrt(1/A_c/A); measured displacement gate is max(rotation/0.01 rad, sliding/0.1%, settlement/0.1%).",base
FoRCy,FoRCy_Mastersheet_others.csv,1.5_e_H50_0.11,22,2.88314965852446,7.312551953449709,-0.04249511229503828,0.956,7.946799667497922,0.6459,both_beneficial,mixed,false,marginal,validated_proxy_row,"FoRCy uses normalized maximum footing moment and contact-area proxy lambda=sqrt(1/A_c/A); measured displacement gate is max(rotation/0.01 rad, sliding/0.1%, settlement/0.1%).",base
FoRCy,FoRCy_Mastersheet_others.csv,1.5_e_H50_0.11,23,2.88314965852446,7.312551953449709,0.04517714855750953,1.049,8.719866999168744,1.6,both_detrimental,both_detrimental,true,marginal,validated_proxy_row,"FoRCy uses normalized maximum footing moment and contact-area proxy lambda=sqrt(1/A_c/A); measured displacement gate is max(rotation/0.01 rad, sliding/0.1%, settlement/0.1%).",base
FoRCy,FoRCy_Mastersheet_others.csv,1.5_e_H50_0.11,24,2.88314965852446,7.312551953449709,0.07180648166361873,1.079,8.969243557772236,14.28,both_detrimental,both_detrimental,true,marginal,validated_proxy_row,"FoRCy uses normalized maximum footing moment and contact-area proxy lambda=sqrt(1/A_c/A); measured displacement gate is max(rotation/0.01 rad, sliding/0.1%, settlement/0.1%).",base
FoRCy,FoRCy_Mastersheet_others.csv,1.5_e_H50_0.17,25,2.808279781508652,6.886435331230284,-0.8898108380423129,0.399,3.1466876971608833,1.188,mixed,mixed,true,robust,validated_proxy_row,"FoRCy uses normalized maximum footing moment and contact-area proxy lambda=sqrt(1/A_c/A); measured displacement gate is max(rotation/0.01 rad, sliding/0.1%, settlement/0.1%).",base
FoRCy,FoRCy_Mastersheet_others.csv,1.5_e_H50_0.17,26,2.808279781508652,6.886435331230284,-0.23197123598022867,0.787,6.2066246056782335,0.8666999999999999,both_beneficial,mixed,false,robust,validated_proxy_row,"FoRCy uses normalized maximum footing moment and contact-area proxy lambda=sqrt(1/A_c/A); measured displacement gate is max(rotation/0.01 rad, sliding/0.1%, settlement/0.1%).",base
FoRCy,FoRCy_Mastersheet_others.csv,1.5_e_H50_0.17,27,2.808279781508652,6.886435331230284,-0.07969926870310563,0.921,7.263406940063092,1.7109999999999999,mixed,mixed,true,marginal,validated_proxy_row,"FoRCy uses normalized maximum footing moment and contact-area proxy lambda=sqrt(1/A_c/A); measured displacement gate is max(rotation/0.01 rad, sliding/0.1%, settlement/0.1%).",base
FoRCy,FoRCy_Mastersheet_others.csv,1.5_e_H50_0.17,28,2.808279781508652,6.886435331230284,0.02296839726024144,1.024,8.07570977917981,2.743,both_detrimental,both_detrimental,true,marginal,validated_proxy_row,"FoRCy uses normalized maximum footing moment and contact-area proxy lambda=sqrt(1/A_c/A); measured displacement gate is max(rotation/0.01 rad, sliding/0.1%, settlement/0.1%).",base
FoRCy,FoRCy_Mastersheet_others.csv,1.5_e_H50_0.17,29,2.808279781508652,6.886435331230284,0.07363619926831322,1.079,8.509463722397475,5.726,both_detrimental,both_detrimental,true,marginal,validated_proxy_row,"FoRCy uses normalized maximum footing moment and contact-area proxy lambda=sqrt(1/A_c/A); measured displacement gate is max(rotation/0.01 rad, sliding/0.1%, settlement/0.1%).",base
FoRCy,FoRCy_Mastersheet_others.csv,1.5_e_H50_0.17,30,2.808279781508652,6.886435331230284,0.07721975694588143,1.083,8.541009463722396,22.879999999999995,both_detrimental,both_detrimental,true,marginal,validated_proxy_row,"FoRCy uses normalized maximum footing moment and contact-area proxy lambda=sqrt(1/A_c/A); measured displacement gate is max(rotation/0.01 rad, sliding/0.1%, settlement/0.1%).",base
FoRCy,FoRCy_Mastersheet_others.csv,1.5_e_H35_0.13,31,2.774568328089315,6.698229407236337,-1.154003979437953,0.308,2.371054657428792,0.41910000000000003,both_beneficial,mixed,false,robust,validated_proxy_row,"FoRCy uses normalized maximum footing moment and contact-area proxy lambda=sqrt(1/A_c/A); measured displacement gate is max(rotation/0.01 rad, sliding/0.1%, settlement/0.1%).",base
FoRCy,FoRCy_Mastersheet_others.csv,1.5_e_H35_0.13,32,2.774568328089315,6.698229407236337,-0.8361783097059324,0.426,3.27944572748268,0.5115,both_beneficial,mixed,false,robust,validated_proxy_row,"FoRCy uses normalized maximum footing moment and contact-area proxy lambda=sqrt(1/A_c/A); measured displacement gate is max(rotation/0.01 rad, sliding/0.1%, settlement/0.1%).",base
FoRCy,FoRCy_Mastersheet_others.csv,1.5_e_H35_0.13,33,2.774568328089315,6.698229407236337,-0.695031763032152,0.492,3.787528868360278,0.6267,both_beneficial,mixed,false,robust,validated_proxy_row,"FoRCy uses normalized maximum footing moment and contact-area proxy lambda=sqrt(1/A_c/A); measured displacement gate is max(rotation/0.01 rad, sliding/0.1%, settlement/0.1%).",base
FoRCy,FoRCy_Mastersheet_others.csv,1.5_e_H35_0.13,34,2.774568328089315,6.698229407236337,-0.10979915070872197,0.894,6.882217090069286,1.5679999999999998,mixed,mixed,true,robust,validated_proxy_row,"FoRCy uses normalized maximum footing moment and contact-area proxy lambda=sqrt(1/A_c/A); measured displacement gate is max(rotation/0.01 rad, sliding/0.1%, settlement/0.1%).",base
FoRCy,FoRCy_Mastersheet_others.csv,1.5_e_H35_0.13,35,2.774568328089315,6.698229407236337,0.12322567324109905,1.134,8.729792147806005,1.876,both_detrimental,both_detrimental,true,robust,validated_proxy_row,"FoRCy uses normalized maximum footing moment and contact-area proxy lambda=sqrt(1/A_c/A); measured displacement gate is max(rotation/0.01 rad, sliding/0.1%, settlement/0.1%).",base
FoRCy,FoRCy_Mastersheet_others.csv,1.5_e_H35_0.13,36,2.774568328089315,6.698229407236337,0.1811066245483265,1.203,9.260969976905315,5.425,both_detrimental,both_detrimental,true,robust,validated_proxy_row,"FoRCy uses normalized maximum footing moment and contact-area proxy lambda=sqrt(1/A_c/A); measured displacement gate is max(rotation/0.01 rad, sliding/0.1%, settlement/0.1%).",base
FoRCy,FoRCy_Mastersheet_others.csv,1.5_e_H35_0.26,37,2.7853100187767637,6.757951900698217,-1.0502886272302392,0.341,2.645461598138092,0.4712,both_beneficial,mixed,false,robust,validated_proxy_row,"FoRCy uses normalized maximum footing moment and contact-area proxy lambda=sqrt(1/A_c/A); measured displacement gate is max(rotation/0.01 rad, sliding/0.1%, settlement/0.1%).",base
FoRCy,FoRCy_Mastersheet_others.csv,1.5_e_H35_0.26,38,2.7853100187767637,6.757951900698217,-0.33022973160224806,0.713,5.531419705197828,1.2759999999999998,mixed,mixed,true,robust,validated_proxy_row,"FoRCy uses normalized maximum footing moment and contact-area proxy lambda=sqrt(1/A_c/A); measured displacement gate is max(rotation/0.01 rad, sliding/0.1%, settlement/0.1%).",base
FoRCy,FoRCy_Mastersheet_others.csv,1.5_e_H35_0.26,39,2.7853100187767637,6.757951900698217,-0.10068807941424855,0.902,6.997672614429791,1.6669999999999998,mixed,mixed,true,marginal,validated_proxy_row,"FoRCy uses normalized maximum footing moment and contact-area proxy lambda=sqrt(1/A_c/A); measured displacement gate is max(rotation/0.01 rad, sliding/0.1%, settlement/0.1%).",base
FoRCy,FoRCy_Mastersheet_others.csv,1.5_e_H35_0.26,40,2.7853100187767637,6.757951900698217,0.030749631121018393,1.032,8.006206361520558,1.285,both_detrimental,both_detrimental,true,marginal,validated_proxy_row,"FoRCy uses normalized maximum footing moment and contact-area proxy lambda=sqrt(1/A_c/A); measured displacement gate is max(rotation/0.01 rad, sliding/0.1%, settlement/0.1%).",base
FoRCy,FoRCy_Mastersheet_others.csv,1.5_e_H35_0.26,41,2.7853100187767637,6.757951900698217,0.09215583444576382,1.099,8.52598913886734,3.84,both_detrimental,both_detrimental,true,marginal,validated_proxy_row,"FoRCy uses normalized maximum footing moment and contact-area proxy lambda=sqrt(1/A_c/A); measured displacement gate is max(rotation/0.01 rad, sliding/0.1%, settlement/0.1%).",base
FoRCy,FoRCy_Mastersheet_others.csv,1.5_e_H35_0.26,42,2.7853100187767637,6.757951900698217,0.12448106311351856,1.136,8.813033359193172,18.0,both_detrimental,both_detrimental,true,robust,validated_proxy_row,"FoRCy uses normalized maximum footing moment and contact-area proxy lambda=sqrt(1/A_c/A); measured displacement gate is max(rotation/0.01 rad, sliding/0.1%, settlement/0.1%).",base
FoRCy,FoRCy_Mastersheet_others.csv,1.5_e_H65_0.09,43,2.988071523335984,7.928571428571429,-0.6241359827089209,0.505,4.508928571428571,0.1242,both_beneficial,mixed,false,robust,validated_proxy_row,"FoRCy uses normalized maximum footing moment and contact-area proxy lambda=sqrt(1/A_c/A); measured displacement gate is max(rotation/0.01 rad, sliding/0.1%, settlement/0.1%).",base
FoRCy,FoRCy_Mastersheet_others.csv,1.5_e_H65_0.09,44,2.988071523335984,7.928571428571429,-0.20271205431638767,0.801,7.151785714285715,0.3114,both_beneficial,mixed,false,robust,validated_proxy_row,"FoRCy uses normalized maximum footing moment and contact-area proxy lambda=sqrt(1/A_c/A); measured displacement gate is max(rotation/0.01 rad, sliding/0.1%, settlement/0.1%).",base
FoRCy,FoRCy_Mastersheet_others.csv,1.5_e_H65_0.09,45,2.988071523335984,7.928571428571429,-0.07915729415835386,0.917,8.1875,0.9428,both_beneficial,mixed,false,marginal,validated_proxy_row,"FoRCy uses normalized maximum footing moment and contact-area proxy lambda=sqrt(1/A_c/A); measured displacement gate is max(rotation/0.01 rad, sliding/0.1%, settlement/0.1%).",base
FoRCy,FoRCy_Mastersheet_others.csv,1.5_e_H65_0.09,46,2.988071523335984,7.928571428571429,0.02966047286512512,1.033,9.223214285714285,1.0999999999999999,both_detrimental,both_detrimental,true,marginal,validated_proxy_row,"FoRCy uses normalized maximum footing moment and contact-area proxy lambda=sqrt(1/A_c/A); measured displacement gate is max(rotation/0.01 rad, sliding/0.1%, settlement/0.1%).",base
FoRCy,FoRCy_Mastersheet_others.csv,1.5_e_H65_0.09,47,2.988071523335984,7.928571428571429,0.06180970692719952,1.07,9.553571428571429,11.89,both_detrimental,both_detrimental,true,marginal,validated_proxy_row,"FoRCy uses normalized maximum footing moment and contact-area proxy lambda=sqrt(1/A_c/A); measured displacement gate is max(rotation/0.01 rad, sliding/0.1%, settlement/0.1%).",base
FoRCy,FoRCy_Mastersheet_others.csv,1.5_e_H65_0.09,48,2.988071523335984,7.928571428571429,0.0686145964657989,1.078,9.625000000000002,55.879999999999995,both_detrimental,both_detrimental,true,marginal,validated_proxy_row,"FoRCy uses normalized maximum footing moment and contact-area proxy lambda=sqrt(1/A_c/A); measured displacement gate is max(rotation/0.01 rad, sliding/0.1%, settlement/0.1%).",base
FoRCy,FoRCy_Mastersheet_others.csv,2_s_R_1.55,49,1.9577758204863371,2.8328861632809503,-1.682178837615653,0.323,1.238022230739747,0.6858,both_beneficial,mixed,false,robust,validated_proxy_row,"FoRCy uses normalized maximum footing moment and contact-area proxy lambda=sqrt(1/A_c/A); measured displacement gate is max(rotation/0.01 rad, sliding/0.1%, settlement/0.1%).",base
FoRCy,FoRCy_Mastersheet_others.csv,2_s_R_1.55,50,1.9577758204863371,2.8328861632809503,-0.9450278745939948,0.53,2.031429666538904,1.373,mixed,mixed,true,robust,validated_proxy_row,"FoRCy uses normalized maximum footing moment and contact-area proxy lambda=sqrt(1/A_c/A); measured displacement gate is max(rotation/0.01 rad, sliding/0.1%, settlement/0.1%).",base
FoRCy,FoRCy_Mastersheet_others.csv,2_s_R_1.55,51,1.9577758204863371,2.8328861632809503,-0.5501793386599919,0.691,2.6485243388271367,2.4419999999999997,mixed,mixed,true,robust,validated_proxy_row,"FoRCy uses normalized maximum footing moment and contact-area proxy lambda=sqrt(1/A_c/A); measured displacement gate is max(rotation/0.01 rad, sliding/0.1%, settlement/0.1%).",base
FoRCy,FoRCy_Mastersheet_others.csv,2_s_R_1.55,52,1.9577758204863371,2.8328861632809503,-0.13222687990985632,0.915,3.50709083940207,4.622999999999999,mixed,mixed,true,marginal,validated_proxy_row,"FoRCy uses normalized maximum footing moment and contact-area proxy lambda=sqrt(1/A_c/A); measured displacement gate is max(rotation/0.01 rad, sliding/0.1%, settlement/0.1%).",base
FoRCy,FoRCy_Mastersheet_others.csv,2_s_R_1.55,53,1.9577758204863371,2.8328861632809503,0.04544327786869194,1.031,3.9517056343426598,7.430999999999999,both_detrimental,both_detrimental,true,marginal,validated_proxy_row,"FoRCy uses normalized maximum footing moment and contact-area proxy lambda=sqrt(1/A_c/A); measured displacement gate is max(rotation/0.01 rad, sliding/0.1%, settlement/0.1%).",base
FoRCy,FoRCy_Mastersheet_others.csv,2_s_R_1.55,54,1.9577758204863371,2.8328861632809503,0.1580213854937122,1.112,4.262169413568418,12.815,both_detrimental,both_detrimental,true,robust,validated_proxy_row,"FoRCy uses normalized maximum footing moment and contact-area proxy lambda=sqrt(1/A_c/A); measured displacement gate is max(rotation/0.01 rad, sliding/0.1%, settlement/0.1%).",base
FoRCy,FoRCy_Mastersheet_others.csv,1.6_s_R_0.14,55,1.928791874526149,2.7202380952380953,-0.19114690419267852,0.882,3.2812500000000004,2.965,mixed,mixed,true,robust,validated_proxy_row,"FoRCy uses normalized maximum footing moment and contact-area proxy lambda=sqrt(1/A_c/A); measured displacement gate is max(rotation/0.01 rad, sliding/0.1%, settlement/0.1%).",base
FoRCy,FoRCy_Mastersheet_others.csv,1.6_s_R_0.14,56,1.928791874526149,2.7202380952380953,-0.15532605133868968,0.903,3.3593750000000004,7.62,mixed,mixed,true,marginal,validated_proxy_row,"FoRCy uses normalized maximum footing moment and contact-area proxy lambda=sqrt(1/A_c/A); measured displacement gate is max(rotation/0.01 rad, sliding/0.1%, settlement/0.1%).",base
FoRCy,FoRCy_Mastersheet_others.csv,1.6_s_R_0.14,57,1.928791874526149,2.7202380952380953,0.03610404809371086,1.024,3.80952380952381,11.386,both_detrimental,both_detrimental,true,marginal,validated_proxy_row,"FoRCy uses normalized maximum footing moment and contact-area proxy lambda=sqrt(1/A_c/A); measured displacement gate is max(rotation/0.01 rad, sliding/0.1%, settlement/0.1%).",base
FoRCy,FoRCy_Mastersheet_others.csv,1.6_s_R_0.14,58,1.928791874526149,2.7202380952380953,0.1478575464269565,1.102,4.099702380952382,11.758,both_detrimental,both_detrimental,true,robust,validated_proxy_row,"FoRCy uses normalized maximum footing moment and contact-area proxy lambda=sqrt(1/A_c/A); measured displacement gate is max(rotation/0.01 rad, sliding/0.1%, settlement/0.1%).",base
FoRCy,FoRCy_Mastersheet_others.csv,1.6_s_R_0.14,59,1.928791874526149,2.7202380952380953,0.18335710677711722,1.128,4.196428571428572,16.276,both_detrimental,both_detrimental,true,robust,validated_proxy_row,"FoRCy uses normalized maximum footing moment and contact-area proxy lambda=sqrt(1/A_c/A); measured displacement gate is max(rotation/0.01 rad, sliding/0.1%, settlement/0.1%).",base
FoRCy,FoRCy_Mastersheet_others.csv,1.4_s_R_0.6,60,1.9277164398874675,2.716090672612412,-1.1831267195705104,0.46,1.7094017094017098,0.19269999999999998,both_beneficial,mixed,false,robust,validated_proxy_row,"FoRCy uses normalized maximum footing moment and contact-area proxy lambda=sqrt(1/A_c/A); measured displacement gate is max(rotation/0.01 rad, sliding/0.1%, settlement/0.1%).",base
FoRCy,FoRCy_Mastersheet_others.csv,1.4_s_R_0.6,61,1.9277164398874675,2.716090672612412,-0.7631384054674928,0.606,2.2519509476031216,0.6728000000000001,both_beneficial,mixed,false,robust,validated_proxy_row,"FoRCy uses normalized maximum footing moment and contact-area proxy lambda=sqrt(1/A_c/A); measured displacement gate is max(rotation/0.01 rad, sliding/0.1%, settlement/0.1%).",base
FoRCy,FoRCy_Mastersheet_others.csv,1.4_s_R_0.6,62,1.9277164398874675,2.716090672612412,-0.2404622915587643,0.854,3.1735414344110002,2.021,mixed,mixed,true,robust,validated_proxy_row,"FoRCy uses normalized maximum footing moment and contact-area proxy lambda=sqrt(1/A_c/A); measured displacement gate is max(rotation/0.01 rad, sliding/0.1%, settlement/0.1%).",base
FoRCy,FoRCy_Mastersheet_others.csv,1.4_s_R_0.6,63,1.9277164398874675,2.716090672612412,0.010628112065609813,1.007,3.742103307320699,4.364999999999999,both_detrimental,both_detrimental,true,marginal,validated_proxy_row,"FoRCy uses normalized maximum footing moment and contact-area proxy lambda=sqrt(1/A_c/A); measured displacement gate is max(rotation/0.01 rad, sliding/0.1%, settlement/0.1%).",base
FoRCy,FoRCy_Mastersheet_others.csv,1.4_s_R_0.6,64,1.9277164398874675,2.716090672612412,0.1299027168712097,1.089,4.046822742474917,8.277999999999999,both_detrimental,both_detrimental,true,marginal,validated_proxy_row,"FoRCy uses normalized maximum footing moment and contact-area proxy lambda=sqrt(1/A_c/A); measured displacement gate is max(rotation/0.01 rad, sliding/0.1%, settlement/0.1%).",base
FoRCy,FoRCy_Mastersheet_others.csv,1.5_s_H35_0.26,65,1.759538357694467,2.095975232198142,0.15088863101596778,1.089,3.371517027863777,1.125,both_detrimental,both_detrimental,true,marginal,validated_proxy_row,"FoRCy uses normalized maximum footing moment and contact-area proxy lambda=sqrt(1/A_c/A); measured displacement gate is max(rotation/0.01 rad, sliding/0.1%, settlement/0.1%).",base
FoRCy,FoRCy_Mastersheet_others.csv,1.5_s_H35_0.26,66,1.759538357694467,2.095975232198142,-0.09637384898168297,0.947,2.9318885448916405,1.645,mixed,mixed,true,marginal,validated_proxy_row,"FoRCy uses normalized maximum footing moment and contact-area proxy lambda=sqrt(1/A_c/A); measured displacement gate is max(rotation/0.01 rad, sliding/0.1%, settlement/0.1%).",base
FoRCy,FoRCy_Mastersheet_others.csv,1.5_s_H35_0.26,67,1.759538357694467,2.095975232198142,0.05402906855385717,1.031,3.1919504643962844,1.895,both_detrimental,both_detrimental,true,marginal,validated_proxy_row,"FoRCy uses normalized maximum footing moment and contact-area proxy lambda=sqrt(1/A_c/A); measured displacement gate is max(rotation/0.01 rad, sliding/0.1%, settlement/0.1%).",base
FoRCy,FoRCy_Mastersheet_others.csv,1.5_s_H35_0.26,68,1.759538357694467,2.095975232198142,0.15088863101596778,1.089,3.371517027863777,5.829999999999999,both_detrimental,both_detrimental,true,marginal,validated_proxy_row,"FoRCy uses normalized maximum footing moment and contact-area proxy lambda=sqrt(1/A_c/A); measured displacement gate is max(rotation/0.01 rad, sliding/0.1%, settlement/0.1%).",base
FoRCy,FoRCy_Mastersheet_others.csv,1.5_s_H35_0.26,69,1.759538357694467,2.095975232198142,0.2162946873138887,1.13,3.4984520123839005,13.0,both_detrimental,both_detrimental,true,robust,validated_proxy_row,"FoRCy uses normalized maximum footing moment and contact-area proxy lambda=sqrt(1/A_c/A); measured displacement gate is max(rotation/0.01 rad, sliding/0.1%, settlement/0.1%).",base
FoRCy,FoRCy_Mastersheet_others.csv,1.5_s_H35_0.13,70,1.7381449986274955,2.021148036253776,-0.3700440263422039,0.815,2.4622356495468276,8.214,mixed,mixed,true,robust,validated_proxy_row,"FoRCy uses normalized maximum footing moment and contact-area proxy lambda=sqrt(1/A_c/A); measured displacement gate is max(rotation/0.01 rad, sliding/0.1%, settlement/0.1%).",base
FoRCy,FoRCy_Mastersheet_others.csv,1.5_s_H35_0.13,71,1.7381449986274955,2.021148036253776,-0.016353912613934173,0.991,2.9939577039274923,4.858,mixed,mixed,true,marginal,validated_proxy_row,"FoRCy uses normalized maximum footing moment and contact-area proxy lambda=sqrt(1/A_c/A); measured displacement gate is max(rotation/0.01 rad, sliding/0.1%, settlement/0.1%).",base
FoRCy,FoRCy_Mastersheet_others.csv,1.5_s_H35_0.13,72,1.7381449986274955,2.021148036253776,0.175693684633768,1.102,3.3293051359516617,5.316999999999999,both_detrimental,both_detrimental,true,robust,validated_proxy_row,"FoRCy uses normalized maximum footing moment and contact-area proxy lambda=sqrt(1/A_c/A); measured displacement gate is max(rotation/0.01 rad, sliding/0.1%, settlement/0.1%).",base
FoRCy,FoRCy_Mastersheet_others.csv,1.5_s_H35_0.13,73,1.7381449986274955,2.021148036253776,0.23860468197080764,1.141,3.4471299093655587,10.94,both_detrimental,both_detrimental,true,robust,validated_proxy_row,"FoRCy uses normalized maximum footing moment and contact-area proxy lambda=sqrt(1/A_c/A); measured displacement gate is max(rotation/0.01 rad, sliding/0.1%, settlement/0.1%).",base
FoRCy,FoRCy_Mastersheet_others.csv,1.5_s_H50_0.17,74,1.6484511834894675,1.7173913043478262,-0.3703723241479191,0.831,2.2581521739130435,3.19,mixed,mixed,true,robust,validated_proxy_row,"FoRCy uses normalized maximum footing moment and contact-area proxy lambda=sqrt(1/A_c/A); measured displacement gate is max(rotation/0.01 rad, sliding/0.1%, settlement/0.1%).",base
FoRCy,FoRCy_Mastersheet_others.csv,1.5_s_H50_0.17,75,1.6484511834894675,1.7173913043478262,-0.012040089697125127,0.994,2.7010869565217392,6.3549999999999995,mixed,mixed,true,marginal,validated_proxy_row,"FoRCy uses normalized maximum footing moment and contact-area proxy lambda=sqrt(1/A_c/A); measured displacement gate is max(rotation/0.01 rad, sliding/0.1%, settlement/0.1%).",base
FoRCy,FoRCy_Mastersheet_others.csv,1.5_s_H50_0.17,76,1.6484511834894675,1.7173913043478262,0.21238998318595534,1.112,3.021739130434783,3.65,both_detrimental,both_detrimental,true,robust,validated_proxy_row,"FoRCy uses normalized maximum footing moment and contact-area proxy lambda=sqrt(1/A_c/A); measured displacement gate is max(rotation/0.01 rad, sliding/0.1%, settlement/0.1%).",base
FoRCy,FoRCy_Mastersheet_others.csv,1.5_s_H50_0.17,77,1.6484511834894675,1.7173913043478262,0.3021047344646761,1.163,3.160326086956522,6.6049999999999995,both_detrimental,both_detrimental,true,robust,validated_proxy_row,"FoRCy uses normalized maximum footing moment and contact-area proxy lambda=sqrt(1/A_c/A); measured displacement gate is max(rotation/0.01 rad, sliding/0.1%, settlement/0.1%).",base
FoRCy,FoRCy_Mastersheet_others.csv,1.5_s_H50_0.17,78,1.6484511834894675,1.7173913043478262,0.2515848446967435,1.134,3.0815217391304346,26.779999999999998,both_detrimental,both_detrimental,true,robust,validated_proxy_row,"FoRCy uses normalized maximum footing moment and contact-area proxy lambda=sqrt(1/A_c/A); measured displacement gate is max(rotation/0.01 rad, sliding/0.1%, settlement/0.1%).",base
FoRCy,FoRCy_Mastersheet_others.csv,1.5_s_H50_0.11,79,1.6506955020011946,1.7247956403269757,0.0840013007261568,1.043,2.841961852861036,5.0329999999999995,both_detrimental,both_detrimental,true,marginal,validated_proxy_row,"FoRCy uses normalized maximum footing moment and contact-area proxy lambda=sqrt(1/A_c/A); measured displacement gate is max(rotation/0.01 rad, sliding/0.1%, settlement/0.1%).",base
FoRCy,FoRCy_Mastersheet_others.csv,1.5_s_H50_0.11,80,1.6506955020011946,1.7247956403269757,-0.03421043735113922,0.983,2.6784741144414177,8.656,mixed,mixed,true,marginal,validated_proxy_row,"FoRCy uses normalized maximum footing moment and contact-area proxy lambda=sqrt(1/A_c/A); measured displacement gate is max(rotation/0.01 rad, sliding/0.1%, settlement/0.1%).",base
FoRCy,FoRCy_Mastersheet_others.csv,1.5_s_H50_0.11,81,1.6506955020011946,1.7247956403269757,0.14243907408812945,1.074,2.9264305177111725,9.041,both_detrimental,both_detrimental,true,marginal,validated_proxy_row,"FoRCy uses normalized maximum footing moment and contact-area proxy lambda=sqrt(1/A_c/A); measured displacement gate is max(rotation/0.01 rad, sliding/0.1%, settlement/0.1%).",base
FoRCy,FoRCy_Mastersheet_others.csv,1.5_s_H50_0.11,82,1.6506955020011946,1.7247956403269757,0.17194385673758394,1.09,2.9700272479564043,11.679999999999998,both_detrimental,both_detrimental,true,marginal,validated_proxy_row,"FoRCy uses normalized maximum footing moment and contact-area proxy lambda=sqrt(1/A_c/A); measured displacement gate is max(rotation/0.01 rad, sliding/0.1%, settlement/0.1%).",base
FoRCy,FoRCy_Mastersheet_others.csv,1.5_s_H50_0.11,83,1.6506955020011946,1.7247956403269757,0.21539874100171222,1.114,3.0354223433242518,21.16,both_detrimental,both_detrimental,true,robust,validated_proxy_row,"FoRCy uses normalized maximum footing moment and contact-area proxy lambda=sqrt(1/A_c/A); measured displacement gate is max(rotation/0.01 rad, sliding/0.1%, settlement/0.1%).",base
FoRCy,FoRCy_Mastersheet_others.csv,1.5_s_H65_0.09,84,1.5218038588185883,1.3158869847151458,0.22698499973259925,1.1,2.5474756831866605,5.063999999999999,both_detrimental,both_detrimental,true,robust,validated_proxy_row,"FoRCy uses normalized maximum footing moment and contact-area proxy lambda=sqrt(1/A_c/A); measured displacement gate is max(rotation/0.01 rad, sliding/0.1%, settlement/0.1%).",base
FoRCy,FoRCy_Mastersheet_others.csv,1.5_s_H65_0.09,85,1.5218038588185883,1.3158869847151458,0.023697110326332056,1.01,2.3390458545622974,16.0,both_detrimental,both_detrimental,true,marginal,validated_proxy_row,"FoRCy uses normalized maximum footing moment and contact-area proxy lambda=sqrt(1/A_c/A); measured displacement gate is max(rotation/0.01 rad, sliding/0.1%, settlement/0.1%).",base
FoRCy,FoRCy_Mastersheet_others.csv,1.5_s_H65_0.09,86,1.5218038588185883,1.3158869847151458,0.17666119935262986,1.077,2.4942102825382118,22.999999999999996,both_detrimental,both_detrimental,true,marginal,validated_proxy_row,"FoRCy uses normalized maximum footing moment and contact-area proxy lambda=sqrt(1/A_c/A); measured displacement gate is max(rotation/0.01 rad, sliding/0.1%, settlement/0.1%).",base
FoRCy,FoRCy_Mastersheet_others.csv,1.5_s_H65_0.09,87,1.5218038588185883,1.3158869847151458,0.28684732396735757,1.128,2.612320518758684,23.999999999999996,both_detrimental,both_detrimental,true,robust,validated_proxy_row,"FoRCy uses normalized maximum footing moment and contact-area proxy lambda=sqrt(1/A_c/A); measured displacement gate is max(rotation/0.01 rad, sliding/0.1%, settlement/0.1%).",base
FoRCy,FoRCy_Mastersheet_others.csv,1.5_s_H65_0.09,88,1.5218038588185883,1.3158869847151458,0.4657501056190451,1.216,2.8161185734136174,37.99999999999999,both_detrimental,both_detrimental,true,robust,validated_proxy_row,"FoRCy uses normalized maximum footing moment and contact-area proxy lambda=sqrt(1/A_c/A); measured displacement gate is max(rotation/0.01 rad, sliding/0.1%, settlement/0.1%).",base
FoRCy,FoRCy_Mastersheet_others.csv,LJD01_Spin1_SC_Event4_0.2V,89,3.779644730092272,13.285714285714285,-0.07093001674256749,0.91,13.0,11.06,mixed,mixed,true,marginal,validated_proxy_row,"FoRCy uses normalized maximum footing moment and contact-area proxy lambda=sqrt(1/A_c/A); measured displacement gate is max(rotation/0.01 rad, sliding/0.1%, settlement/0.1%).",base
FoRCy,FoRCy_Mastersheet_others.csv,LJD01_Spin1_SC_Event5_0.4V,90,3.779644730092272,13.285714285714285,0.0,1.0,14.285714285714285,12.43,both_detrimental,both_detrimental,true,marginal,validated_proxy_row,"FoRCy uses normalized maximum footing moment and contact-area proxy lambda=sqrt(1/A_c/A); measured displacement gate is max(rotation/0.01 rad, sliding/0.1%, settlement/0.1%).",base
FoRCy,FoRCy_Mastersheet_others.csv,LJD01_Spin1_SC_Event6_0.8V,91,3.779644730092272,13.285714285714285,0.014893336508016204,1.02,14.571428571428571,19.41,both_detrimental,both_detrimental,true,marginal,validated_proxy_row,"FoRCy uses normalized maximum footing moment and contact-area proxy lambda=sqrt(1/A_c/A); measured displacement gate is max(rotation/0.01 rad, sliding/0.1%, settlement/0.1%).",base
FoRCy,FoRCy_Mastersheet_others.csv,LJD01_Spin1_SC_Event7_0.2V,92,3.779644730092272,13.285714285714285,-0.022908032356129104,0.97,13.857142857142856,23.78,mixed,mixed,true,marginal,validated_proxy_row,"FoRCy uses normalized maximum footing moment and contact-area proxy lambda=sqrt(1/A_c/A); measured displacement gate is max(rotation/0.01 rad, sliding/0.1%, settlement/0.1%).",base
FoRCy,FoRCy_Mastersheet_others.csv,LJD01_Spin2_MC_Event5_0.2V,93,5.773502691896258,32.333333333333336,-0.0600934128242126,0.9,30.00000000000001,1.067,mixed,mixed,true,marginal,validated_proxy_row,"FoRCy uses normalized maximum footing moment and contact-area proxy lambda=sqrt(1/A_c/A); measured displacement gate is max(rotation/0.01 rad, sliding/0.1%, settlement/0.1%).",base
FoRCy,FoRCy_Mastersheet_others.csv,LJD01_Spin2_MC_Event6_0.4V,94,5.773502691896258,32.333333333333336,-0.047557525859064545,0.92,30.666666666666675,2.226,mixed,mixed,true,marginal,validated_proxy_row,"FoRCy uses normalized maximum footing moment and contact-area proxy lambda=sqrt(1/A_c/A); measured displacement gate is max(rotation/0.01 rad, sliding/0.1%, settlement/0.1%).",base
FoRCy,FoRCy_Mastersheet_others.csv,LJD01_Spin2_MC_Event7_0.8V,95,5.773502691896258,32.333333333333336,-0.04139141286690304,0.93,31.00000000000001,10.68,mixed,mixed,true,marginal,validated_proxy_row,"FoRCy uses normalized maximum footing moment and contact-area proxy lambda=sqrt(1/A_c/A); measured displacement gate is max(rotation/0.01 rad, sliding/0.1%, settlement/0.1%).",base
FoRCy,FoRCy_Mastersheet_others.csv,LJD01_Spin2_MC_Event8_0.2V,96,5.773502691896258,32.333333333333336,-0.05379102939855735,0.91,30.333333333333343,1.4489999999999998,mixed,mixed,true,marginal,validated_proxy_row,"FoRCy uses normalized maximum footing moment and contact-area proxy lambda=sqrt(1/A_c/A); measured displacement gate is max(rotation/0.01 rad, sliding/0.1%, settlement/0.1%).",base
FoRCy,FoRCy_Mastersheet_others.csv,LJD01_Spin3_LC_Event4_0.2V,97,7.0710678118654755,49.0,-0.053864977538032266,0.9,45.00000000000001,17.54,mixed,mixed,true,marginal,validated_proxy_row,"FoRCy uses normalized maximum footing moment and contact-area proxy lambda=sqrt(1/A_c/A); measured displacement gate is max(rotation/0.01 rad, sliding/0.1%, settlement/0.1%).",base
FoRCy,FoRCy_Mastersheet_others.csv,LJD01_Spin3_LC_Event5_0.4V,98,7.0710678118654755,49.0,-0.010328521733889144,0.98,49.00000000000001,36.589999999999996,mixed,mixed,true,marginal,validated_proxy_row,"FoRCy uses normalized maximum footing moment and contact-area proxy lambda=sqrt(1/A_c/A); measured displacement gate is max(rotation/0.01 rad, sliding/0.1%, settlement/0.1%).",base
FoRCy,FoRCy_Mastersheet_others.csv,LJD01_Spin3_LC_Event6_0.8V,99,7.0710678118654755,49.0,0.005087051297684836,1.01,50.50000000000001,78.28999999999999,both_detrimental,both_detrimental,true,marginal,validated_proxy_row,"FoRCy uses normalized maximum footing moment and contact-area proxy lambda=sqrt(1/A_c/A); measured displacement gate is max(rotation/0.01 rad, sliding/0.1%, settlement/0.1%).",base
FoRCy,FoRCy_Mastersheet_others.csv,LJD01_Spin3_LC_Event7_0.2V,100,7.0710678118654755,49.0,-0.0051381782978045165,0.99,49.50000000000001,21.32,mixed,mixed,true,marginal,validated_proxy_row,"FoRCy uses normalized maximum footing moment and contact-area proxy lambda=sqrt(1/A_c/A); measured displacement gate is max(rotation/0.01 rad, sliding/0.1%, settlement/0.1%).",base
FoRCy,FoRCy_Mastersheet_others.csv,LJD01_Spin4_SC_Event4_0.2V,101,3.779644730092272,13.285714285714285,-0.2264578029993786,0.74,10.571428571428571,5.681,mixed,mixed,true,robust,validated_proxy_row,"FoRCy uses normalized maximum footing moment and contact-area proxy lambda=sqrt(1/A_c/A); measured displacement gate is max(rotation/0.01 rad, sliding/0.1%, settlement/0.1%).",base
FoRCy,FoRCy_Mastersheet_others.csv,LJD01_Spin4_SC_Event5_0.4V,102,3.779644730092272,13.285714285714285,-0.1311292500344412,0.84,11.999999999999998,10.34,mixed,mixed,true,robust,validated_proxy_row,"FoRCy uses normalized maximum footing moment and contact-area proxy lambda=sqrt(1/A_c/A); measured displacement gate is max(rotation/0.01 rad, sliding/0.1%, settlement/0.1%).",base
FoRCy,FoRCy_Mastersheet_others.csv,LJD01_Spin4_SC_Event6_0.8V,103,3.779644730092272,13.285714285714285,-0.09614206187773153,0.88,12.571428571428571,16.89,mixed,mixed,true,robust,validated_proxy_row,"FoRCy uses normalized maximum footing moment and contact-area proxy lambda=sqrt(1/A_c/A); measured displacement gate is max(rotation/0.01 rad, sliding/0.1%, settlement/0.1%).",base
FoRCy,FoRCy_Mastersheet_others.csv,LJD01_Spin4_SC_Event7_0.2V,104,3.779644730092272,13.285714285714285,-0.31250456005868926,0.66,9.428571428571429,19.029999999999998,mixed,mixed,true,robust,validated_proxy_row,"FoRCy uses normalized maximum footing moment and contact-area proxy lambda=sqrt(1/A_c/A); measured displacement gate is max(rotation/0.01 rad, sliding/0.1%, settlement/0.1%).",base
FoRCy,FoRCy_Mastersheet_others.csv,P2011SQF1,105,1.9104017997521752,2.64963503649635,0.0,1.0,3.64963503649635,10.2,both_detrimental,both_detrimental,true,marginal,validated_proxy_row,"FoRCy uses normalized maximum footing moment and contact-area proxy lambda=sqrt(1/A_c/A); measured displacement gate is max(rotation/0.01 rad, sliding/0.1%, settlement/0.1%).",base
FoRCy,FoRCy_Mastersheet_others.csv,P2011SQF2,106,1.9104017997521752,2.64963503649635,-1.0102158849275196,0.52,1.897810218978102,2.9999999999999996,mixed,mixed,true,robust,validated_proxy_row,"FoRCy uses normalized maximum footing moment and contact-area proxy lambda=sqrt(1/A_c/A); measured displacement gate is max(rotation/0.01 rad, sliding/0.1%, settlement/0.1%).",base
FoRCy,FoRCy_Mastersheet_others.csv,P2011SQF2,107,1.9104017997521752,2.64963503649635,-0.42396274620417007,0.76,2.773722627737226,7.6,mixed,mixed,true,robust,validated_proxy_row,"FoRCy uses normalized maximum footing moment and contact-area proxy lambda=sqrt(1/A_c/A); measured displacement gate is max(rotation/0.01 rad, sliding/0.1%, settlement/0.1%).",base
FoRCy,FoRCy_Mastersheet_others.csv,P2011SQF2,108,1.9104017997521752,2.64963503649635,-0.21513848972359487,0.87,3.1751824817518246,13.0,mixed,mixed,true,robust,validated_proxy_row,"FoRCy uses normalized maximum footing moment and contact-area proxy lambda=sqrt(1/A_c/A); measured displacement gate is max(rotation/0.01 rad, sliding/0.1%, settlement/0.1%).",base
FoRCy,FoRCy_Mastersheet_others.csv,P2011SQF2,109,1.9104017997521752,2.64963503649635,-0.11211056645663357,0.93,3.3941605839416056,18.9,mixed,mixed,true,marginal,validated_proxy_row,"FoRCy uses normalized maximum footing moment and contact-area proxy lambda=sqrt(1/A_c/A); measured displacement gate is max(rotation/0.01 rad, sliding/0.1%, settlement/0.1%).",base
FoRCy,FoRCy_Mastersheet_others.csv,P2011SQF2,110,1.9104017997521752,2.64963503649635,-0.06306370727328306,0.96,3.5036496350364956,24.3,mixed,mixed,true,marginal,validated_proxy_row,"FoRCy uses normalized maximum footing moment and contact-area proxy lambda=sqrt(1/A_c/A); measured displacement gate is max(rotation/0.01 rad, sliding/0.1%, settlement/0.1%).",base
FoRCy,FoRCy_Mastersheet_others.csv,P2011SQF2,111,1.9104017997521752,2.64963503649635,-0.04705479404341087,0.97,3.5401459854014594,30.099999999999998,mixed,mixed,true,marginal,validated_proxy_row,"FoRCy uses normalized maximum footing moment and contact-area proxy lambda=sqrt(1/A_c/A); measured displacement gate is max(rotation/0.01 rad, sliding/0.1%, settlement/0.1%).",base
FoRCy,FoRCy_Mastersheet_others.csv,P2011SQF2,112,1.9104017997521752,2.64963503649635,-0.07924025614999772,0.95,3.4671532846715323,35.6,mixed,mixed,true,marginal,validated_proxy_row,"FoRCy uses normalized maximum footing moment and contact-area proxy lambda=sqrt(1/A_c/A); measured displacement gate is max(rotation/0.01 rad, sliding/0.1%, settlement/0.1%).",base
FoRCy,FoRCy_Mastersheet_others.csv,P2011SQF2,113,1.9104017997521752,2.64963503649635,-0.03121007768906774,0.98,3.5766423357664228,42.699999999999996,mixed,mixed,true,marginal,validated_proxy_row,"FoRCy uses normalized maximum footing moment and contact-area proxy lambda=sqrt(1/A_c/A); measured displacement gate is max(rotation/0.01 rad, sliding/0.1%, settlement/0.1%).",base
FoRCy,FoRCy_Mastersheet_others.csv,P2011SQF2,114,1.9104017997521752,2.64963503649635,0.0,1.0,3.64963503649635,50.49999999999999,both_detrimental,both_detrimental,true,marginal,validated_proxy_row,"FoRCy uses normalized maximum footing moment and contact-area proxy lambda=sqrt(1/A_c/A); measured displacement gate is max(rotation/0.01 rad, sliding/0.1%, settlement/0.1%).",base
FoRCy,FoRCy_Mastersheet_others.csv,P2011SQF2,115,1.9104017997521752,2.64963503649635,0.04566380633324256,1.03,3.7591240875912404,58.3,both_detrimental,both_detrimental,true,marginal,validated_proxy_row,"FoRCy uses normalized maximum footing moment and contact-area proxy lambda=sqrt(1/A_c/A); measured displacement gate is max(rotation/0.01 rad, sliding/0.1%, settlement/0.1%).",base
FoRCy,FoRCy_Mastersheet_others.csv,P2011SQF2,116,1.9104017997521752,2.64963503649635,0.04566380633324256,1.03,3.7591240875912404,68.89999999999999,both_detrimental,both_detrimental,true,marginal,validated_proxy_row,"FoRCy uses normalized maximum footing moment and contact-area proxy lambda=sqrt(1/A_c/A); measured displacement gate is max(rotation/0.01 rad, sliding/0.1%, settlement/0.1%).",base
FoRCy,FoRCy_Mastersheet_others.csv,P2011SQF2,117,1.9104017997521752,2.64963503649635,0.10452221289044329,1.07,3.9051094890510947,81.19999999999999,both_detrimental,both_detrimental,true,marginal,validated_proxy_row,"FoRCy uses normalized maximum footing moment and contact-area proxy lambda=sqrt(1/A_c/A); measured displacement gate is max(rotation/0.01 rad, sliding/0.1%, settlement/0.1%).",base
FoRCy,FoRCy_Mastersheet_others.csv,P2011SQF2,118,1.9104017997521752,2.64963503649635,0.10452221289044329,1.07,3.9051094890510947,94.8,both_detrimental,both_detrimental,true,marginal,validated_proxy_row,"FoRCy uses normalized maximum footing moment and contact-area proxy lambda=sqrt(1/A_c/A); measured displacement gate is max(rotation/0.01 rad, sliding/0.1%, settlement/0.1%).",base
FoRCy,FoRCy_Mastersheet_others.csv,P2011SQF2,119,1.9104017997521752,2.64963503649635,0.2159107198331319,1.15,4.197080291970802,110.6,both_detrimental,both_detrimental,true,robust,validated_proxy_row,"FoRCy uses normalized maximum footing moment and contact-area proxy lambda=sqrt(1/A_c/A); measured displacement gate is max(rotation/0.01 rad, sliding/0.1%, settlement/0.1%).",base
FoRCy,FoRCy_Mastersheet_others.csv,P2011SQF3,120,1.9104017997521752,2.64963503649635,-0.2878505598150573,0.83,3.0291970802919703,4.3999999999999995,mixed,mixed,true,robust,validated_proxy_row,"FoRCy uses normalized maximum footing moment and contact-area proxy lambda=sqrt(1/A_c/A); measured displacement gate is max(rotation/0.01 rad, sliding/0.1%, settlement/0.1%).",base
FoRCy,FoRCy_Mastersheet_others.csv,P2011SQF3,121,1.9104017997521752,2.64963503649635,-0.04705479404341087,0.97,3.5401459854014594,9.799999999999999,mixed,mixed,true,marginal,validated_proxy_row,"FoRCy uses normalized maximum footing moment and contact-area proxy lambda=sqrt(1/A_c/A); measured displacement gate is max(rotation/0.01 rad, sliding/0.1%, settlement/0.1%).",base
FoRCy,FoRCy_Mastersheet_others.csv,P2011SQF3,122,1.9104017997521752,2.64963503649635,0.015371731821803868,1.01,3.6861313868613133,16.0,both_detrimental,both_detrimental,true,marginal,validated_proxy_row,"FoRCy uses normalized maximum footing moment and contact-area proxy lambda=sqrt(1/A_c/A); measured displacement gate is max(rotation/0.01 rad, sliding/0.1%, settlement/0.1%).",base
FoRCy,FoRCy_Mastersheet_others.csv,P2011SQF3,123,1.9104017997521752,2.64963503649635,0.015371731821803868,1.01,3.6861313868613133,22.599999999999998,both_detrimental,both_detrimental,true,marginal,validated_proxy_row,"FoRCy uses normalized maximum footing moment and contact-area proxy lambda=sqrt(1/A_c/A); measured displacement gate is max(rotation/0.01 rad, sliding/0.1%, settlement/0.1%).",base
FoRCy,FoRCy_Mastersheet_others.csv,P2011SQF3,124,1.9104017997521752,2.64963503649635,0.09001650723462169,1.06,3.868613138686131,29.1,both_detrimental,both_detrimental,true,marginal,validated_proxy_row,"FoRCy uses normalized maximum footing moment and contact-area proxy lambda=sqrt(1/A_c/A); measured displacement gate is max(rotation/0.01 rad, sliding/0.1%, settlement/0.1%).",base
FoRCy,FoRCy_Mastersheet_others.csv,P2011SQF3,125,1.9104017997521752,2.64963503649635,0.015371731821803868,1.01,3.6861313868613133,36.0,both_detrimental,both_detrimental,true,marginal,validated_proxy_row,"FoRCy uses normalized maximum footing moment and contact-area proxy lambda=sqrt(1/A_c/A); measured displacement gate is max(rotation/0.01 rad, sliding/0.1%, settlement/0.1%).",base
FoRCy,FoRCy_Mastersheet_others.csv,P2011SQF3,126,1.9104017997521752,2.64963503649635,0.060589973675114685,1.04,3.795620437956204,50.4,both_detrimental,both_detrimental,true,marginal,validated_proxy_row,"FoRCy uses normalized maximum footing moment and contact-area proxy lambda=sqrt(1/A_c/A); measured displacement gate is max(rotation/0.01 rad, sliding/0.1%, settlement/0.1%).",base
FoRCy,FoRCy_Mastersheet_others.csv,P2011SQF4,127,1.9104017997521752,2.64963503649635,-0.04705479404341087,0.97,3.5401459854014594,24.2,mixed,mixed,true,marginal,validated_proxy_row,"FoRCy uses normalized maximum footing moment and contact-area proxy lambda=sqrt(1/A_c/A); measured displacement gate is max(rotation/0.01 rad, sliding/0.1%, settlement/0.1%).",base
FoRCy,FoRCy_Mastersheet_others.csv,P2011SQF4,128,1.9104017997521752,2.64963503649635,0.1612201837462362,1.11,4.0510948905109485,48.89999999999999,both_detrimental,both_detrimental,true,robust,validated_proxy_row,"FoRCy uses normalized maximum footing moment and contact-area proxy lambda=sqrt(1/A_c/A); measured displacement gate is max(rotation/0.01 rad, sliding/0.1%, settlement/0.1%).",base
FoRCy,FoRCy_Mastersheet_others.csv,P2011SQF4,129,1.9104017997521752,2.64963503649635,0.30719401377421157,1.22,4.452554744525547,72.0,both_detrimental,both_detrimental,true,robust,validated_proxy_row,"FoRCy uses normalized maximum footing moment and contact-area proxy lambda=sqrt(1/A_c/A); measured displacement gate is max(rotation/0.01 rad, sliding/0.1%, settlement/0.1%).",base
FoRCy,FoRCy_Mastersheet_others.csv,P2011SQF4,130,1.9104017997521752,2.64963503649635,0.2159107198331319,1.15,4.197080291970802,97.10000000000001,both_detrimental,both_detrimental,true,robust,validated_proxy_row,"FoRCy uses normalized maximum footing moment and contact-area proxy lambda=sqrt(1/A_c/A); measured displacement gate is max(rotation/0.01 rad, sliding/0.1%, settlement/0.1%).",base
FoRCy,FoRCy_Mastersheet_others.csv,P2011SQF4,131,1.9104017997521752,2.64963503649635,0.13313129534949691,1.09,3.978102189781022,141.89999999999998,both_detrimental,both_detrimental,true,marginal,validated_proxy_row,"FoRCy uses normalized maximum footing moment and contact-area proxy lambda=sqrt(1/A_c/A); measured displacement gate is max(rotation/0.01 rad, sliding/0.1%, settlement/0.1%).",base
FoRCy,FoRCy_Mastersheet_others.csv,P2011SQF5,132,1.4314958357846705,1.0491803278688523,0.13601185547896072,1.05,2.151639344262295,9.4,both_detrimental,both_detrimental,true,marginal,validated_proxy_row,"FoRCy uses normalized maximum footing moment and contact-area proxy lambda=sqrt(1/A_c/A); measured displacement gate is max(rotation/0.01 rad, sliding/0.1%, settlement/0.1%).",base
FoRCy,FoRCy_Mastersheet_others.csv,P2011SQF6,133,1.4314958357846705,1.0491803278688523,-1.6665842620323228,0.55,1.1270491803278688,4.3,mixed,mixed,true,marginal,validated_proxy_row,"FoRCy uses normalized maximum footing moment and contact-area proxy lambda=sqrt(1/A_c/A); measured displacement gate is max(rotation/0.01 rad, sliding/0.1%, settlement/0.1%).",base
FoRCy,FoRCy_Mastersheet_others.csv,P2011SQF6,134,1.4314958357846705,1.0491803278688523,-0.8393876729228997,0.74,1.5163934426229506,11.899999999999999,mixed,mixed,true,robust,validated_proxy_row,"FoRCy uses normalized maximum footing moment and contact-area proxy lambda=sqrt(1/A_c/A); measured displacement gate is max(rotation/0.01 rad, sliding/0.1%, settlement/0.1%).",base
FoRCy,FoRCy_Mastersheet_others.csv,P2011SQF6,135,1.4314958357846705,1.0491803278688523,-0.388219480264291,0.87,1.7827868852459015,20.2,mixed,mixed,true,robust,validated_proxy_row,"FoRCy uses normalized maximum footing moment and contact-area proxy lambda=sqrt(1/A_c/A); measured displacement gate is max(rotation/0.01 rad, sliding/0.1%, settlement/0.1%).",base
FoRCy,FoRCy_Mastersheet_others.csv,P2011SQF6,136,1.4314958357846705,1.0491803278688523,-0.08491082981453488,0.97,1.9877049180327866,31.099999999999998,mixed,mixed,true,marginal,validated_proxy_row,"FoRCy uses normalized maximum footing moment and contact-area proxy lambda=sqrt(1/A_c/A); measured displacement gate is max(rotation/0.01 rad, sliding/0.1%, settlement/0.1%).",base
FoRCy,FoRCy_Mastersheet_others.csv,P2011SQF6,137,1.4314958357846705,1.0491803278688523,0.08240077907192091,1.03,2.110655737704918,42.8,both_detrimental,both_detrimental,true,marginal,validated_proxy_row,"FoRCy uses normalized maximum footing moment and contact-area proxy lambda=sqrt(1/A_c/A); measured displacement gate is max(rotation/0.01 rad, sliding/0.1%, settlement/0.1%).",base
FoRCy,FoRCy_Mastersheet_others.csv,P2011SQF6,138,1.4314958357846705,1.0491803278688523,0.21454352906390925,1.08,2.2131147540983607,55.0,both_detrimental,both_detrimental,true,marginal,validated_proxy_row,"FoRCy uses normalized maximum footing moment and contact-area proxy lambda=sqrt(1/A_c/A); measured displacement gate is max(rotation/0.01 rad, sliding/0.1%, settlement/0.1%).",base
FoRCy,FoRCy_Mastersheet_others.csv,P2011SQF6,139,1.4314958357846705,1.0491803278688523,0.36526618414710327,1.14,2.3360655737704916,68.7,both_detrimental,both_detrimental,true,robust,validated_proxy_row,"FoRCy uses normalized maximum footing moment and contact-area proxy lambda=sqrt(1/A_c/A); measured displacement gate is max(rotation/0.01 rad, sliding/0.1%, settlement/0.1%).",base
FoRCy,FoRCy_Mastersheet_others.csv,P2011SQF6,140,1.4314958357846705,1.0491803278688523,0.9179967812672553,1.39,2.8483606557377046,82.89999999999999,both_detrimental,both_detrimental,true,robust,validated_proxy_row,"FoRCy uses normalized maximum footing moment and contact-area proxy lambda=sqrt(1/A_c/A); measured displacement gate is max(rotation/0.01 rad, sliding/0.1%, settlement/0.1%).",base
FoRCy,FoRCy_Mastersheet_others.csv,P2011SQF6,141,1.4314958357846705,1.0491803278688523,0.9970854915322191,1.43,2.9303278688524586,99.49999999999999,both_detrimental,both_detrimental,true,robust,validated_proxy_row,"FoRCy uses normalized maximum footing moment and contact-area proxy lambda=sqrt(1/A_c/A); measured displacement gate is max(rotation/0.01 rad, sliding/0.1%, settlement/0.1%).",base
FoRCy,FoRCy_Mastersheet_others.csv,P2011SQF6,142,1.4314958357846705,1.0491803278688523,1.0928918295722816,1.48,3.0327868852459012,117.2,both_detrimental,both_detrimental,true,robust,validated_proxy_row,"FoRCy uses normalized maximum footing moment and contact-area proxy lambda=sqrt(1/A_c/A); measured displacement gate is max(rotation/0.01 rad, sliding/0.1%, settlement/0.1%).",base
FoRCy,FoRCy_Mastersheet_others.csv,P2011SQF6,143,1.4314958357846705,1.0491803278688523,1.3960062903346713,1.65,3.3811475409836063,136.3,both_detrimental,both_detrimental,true,robust,validated_proxy_row,"FoRCy uses normalized maximum footing moment and contact-area proxy lambda=sqrt(1/A_c/A); measured displacement gate is max(rotation/0.01 rad, sliding/0.1%, settlement/0.1%).",base
FoRCy,FoRCy_Mastersheet_others.csv,P2011SQF6,144,1.4314958357846705,1.0491803278688523,1.5118320325858339,1.72,3.524590163934426,160.0,both_detrimental,both_detrimental,true,robust,validated_proxy_row,"FoRCy uses normalized maximum footing moment and contact-area proxy lambda=sqrt(1/A_c/A); measured displacement gate is max(rotation/0.01 rad, sliding/0.1%, settlement/0.1%).",base
FoRCy,FoRCy_Mastersheet_others.csv,P2011SQF6,145,1.4314958357846705,1.0491803278688523,1.7745788961944124,1.89,3.8729508196721305,183.7,both_detrimental,both_detrimental,true,robust,validated_proxy_row,"FoRCy uses normalized maximum footing moment and contact-area proxy lambda=sqrt(1/A_c/A); measured displacement gate is max(rotation/0.01 rad, sliding/0.1%, settlement/0.1%).",base
FoRCy,FoRCy_Mastersheet_others.csv,P2011SQF6,146,1.4314958357846705,1.0491803278688523,2.0281800176625264,2.07,4.241803278688524,207.5,both_detrimental,both_detrimental,true,robust,validated_proxy_row,"FoRCy uses normalized maximum footing moment and contact-area proxy lambda=sqrt(1/A_c/A); measured displacement gate is max(rotation/0.01 rad, sliding/0.1%, settlement/0.1%).",base
FoRCy,FoRCy_Mastersheet_others.csv,P2011SQF7,147,1.4314958357846705,1.0491803278688523,-0.11379906818453539,0.96,1.967213114754098,53.8,mixed,mixed,true,marginal,validated_proxy_row,"FoRCy uses normalized maximum footing moment and contact-area proxy lambda=sqrt(1/A_c/A); measured displacement gate is max(rotation/0.01 rad, sliding/0.1%, settlement/0.1%).",base
FoRCy,FoRCy_Mastersheet_others.csv,P2011SQF7,148,1.4314958357846705,1.0491803278688523,0.8365985880920834,1.35,2.7663934426229506,120.99999999999999,both_detrimental,both_detrimental,true,robust,validated_proxy_row,"FoRCy uses normalized maximum footing moment and contact-area proxy lambda=sqrt(1/A_c/A); measured displacement gate is max(rotation/0.01 rad, sliding/0.1%, settlement/0.1%).",base
FoRCy,FoRCy_Mastersheet_others.csv,P2011SQF7,149,1.4314958357846705,1.0491803278688523,1.0928918295722816,1.48,3.0327868852459012,172.89999999999998,both_detrimental,both_detrimental,true,robust,validated_proxy_row,"FoRCy uses normalized maximum footing moment and contact-area proxy lambda=sqrt(1/A_c/A); measured displacement gate is max(rotation/0.01 rad, sliding/0.1%, settlement/0.1%).",base
FoRCy,FoRCy_Mastersheet_others.csv,P2011SQF7,150,1.4314958357846705,1.0491803278688523,1.3790597940384188,1.64,3.3606557377049175,210.0,both_detrimental,both_detrimental,true,robust,validated_proxy_row,"FoRCy uses normalized maximum footing moment and contact-area proxy lambda=sqrt(1/A_c/A); measured displacement gate is max(rotation/0.01 rad, sliding/0.1%, settlement/0.1%).",base
FoRCy,FoRCy_Mastersheet_others.csv,P2011SQF7,151,1.4314958357846705,1.0491803278688523,1.5759196839298661,1.76,3.60655737704918,263.79999999999995,both_detrimental,both_detrimental,true,robust,validated_proxy_row,"FoRCy uses normalized maximum footing moment and contact-area proxy lambda=sqrt(1/A_c/A); measured displacement gate is max(rotation/0.01 rad, sliding/0.1%, settlement/0.1%).",base
FoRCy,FoRCy_Mastersheet_others.csv,P2011SQF8,152,1.7329174830334544,2.003003003003003,0.0,1.0,3.003003003003003,10.299999999999999,both_detrimental,both_detrimental,true,marginal,validated_proxy_row,"FoRCy uses normalized maximum footing moment and contact-area proxy lambda=sqrt(1/A_c/A); measured displacement gate is max(rotation/0.01 rad, sliding/0.1%, settlement/0.1%).",base
FoRCy,FoRCy_Mastersheet_others.csv,P2011SQF9,153,1.7329174830334544,2.003003003003003,-0.7835174716066183,0.65,1.951951951951952,2.5,mixed,mixed,true,robust,validated_proxy_row,"FoRCy uses normalized maximum footing moment and contact-area proxy lambda=sqrt(1/A_c/A); measured displacement gate is max(rotation/0.01 rad, sliding/0.1%, settlement/0.1%).",base
FoRCy,FoRCy_Mastersheet_others.csv,P2011SQF9,154,1.7329174830334544,2.003003003003003,-0.2955930144197781,0.85,2.5525525525525525,7.199999999999999,mixed,mixed,true,robust,validated_proxy_row,"FoRCy uses normalized maximum footing moment and contact-area proxy lambda=sqrt(1/A_c/A); measured displacement gate is max(rotation/0.01 rad, sliding/0.1%, settlement/0.1%).",base
FoRCy,FoRCy_Mastersheet_others.csv,P2011SQF9,155,1.7329174830334544,2.003003003003003,-0.1125403493610918,0.94,2.8228228228228227,12.399999999999999,mixed,mixed,true,marginal,validated_proxy_row,"FoRCy uses normalized maximum footing moment and contact-area proxy lambda=sqrt(1/A_c/A); measured displacement gate is max(rotation/0.01 rad, sliding/0.1%, settlement/0.1%).",base
FoRCy,FoRCy_Mastersheet_others.csv,P2011SQF9,156,1.7329174830334544,2.003003003003003,0.0,1.0,3.003003003003003,18.0,both_detrimental,both_detrimental,true,marginal,validated_proxy_row,"FoRCy uses normalized maximum footing moment and contact-area proxy lambda=sqrt(1/A_c/A); measured displacement gate is max(rotation/0.01 rad, sliding/0.1%, settlement/0.1%).",base
FoRCy,FoRCy_Mastersheet_others.csv,P2011SQF9,157,1.7329174830334544,2.003003003003003,0.03601745540656719,1.02,3.063063063063063,23.799999999999997,both_detrimental,both_detrimental,true,marginal,validated_proxy_row,"FoRCy uses normalized maximum footing moment and contact-area proxy lambda=sqrt(1/A_c/A); measured displacement gate is max(rotation/0.01 rad, sliding/0.1%, settlement/0.1%).",base
FoRCy,FoRCy_Mastersheet_others.csv,P2011SQF9,158,1.7329174830334544,2.003003003003003,0.08874062698693642,1.05,3.153153153153153,29.900000000000002,both_detrimental,both_detrimental,true,marginal,validated_proxy_row,"FoRCy uses normalized maximum footing moment and contact-area proxy lambda=sqrt(1/A_c/A); measured displacement gate is max(rotation/0.01 rad, sliding/0.1%, settlement/0.1%).",base
FoRCy,FoRCy_Mastersheet_others.csv,P2011SQF9,159,1.7329174830334544,2.003003003003003,0.12305904251121016,1.07,3.2132132132132134,35.699999999999996,both_detrimental,both_detrimental,true,marginal,validated_proxy_row,"FoRCy uses normalized maximum footing moment and contact-area proxy lambda=sqrt(1/A_c/A); measured displacement gate is max(rotation/0.01 rad, sliding/0.1%, settlement/0.1%).",base
FoRCy,FoRCy_Mastersheet_others.csv,P2011SQF9,160,1.7329174830334544,2.003003003003003,0.1567418951525485,1.09,3.2732732732732734,42.599999999999994,both_detrimental,both_detrimental,true,marginal,validated_proxy_row,"FoRCy uses normalized maximum footing moment and contact-area proxy lambda=sqrt(1/A_c/A); measured displacement gate is max(rotation/0.01 rad, sliding/0.1%, settlement/0.1%).",base
FoRCy,FoRCy_Mastersheet_others.csv,P2011SQF9,161,1.7329174830334544,2.003003003003003,0.18981229823452367,1.11,3.3333333333333335,49.699999999999996,both_detrimental,both_detrimental,true,robust,validated_proxy_row,"FoRCy uses normalized maximum footing moment and contact-area proxy lambda=sqrt(1/A_c/A); measured displacement gate is max(rotation/0.01 rad, sliding/0.1%, settlement/0.1%).",base
FoRCy,FoRCy_Mastersheet_others.csv,P2011SQF9,162,1.7329174830334544,2.003003003003003,0.20612471306357055,1.12,3.3633633633633635,57.599999999999994,both_detrimental,both_detrimental,true,robust,validated_proxy_row,"FoRCy uses normalized maximum footing moment and contact-area proxy lambda=sqrt(1/A_c/A); measured displacement gate is max(rotation/0.01 rad, sliding/0.1%, settlement/0.1%).",base
FoRCy,FoRCy_Mastersheet_others.csv,P2011SQF9,163,1.7329174830334544,2.003003003003003,0.2222921267316416,1.13,3.393393393393393,66.6,both_detrimental,both_detrimental,true,robust,validated_proxy_row,"FoRCy uses normalized maximum footing moment and contact-area proxy lambda=sqrt(1/A_c/A); measured displacement gate is max(rotation/0.01 rad, sliding/0.1%, settlement/0.1%).",base
FoRCy,FoRCy_Mastersheet_others.csv,P2011SQF9,164,1.7329174830334544,2.003003003003003,0.2699495797116355,1.16,3.483483483483483,78.0,both_detrimental,both_detrimental,true,robust,validated_proxy_row,"FoRCy uses normalized maximum footing moment and contact-area proxy lambda=sqrt(1/A_c/A); measured displacement gate is max(rotation/0.01 rad, sliding/0.1%, settlement/0.1%).",base
FoRCy,FoRCy_Mastersheet_others.csv,P2011SQF9,165,1.7329174830334544,2.003003003003003,0.3316104698263451,1.2,3.603603603603603,91.19999999999999,both_detrimental,both_detrimental,true,robust,validated_proxy_row,"FoRCy uses normalized maximum footing moment and contact-area proxy lambda=sqrt(1/A_c/A); measured displacement gate is max(rotation/0.01 rad, sliding/0.1%, settlement/0.1%).",base
FoRCy,FoRCy_Mastersheet_others.csv,P2011SQF9,166,1.7329174830334544,2.003003003003003,0.39124932297711623,1.24,3.7237237237237233,105.1,both_detrimental,both_detrimental,true,robust,validated_proxy_row,"FoRCy uses normalized maximum footing moment and contact-area proxy lambda=sqrt(1/A_c/A); measured displacement gate is max(rotation/0.01 rad, sliding/0.1%, settlement/0.1%).",base
FoRCy,FoRCy_Mastersheet_others.csv,P2011SQF10,167,1.7329174830334544,2.003003003003003,-0.01827977257817429,0.99,2.972972972972973,30.8,mixed,mixed,true,marginal,validated_proxy_row,"FoRCy uses normalized maximum footing moment and contact-area proxy lambda=sqrt(1/A_c/A); measured displacement gate is max(rotation/0.01 rad, sliding/0.1%, settlement/0.1%).",base
FoRCy,FoRCy_Mastersheet_others.csv,P2011SQF10,168,1.7329174830334544,2.003003003003003,0.2222921267316416,1.13,3.393393393393393,59.1,both_detrimental,both_detrimental,true,robust,validated_proxy_row,"FoRCy uses normalized maximum footing moment and contact-area proxy lambda=sqrt(1/A_c/A); measured displacement gate is max(rotation/0.01 rad, sliding/0.1%, settlement/0.1%).",base
FoRCy,FoRCy_Mastersheet_others.csv,P2011SQF10,169,1.7329174830334544,2.003003003003003,0.3163901127075199,1.19,3.573573573573573,85.39999999999999,both_detrimental,both_detrimental,true,robust,validated_proxy_row,"FoRCy uses normalized maximum footing moment and contact-area proxy lambda=sqrt(1/A_c/A); measured displacement gate is max(rotation/0.01 rad, sliding/0.1%, settlement/0.1%).",base
FoRCy,FoRCy_Mastersheet_others.csv,P2011SQF10,170,1.7329174830334544,2.003003003003003,0.43472921170277856,1.27,3.813813813813814,113.0,both_detrimental,both_detrimental,true,robust,validated_proxy_row,"FoRCy uses normalized maximum footing moment and contact-area proxy lambda=sqrt(1/A_c/A); measured displacement gate is max(rotation/0.01 rad, sliding/0.1%, settlement/0.1%).",base
FoRCy,FoRCy_Mastersheet_others.csv,P2011SQF10,171,1.7329174830334544,2.003003003003003,0.559259955546929,1.36,4.084084084084084,153.2,both_detrimental,both_detrimental,true,robust,validated_proxy_row,"FoRCy uses normalized maximum footing moment and contact-area proxy lambda=sqrt(1/A_c/A); measured displacement gate is max(rotation/0.01 rad, sliding/0.1%, settlement/0.1%).",base
FoRCy,FoRCy_Mastersheet_others.csv,P2011SQF11,172,1.5214515486254614,1.3148148148148149,0.0,1.0,2.314814814814815,9.8,both_detrimental,both_detrimental,true,marginal,validated_proxy_row,"FoRCy uses normalized maximum footing moment and contact-area proxy lambda=sqrt(1/A_c/A); measured displacement gate is max(rotation/0.01 rad, sliding/0.1%, settlement/0.1%).",base
FoRCy,FoRCy_Mastersheet_others.csv,P2011SQF12,173,1.5214515486254614,1.3148148148148149,-0.9189773340982844,0.68,1.5740740740740742,3.0999999999999996,mixed,mixed,true,robust,validated_proxy_row,"FoRCy uses normalized maximum footing moment and contact-area proxy lambda=sqrt(1/A_c/A); measured displacement gate is max(rotation/0.01 rad, sliding/0.1%, settlement/0.1%).",base
FoRCy,FoRCy_Mastersheet_others.csv,P2011SQF12,174,1.5214515486254614,1.3148148148148149,-0.19868618937031327,0.92,2.1296296296296298,9.0,mixed,mixed,true,marginal,validated_proxy_row,"FoRCy uses normalized maximum footing moment and contact-area proxy lambda=sqrt(1/A_c/A); measured displacement gate is max(rotation/0.01 rad, sliding/0.1%, settlement/0.1%).",base
FoRCy,FoRCy_Mastersheet_others.csv,P2011SQF12,175,1.5214515486254614,1.3148148148148149,0.11625983140553652,1.05,2.430555555555556,16.4,both_detrimental,both_detrimental,true,marginal,validated_proxy_row,"FoRCy uses normalized maximum footing moment and contact-area proxy lambda=sqrt(1/A_c/A); measured displacement gate is max(rotation/0.01 rad, sliding/0.1%, settlement/0.1%).",base
FoRCy,FoRCy_Mastersheet_others.csv,P2011SQF12,176,1.5214515486254614,1.3148148148148149,0.27004569612532786,1.12,2.592592592592593,24.5,both_detrimental,both_detrimental,true,robust,validated_proxy_row,"FoRCy uses normalized maximum footing moment and contact-area proxy lambda=sqrt(1/A_c/A); measured displacement gate is max(rotation/0.01 rad, sliding/0.1%, settlement/0.1%).",base
FoRCy,FoRCy_Mastersheet_others.csv,P2011SQF12,177,1.5214515486254614,1.3148148148148149,0.29122675885987676,1.13,2.6157407407407405,32.8,both_detrimental,both_detrimental,true,robust,validated_proxy_row,"FoRCy uses normalized maximum footing moment and contact-area proxy lambda=sqrt(1/A_c/A); measured displacement gate is max(rotation/0.01 rad, sliding/0.1%, settlement/0.1%).",base
FoRCy,FoRCy_Mastersheet_others.csv,P2011SQF12,178,1.5214515486254614,1.3148148148148149,0.3330322849707968,1.15,2.6620370370370368,41.9,both_detrimental,both_detrimental,true,robust,validated_proxy_row,"FoRCy uses normalized maximum footing moment and contact-area proxy lambda=sqrt(1/A_c/A); measured displacement gate is max(rotation/0.01 rad, sliding/0.1%, settlement/0.1%).",base
FoRCy,FoRCy_Mastersheet_others.csv,P2011SQF12,179,1.5214515486254614,1.3148148148148149,0.4344456268040235,1.2,2.7777777777777777,51.699999999999996,both_detrimental,both_detrimental,true,robust,validated_proxy_row,"FoRCy uses normalized maximum footing moment and contact-area proxy lambda=sqrt(1/A_c/A); measured displacement gate is max(rotation/0.01 rad, sliding/0.1%, settlement/0.1%).",base
FoRCy,FoRCy_Mastersheet_others.csv,P2011SQF12,180,1.5214515486254614,1.3148148148148149,0.4344456268040235,1.2,2.7777777777777777,61.6,both_detrimental,both_detrimental,true,robust,validated_proxy_row,"FoRCy uses normalized maximum footing moment and contact-area proxy lambda=sqrt(1/A_c/A); measured displacement gate is max(rotation/0.01 rad, sliding/0.1%, settlement/0.1%).",base
FoRCy,FoRCy_Mastersheet_others.csv,P2011SQF12,181,1.5214515486254614,1.3148148148148149,0.5125789829448235,1.24,2.8703703703703702,73.1,both_detrimental,both_detrimental,true,robust,validated_proxy_row,"FoRCy uses normalized maximum footing moment and contact-area proxy lambda=sqrt(1/A_c/A); measured displacement gate is max(rotation/0.01 rad, sliding/0.1%, settlement/0.1%).",base
FoRCy,FoRCy_Mastersheet_others.csv,P2011SQF12,182,1.5214515486254614,1.3148148148148149,0.5882314915238148,1.28,2.9629629629629632,85.8,both_detrimental,both_detrimental,true,robust,validated_proxy_row,"FoRCy uses normalized maximum footing moment and contact-area proxy lambda=sqrt(1/A_c/A); measured displacement gate is max(rotation/0.01 rad, sliding/0.1%, settlement/0.1%).",base
FoRCy,FoRCy_Mastersheet_others.csv,P2011SQF12,183,1.5214515486254614,1.3148148148148149,0.6615558573989123,1.32,3.055555555555556,100.99999999999999,both_detrimental,both_detrimental,true,robust,validated_proxy_row,"FoRCy uses normalized maximum footing moment and contact-area proxy lambda=sqrt(1/A_c/A); measured displacement gate is max(rotation/0.01 rad, sliding/0.1%, settlement/0.1%).",base
FoRCy,FoRCy_Mastersheet_others.csv,P2011SQF12,184,1.5214515486254614,1.3148148148148149,0.7326911061077511,1.36,3.1481481481481484,120.89999999999999,both_detrimental,both_detrimental,true,robust,validated_proxy_row,"FoRCy uses normalized maximum footing moment and contact-area proxy lambda=sqrt(1/A_c/A); measured displacement gate is max(rotation/0.01 rad, sliding/0.1%, settlement/0.1%).",base
FoRCy,FoRCy_Mastersheet_others.csv,P2011SQF12,185,1.5214515486254614,1.3148148148148149,0.7326911061077511,1.36,3.1481481481481484,141.89999999999998,both_detrimental,both_detrimental,true,robust,validated_proxy_row,"FoRCy uses normalized maximum footing moment and contact-area proxy lambda=sqrt(1/A_c/A); measured displacement gate is max(rotation/0.01 rad, sliding/0.1%, settlement/0.1%).",base
FoRCy,FoRCy_Mastersheet_others.csv,P2011SQF12,186,1.5214515486254614,1.3148148148148149,0.7326911061077511,1.36,3.1481481481481484,161.49999999999997,both_detrimental,both_detrimental,true,robust,validated_proxy_row,"FoRCy uses normalized maximum footing moment and contact-area proxy lambda=sqrt(1/A_c/A); measured displacement gate is max(rotation/0.01 rad, sliding/0.1%, settlement/0.1%).",base
FoRCy,FoRCy_Mastersheet_others.csv,P2011SQF13,187,1.5214515486254614,1.3148148148148149,0.22711023059488872,1.1,2.5462962962962967,42.5,both_detrimental,both_detrimental,true,robust,validated_proxy_row,"FoRCy uses normalized maximum footing moment and contact-area proxy lambda=sqrt(1/A_c/A); measured displacement gate is max(rotation/0.01 rad, sliding/0.1%, settlement/0.1%).",base
FoRCy,FoRCy_Mastersheet_others.csv,P2011SQF13,188,1.5214515486254614,1.3148148148148149,0.4738325378917899,1.22,2.824074074074074,48.2,both_detrimental,both_detrimental,true,robust,validated_proxy_row,"FoRCy uses normalized maximum footing moment and contact-area proxy lambda=sqrt(1/A_c/A); measured displacement gate is max(rotation/0.01 rad, sliding/0.1%, settlement/0.1%).",base
FoRCy,FoRCy_Mastersheet_others.csv,P2011SQF13,189,1.5214515486254614,1.3148148148148149,0.7151053888882561,1.35,3.1250000000000004,130.79999999999998,both_detrimental,both_detrimental,true,robust,validated_proxy_row,"FoRCy uses normalized maximum footing moment and contact-area proxy lambda=sqrt(1/A_c/A); measured displacement gate is max(rotation/0.01 rad, sliding/0.1%, settlement/0.1%).",base
FoRCy,FoRCy_Mastersheet_others.csv,P2011SQF13,190,1.5214515486254614,1.3148148148148149,0.8688912536080471,1.44,3.3333333333333335,170.5,both_detrimental,both_detrimental,true,robust,validated_proxy_row,"FoRCy uses normalized maximum footing moment and contact-area proxy lambda=sqrt(1/A_c/A); measured displacement gate is max(rotation/0.01 rad, sliding/0.1%, settlement/0.1%).",base
FoRCy,FoRCy_Mastersheet_others.csv,P2011SQF13,191,1.5214515486254614,1.3148148148148149,1.221983761774793,1.67,3.8657407407407405,232.39999999999998,both_detrimental,both_detrimental,true,robust,validated_proxy_row,"FoRCy uses normalized maximum footing moment and contact-area proxy lambda=sqrt(1/A_c/A); measured displacement gate is max(rotation/0.01 rad, sliding/0.1%, settlement/0.1%).",base
FoRCy,FoRCy_Mastersheet_others.csv,P2011SQF14,192,3.042903097250923,8.25925925925926,0.0,1.0,9.25925925925926,17.4,both_detrimental,both_detrimental,true,marginal,validated_proxy_row,"FoRCy uses normalized maximum footing moment and contact-area proxy lambda=sqrt(1/A_c/A); measured displacement gate is max(rotation/0.01 rad, sliding/0.1%, settlement/0.1%).",base
FoRCy,FoRCy_Mastersheet_others.csv,P2011SQF15,193,3.042903097250923,8.25925925925926,-0.3334468650094554,0.69,6.388888888888888,1.7,mixed,mixed,true,robust,validated_proxy_row,"FoRCy uses normalized maximum footing moment and contact-area proxy lambda=sqrt(1/A_c/A); measured displacement gate is max(rotation/0.01 rad, sliding/0.1%, settlement/0.1%).",base
FoRCy,FoRCy_Mastersheet_others.csv,P2011SQF15,194,3.042903097250923,8.25925925925926,-0.2118258322417862,0.79,7.314814814814816,3.4,mixed,mixed,true,robust,validated_proxy_row,"FoRCy uses normalized maximum footing moment and contact-area proxy lambda=sqrt(1/A_c/A); measured displacement gate is max(rotation/0.01 rad, sliding/0.1%, settlement/0.1%).",base
FoRCy,FoRCy_Mastersheet_others.csv,P2011SQF15,195,3.042903097250923,8.25925925925926,-0.10472012661677595,0.89,8.24074074074074,5.4,mixed,mixed,true,robust,validated_proxy_row,"FoRCy uses normalized maximum footing moment and contact-area proxy lambda=sqrt(1/A_c/A); measured displacement gate is max(rotation/0.01 rad, sliding/0.1%, settlement/0.1%).",base
FoRCy,FoRCy_Mastersheet_others.csv,P2011SQF15,196,3.042903097250923,8.25925925925926,-0.06521379275556845,0.93,8.611111111111112,7.199999999999999,mixed,mixed,true,marginal,validated_proxy_row,"FoRCy uses normalized maximum footing moment and contact-area proxy lambda=sqrt(1/A_c/A); measured displacement gate is max(rotation/0.01 rad, sliding/0.1%, settlement/0.1%).",base
FoRCy,FoRCy_Mastersheet_others.csv,P2011SQF15,197,3.042903097250923,8.25925925925926,-0.027371385979839395,0.97,8.981481481481481,9.1,mixed,mixed,true,marginal,validated_proxy_row,"FoRCy uses normalized maximum footing moment and contact-area proxy lambda=sqrt(1/A_c/A); measured displacement gate is max(rotation/0.01 rad, sliding/0.1%, settlement/0.1%).",base
FoRCy,FoRCy_Mastersheet_others.csv,P2011SQF15,198,3.042903097250923,8.25925925925926,-0.01815464503149537,0.98,9.074074074074074,10.8,mixed,mixed,true,marginal,validated_proxy_row,"FoRCy uses normalized maximum footing moment and contact-area proxy lambda=sqrt(1/A_c/A); measured displacement gate is max(rotation/0.01 rad, sliding/0.1%, settlement/0.1%).",base
FoRCy,FoRCy_Mastersheet_others.csv,P2011SQF15,199,3.042903097250923,8.25925925925926,-0.009031476672901322,0.99,9.166666666666666,12.6,mixed,mixed,true,marginal,validated_proxy_row,"FoRCy uses normalized maximum footing moment and contact-area proxy lambda=sqrt(1/A_c/A); measured displacement gate is max(rotation/0.01 rad, sliding/0.1%, settlement/0.1%).",base
FoRCy,FoRCy_Mastersheet_others.csv,P2011SQF15,200,3.042903097250923,8.25925925925926,-0.027371385979839395,0.97,8.981481481481481,14.899999999999999,mixed,mixed,true,marginal,validated_proxy_row,"FoRCy uses normalized maximum footing moment and contact-area proxy lambda=sqrt(1/A_c/A); measured displacement gate is max(rotation/0.01 rad, sliding/0.1%, settlement/0.1%).",base
FoRCy,FoRCy_Mastersheet_others.csv,P2011SQF15,201,3.042903097250923,8.25925925925926,-0.036683638897753265,0.96,8.88888888888889,16.499999999999996,mixed,mixed,true,marginal,validated_proxy_row,"FoRCy uses normalized maximum footing moment and contact-area proxy lambda=sqrt(1/A_c/A); measured displacement gate is max(rotation/0.01 rad, sliding/0.1%, settlement/0.1%).",base
FoRCy,FoRCy_Mastersheet_others.csv,P2011SQF15,202,3.042903097250923,8.25925925925926,-0.046093404090175705,0.95,8.796296296296296,18.099999999999998,mixed,mixed,true,marginal,validated_proxy_row,"FoRCy uses normalized maximum footing moment and contact-area proxy lambda=sqrt(1/A_c/A); measured displacement gate is max(rotation/0.01 rad, sliding/0.1%, settlement/0.1%).",base
FoRCy,FoRCy_Mastersheet_others.csv,P2011SQF15,203,3.042903097250923,8.25925925925926,-0.027371385979839395,0.97,8.981481481481481,20.0,mixed,mixed,true,marginal,validated_proxy_row,"FoRCy uses normalized maximum footing moment and contact-area proxy lambda=sqrt(1/A_c/A); measured displacement gate is max(rotation/0.01 rad, sliding/0.1%, settlement/0.1%).",base
FoRCy,FoRCy_Mastersheet_others.csv,P2011SQF15,204,3.042903097250923,8.25925925925926,-0.027371385979839395,0.97,8.981481481481481,20.8,mixed,mixed,true,marginal,validated_proxy_row,"FoRCy uses normalized maximum footing moment and contact-area proxy lambda=sqrt(1/A_c/A); measured displacement gate is max(rotation/0.01 rad, sliding/0.1%, settlement/0.1%).",base
FoRCy,FoRCy_Mastersheet_others.csv,P2011SQF15,205,3.042903097250923,8.25925925925926,-0.06521379275556845,0.93,8.611111111111112,27.9,mixed,mixed,true,marginal,validated_proxy_row,"FoRCy uses normalized maximum footing moment and contact-area proxy lambda=sqrt(1/A_c/A); measured displacement gate is max(rotation/0.01 rad, sliding/0.1%, settlement/0.1%).",base
FoRCy,FoRCy_Mastersheet_others.csv,P2011SQF15,206,3.042903097250923,8.25925925925926,0.00894160974299474,1.01,9.351851851851853,31.8,both_detrimental,both_detrimental,true,marginal,validated_proxy_row,"FoRCy uses normalized maximum footing moment and contact-area proxy lambda=sqrt(1/A_c/A); measured displacement gate is max(rotation/0.01 rad, sliding/0.1%, settlement/0.1%).",base
FoRCy,FoRCy_Mastersheet_others.csv,P2011SQF16,207,3.042903097250923,8.25925925925926,-0.17833284876497849,0.82,7.592592592592593,11.1,mixed,mixed,true,robust,validated_proxy_row,"FoRCy uses normalized maximum footing moment and contact-area proxy lambda=sqrt(1/A_c/A); measured displacement gate is max(rotation/0.01 rad, sliding/0.1%, settlement/0.1%).",base
FoRCy,FoRCy_Mastersheet_others.csv,P2011SQF16,208,3.042903097250923,8.25925925925926,-0.11487418227995111,0.88,8.148148148148149,19.299999999999997,mixed,mixed,true,robust,validated_proxy_row,"FoRCy uses normalized maximum footing moment and contact-area proxy lambda=sqrt(1/A_c/A); measured displacement gate is max(rotation/0.01 rad, sliding/0.1%, settlement/0.1%).",base
FoRCy,FoRCy_Mastersheet_others.csv,P2011SQF16,209,3.042903097250923,8.25925925925926,-0.09467952646348597,0.9,8.333333333333334,25.0,mixed,mixed,true,marginal,validated_proxy_row,"FoRCy uses normalized maximum footing moment and contact-area proxy lambda=sqrt(1/A_c/A); measured displacement gate is max(rotation/0.01 rad, sliding/0.1%, settlement/0.1%).",base
FoRCy,FoRCy_Mastersheet_others.csv,P2011SQF16,210,3.042903097250923,8.25925925925926,-0.06521379275556845,0.93,8.611111111111112,28.7,mixed,mixed,true,marginal,validated_proxy_row,"FoRCy uses normalized maximum footing moment and contact-area proxy lambda=sqrt(1/A_c/A); measured displacement gate is max(rotation/0.01 rad, sliding/0.1%, settlement/0.1%).",base
FoRCy,FoRCy_Mastersheet_others.csv,P2011SQF16,211,3.042903097250923,8.25925925925926,-0.07492874537318674,0.92,8.518518518518519,33.3,mixed,mixed,true,marginal,validated_proxy_row,"FoRCy uses normalized maximum footing moment and contact-area proxy lambda=sqrt(1/A_c/A); measured displacement gate is max(rotation/0.01 rad, sliding/0.1%, settlement/0.1%).",base
FoRCy,FoRCy_Mastersheet_others.csv,P2011SQF17,212,1.6395645894598823,1.6881720430107525,0.192767515089131,1.1,2.9569892473118276,14.7,both_detrimental,both_detrimental,true,robust,validated_proxy_row,"FoRCy uses normalized maximum footing moment and contact-area proxy lambda=sqrt(1/A_c/A); measured displacement gate is max(rotation/0.01 rad, sliding/0.1%, settlement/0.1%).",base
FoRCy,FoRCy_Mastersheet_others.csv,P2011SQF18,213,1.6395645894598823,1.6881720430107525,-1.246253770299823,0.54,1.4516129032258063,4.0,mixed,mixed,true,robust,validated_proxy_row,"FoRCy uses normalized maximum footing moment and contact-area proxy lambda=sqrt(1/A_c/A); measured displacement gate is max(rotation/0.01 rad, sliding/0.1%, settlement/0.1%).",base
FoRCy,FoRCy_Mastersheet_others.csv,P2011SQF18,214,1.6395645894598823,1.6881720430107525,-0.5286175749272937,0.77,2.069892473118279,11.399999999999999,mixed,mixed,true,robust,validated_proxy_row,"FoRCy uses normalized maximum footing moment and contact-area proxy lambda=sqrt(1/A_c/A); measured displacement gate is max(rotation/0.01 rad, sliding/0.1%, settlement/0.1%).",base
FoRCy,FoRCy_Mastersheet_others.csv,P2011SQF18,215,1.6395645894598823,1.6881720430107525,-0.08256363025237551,0.96,2.580645161290322,20.0,mixed,mixed,true,marginal,validated_proxy_row,"FoRCy uses normalized maximum footing moment and contact-area proxy lambda=sqrt(1/A_c/A); measured displacement gate is max(rotation/0.01 rad, sliding/0.1%, settlement/0.1%).",base
FoRCy,FoRCy_Mastersheet_others.csv,P2011SQF18,216,1.6395645894598823,1.6881720430107525,0.11785050294812267,1.06,2.8494623655913975,29.4,both_detrimental,both_detrimental,true,marginal,validated_proxy_row,"FoRCy uses normalized maximum footing moment and contact-area proxy lambda=sqrt(1/A_c/A); measured displacement gate is max(rotation/0.01 rad, sliding/0.1%, settlement/0.1%).",base
FoRCy,FoRCy_Mastersheet_others.csv,P2011SQF18,217,1.6395645894598823,1.6881720430107525,0.3175444908387825,1.17,3.1451612903225796,39.3,both_detrimental,both_detrimental,true,robust,validated_proxy_row,"FoRCy uses normalized maximum footing moment and contact-area proxy lambda=sqrt(1/A_c/A); measured displacement gate is max(rotation/0.01 rad, sliding/0.1%, settlement/0.1%).",base
FoRCy,FoRCy_Mastersheet_others.csv,P2011SQF18,218,1.6395645894598823,1.6881720430107525,0.4513140986966463,1.25,3.36021505376344,49.0,both_detrimental,both_detrimental,true,robust,validated_proxy_row,"FoRCy uses normalized maximum footing moment and contact-area proxy lambda=sqrt(1/A_c/A); measured displacement gate is max(rotation/0.01 rad, sliding/0.1%, settlement/0.1%).",base
FoRCy,FoRCy_Mastersheet_others.csv,P2011SQF18,219,1.6395645894598823,1.6881720430107525,0.5306390924182357,1.3,3.4946236559139776,58.099999999999994,both_detrimental,both_detrimental,true,robust,validated_proxy_row,"FoRCy uses normalized maximum footing moment and contact-area proxy lambda=sqrt(1/A_c/A); measured displacement gate is max(rotation/0.01 rad, sliding/0.1%, settlement/0.1%).",base
FoRCy,FoRCy_Mastersheet_others.csv,P2011SQF18,220,1.6395645894598823,1.6881720430107525,0.576782418866399,1.33,3.5752688172043006,67.39999999999999,both_detrimental,both_detrimental,true,robust,validated_proxy_row,"FoRCy uses normalized maximum footing moment and contact-area proxy lambda=sqrt(1/A_c/A); measured displacement gate is max(rotation/0.01 rad, sliding/0.1%, settlement/0.1%).",base
FoRCy,FoRCy_Mastersheet_others.csv,P2011SQF18,221,1.6395645894598823,1.6881720430107525,0.651422921596721,1.38,3.7096774193548376,77.0,both_detrimental,both_detrimental,true,robust,validated_proxy_row,"FoRCy uses normalized maximum footing moment and contact-area proxy lambda=sqrt(1/A_c/A); measured displacement gate is max(rotation/0.01 rad, sliding/0.1%, settlement/0.1%).",base
FoRCy,FoRCy_Mastersheet_others.csv,P2011SQF18,222,1.6395645894598823,1.6881720430107525,0.7234066075073665,1.43,3.844086021505375,86.6,both_detrimental,both_detrimental,true,robust,validated_proxy_row,"FoRCy uses normalized maximum footing moment and contact-area proxy lambda=sqrt(1/A_c/A); measured displacement gate is max(rotation/0.01 rad, sliding/0.1%, settlement/0.1%).",base
FoRCy,FoRCy_Mastersheet_others.csv,P2011SQF18,223,1.6395645894598823,1.6881720430107525,0.651422921596721,1.38,3.7096774193548376,100.99999999999999,both_detrimental,both_detrimental,true,robust,validated_proxy_row,"FoRCy uses normalized maximum footing moment and contact-area proxy lambda=sqrt(1/A_c/A); measured displacement gate is max(rotation/0.01 rad, sliding/0.1%, settlement/0.1%).",base
FoRCy,FoRCy_Mastersheet_others.csv,P2011SQF18,224,1.6395645894598823,1.6881720430107525,0.694919825578576,1.41,3.79032258064516,107.69999999999999,both_detrimental,both_detrimental,true,robust,validated_proxy_row,"FoRCy uses normalized maximum footing moment and contact-area proxy lambda=sqrt(1/A_c/A); measured displacement gate is max(rotation/0.01 rad, sliding/0.1%, settlement/0.1%).",base
FoRCy,FoRCy_Mastersheet_others.csv,P2011SQF18,225,1.6395645894598823,1.6881720430107525,0.9251545982259142,1.58,4.247311827956988,117.39999999999999,both_detrimental,both_detrimental,true,robust,validated_proxy_row,"FoRCy uses normalized maximum footing moment and contact-area proxy lambda=sqrt(1/A_c/A); measured displacement gate is max(rotation/0.01 rad, sliding/0.1%, settlement/0.1%).",base
FoRCy,FoRCy_Mastersheet_others.csv,P2011SQF18,226,1.6395645894598823,1.6881720430107525,1.166216721364541,1.78,4.784946236559139,124.3,both_detrimental,both_detrimental,true,robust,validated_proxy_row,"FoRCy uses normalized maximum footing moment and contact-area proxy lambda=sqrt(1/A_c/A); measured displacement gate is max(rotation/0.01 rad, sliding/0.1%, settlement/0.1%).",base
FoRCy,FoRCy_Mastersheet_others.csv,P2011SQF19,227,1.6395645894598823,1.6881720430107525,0.3001836281801596,1.16,3.118279569892472,43.3,both_detrimental,both_detrimental,true,robust,validated_proxy_row,"FoRCy uses normalized maximum footing moment and contact-area proxy lambda=sqrt(1/A_c/A); measured displacement gate is max(rotation/0.01 rad, sliding/0.1%, settlement/0.1%).",base
FoRCy,FoRCy_Mastersheet_others.csv,P2011SQF19,228,1.6395645894598823,1.6881720430107525,0.7653983182357714,1.46,3.924731182795698,82.10000000000001,both_detrimental,both_detrimental,true,robust,validated_proxy_row,"FoRCy uses normalized maximum footing moment and contact-area proxy lambda=sqrt(1/A_c/A); measured displacement gate is max(rotation/0.01 rad, sliding/0.1%, settlement/0.1%).",base
FoRCy,FoRCy_Mastersheet_others.csv,P2011SQF19,229,1.6395645894598823,1.6881720430107525,0.8200645671409171,1.5,4.032258064516128,104.60000000000001,both_detrimental,both_detrimental,true,robust,validated_proxy_row,"FoRCy uses normalized maximum footing moment and contact-area proxy lambda=sqrt(1/A_c/A); measured displacement gate is max(rotation/0.01 rad, sliding/0.1%, settlement/0.1%).",base
FoRCy,FoRCy_Mastersheet_others.csv,P2011SQF19,230,1.6395645894598823,1.6881720430107525,0.9123131069511842,1.57,4.220430107526881,120.5,both_detrimental,both_detrimental,true,robust,validated_proxy_row,"FoRCy uses normalized maximum footing moment and contact-area proxy lambda=sqrt(1/A_c/A); measured displacement gate is max(rotation/0.01 rad, sliding/0.1%, settlement/0.1%).",base
FoRCy,FoRCy_Mastersheet_others.csv,P2011SQF19,231,1.6395645894598823,1.6881720430107525,1.0612781848364714,1.69,4.543010752688171,139.29999999999998,both_detrimental,both_detrimental,true,robust,validated_proxy_row,"FoRCy uses normalized maximum footing moment and contact-area proxy lambda=sqrt(1/A_c/A); measured displacement gate is max(rotation/0.01 rad, sliding/0.1%, settlement/0.1%).",base
FoRCy,FoRCy_Mastersheet_others.csv,P2011SQF20,232,3.8924947208076146,14.15151515151515,0.014570930712047016,1.02,15.454545454545451,15.7,both_detrimental,both_detrimental,true,marginal,validated_proxy_row,"FoRCy uses normalized maximum footing moment and contact-area proxy lambda=sqrt(1/A_c/A); measured displacement gate is max(rotation/0.01 rad, sliding/0.1%, settlement/0.1%).",base
FoRCy,FoRCy_Mastersheet_others.csv,P2011SQF21,233,3.8924947208076146,14.15151515151515,-0.3283816007249413,0.64,9.696969696969695,2.8000000000000003,mixed,mixed,true,robust,validated_proxy_row,"FoRCy uses normalized maximum footing moment and contact-area proxy lambda=sqrt(1/A_c/A); measured displacement gate is max(rotation/0.01 rad, sliding/0.1%, settlement/0.1%).",base
FoRCy,FoRCy_Mastersheet_others.csv,P2011SQF21,234,3.8924947208076146,14.15151515151515,-0.1109766821969773,0.86,13.030303030303028,6.199999999999999,mixed,mixed,true,robust,validated_proxy_row,"FoRCy uses normalized maximum footing moment and contact-area proxy lambda=sqrt(1/A_c/A); measured displacement gate is max(rotation/0.01 rad, sliding/0.1%, settlement/0.1%).",base
FoRCy,FoRCy_Mastersheet_others.csv,P2011SQF21,235,3.8924947208076146,14.15151515151515,-0.03774201409415075,0.95,14.393939393939391,9.1,mixed,mixed,true,marginal,validated_proxy_row,"FoRCy uses normalized maximum footing moment and contact-area proxy lambda=sqrt(1/A_c/A); measured displacement gate is max(rotation/0.01 rad, sliding/0.1%, settlement/0.1%).",base
FoRCy,FoRCy_Mastersheet_others.csv,P2011SQF21,236,3.8924947208076146,14.15151515151515,0.0,1.0,15.151515151515149,11.599999999999998,both_detrimental,both_detrimental,true,marginal,validated_proxy_row,"FoRCy uses normalized maximum footing moment and contact-area proxy lambda=sqrt(1/A_c/A); measured displacement gate is max(rotation/0.01 rad, sliding/0.1%, settlement/0.1%).",base
FoRCy,FoRCy_Mastersheet_others.csv,P2011SQF21,237,3.8924947208076146,14.15151515151515,0.007321532605495544,1.01,15.303030303030301,14.2,both_detrimental,both_detrimental,true,marginal,validated_proxy_row,"FoRCy uses normalized maximum footing moment and contact-area proxy lambda=sqrt(1/A_c/A); measured displacement gate is max(rotation/0.01 rad, sliding/0.1%, settlement/0.1%).",base
FoRCy,FoRCy_Mastersheet_others.csv,P2011SQF21,238,3.8924947208076146,14.15151515151515,0.021749601855897843,1.03,15.606060606060604,16.499999999999996,both_detrimental,both_detrimental,true,marginal,validated_proxy_row,"FoRCy uses normalized maximum footing moment and contact-area proxy lambda=sqrt(1/A_c/A); measured displacement gate is max(rotation/0.01 rad, sliding/0.1%, settlement/0.1%).",base
FoRCy,FoRCy_Mastersheet_others.csv,P2011SQF21,239,3.8924947208076146,14.15151515151515,0.02885891277385108,1.04,15.757575757575756,18.6,both_detrimental,both_detrimental,true,marginal,validated_proxy_row,"FoRCy uses normalized maximum footing moment and contact-area proxy lambda=sqrt(1/A_c/A); measured displacement gate is max(rotation/0.01 rad, sliding/0.1%, settlement/0.1%).",base
FoRCy,FoRCy_Mastersheet_others.csv,P2011SQF21,240,3.8924947208076146,14.15151515151515,0.06341023451440979,1.09,16.515151515151512,21.099999999999998,both_detrimental,both_detrimental,true,marginal,validated_proxy_row,"FoRCy uses normalized maximum footing moment and contact-area proxy lambda=sqrt(1/A_c/A); measured displacement gate is max(rotation/0.01 rad, sliding/0.1%, settlement/0.1%).",base
FoRCy,FoRCy_Mastersheet_others.csv,P2011SQF21,241,3.8924947208076146,14.15151515151515,0.05662854636151555,1.08,16.363636363636363,23.3,both_detrimental,both_detrimental,true,marginal,validated_proxy_row,"FoRCy uses normalized maximum footing moment and contact-area proxy lambda=sqrt(1/A_c/A); measured displacement gate is max(rotation/0.01 rad, sliding/0.1%, settlement/0.1%).",base
FoRCy,FoRCy_Mastersheet_others.csv,P2011SQF21,242,3.8924947208076146,14.15151515151515,0.06341023451440979,1.09,16.515151515151512,25.4,both_detrimental,both_detrimental,true,marginal,validated_proxy_row,"FoRCy uses normalized maximum footing moment and contact-area proxy lambda=sqrt(1/A_c/A); measured displacement gate is max(rotation/0.01 rad, sliding/0.1%, settlement/0.1%).",base
FoRCy,FoRCy_Mastersheet_others.csv,P2011SQF21,243,3.8924947208076146,14.15151515151515,0.014570930712047016,1.02,15.454545454545451,27.999999999999996,both_detrimental,both_detrimental,true,marginal,validated_proxy_row,"FoRCy uses normalized maximum footing moment and contact-area proxy lambda=sqrt(1/A_c/A); measured displacement gate is max(rotation/0.01 rad, sliding/0.1%, settlement/0.1%).",base
FoRCy,FoRCy_Mastersheet_others.csv,P2011SQF21,244,3.8924947208076146,14.15151515151515,0.014570930712047016,1.02,15.454545454545451,29.900000000000002,both_detrimental,both_detrimental,true,marginal,validated_proxy_row,"FoRCy uses normalized maximum footing moment and contact-area proxy lambda=sqrt(1/A_c/A); measured displacement gate is max(rotation/0.01 rad, sliding/0.1%, settlement/0.1%).",base
FoRCy,FoRCy_Mastersheet_others.csv,P2011SQF21,245,3.8924947208076146,14.15151515151515,0.04978377183177555,1.07,16.21212121212121,30.4,both_detrimental,both_detrimental,true,marginal,validated_proxy_row,"FoRCy uses normalized maximum footing moment and contact-area proxy lambda=sqrt(1/A_c/A); measured displacement gate is max(rotation/0.01 rad, sliding/0.1%, settlement/0.1%).",base
FoRCy,FoRCy_Mastersheet_others.csv,P2011SQF21,246,3.8924947208076146,14.15151515151515,0.10283794913023551,1.15,17.42424242424242,29.5,both_detrimental,both_detrimental,true,robust,validated_proxy_row,"FoRCy uses normalized maximum footing moment and contact-area proxy lambda=sqrt(1/A_c/A); measured displacement gate is max(rotation/0.01 rad, sliding/0.1%, settlement/0.1%).",base
FoRCy,FoRCy_Mastersheet_others.csv,P2011SQF22,247,3.8924947208076146,14.15151515151515,-0.014865312774741304,0.98,14.848484848484846,15.4,mixed,mixed,true,marginal,validated_proxy_row,"FoRCy uses normalized maximum footing moment and contact-area proxy lambda=sqrt(1/A_c/A); measured displacement gate is max(rotation/0.01 rad, sliding/0.1%, settlement/0.1%).",base
FoRCy,FoRCy_Mastersheet_others.csv,P2011SQF22,248,3.8924947208076146,14.15151515151515,0.035900190965031276,1.05,15.909090909090907,24.599999999999998,both_detrimental,both_detrimental,true,marginal,validated_proxy_row,"FoRCy uses normalized maximum footing moment and contact-area proxy lambda=sqrt(1/A_c/A); measured displacement gate is max(rotation/0.01 rad, sliding/0.1%, settlement/0.1%).",base
FoRCy,FoRCy_Mastersheet_others.csv,P2011SQF22,249,3.8924947208076146,14.15151515151515,0.05662854636151555,1.08,16.363636363636363,30.599999999999998,both_detrimental,both_detrimental,true,marginal,validated_proxy_row,"FoRCy uses normalized maximum footing moment and contact-area proxy lambda=sqrt(1/A_c/A); measured displacement gate is max(rotation/0.01 rad, sliding/0.1%, settlement/0.1%).",base
FoRCy,FoRCy_Mastersheet_others.csv,P2011SQF22,250,3.8924947208076146,14.15151515151515,0.04287472617862571,1.06,16.06060606060606,35.3,both_detrimental,both_detrimental,true,marginal,validated_proxy_row,"FoRCy uses normalized maximum footing moment and contact-area proxy lambda=sqrt(1/A_c/A); measured displacement gate is max(rotation/0.01 rad, sliding/0.1%, settlement/0.1%).",base
FoRCy,FoRCy_Mastersheet_others.csv,P2011SQF22,251,3.8924947208076146,14.15151515151515,0.04978377183177555,1.07,16.21212121212121,38.4,both_detrimental,both_detrimental,true,marginal,validated_proxy_row,"FoRCy uses normalized maximum footing moment and contact-area proxy lambda=sqrt(1/A_c/A); measured displacement gate is max(rotation/0.01 rad, sliding/0.1%, settlement/0.1%).",base
FoRCy,FoRCy_Mastersheet_others.csv,P2011SQF23,252,2.9617443887954615,7.771929824561402,0.0,1.0,8.771929824561402,15.2,both_detrimental,both_detrimental,true,marginal,validated_proxy_row,"FoRCy uses normalized maximum footing moment and contact-area proxy lambda=sqrt(1/A_c/A); measured displacement gate is max(rotation/0.01 rad, sliding/0.1%, settlement/0.1%).",base
FoRCy,FoRCy_Mastersheet_others.csv,P2011SQF24,253,2.9617443887954615,7.771929824561402,-0.6569939849876517,0.49,4.298245614035087,4.199999999999999,mixed,mixed,true,robust,validated_proxy_row,"FoRCy uses normalized maximum footing moment and contact-area proxy lambda=sqrt(1/A_c/A); measured displacement gate is max(rotation/0.01 rad, sliding/0.1%, settlement/0.1%).",base
FoRCy,FoRCy_Mastersheet_others.csv,P2011SQF24,254,2.9617443887954615,7.771929824561402,-0.20551481607214045,0.8,7.017543859649122,9.399999999999999,mixed,mixed,true,robust,validated_proxy_row,"FoRCy uses normalized maximum footing moment and contact-area proxy lambda=sqrt(1/A_c/A); measured displacement gate is max(rotation/0.01 rad, sliding/0.1%, settlement/0.1%).",base
FoRCy,FoRCy_Mastersheet_others.csv,P2011SQF24,255,2.9617443887954615,7.771929824561402,-0.0668374797404654,0.93,8.157894736842104,14.6,mixed,mixed,true,marginal,validated_proxy_row,"FoRCy uses normalized maximum footing moment and contact-area proxy lambda=sqrt(1/A_c/A); measured displacement gate is max(rotation/0.01 rad, sliding/0.1%, settlement/0.1%).",base
FoRCy,FoRCy_Mastersheet_others.csv,P2011SQF24,256,2.9617443887954615,7.771929824561402,0.009164237115982314,1.01,8.859649122807017,19.9,both_detrimental,both_detrimental,true,marginal,validated_proxy_row,"FoRCy uses normalized maximum footing moment and contact-area proxy lambda=sqrt(1/A_c/A); measured displacement gate is max(rotation/0.01 rad, sliding/0.1%, settlement/0.1%).",base
FoRCy,FoRCy_Mastersheet_others.csv,P2011SQF24,257,2.9617443887954615,7.771929824561402,0.03612220744199255,1.04,9.12280701754386,24.5,both_detrimental,both_detrimental,true,marginal,validated_proxy_row,"FoRCy uses normalized maximum footing moment and contact-area proxy lambda=sqrt(1/A_c/A); measured displacement gate is max(rotation/0.01 rad, sliding/0.1%, settlement/0.1%).",base
FoRCy,FoRCy_Mastersheet_others.csv,P2011SQF24,258,2.9617443887954615,7.771929824561402,0.0708809827604669,1.08,9.473684210526315,28.9,both_detrimental,both_detrimental,true,marginal,validated_proxy_row,"FoRCy uses normalized maximum footing moment and contact-area proxy lambda=sqrt(1/A_c/A); measured displacement gate is max(rotation/0.01 rad, sliding/0.1%, settlement/0.1%).",base
FoRCy,FoRCy_Mastersheet_others.csv,P2011SQF24,259,2.9617443887954615,7.771929824561402,0.0877805070185828,1.1,9.649122807017543,32.8,both_detrimental,both_detrimental,true,robust,validated_proxy_row,"FoRCy uses normalized maximum footing moment and contact-area proxy lambda=sqrt(1/A_c/A); measured displacement gate is max(rotation/0.01 rad, sliding/0.1%, settlement/0.1%).",base
FoRCy,FoRCy_Mastersheet_others.csv,P2011SQF24,260,2.9617443887954615,7.771929824561402,0.062313495572212,1.07,9.3859649122807,36.9,both_detrimental,both_detrimental,true,marginal,validated_proxy_row,"FoRCy uses normalized maximum footing moment and contact-area proxy lambda=sqrt(1/A_c/A); measured displacement gate is max(rotation/0.01 rad, sliding/0.1%, settlement/0.1%).",base
FoRCy,FoRCy_Mastersheet_others.csv,P2011SQF24,261,2.9617443887954615,7.771929824561402,0.0708809827604669,1.08,9.473684210526315,40.4,both_detrimental,both_detrimental,true,marginal,validated_proxy_row,"FoRCy uses normalized maximum footing moment and contact-area proxy lambda=sqrt(1/A_c/A); measured displacement gate is max(rotation/0.01 rad, sliding/0.1%, settlement/0.1%).",base
FoRCy,FoRCy_Mastersheet_others.csv,P2011SQF24,262,2.9617443887954615,7.771929824561402,0.07936950581001558,1.09,9.56140350877193,43.699999999999996,both_detrimental,both_detrimental,true,marginal,validated_proxy_row,"FoRCy uses normalized maximum footing moment and contact-area proxy lambda=sqrt(1/A_c/A); measured displacement gate is max(rotation/0.01 rad, sliding/0.1%, settlement/0.1%).",base
FoRCy,FoRCy_Mastersheet_others.csv,P2011SQF24,263,2.9617443887954615,7.771929824561402,0.0877805070185828,1.1,9.649122807017543,46.199999999999996,both_detrimental,both_detrimental,true,robust,validated_proxy_row,"FoRCy uses normalized maximum footing moment and contact-area proxy lambda=sqrt(1/A_c/A); measured displacement gate is max(rotation/0.01 rad, sliding/0.1%, settlement/0.1%).",base
FoRCy,FoRCy_Mastersheet_others.csv,P2011SQF24,264,2.9617443887954615,7.771929824561402,0.062313495572212,1.07,9.3859649122807,49.599999999999994,both_detrimental,both_detrimental,true,marginal,validated_proxy_row,"FoRCy uses normalized maximum footing moment and contact-area proxy lambda=sqrt(1/A_c/A); measured displacement gate is max(rotation/0.01 rad, sliding/0.1%, settlement/0.1%).",base
FoRCy,FoRCy_Mastersheet_others.csv,P2011SQF24,265,2.9617443887954615,7.771929824561402,0.09611538952540528,1.11,9.736842105263158,54.3,both_detrimental,both_detrimental,true,robust,validated_proxy_row,"FoRCy uses normalized maximum footing moment and contact-area proxy lambda=sqrt(1/A_c/A); measured displacement gate is max(rotation/0.01 rad, sliding/0.1%, settlement/0.1%).",base
FoRCy,FoRCy_Mastersheet_others.csv,P2011SQF24,266,2.9617443887954615,7.771929824561402,0.11256222356490296,1.13,9.912280701754383,57.099999999999994,both_detrimental,both_detrimental,true,robust,validated_proxy_row,"FoRCy uses normalized maximum footing moment and contact-area proxy lambda=sqrt(1/A_c/A); measured displacement gate is max(rotation/0.01 rad, sliding/0.1%, settlement/0.1%).",base
FoRCy,FoRCy_Mastersheet_others.csv,P2011SQF25,267,2.9617443887954615,7.771929824561402,0.027223604581921596,1.03,9.035087719298245,22.599999999999998,both_detrimental,both_detrimental,true,marginal,validated_proxy_row,"FoRCy uses normalized maximum footing moment and contact-area proxy lambda=sqrt(1/A_c/A); measured displacement gate is max(rotation/0.01 rad, sliding/0.1%, settlement/0.1%).",base
FoRCy,FoRCy_Mastersheet_others.csv,P2011SQF25,268,2.9617443887954615,7.771929824561402,0.07936950581001558,1.09,9.56140350877193,34.5,both_detrimental,both_detrimental,true,marginal,validated_proxy_row,"FoRCy uses normalized maximum footing moment and contact-area proxy lambda=sqrt(1/A_c/A); measured displacement gate is max(rotation/0.01 rad, sliding/0.1%, settlement/0.1%).",base
FoRCy,FoRCy_Mastersheet_others.csv,P2011SQF25,269,2.9617443887954615,7.771929824561402,0.13669456219399012,1.16,10.175438596491226,41.5,both_detrimental,both_detrimental,true,robust,validated_proxy_row,"FoRCy uses normalized maximum footing moment and contact-area proxy lambda=sqrt(1/A_c/A); measured displacement gate is max(rotation/0.01 rad, sliding/0.1%, settlement/0.1%).",base
FoRCy,FoRCy_Mastersheet_others.csv,P2011SQF25,270,2.9617443887954615,7.771929824561402,0.10437551871606839,1.12,9.824561403508772,46.6,both_detrimental,both_detrimental,true,robust,validated_proxy_row,"FoRCy uses normalized maximum footing moment and contact-area proxy lambda=sqrt(1/A_c/A); measured displacement gate is max(rotation/0.01 rad, sliding/0.1%, settlement/0.1%).",base
FoRCy,FoRCy_Mastersheet_others.csv,P2011SQF25,271,2.9617443887954615,7.771929824561402,0.0877805070185828,1.1,9.649122807017543,53.4,both_detrimental,both_detrimental,true,robust,validated_proxy_row,"FoRCy uses normalized maximum footing moment and contact-area proxy lambda=sqrt(1/A_c/A); measured displacement gate is max(rotation/0.01 rad, sliding/0.1%, settlement/0.1%).",base
FoRCy,FoRCy_Mastersheet_others.csv,P2011SQF26,272,1.6927284226638315,1.8653295128939829,0.19827427621444152,1.11,3.1805157593123212,15.1,both_detrimental,both_detrimental,true,robust,validated_proxy_row,"FoRCy uses normalized maximum footing moment and contact-area proxy lambda=sqrt(1/A_c/A); measured displacement gate is max(rotation/0.01 rad, sliding/0.1%, settlement/0.1%).",base
FoRCy,FoRCy_Mastersheet_others.csv,P2011SQF27,273,1.6927284226638315,1.8653295128939829,-0.9391168172866233,0.61,1.7478510028653296,4.199999999999999,mixed,mixed,true,robust,validated_proxy_row,"FoRCy uses normalized maximum footing moment and contact-area proxy lambda=sqrt(1/A_c/A); measured displacement gate is max(rotation/0.01 rad, sliding/0.1%, settlement/0.1%).",base
FoRCy,FoRCy_Mastersheet_others.csv,P2011SQF27,274,1.6927284226638315,1.8653295128939829,-0.1378775343363235,0.93,2.664756446991404,10.7,mixed,mixed,true,marginal,validated_proxy_row,"FoRCy uses normalized maximum footing moment and contact-area proxy lambda=sqrt(1/A_c/A); measured displacement gate is max(rotation/0.01 rad, sliding/0.1%, settlement/0.1%).",base
FoRCy,FoRCy_Mastersheet_others.csv,P2011SQF27,275,1.6927284226638315,1.8653295128939829,0.1810804344734597,1.1,3.1518624641833815,17.8,both_detrimental,both_detrimental,true,robust,validated_proxy_row,"FoRCy uses normalized maximum footing moment and contact-area proxy lambda=sqrt(1/A_c/A); measured displacement gate is max(rotation/0.01 rad, sliding/0.1%, settlement/0.1%).",base
FoRCy,FoRCy_Mastersheet_others.csv,P2011SQF27,276,1.6927284226638315,1.8653295128939829,0.3463939191585569,1.2,3.438395415472779,25.2,both_detrimental,both_detrimental,true,robust,validated_proxy_row,"FoRCy uses normalized maximum footing moment and contact-area proxy lambda=sqrt(1/A_c/A); measured displacement gate is max(rotation/0.01 rad, sliding/0.1%, settlement/0.1%).",base
FoRCy,FoRCy_Mastersheet_others.csv,P2011SQF27,277,1.6927284226638315,1.8653295128939829,0.45410977371520816,1.27,3.6389684813753584,32.8,both_detrimental,both_detrimental,true,robust,validated_proxy_row,"FoRCy uses normalized maximum footing moment and contact-area proxy lambda=sqrt(1/A_c/A); measured displacement gate is max(rotation/0.01 rad, sliding/0.1%, settlement/0.1%).",base
FoRCy,FoRCy_Mastersheet_others.csv,P2011SQF27,278,1.6927284226638315,1.8653295128939829,0.5560449152689807,1.34,3.8395415472779373,40.3,both_detrimental,both_detrimental,true,robust,validated_proxy_row,"FoRCy uses normalized maximum footing moment and contact-area proxy lambda=sqrt(1/A_c/A); measured displacement gate is max(rotation/0.01 rad, sliding/0.1%, settlement/0.1%).",base
FoRCy,FoRCy_Mastersheet_others.csv,P2011SQF27,279,1.6927284226638315,1.8653295128939829,0.625646344689977,1.39,3.9828080229226357,46.5,both_detrimental,both_detrimental,true,robust,validated_proxy_row,"FoRCy uses normalized maximum footing moment and contact-area proxy lambda=sqrt(1/A_c/A); measured displacement gate is max(rotation/0.01 rad, sliding/0.1%, settlement/0.1%).",base
FoRCy,FoRCy_Mastersheet_others.csv,P2011SQF27,280,1.6927284226638315,1.8653295128939829,0.6662152856408265,1.42,4.0687679083094554,52.4,both_detrimental,both_detrimental,true,robust,validated_proxy_row,"FoRCy uses normalized maximum footing moment and contact-area proxy lambda=sqrt(1/A_c/A); measured displacement gate is max(rotation/0.01 rad, sliding/0.1%, settlement/0.1%).",base
FoRCy,FoRCy_Mastersheet_others.csv,P2011SQF27,281,1.6927284226638315,1.8653295128939829,0.6795480178692798,1.43,4.097421203438396,59.0,both_detrimental,both_detrimental,true,robust,validated_proxy_row,"FoRCy uses normalized maximum footing moment and contact-area proxy lambda=sqrt(1/A_c/A); measured displacement gate is max(rotation/0.01 rad, sliding/0.1%, settlement/0.1%).",base
FoRCy,FoRCy_Mastersheet_others.csv,P2011SQF27,282,1.6927284226638315,1.8653295128939829,0.7319625570393945,1.47,4.212034383954155,65.39999999999999,both_detrimental,both_detrimental,true,robust,validated_proxy_row,"FoRCy uses normalized maximum footing moment and contact-area proxy lambda=sqrt(1/A_c/A); measured displacement gate is max(rotation/0.01 rad, sliding/0.1%, settlement/0.1%).",base
FoRCy,FoRCy_Mastersheet_others.csv,P2011SQF27,283,1.6927284226638315,1.8653295128939829,0.820346239245986,1.54,4.412607449856734,71.1,both_detrimental,both_detrimental,true,robust,validated_proxy_row,"FoRCy uses normalized maximum footing moment and contact-area proxy lambda=sqrt(1/A_c/A); measured displacement gate is max(rotation/0.01 rad, sliding/0.1%, settlement/0.1%).",base
FoRCy,FoRCy_Mastersheet_others.csv,P2011SQF27,284,1.6927284226638315,1.8653295128939829,0.7319625570393945,1.47,4.212034383954155,76.3,both_detrimental,both_detrimental,true,robust,validated_proxy_row,"FoRCy uses normalized maximum footing moment and contact-area proxy lambda=sqrt(1/A_c/A); measured displacement gate is max(rotation/0.01 rad, sliding/0.1%, settlement/0.1%).",base
FoRCy,FoRCy_Mastersheet_others.csv,P2011SQF27,285,1.6927284226638315,1.8653295128939829,0.8079689541312618,1.53,4.383954154727794,83.9,both_detrimental,both_detrimental,true,robust,validated_proxy_row,"FoRCy uses normalized maximum footing moment and contact-area proxy lambda=sqrt(1/A_c/A); measured displacement gate is max(rotation/0.01 rad, sliding/0.1%, settlement/0.1%).",base
FoRCy,FoRCy_Mastersheet_others.csv,P2011SQF27,286,1.6927284226638315,1.8653295128939829,0.8079689541312618,1.53,4.383954154727794,91.1,both_detrimental,both_detrimental,true,robust,validated_proxy_row,"FoRCy uses normalized maximum footing moment and contact-area proxy lambda=sqrt(1/A_c/A); measured displacement gate is max(rotation/0.01 rad, sliding/0.1%, settlement/0.1%).",base
FoRCy,FoRCy_Mastersheet_others.csv,P2011SQF28,287,1.6927284226638315,1.8653295128939829,0.3777980481300185,1.22,3.495702005730659,39.4,both_detrimental,both_detrimental,true,robust,validated_proxy_row,"FoRCy uses normalized maximum footing moment and contact-area proxy lambda=sqrt(1/A_c/A); measured displacement gate is max(rotation/0.01 rad, sliding/0.1%, settlement/0.1%).",base
FoRCy,FoRCy_Mastersheet_others.csv,P2011SQF28,288,1.6927284226638315,1.8653295128939829,0.7189938613220397,1.46,4.1833810888252145,70.0,both_detrimental,both_detrimental,true,robust,validated_proxy_row,"FoRCy uses normalized maximum footing moment and contact-area proxy lambda=sqrt(1/A_c/A); measured displacement gate is max(rotation/0.01 rad, sliding/0.1%, settlement/0.1%).",base
FoRCy,FoRCy_Mastersheet_others.csv,P2011SQF28,289,1.6927284226638315,1.8653295128939829,0.8326434119217614,1.55,4.441260744985674,88.69999999999999,both_detrimental,both_detrimental,true,robust,validated_proxy_row,"FoRCy uses normalized maximum footing moment and contact-area proxy lambda=sqrt(1/A_c/A); measured displacement gate is max(rotation/0.01 rad, sliding/0.1%, settlement/0.1%).",base
FoRCy,FoRCy_Mastersheet_others.csv,P2011SQF28,290,1.6927284226638315,1.8653295128939829,0.9165645987224396,1.62,4.641833810888253,101.5,both_detrimental,both_detrimental,true,robust,validated_proxy_row,"FoRCy uses normalized maximum footing moment and contact-area proxy lambda=sqrt(1/A_c/A); measured displacement gate is max(rotation/0.01 rad, sliding/0.1%, settlement/0.1%).",base
FoRCy,FoRCy_Mastersheet_others.csv,P2011SQF28,291,1.6927284226638315,1.8653295128939829,1.1061552671141948,1.79,5.128939828080229,114.39999999999999,both_detrimental,both_detrimental,true,robust,validated_proxy_row,"FoRCy uses normalized maximum footing moment and contact-area proxy lambda=sqrt(1/A_c/A); measured displacement gate is max(rotation/0.01 rad, sliding/0.1%, settlement/0.1%).",base
FoRCy,FoRCy_Mastersheet_others.csv,MAH03-1,292,2.3063280200722125,4.319148936170213,-0.9030065425670698,0.470197044,2.5010481063829784,0.26509999999999995,both_beneficial,mixed,false,robust,validated_proxy_row,"FoRCy uses normalized maximum footing moment and contact-area proxy lambda=sqrt(1/A_c/A); measured displacement gate is max(rotation/0.01 rad, sliding/0.1%, settlement/0.1%).",base
FoRCy,FoRCy_Mastersheet_others.csv,MAH03-1,293,2.3063280200722125,4.319148936170213,-0.49068542536977067,0.66362069,3.529897287234042,0.5952999999999999,both_beneficial,mixed,false,robust,validated_proxy_row,"FoRCy uses normalized maximum footing moment and contact-area proxy lambda=sqrt(1/A_c/A); measured displacement gate is max(rotation/0.01 rad, sliding/0.1%, settlement/0.1%).",base
FoRCy,FoRCy_Mastersheet_others.csv,MAH03-1,294,2.3063280200722125,4.319148936170213,-0.19645866368418718,0.848596059,4.513808824468084,1.4401,mixed,mixed,true,robust,validated_proxy_row,"FoRCy uses normalized maximum footing moment and contact-area proxy lambda=sqrt(1/A_c/A); measured displacement gate is max(rotation/0.01 rad, sliding/0.1%, settlement/0.1%).",base
FoRCy,FoRCy_Mastersheet_others.csv,MAH03-1,295,2.3063280200722125,4.319148936170213,0.010315687082588558,1.008657635,5.365200186170212,3.1422,both_detrimental,both_detrimental,true,marginal,validated_proxy_row,"FoRCy uses normalized maximum footing moment and contact-area proxy lambda=sqrt(1/A_c/A); measured displacement gate is max(rotation/0.01 rad, sliding/0.1%, settlement/0.1%).",base
FoRCy,FoRCy_Mastersheet_others.csv,MAH03-1,296,2.3063280200722125,4.319148936170213,0.13187353589720718,1.116502463,5.938842888297871,6.063199999999999,both_detrimental,both_detrimental,true,robust,validated_proxy_row,"FoRCy uses normalized maximum footing moment and contact-area proxy lambda=sqrt(1/A_c/A); measured displacement gate is max(rotation/0.01 rad, sliding/0.1%, settlement/0.1%).",base
FoRCy,FoRCy_Mastersheet_others.csv,MAH03-1,297,2.3063280200722125,4.319148936170213,0.1765030304966044,1.158928571,6.164513675531913,10.9078,both_detrimental,both_detrimental,true,robust,validated_proxy_row,"FoRCy uses normalized maximum footing moment and contact-area proxy lambda=sqrt(1/A_c/A); measured displacement gate is max(rotation/0.01 rad, sliding/0.1%, settlement/0.1%).",base
FoRCy,FoRCy_Mastersheet_others.csv,MAH03-1,298,2.3063280200722125,4.319148936170213,0.16856726160701846,1.151268473,6.123768473404255,16.8326,both_detrimental,both_detrimental,true,robust,validated_proxy_row,"FoRCy uses normalized maximum footing moment and contact-area proxy lambda=sqrt(1/A_c/A); measured displacement gate is max(rotation/0.01 rad, sliding/0.1%, settlement/0.1%).",base
FoRCy,FoRCy_Mastersheet_others.csv,MAH03-2,299,2.3063280200722125,4.319148936170213,-1.5972909328114668,0.263214286,1.400075989361702,0.49329999999999996,both_beneficial,mixed,false,robust,validated_proxy_row,"FoRCy uses normalized maximum footing moment and contact-area proxy lambda=sqrt(1/A_c/A); measured displacement gate is max(rotation/0.01 rad, sliding/0.1%, settlement/0.1%).",base
FoRCy,FoRCy_Mastersheet_others.csv,MAH03-2,300,2.3063280200722125,4.319148936170213,-0.8414016378852194,0.495036946,2.6331752446808503,0.8936,both_beneficial,mixed,false,robust,validated_proxy_row,"FoRCy uses normalized maximum footing moment and contact-area proxy lambda=sqrt(1/A_c/A); measured displacement gate is max(rotation/0.01 rad, sliding/0.1%, settlement/0.1%).",base
FoRCy,FoRCy_Mastersheet_others.csv,MAH03-2,301,2.3063280200722125,4.319148936170213,-0.327245714493785,0.760738916,4.04648359574468,1.0897,mixed,mixed,true,robust,validated_proxy_row,"FoRCy uses normalized maximum footing moment and contact-area proxy lambda=sqrt(1/A_c/A); measured displacement gate is max(rotation/0.01 rad, sliding/0.1%, settlement/0.1%).",base
FoRCy,FoRCy_Mastersheet_others.csv,MAH03-2,302,2.3063280200722125,4.319148936170213,0.00397245324456277,1.003325123,5.336835760638297,1.8218999999999999,both_detrimental,both_detrimental,true,marginal,validated_proxy_row,"FoRCy uses normalized maximum footing moment and contact-area proxy lambda=sqrt(1/A_c/A); measured displacement gate is max(rotation/0.01 rad, sliding/0.1%, settlement/0.1%).",base
FoRCy,FoRCy_Mastersheet_others.csv,MAH03-2,303,2.3063280200722125,4.319148936170213,0.17324323219148235,1.155775862,6.14774394680851,6.086899999999999,both_detrimental,both_detrimental,true,robust,validated_proxy_row,"FoRCy uses normalized maximum footing moment and contact-area proxy lambda=sqrt(1/A_c/A); measured displacement gate is max(rotation/0.01 rad, sliding/0.1%, settlement/0.1%).",base
FoRCy,FoRCy_Mastersheet_others.csv,MAH03-2,304,2.3063280200722125,4.319148936170213,0.2533086622646941,1.235751232,6.573144851063828,14.6282,both_detrimental,both_detrimental,true,robust,validated_proxy_row,"FoRCy uses normalized maximum footing moment and contact-area proxy lambda=sqrt(1/A_c/A); measured displacement gate is max(rotation/0.01 rad, sliding/0.1%, settlement/0.1%).",base
FoRCy,FoRCy_Mastersheet_others.csv,MAH03-2,305,2.3063280200722125,4.319148936170213,0.26602523885657947,1.248953202,6.6433680957446795,24.0547,both_detrimental,both_detrimental,true,robust,validated_proxy_row,"FoRCy uses normalized maximum footing moment and contact-area proxy lambda=sqrt(1/A_c/A); measured displacement gate is max(rotation/0.01 rad, sliding/0.1%, settlement/0.1%).",base
FoRCy,FoRCy_Mastersheet_others.csv,SC_Al_30_1,306,2.0493901536017978,3.2000000016800003,-0.6676619353704605,0.619355625,2.6012936260405173,0.7065,both_beneficial,mixed,false,robust,validated_proxy_row,"FoRCy uses normalized maximum footing moment and contact-area proxy lambda=sqrt(1/A_c/A); measured displacement gate is max(rotation/0.01 rad, sliding/0.1%, settlement/0.1%).",base
FoRCy,FoRCy_Mastersheet_others.csv,SC_Al_30_1,307,2.0493901536017978,3.2000000016800003,-0.36395704124939243,0.770161875,3.234679876293872,1.703,mixed,mixed,true,robust,validated_proxy_row,"FoRCy uses normalized maximum footing moment and contact-area proxy lambda=sqrt(1/A_c/A); measured displacement gate is max(rotation/0.01 rad, sliding/0.1%, settlement/0.1%).",base
FoRCy,FoRCy_Mastersheet_others.csv,SC_Al_30_1,308,2.0493901536017978,3.2000000016800003,-0.16704967507489832,0.88704,3.7255680014902275,2.701,mixed,mixed,true,robust,validated_proxy_row,"FoRCy uses normalized maximum footing moment and contact-area proxy lambda=sqrt(1/A_c/A); measured displacement gate is max(rotation/0.01 rad, sliding/0.1%, settlement/0.1%).",base
FoRCy,FoRCy_Mastersheet_others.csv,SC_Al_30_1,309,2.0493901536017978,3.2000000016800003,-0.022059132942997807,0.98429625,4.134044251653618,4.526999999999999,mixed,mixed,true,marginal,validated_proxy_row,"FoRCy uses normalized maximum footing moment and contact-area proxy lambda=sqrt(1/A_c/A); measured displacement gate is max(rotation/0.01 rad, sliding/0.1%, settlement/0.1%).",base
FoRCy,FoRCy_Mastersheet_others.csv,SC_Al_30_1,310,2.0493901536017978,3.2000000016800003,0.05393682130610732,1.039460625,4.365734626746295,7.318,both_detrimental,both_detrimental,true,marginal,validated_proxy_row,"FoRCy uses normalized maximum footing moment and contact-area proxy lambda=sqrt(1/A_c/A); measured displacement gate is max(rotation/0.01 rad, sliding/0.1%, settlement/0.1%).",base
FoRCy,FoRCy_Mastersheet_others.csv,SC_Al_30_1,311,2.0493901536017978,3.2000000016800003,0.032962277601553736,1.02393375,4.3005217517202095,9.315999999999999,both_detrimental,both_detrimental,true,marginal,validated_proxy_row,"FoRCy uses normalized maximum footing moment and contact-area proxy lambda=sqrt(1/A_c/A); measured displacement gate is max(rotation/0.01 rad, sliding/0.1%, settlement/0.1%).",base
FoRCy,FoRCy_Mastersheet_others.csv,SC_Al_60_1,312,1.5811388300841898,1.5,-1.5379674467033593,0.4943,1.2357500000000003,0.8699999999999999,both_beneficial,mixed,false,robust,validated_proxy_row,"FoRCy uses normalized maximum footing moment and contact-area proxy lambda=sqrt(1/A_c/A); measured displacement gate is max(rotation/0.01 rad, sliding/0.1%, settlement/0.1%).",base
FoRCy,FoRCy_Mastersheet_others.csv,SC_Al_60_1,313,1.5811388300841898,1.5,-1.049290528486582,0.618333333,1.5458333325000004,1.5559999999999998,mixed,mixed,true,robust,validated_proxy_row,"FoRCy uses normalized maximum footing moment and contact-area proxy lambda=sqrt(1/A_c/A); measured displacement gate is max(rotation/0.01 rad, sliding/0.1%, settlement/0.1%).",base
FoRCy,FoRCy_Mastersheet_others.csv,SC_Al_60_1,314,1.5811388300841898,1.5,-0.6098616938244592,0.756233333,1.8905833325000003,3.053,mixed,mixed,true,robust,validated_proxy_row,"FoRCy uses normalized maximum footing moment and contact-area proxy lambda=sqrt(1/A_c/A); measured displacement gate is max(rotation/0.01 rad, sliding/0.1%, settlement/0.1%).",base
FoRCy,FoRCy_Mastersheet_others.csv,SC_Al_60_1,315,1.5811388300841898,1.5,-0.1909926690474457,0.916216667,2.2905416675000003,6.7090000000000005,mixed,mixed,true,marginal,validated_proxy_row,"FoRCy uses normalized maximum footing moment and contact-area proxy lambda=sqrt(1/A_c/A); measured displacement gate is max(rotation/0.01 rad, sliding/0.1%, settlement/0.1%).",base
FoRCy,FoRCy_Mastersheet_others.csv,SC_Al_60_1,316,1.5811388300841898,1.5,0.04917144320037122,1.022783333,2.5569583325000007,15.0,both_detrimental,both_detrimental,true,marginal,validated_proxy_row,"FoRCy uses normalized maximum footing moment and contact-area proxy lambda=sqrt(1/A_c/A); measured displacement gate is max(rotation/0.01 rad, sliding/0.1%, settlement/0.1%).",base
FoRCy,FoRCy_Mastersheet_others.csv,SC_Al_60_1,317,1.5811388300841898,1.5,-0.05406788145275299,0.975533333,2.4388333325000002,26.0,mixed,mixed,true,marginal,validated_proxy_row,"FoRCy uses normalized maximum footing moment and contact-area proxy lambda=sqrt(1/A_c/A); measured displacement gate is max(rotation/0.01 rad, sliding/0.1%, settlement/0.1%).",base
FoRCy,FoRCy_Mastersheet_others.csv,SC_St_30,318,1.4142135623730951,1.0,-2.333264407728091,0.44546,0.8909200000000003,1.4399999999999997,mixed,both_beneficial,false,marginal,validated_proxy_row,"FoRCy uses normalized maximum footing moment and contact-area proxy lambda=sqrt(1/A_c/A); measured displacement gate is max(rotation/0.01 rad, sliding/0.1%, settlement/0.1%).",base
FoRCy,FoRCy_Mastersheet_others.csv,SC_St_30,319,1.4142135623730951,1.0,-1.6385839553697947,0.56672,1.1334400000000002,2.17,mixed,mixed,true,marginal,validated_proxy_row,"FoRCy uses normalized maximum footing moment and contact-area proxy lambda=sqrt(1/A_c/A); measured displacement gate is max(rotation/0.01 rad, sliding/0.1%, settlement/0.1%).",base
FoRCy,FoRCy_Mastersheet_others.csv,SC_St_30,320,1.4142135623730951,1.0,-0.920104221840566,0.72696,1.4539200000000003,3.9539999999999997,mixed,mixed,true,robust,validated_proxy_row,"FoRCy uses normalized maximum footing moment and contact-area proxy lambda=sqrt(1/A_c/A); measured displacement gate is max(rotation/0.01 rad, sliding/0.1%, settlement/0.1%).",base
FoRCy,FoRCy_Mastersheet_others.csv,SC_St_30,321,1.4142135623730951,1.0,-0.3019550831379893,0.90064,1.8012800000000004,9.819999999999999,mixed,mixed,true,marginal,validated_proxy_row,"FoRCy uses normalized maximum footing moment and contact-area proxy lambda=sqrt(1/A_c/A); measured displacement gate is max(rotation/0.01 rad, sliding/0.1%, settlement/0.1%).",base
FoRCy,FoRCy_Mastersheet_others.csv,SC_St_30,322,1.4142135623730951,1.0,-0.03460048078877264,0.98808,1.9761600000000004,25.0,mixed,mixed,true,marginal,validated_proxy_row,"FoRCy uses normalized maximum footing moment and contact-area proxy lambda=sqrt(1/A_c/A); measured displacement gate is max(rotation/0.01 rad, sliding/0.1%, settlement/0.1%).",base
FoRCy,FoRCy_Mastersheet_others.csv,SC_St_30,323,1.4142135623730951,1.0,0.12871728305215477,1.04562,2.0912400000000004,45.99999999999999,both_detrimental,both_detrimental,true,marginal,validated_proxy_row,"FoRCy uses normalized maximum footing moment and contact-area proxy lambda=sqrt(1/A_c/A); measured displacement gate is max(rotation/0.01 rad, sliding/0.1%, settlement/0.1%).",base
FoRCy,FoRCy_Mastersheet_others.csv,SC_St_60,324,1.0954451152294213,0.20000000048,-5.666273793532811,0.59658,0.7158960002863586,1.66,mixed,both_beneficial,false,robust,validated_proxy_row,"FoRCy uses normalized maximum footing moment and contact-area proxy lambda=sqrt(1/A_c/A); measured displacement gate is max(rotation/0.01 rad, sliding/0.1%, settlement/0.1%).",base
FoRCy,FoRCy_Mastersheet_others.csv,SC_St_60,325,1.0954451152294213,0.20000000048,-1.2261971121915725,0.89424,1.0730880004292354,2.0799999999999996,mixed,mixed,true,marginal,validated_proxy_row,"FoRCy uses normalized maximum footing moment and contact-area proxy lambda=sqrt(1/A_c/A); measured displacement gate is max(rotation/0.01 rad, sliding/0.1%, settlement/0.1%).",base
FoRCy,FoRCy_Mastersheet_others.csv,SC_St_60,326,1.0954451152294213,0.20000000048,1.4084260440120473,1.137,1.3644000005457602,11.0,both_detrimental,both_detrimental,true,robust,validated_proxy_row,"FoRCy uses normalized maximum footing moment and contact-area proxy lambda=sqrt(1/A_c/A); measured displacement gate is max(rotation/0.01 rad, sliding/0.1%, settlement/0.1%).",base
FoRCy,FoRCy_Mastersheet_others.csv,SC_St_60,327,1.0954451152294213,0.20000000048,3.661632102688903,1.39626,1.6755120006702051,27.0,both_detrimental,both_detrimental,true,robust,validated_proxy_row,"FoRCy uses normalized maximum footing moment and contact-area proxy lambda=sqrt(1/A_c/A); measured displacement gate is max(rotation/0.01 rad, sliding/0.1%, settlement/0.1%).",base
FoRCy,FoRCy_Mastersheet_others.csv,SC_St_60,328,1.0954451152294213,0.20000000048,6.561297151712737,1.81872,2.182464000872986,60.99999999999999,both_detrimental,both_detrimental,true,robust,validated_proxy_row,"FoRCy uses normalized maximum footing moment and contact-area proxy lambda=sqrt(1/A_c/A); measured displacement gate is max(rotation/0.01 rad, sliding/0.1%, settlement/0.1%).",base
FoRCy,FoRCy_Mastersheet_others.csv,SC_St_60,329,1.0954451152294213,0.20000000048,6.3371843389153995,1.78194,2.138328000855332,90.99999999999999,both_detrimental,both_detrimental,true,robust,validated_proxy_row,"FoRCy uses normalized maximum footing moment and contact-area proxy lambda=sqrt(1/A_c/A); measured displacement gate is max(rotation/0.01 rad, sliding/0.1%, settlement/0.1%).",base
FoRCy,FoRCy_Mastersheet_others.csv,Case 3,330,2.3173260470703947,4.3700000084309005,0.12246838618945265,1.108407323,5.952147333854873,14.219999999999999,both_detrimental,both_detrimental,true,robust,validated_proxy_row,"FoRCy uses normalized maximum footing moment and contact-area proxy lambda=sqrt(1/A_c/A); measured displacement gate is max(rotation/0.01 rad, sliding/0.1%, settlement/0.1%).",base
FoRCy,FoRCy_Mastersheet_others.csv,Case 4,331,2.3173260470703947,4.3700000084309005,-0.5606867050477513,0.62424714,3.352207147062966,0.397361,both_beneficial,mixed,false,robust,validated_proxy_row,"FoRCy uses normalized maximum footing moment and contact-area proxy lambda=sqrt(1/A_c/A); measured displacement gate is max(rotation/0.01 rad, sliding/0.1%, settlement/0.1%).",base
FoRCy,FoRCy_Mastersheet_others.csv,Case 4,332,2.3173260470703947,4.3700000084309005,-0.05350203279707483,0.956032037,5.133892046750211,0.49033628,both_beneficial,mixed,false,marginal,validated_proxy_row,"FoRCy uses normalized maximum footing moment and contact-area proxy lambda=sqrt(1/A_c/A); measured displacement gate is max(rotation/0.01 rad, sliding/0.1%, settlement/0.1%).",base
FoRCy,FoRCy_Mastersheet_others.csv,Case 4,333,2.3173260470703947,4.3700000084309005,-0.007157281642200444,0.994002975,5.3377959841303415,0.53725028,both_beneficial,mixed,false,marginal,validated_proxy_row,"FoRCy uses normalized maximum footing moment and contact-area proxy lambda=sqrt(1/A_c/A); measured displacement gate is max(rotation/0.01 rad, sliding/0.1%, settlement/0.1%).",base
FoRCy,FoRCy_Mastersheet_others.csv,Case 4,334,2.3173260470703947,4.3700000084309005,0.08902352523769362,1.077686499,5.787176508715868,1.55967521,both_detrimental,both_detrimental,true,marginal,validated_proxy_row,"FoRCy uses normalized maximum footing moment and contact-area proxy lambda=sqrt(1/A_c/A); measured displacement gate is max(rotation/0.01 rad, sliding/0.1%, settlement/0.1%).",base
FoRCy,FoRCy_Mastersheet_others.csv,Case 4,335,2.3173260470703947,4.3700000084309005,0.09578812477987171,1.083830664,5.820170674817669,3.8752472799999995,both_detrimental,both_detrimental,true,marginal,validated_proxy_row,"FoRCy uses normalized maximum footing moment and contact-area proxy lambda=sqrt(1/A_c/A); measured displacement gate is max(rotation/0.01 rad, sliding/0.1%, settlement/0.1%).",base
FoRCy,FoRCy_Mastersheet_others.csv,Case 4,336,2.3173260470703947,4.3700000084309005,0.11319819018138248,1.099805492,5.905955501312351,6.968603989999999,both_detrimental,both_detrimental,true,marginal,validated_proxy_row,"FoRCy uses normalized maximum footing moment and contact-area proxy lambda=sqrt(1/A_c/A); measured displacement gate is max(rotation/0.01 rad, sliding/0.1%, settlement/0.1%).",base
FoRCy,FoRCy_Mastersheet_others.csv,Case 4,337,2.3173260470703947,4.3700000084309005,0.08630688055331899,1.075228833,5.773978842275148,12.65248239,both_detrimental,both_detrimental,true,marginal,validated_proxy_row,"FoRCy uses normalized maximum footing moment and contact-area proxy lambda=sqrt(1/A_c/A); measured displacement gate is max(rotation/0.01 rad, sliding/0.1%, settlement/0.1%).",base
FoRCy,FoRCy_Mastersheet_others.csv,Case 4,338,2.3173260470703947,4.3700000084309005,0.023482857455091558,1.01993135,5.477031358098941,15.079088039999998,both_detrimental,both_detrimental,true,marginal,validated_proxy_row,"FoRCy uses normalized maximum footing moment and contact-area proxy lambda=sqrt(1/A_c/A); measured displacement gate is max(rotation/0.01 rad, sliding/0.1%, settlement/0.1%).",base
FoRCy,FoRCy_Mastersheet_others.csv,Case 4,339,2.3173260470703947,4.3700000084309005,0.003241230813847214,1.002727689,5.3846476983838985,18.45078218,both_detrimental,both_detrimental,true,marginal,validated_proxy_row,"FoRCy uses normalized maximum footing moment and contact-area proxy lambda=sqrt(1/A_c/A); measured displacement gate is max(rotation/0.01 rad, sliding/0.1%, settlement/0.1%).",base
FoRCy,FoRCy_Mastersheet_others.csv,Case 4,340,2.3173260470703947,4.3700000084309005,-0.011430839855621355,0.990439359,5.318659366180297,24.10800678,mixed,mixed,true,marginal,validated_proxy_row,"FoRCy uses normalized maximum footing moment and contact-area proxy lambda=sqrt(1/A_c/A); measured displacement gate is max(rotation/0.01 rad, sliding/0.1%, settlement/0.1%).",base
FoRCy,FoRCy_Mastersheet_others.csv,Case 5,341,2.3173260470703947,4.3700000084309005,-0.7729538591476153,0.522254005,2.804504011253072,0.32702116000000003,both_beneficial,mixed,false,robust,validated_proxy_row,"FoRCy uses normalized maximum footing moment and contact-area proxy lambda=sqrt(1/A_c/A); measured displacement gate is max(rotation/0.01 rad, sliding/0.1%, settlement/0.1%).",base
FoRCy,FoRCy_Mastersheet_others.csv,Case 5,342,2.3173260470703947,4.3700000084309005,-0.30457676040702597,0.77416476,4.157264767726907,0.54062802,both_beneficial,mixed,false,robust,validated_proxy_row,"FoRCy uses normalized maximum footing moment and contact-area proxy lambda=sqrt(1/A_c/A); measured displacement gate is max(rotation/0.01 rad, sliding/0.1%, settlement/0.1%).",base
FoRCy,FoRCy_Mastersheet_others.csv,Case 5,343,2.3173260470703947,4.3700000084309005,-0.09711544234103762,0.921624714,4.9491247219501275,0.6598125,both_beneficial,mixed,false,marginal,validated_proxy_row,"FoRCy uses normalized maximum footing moment and contact-area proxy lambda=sqrt(1/A_c/A); measured displacement gate is max(rotation/0.01 rad, sliding/0.1%, settlement/0.1%).",base
FoRCy,FoRCy_Mastersheet_others.csv,Case 5,344,2.3173260470703947,4.3700000084309005,0.05181490562750474,1.044508009,5.609008017136144,1.30782061,both_detrimental,both_detrimental,true,marginal,validated_proxy_row,"FoRCy uses normalized maximum footing moment and contact-area proxy lambda=sqrt(1/A_c/A); measured displacement gate is max(rotation/0.01 rad, sliding/0.1%, settlement/0.1%).",base
FoRCy,FoRCy_Mastersheet_others.csv,Case 5,345,2.3173260470703947,4.3700000084309005,0.12378682383636642,1.109636156,5.958746167075233,1.8378212399999998,both_detrimental,both_detrimental,true,robust,validated_proxy_row,"FoRCy uses normalized maximum footing moment and contact-area proxy lambda=sqrt(1/A_c/A); measured displacement gate is max(rotation/0.01 rad, sliding/0.1%, settlement/0.1%).",base
FoRCy,FoRCy_Mastersheet_others.csv,Case 5,346,2.3173260470703947,4.3700000084309005,0.12510380222709033,1.110864989,5.965345000295593,2.419943,both_detrimental,both_detrimental,true,robust,validated_proxy_row,"FoRCy uses normalized maximum footing moment and contact-area proxy lambda=sqrt(1/A_c/A); measured displacement gate is max(rotation/0.01 rad, sliding/0.1%, settlement/0.1%).",base
FoRCy,FoRCy_Mastersheet_others.csv,Case 5,347,2.3173260470703947,4.3700000084309005,0.11585419542464954,1.102263158,5.9191531677530715,3.263425,both_detrimental,both_detrimental,true,robust,validated_proxy_row,"FoRCy uses normalized maximum footing moment and contact-area proxy lambda=sqrt(1/A_c/A); measured displacement gate is max(rotation/0.01 rad, sliding/0.1%, settlement/0.1%).",base
FoRCy,FoRCy_Mastersheet_others.csv,Case 5,348,2.3173260470703947,4.3700000084309005,0.09362763398973739,1.081864531,5.809612540591092,4.121373999999999,both_detrimental,both_detrimental,true,marginal,validated_proxy_row,"FoRCy uses normalized maximum footing moment and contact-area proxy lambda=sqrt(1/A_c/A); measured displacement gate is max(rotation/0.01 rad, sliding/0.1%, settlement/0.1%).",base
FoRCy,FoRCy_Mastersheet_others.csv,Case 5,349,2.3173260470703947,4.3700000084309005,0.06711469374699572,1.058025172,5.681595182560106,4.962586,both_detrimental,both_detrimental,true,marginal,validated_proxy_row,"FoRCy uses normalized maximum footing moment and contact-area proxy lambda=sqrt(1/A_c/A); measured displacement gate is max(rotation/0.01 rad, sliding/0.1%, settlement/0.1%).",base
FoRCy,FoRCy_Mastersheet_others.csv,Case 5,350,2.3173260470703947,4.3700000084309005,0.026346613001261423,1.022389016,5.490229024539661,6.655569999999999,both_detrimental,both_detrimental,true,marginal,validated_proxy_row,"FoRCy uses normalized maximum footing moment and contact-area proxy lambda=sqrt(1/A_c/A); measured displacement gate is max(rotation/0.01 rad, sliding/0.1%, settlement/0.1%).",base
FoRCy,FoRCy_Mastersheet_others.csv,Case 6,351,2.2315913596164507,3.9799999963148,0.04711323016149674,1.038542714,5.171942711892762,40.0,both_detrimental,both_detrimental,true,marginal,validated_proxy_row,"FoRCy uses normalized maximum footing moment and contact-area proxy lambda=sqrt(1/A_c/A); measured displacement gate is max(rotation/0.01 rad, sliding/0.1%, settlement/0.1%).",base
FoRCy,FoRCy_Mastersheet_others.csv,Case 7,352,2.2315913596164507,3.9799999963148,-0.35298926995949576,0.753256281,3.751216276604099,0.96646122,both_beneficial,mixed,false,robust,validated_proxy_row,"FoRCy uses normalized maximum footing moment and contact-area proxy lambda=sqrt(1/A_c/A); measured displacement gate is max(rotation/0.01 rad, sliding/0.1%, settlement/0.1%).",base
FoRCy,FoRCy_Mastersheet_others.csv,Case 7,353,2.2315913596164507,3.9799999963148,-0.0626483587082883,0.950954774,4.73575477101554,0.87838125,both_beneficial,mixed,false,marginal,validated_proxy_row,"FoRCy uses normalized maximum footing moment and contact-area proxy lambda=sqrt(1/A_c/A); measured displacement gate is max(rotation/0.01 rad, sliding/0.1%, settlement/0.1%).",base
FoRCy,FoRCy_Mastersheet_others.csv,Case 7,354,2.2315913596164507,3.9799999963148,0.09134647665336178,1.076080402,5.358880397994428,1.3302563,both_detrimental,both_detrimental,true,marginal,validated_proxy_row,"FoRCy uses normalized maximum footing moment and contact-area proxy lambda=sqrt(1/A_c/A); measured displacement gate is max(rotation/0.01 rad, sliding/0.1%, settlement/0.1%).",base
FoRCy,FoRCy_Mastersheet_others.csv,Case 7,355,2.2315913596164507,3.9799999963148,0.1340628522348812,1.11361809,5.545818084096093,2.8865065,both_detrimental,both_detrimental,true,robust,validated_proxy_row,"FoRCy uses normalized maximum footing moment and contact-area proxy lambda=sqrt(1/A_c/A); measured displacement gate is max(rotation/0.01 rad, sliding/0.1%, settlement/0.1%).",base
FoRCy,FoRCy_Mastersheet_others.csv,Case 7,356,2.2315913596164507,3.9799999963148,0.1270443989383156,1.107361809,5.5146618047391485,5.5058815,both_detrimental,both_detrimental,true,robust,validated_proxy_row,"FoRCy uses normalized maximum footing moment and contact-area proxy lambda=sqrt(1/A_c/A); measured displacement gate is max(rotation/0.01 rad, sliding/0.1%, settlement/0.1%).",base
FoRCy,FoRCy_Mastersheet_others.csv,Case 7,357,2.2315913596164507,3.9799999963148,0.018264075864309844,1.014768844,5.0535488393803725,7.5046314999999995,both_detrimental,both_detrimental,true,marginal,validated_proxy_row,"FoRCy uses normalized maximum footing moment and contact-area proxy lambda=sqrt(1/A_c/A); measured displacement gate is max(rotation/0.01 rad, sliding/0.1%, settlement/0.1%).",base
FoRCy,FoRCy_Mastersheet_others.csv,Case 7,358,2.2315913596164507,3.9799999963148,0.012104497358869943,1.009763819,5.028623814898817,10.4108805,both_detrimental,both_detrimental,true,marginal,validated_proxy_row,"FoRCy uses normalized maximum footing moment and contact-area proxy lambda=sqrt(1/A_c/A); measured displacement gate is max(rotation/0.01 rad, sliding/0.1%, settlement/0.1%).",base
FoRCy,FoRCy_Mastersheet_others.csv,Case 7,359,2.2315913596164507,3.9799999963148,-0.023916567921602346,0.980984925,4.885304922884873,12.724631500000001,mixed,mixed,true,marginal,validated_proxy_row,"FoRCy uses normalized maximum footing moment and contact-area proxy lambda=sqrt(1/A_c/A); measured displacement gate is max(rotation/0.01 rad, sliding/0.1%, settlement/0.1%).",base
FoRCy,FoRCy_Mastersheet_others.csv,Case 7,360,2.2315913596164507,3.9799999963148,-0.01284296390060418,0.989743719,4.928923716972595,15.389006499999999,mixed,mixed,true,marginal,validated_proxy_row,"FoRCy uses normalized maximum footing moment and contact-area proxy lambda=sqrt(1/A_c/A); measured displacement gate is max(rotation/0.01 rad, sliding/0.1%, settlement/0.1%).",base
FoRCy,FoRCy_Mastersheet_others.csv,Case 8,361,2.2315913596164507,3.9799999963148,-0.4386430820689019,0.70320603,3.5019660268085446,1.1272940599999999,mixed,mixed,true,robust,validated_proxy_row,"FoRCy uses normalized maximum footing moment and contact-area proxy lambda=sqrt(1/A_c/A); measured displacement gate is max(rotation/0.01 rad, sliding/0.1%, settlement/0.1%).",base
FoRCy,FoRCy_Mastersheet_others.csv,Case 8,362,2.2315913596164507,3.9799999963148,-0.15270245313743652,0.884638191,4.40549818791993,0.88219944,both_beneficial,mixed,false,robust,validated_proxy_row,"FoRCy uses normalized maximum footing moment and contact-area proxy lambda=sqrt(1/A_c/A); measured displacement gate is max(rotation/0.01 rad, sliding/0.1%, settlement/0.1%).",base
FoRCy,FoRCy_Mastersheet_others.csv,Case 8,363,2.2315913596164507,3.9799999963148,0.012104497358869943,1.009763819,5.028623814898817,1.61640597,both_detrimental,both_detrimental,true,marginal,validated_proxy_row,"FoRCy uses normalized maximum footing moment and contact-area proxy lambda=sqrt(1/A_c/A); measured displacement gate is max(rotation/0.01 rad, sliding/0.1%, settlement/0.1%).",base
FoRCy,FoRCy_Mastersheet_others.csv,Case 8,364,2.2315913596164507,3.9799999963148,0.1284512561921716,1.108613065,5.520893059614537,3.16254454,both_detrimental,both_detrimental,true,robust,validated_proxy_row,"FoRCy uses normalized maximum footing moment and contact-area proxy lambda=sqrt(1/A_c/A); measured displacement gate is max(rotation/0.01 rad, sliding/0.1%, settlement/0.1%).",base
FoRCy,FoRCy_Mastersheet_others.csv,Case 8,365,2.2315913596164507,3.9799999963148,0.09856836450202795,1.082336683,5.390036677351372,6.74747224,both_detrimental,both_detrimental,true,marginal,validated_proxy_row,"FoRCy uses normalized maximum footing moment and contact-area proxy lambda=sqrt(1/A_c/A); measured displacement gate is max(rotation/0.01 rad, sliding/0.1%, settlement/0.1%).",base
FoRCy,FoRCy_Mastersheet_others.csv,Case 8,366,2.2315913596164507,3.9799999963148,-0.00812710224752126,0.993497487,4.947617481598762,6.1397153499999995,mixed,mixed,true,marginal,validated_proxy_row,"FoRCy uses normalized maximum footing moment and contact-area proxy lambda=sqrt(1/A_c/A); measured displacement gate is max(rotation/0.01 rad, sliding/0.1%, settlement/0.1%).",base
FoRCy,FoRCy_Mastersheet_others.csv,Case 8,367,2.2315913596164507,3.9799999963148,-0.052851933673812565,0.958462312,4.773142310227874,7.05779996,mixed,mixed,true,marginal,validated_proxy_row,"FoRCy uses normalized maximum footing moment and contact-area proxy lambda=sqrt(1/A_c/A); measured displacement gate is max(rotation/0.01 rad, sliding/0.1%, settlement/0.1%).",base
FoRCy,FoRCy_Mastersheet_others.csv,Case 8,368,2.2315913596164507,3.9799999963148,-0.0774889719096829,0.939693467,4.679673462197041,6.868291899999999,mixed,mixed,true,marginal,validated_proxy_row,"FoRCy uses normalized maximum footing moment and contact-area proxy lambda=sqrt(1/A_c/A); measured displacement gate is max(rotation/0.01 rad, sliding/0.1%, settlement/0.1%).",base
FoRCy,FoRCy_Mastersheet_others.csv,Case 8,369,2.2315913596164507,3.9799999963148,-0.06593102849600783,0.948452261,4.723292256284763,8.5158661,mixed,mixed,true,marginal,validated_proxy_row,"FoRCy uses normalized maximum footing moment and contact-area proxy lambda=sqrt(1/A_c/A); measured displacement gate is max(rotation/0.01 rad, sliding/0.1%, settlement/0.1%).",base
FoRCy,FoRCy_Mastersheet_others.csv,Case 9,370,1.7860571094490791,2.1899999982136,0.16393125588939841,1.099748858,3.508198855055409,32.599999999999994,both_detrimental,both_detrimental,true,marginal,validated_proxy_row,"FoRCy uses normalized maximum footing moment and contact-area proxy lambda=sqrt(1/A_c/A); measured displacement gate is max(rotation/0.01 rad, sliding/0.1%, settlement/0.1%).",base
FoRCy,FoRCy_Mastersheet_others.csv,Case 10,371,1.7860571094490791,2.1899999982136,-0.02662508898380171,0.984675799,3.141115797050975,1.01248115,mixed,mixed,true,marginal,validated_proxy_row,"FoRCy uses normalized maximum footing moment and contact-area proxy lambda=sqrt(1/A_c/A); measured displacement gate is max(rotation/0.01 rad, sliding/0.1%, settlement/0.1%).",base
FoRCy,FoRCy_Mastersheet_others.csv,Case 10,372,1.7860571094490791,2.1899999982136,0.20008685421456385,1.123054795,3.582544794043775,1.6987311499999997,both_detrimental,both_detrimental,true,robust,validated_proxy_row,"FoRCy uses normalized maximum footing moment and contact-area proxy lambda=sqrt(1/A_c/A); measured displacement gate is max(rotation/0.01 rad, sliding/0.1%, settlement/0.1%).",base
FoRCy,FoRCy_Mastersheet_others.csv,Case 10,373,1.7860571094490791,2.1899999982136,0.34581238628411354,1.222105023,3.898515021186831,2.7074814000000003,both_detrimental,both_detrimental,true,robust,validated_proxy_row,"FoRCy uses normalized maximum footing moment and contact-area proxy lambda=sqrt(1/A_c/A); measured displacement gate is max(rotation/0.01 rad, sliding/0.1%, settlement/0.1%).",base
FoRCy,FoRCy_Mastersheet_others.csv,Case 10,374,1.7860571094490791,2.1899999982136,0.37434435624968987,1.242497717,3.9635677150104023,7.3424815,both_detrimental,both_detrimental,true,robust,validated_proxy_row,"FoRCy uses normalized maximum footing moment and contact-area proxy lambda=sqrt(1/A_c/A); measured displacement gate is max(rotation/0.01 rad, sliding/0.1%, settlement/0.1%).",base
FoRCy,FoRCy_Mastersheet_others.csv,Case 10,375,1.7860571094490791,2.1899999982136,0.35196625422476807,1.226474886,3.9124548841490254,17.484356,both_detrimental,both_detrimental,true,robust,validated_proxy_row,"FoRCy uses normalized maximum footing moment and contact-area proxy lambda=sqrt(1/A_c/A); measured displacement gate is max(rotation/0.01 rad, sliding/0.1%, settlement/0.1%).",base
FoRCy,FoRCy_Mastersheet_others.csv,Case 10,376,1.7860571094490791,2.1899999982136,0.1866171994921029,1.114315068,3.5546650649293876,24.88873,both_detrimental,both_detrimental,true,robust,validated_proxy_row,"FoRCy uses normalized maximum footing moment and contact-area proxy lambda=sqrt(1/A_c/A); measured displacement gate is max(rotation/0.01 rad, sliding/0.1%, settlement/0.1%).",base
FoRCy,FoRCy_Mastersheet_others.csv,Case 10,377,1.7860571094490791,2.1899999982136,0.1616461570279906,1.098292237,3.5035522340680103,24.808103499999998,both_detrimental,both_detrimental,true,marginal,validated_proxy_row,"FoRCy uses normalized maximum footing moment and contact-area proxy lambda=sqrt(1/A_c/A); measured displacement gate is max(rotation/0.01 rad, sliding/0.1%, settlement/0.1%).",base
FoRCy,FoRCy_Mastersheet_others.csv,Case 10,378,1.7860571094490791,2.1899999982136,0.1662133301319801,1.101205479,3.512845476042807,42.793099999999995,both_detrimental,both_detrimental,true,robust,validated_proxy_row,"FoRCy uses normalized maximum footing moment and contact-area proxy lambda=sqrt(1/A_c/A); measured displacement gate is max(rotation/0.01 rad, sliding/0.1%, settlement/0.1%).",base
FoRCy,FoRCy_Mastersheet_others.csv,Case 11,379,1.7860571094490791,2.1899999982136,-0.08894898935179375,0.949716895,3.0295968933534256,1.56258802,mixed,mixed,true,marginal,validated_proxy_row,"FoRCy uses normalized maximum footing moment and contact-area proxy lambda=sqrt(1/A_c/A); measured displacement gate is max(rotation/0.01 rad, sliding/0.1%, settlement/0.1%).",base
FoRCy,FoRCy_Mastersheet_others.csv,Case 11,380,1.7860571094490791,2.1899999982136,0.10114497257080599,1.060420091,3.382740088395665,1.8964314500000001,both_detrimental,both_detrimental,true,marginal,validated_proxy_row,"FoRCy uses normalized maximum footing moment and contact-area proxy lambda=sqrt(1/A_c/A); measured displacement gate is max(rotation/0.01 rad, sliding/0.1%, settlement/0.1%).",base
FoRCy,FoRCy_Mastersheet_others.csv,Case 11,381,1.7860571094490791,2.1899999982136,0.24424053067989698,1.152187215,3.675477213791733,2.852681,both_detrimental,both_detrimental,true,robust,validated_proxy_row,"FoRCy uses normalized maximum footing moment and contact-area proxy lambda=sqrt(1/A_c/A); measured displacement gate is max(rotation/0.01 rad, sliding/0.1%, settlement/0.1%).",base
FoRCy,FoRCy_Mastersheet_others.csv,Case 11,382,1.7860571094490791,2.1899999982136,0.2701999697149676,1.169666667,3.7312366656405076,7.135181,both_detrimental,both_detrimental,true,robust,validated_proxy_row,"FoRCy uses normalized maximum footing moment and contact-area proxy lambda=sqrt(1/A_c/A); measured displacement gate is max(rotation/0.01 rad, sliding/0.1%, settlement/0.1%).",base
FoRCy,FoRCy_Mastersheet_others.csv,Case 11,383,1.7860571094490791,2.1899999982136,0.2744887949050776,1.172579909,3.7405299076153034,14.623930999999999,both_detrimental,both_detrimental,true,robust,validated_proxy_row,"FoRCy uses normalized maximum footing moment and contact-area proxy lambda=sqrt(1/A_c/A); measured displacement gate is max(rotation/0.01 rad, sliding/0.1%, settlement/0.1%).",base
FoRCy,FoRCy_Mastersheet_others.csv,Case 11,384,1.7860571094490791,2.1899999982136,0.22671451610705987,1.140534247,3.6383042458925496,21.8295525,both_detrimental,both_detrimental,true,robust,validated_proxy_row,"FoRCy uses normalized maximum footing moment and contact-area proxy lambda=sqrt(1/A_c/A); measured displacement gate is max(rotation/0.01 rad, sliding/0.1%, settlement/0.1%).",base
FoRCy,FoRCy_Mastersheet_others.csv,Case 11,385,1.7860571094490791,2.1899999982136,0.15247535434921158,1.092465753,3.484965750118419,30.640179999999997,both_detrimental,both_detrimental,true,marginal,validated_proxy_row,"FoRCy uses normalized maximum footing moment and contact-area proxy lambda=sqrt(1/A_c/A); measured displacement gate is max(rotation/0.01 rad, sliding/0.1%, settlement/0.1%).",base
FoRCy,FoRCy_Mastersheet_others.csv,SSG_02_03_a,386,1.8698939800169143,2.4965034965034967,-0.49344404494880684,0.7343,2.5674825174825173,2.7,mixed,mixed,true,robust,validated_proxy_row,"FoRCy uses normalized maximum footing moment and contact-area proxy lambda=sqrt(1/A_c/A); measured displacement gate is max(rotation/0.01 rad, sliding/0.1%, settlement/0.1%).",base
FoRCy,FoRCy_Mastersheet_others.csv,SSG_02_03_b,387,1.8698939800169143,2.4965034965034967,-0.055930069999897136,0.9656,3.376223776223776,6.5,mixed,mixed,true,marginal,validated_proxy_row,"FoRCy uses normalized maximum footing moment and contact-area proxy lambda=sqrt(1/A_c/A); measured displacement gate is max(rotation/0.01 rad, sliding/0.1%, settlement/0.1%).",base
FoRCy,FoRCy_Mastersheet_others.csv,SSG_02_03_c,388,1.8698939800169143,2.4965034965034967,0.1385693155547184,1.0906,3.813286713286713,10.8,both_detrimental,both_detrimental,true,marginal,validated_proxy_row,"FoRCy uses normalized maximum footing moment and contact-area proxy lambda=sqrt(1/A_c/A); measured displacement gate is max(rotation/0.01 rad, sliding/0.1%, settlement/0.1%).",base
FoRCy,FoRCy_Mastersheet_others.csv,SSG_02_03_d,389,1.8698939800169143,2.4965034965034967,0.3781096147284613,1.267,4.430069930069929,17.5,both_detrimental,both_detrimental,true,robust,validated_proxy_row,"FoRCy uses normalized maximum footing moment and contact-area proxy lambda=sqrt(1/A_c/A); measured displacement gate is max(rotation/0.01 rad, sliding/0.1%, settlement/0.1%).",base
FoRCy,FoRCy_Mastersheet_others.csv,SSG_02_03_e,390,1.8698939800169143,2.4965034965034967,0.4718983837890845,1.3436,4.697902097902097,29.5,both_detrimental,both_detrimental,true,robust,validated_proxy_row,"FoRCy uses normalized maximum footing moment and contact-area proxy lambda=sqrt(1/A_c/A); measured displacement gate is max(rotation/0.01 rad, sliding/0.1%, settlement/0.1%).",base
FoRCy,FoRCy_Mastersheet_others.csv,SSG_02_04_a,391,2.071676976162604,3.2918454935622314,-0.1544528480269132,0.8936,3.83519313304721,1.5999999999999999,mixed,mixed,true,robust,validated_proxy_row,"FoRCy uses normalized maximum footing moment and contact-area proxy lambda=sqrt(1/A_c/A); measured displacement gate is max(rotation/0.01 rad, sliding/0.1%, settlement/0.1%).",base
FoRCy,FoRCy_Mastersheet_others.csv,SSG_02_04_b,392,2.071676976162604,3.2918454935622314,0.20649284479092872,1.1623,4.9884120171673825,4.199999999999999,both_detrimental,both_detrimental,true,robust,validated_proxy_row,"FoRCy uses normalized maximum footing moment and contact-area proxy lambda=sqrt(1/A_c/A); measured displacement gate is max(rotation/0.01 rad, sliding/0.1%, settlement/0.1%).",base
FoRCy,FoRCy_Mastersheet_others.csv,SSG_02_04_c,393,2.071676976162604,3.2918454935622314,0.35099404140868,1.2913,5.542060085836909,7.3,both_detrimental,both_detrimental,true,robust,validated_proxy_row,"FoRCy uses normalized maximum footing moment and contact-area proxy lambda=sqrt(1/A_c/A); measured displacement gate is max(rotation/0.01 rad, sliding/0.1%, settlement/0.1%).",base
FoRCy,FoRCy_Mastersheet_others.csv,SSG_02_04_d,394,2.071676976162604,3.2918454935622314,0.3771121649255604,1.3161,5.648497854077253,10.8,both_detrimental,both_detrimental,true,robust,validated_proxy_row,"FoRCy uses normalized maximum footing moment and contact-area proxy lambda=sqrt(1/A_c/A); measured displacement gate is max(rotation/0.01 rad, sliding/0.1%, settlement/0.1%).",base
FoRCy,FoRCy_Mastersheet_others.csv,SSG_02_04_e,395,2.071676976162604,3.2918454935622314,0.4817245339424722,1.4203,6.095708154506437,15.299999999999999,both_detrimental,both_detrimental,true,robust,validated_proxy_row,"FoRCy uses normalized maximum footing moment and contact-area proxy lambda=sqrt(1/A_c/A); measured displacement gate is max(rotation/0.01 rad, sliding/0.1%, settlement/0.1%).",base
FoRCy,FoRCy_Mastersheet_others.csv,SSG_02_05_a,396,1.449427589131121,1.1008403361344539,-1.555895574651682,0.5613,1.179201680672269,2.9999999999999996,mixed,mixed,true,marginal,validated_proxy_row,"FoRCy uses normalized maximum footing moment and contact-area proxy lambda=sqrt(1/A_c/A); measured displacement gate is max(rotation/0.01 rad, sliding/0.1%, settlement/0.1%).",base
FoRCy,FoRCy_Mastersheet_others.csv,SSG_02_05_b,397,1.449427589131121,1.1008403361344539,-0.1908882365610052,0.9316,1.9571428571428573,9.499999999999998,mixed,mixed,true,marginal,validated_proxy_row,"FoRCy uses normalized maximum footing moment and contact-area proxy lambda=sqrt(1/A_c/A); measured displacement gate is max(rotation/0.01 rad, sliding/0.1%, settlement/0.1%).",base
FoRCy,FoRCy_Mastersheet_others.csv,SSG_02_05_c,398,1.449427589131121,1.1008403361344539,0.4324230230152464,1.1741,2.4665966386554623,21.9,both_detrimental,both_detrimental,true,robust,validated_proxy_row,"FoRCy uses normalized maximum footing moment and contact-area proxy lambda=sqrt(1/A_c/A); measured displacement gate is max(rotation/0.01 rad, sliding/0.1%, settlement/0.1%).",base
FoRCy,FoRCy_Mastersheet_others.csv,SSG_02_05_d,399,1.449427589131121,1.1008403361344539,0.5773778756176027,1.239,2.6029411764705888,40.0,both_detrimental,both_detrimental,true,robust,validated_proxy_row,"FoRCy uses normalized maximum footing moment and contact-area proxy lambda=sqrt(1/A_c/A); measured displacement gate is max(rotation/0.01 rad, sliding/0.1%, settlement/0.1%).",base
FoRCy,FoRCy_Mastersheet_others.csv,SSG_02_05_e,400,1.449427589131121,1.1008403361344539,0.6471378051852835,1.2715,2.6712184873949583,48.6,both_detrimental,both_detrimental,true,robust,validated_proxy_row,"FoRCy uses normalized maximum footing moment and contact-area proxy lambda=sqrt(1/A_c/A); measured displacement gate is max(rotation/0.01 rad, sliding/0.1%, settlement/0.1%).",base
FoRCy,FoRCy_Mastersheet_others.csv,SSG_02_07_a,401,1.449427589131121,1.1008403361344539,-1.5424892216055646,0.5641,1.1850840336134456,5.0,mixed,mixed,true,marginal,validated_proxy_row,"FoRCy uses normalized maximum footing moment and contact-area proxy lambda=sqrt(1/A_c/A); measured displacement gate is max(rotation/0.01 rad, sliding/0.1%, settlement/0.1%).",base
FoRCy,FoRCy_Mastersheet_others.csv,SSG_02_07_b,402,1.449427589131121,1.1008403361344539,-0.3209360782204003,0.8877,1.8649159663865549,13.4,mixed,mixed,true,robust,validated_proxy_row,"FoRCy uses normalized maximum footing moment and contact-area proxy lambda=sqrt(1/A_c/A); measured displacement gate is max(rotation/0.01 rad, sliding/0.1%, settlement/0.1%).",base
FoRCy,FoRCy_Mastersheet_others.csv,SSG_02_07_c,403,1.449427589131121,1.1008403361344539,0.21357721772178861,1.0825,2.274159663865546,30.0,both_detrimental,both_detrimental,true,marginal,validated_proxy_row,"FoRCy uses normalized maximum footing moment and contact-area proxy lambda=sqrt(1/A_c/A); measured displacement gate is max(rotation/0.01 rad, sliding/0.1%, settlement/0.1%).",base
FoRCy,FoRCy_Mastersheet_others.csv,SSG_02_07_d,404,1.449427589131121,1.1008403361344539,0.37490514893359894,1.1493,2.4144957983193276,60.99999999999999,both_detrimental,both_detrimental,true,robust,validated_proxy_row,"FoRCy uses normalized maximum footing moment and contact-area proxy lambda=sqrt(1/A_c/A); measured displacement gate is max(rotation/0.01 rad, sliding/0.1%, settlement/0.1%).",base
FoRCy,FoRCy_Mastersheet_others.csv,SSG_02_07_e,405,1.449427589131121,1.1008403361344539,0.6831296638655966,1.2886,2.7071428571428573,102.10000000000001,both_detrimental,both_detrimental,true,robust,validated_proxy_row,"FoRCy uses normalized maximum footing moment and contact-area proxy lambda=sqrt(1/A_c/A); measured displacement gate is max(rotation/0.01 rad, sliding/0.1%, settlement/0.1%).",base
FoRCy,FoRCy_Mastersheet_others.csv,SSG_03_03_a,406,3.0015011259383213,8.00900900900901,-0.41389573474425473,0.6345,5.716216216216218,1.7,mixed,mixed,true,robust,validated_proxy_row,"FoRCy uses normalized maximum footing moment and contact-area proxy lambda=sqrt(1/A_c/A); measured displacement gate is max(rotation/0.01 rad, sliding/0.1%, settlement/0.1%).",base
FoRCy,FoRCy_Mastersheet_others.csv,SSG_03_03_b,407,3.0015011259383213,8.00900900900901,-0.040654260640139946,0.9563,8.615315315315318,4.6,mixed,mixed,true,marginal,validated_proxy_row,"FoRCy uses normalized maximum footing moment and contact-area proxy lambda=sqrt(1/A_c/A); measured displacement gate is max(rotation/0.01 rad, sliding/0.1%, settlement/0.1%).",base
FoRCy,FoRCy_Mastersheet_others.csv,SSG_03_03_c,408,3.0015011259383213,8.00900900900901,0.09339065230658919,1.1081,9.982882882882887,7.9,both_detrimental,both_detrimental,true,robust,validated_proxy_row,"FoRCy uses normalized maximum footing moment and contact-area proxy lambda=sqrt(1/A_c/A); measured displacement gate is max(rotation/0.01 rad, sliding/0.1%, settlement/0.1%).",base
FoRCy,FoRCy_Mastersheet_others.csv,SSG_03_03_d,409,3.0015011259383213,8.00900900900901,0.16017644923510788,1.1925,10.743243243243246,11.0,both_detrimental,both_detrimental,true,robust,validated_proxy_row,"FoRCy uses normalized maximum footing moment and contact-area proxy lambda=sqrt(1/A_c/A); measured displacement gate is max(rotation/0.01 rad, sliding/0.1%, settlement/0.1%).",base
FoRCy,FoRCy_Mastersheet_others.csv,SSG_03_03_e,410,3.0015011259383213,8.00900900900901,0.18560565781743527,1.2263,11.04774774774775,12.9,both_detrimental,both_detrimental,true,robust,validated_proxy_row,"FoRCy uses normalized maximum footing moment and contact-area proxy lambda=sqrt(1/A_c/A); measured displacement gate is max(rotation/0.01 rad, sliding/0.1%, settlement/0.1%).",base
FoRCy,FoRCy_Mastersheet_others.csv,SSG_03_05_a,411,2.3249527748763854,4.405405405405405,-0.7222446983972982,0.5437,2.938918918918918,1.9,mixed,mixed,true,robust,validated_proxy_row,"FoRCy uses normalized maximum footing moment and contact-area proxy lambda=sqrt(1/A_c/A); measured displacement gate is max(rotation/0.01 rad, sliding/0.1%, settlement/0.1%).",base
FoRCy,FoRCy_Mastersheet_others.csv,SSG_03_05_b,412,2.3249527748763854,4.405405405405405,-0.2569501669265797,0.8051,4.351891891891891,5.999999999999999,mixed,mixed,true,robust,validated_proxy_row,"FoRCy uses normalized maximum footing moment and contact-area proxy lambda=sqrt(1/A_c/A); measured displacement gate is max(rotation/0.01 rad, sliding/0.1%, settlement/0.1%).",base
FoRCy,FoRCy_Mastersheet_others.csv,SSG_03_05_c,413,2.3249527748763854,4.405405405405405,-0.007013720136447242,0.9941,5.373513513513513,11.399999999999999,mixed,mixed,true,marginal,validated_proxy_row,"FoRCy uses normalized maximum footing moment and contact-area proxy lambda=sqrt(1/A_c/A); measured displacement gate is max(rotation/0.01 rad, sliding/0.1%, settlement/0.1%).",base
FoRCy,FoRCy_Mastersheet_others.csv,SSG_03_05_d,414,2.3249527748763854,4.405405405405405,0.11651738840698604,1.1033,5.963783783783782,18.0,both_detrimental,both_detrimental,true,robust,validated_proxy_row,"FoRCy uses normalized maximum footing moment and contact-area proxy lambda=sqrt(1/A_c/A); measured displacement gate is max(rotation/0.01 rad, sliding/0.1%, settlement/0.1%).",base
FoRCy,FoRCy_Mastersheet_others.csv,SSG_03_05_e,415,2.3249527748763854,4.405405405405405,0.17438202264427266,1.1585,6.262162162162161,25.299999999999997,both_detrimental,both_detrimental,true,robust,validated_proxy_row,"FoRCy uses normalized maximum footing moment and contact-area proxy lambda=sqrt(1/A_c/A); measured displacement gate is max(rotation/0.01 rad, sliding/0.1%, settlement/0.1%).",base
FoRCy,FoRCy_Mastersheet_others.csv,SSG_03_06_a,416,3.4710506725031163,11.048192771084336,-0.0769333504191464,0.9087,10.948192771084337,4.1,mixed,mixed,true,marginal,validated_proxy_row,"FoRCy uses normalized maximum footing moment and contact-area proxy lambda=sqrt(1/A_c/A); measured displacement gate is max(rotation/0.01 rad, sliding/0.1%, settlement/0.1%).",base
FoRCy,FoRCy_Mastersheet_others.csv,SSG_03_06_b,417,3.4710506725031163,11.048192771084336,0.061843053140483696,1.08,13.012048192771084,6.3999999999999995,both_detrimental,both_detrimental,true,marginal,validated_proxy_row,"FoRCy uses normalized maximum footing moment and contact-area proxy lambda=sqrt(1/A_c/A); measured displacement gate is max(rotation/0.01 rad, sliding/0.1%, settlement/0.1%).",base
FoRCy,FoRCy_Mastersheet_others.csv,SSG_03_06_c,418,3.4710506725031163,11.048192771084336,0.1391744927751161,1.1891,14.326506024096386,9.499999999999998,both_detrimental,both_detrimental,true,robust,validated_proxy_row,"FoRCy uses normalized maximum footing moment and contact-area proxy lambda=sqrt(1/A_c/A); measured displacement gate is max(rotation/0.01 rad, sliding/0.1%, settlement/0.1%).",base
FoRCy,FoRCy_Mastersheet_others.csv,SSG_03_06_d,419,3.4710506725031163,11.048192771084336,0.19610444524054868,1.2764,15.378313253012047,11.1,both_detrimental,both_detrimental,true,robust,validated_proxy_row,"FoRCy uses normalized maximum footing moment and contact-area proxy lambda=sqrt(1/A_c/A); measured displacement gate is max(rotation/0.01 rad, sliding/0.1%, settlement/0.1%).",base
FoRCy,FoRCy_Mastersheet_others.csv,SSG_03_06_e,420,3.4710506725031163,11.048192771084336,0.236257192382256,1.3418,16.166265060240963,12.7,both_detrimental,both_detrimental,true,robust,validated_proxy_row,"FoRCy uses normalized maximum footing moment and contact-area proxy lambda=sqrt(1/A_c/A); measured displacement gate is max(rotation/0.01 rad, sliding/0.1%, settlement/0.1%).",base
FoRCy,FoRCy_Mastersheet_others.csv,SSG_04_04_a,421,1.673654817511446,1.801120448179272,-0.14362741754126682,0.9287,2.6014005602240897,13.1,mixed,mixed,true,marginal,validated_proxy_row,"FoRCy uses normalized maximum footing moment and contact-area proxy lambda=sqrt(1/A_c/A); measured displacement gate is max(rotation/0.01 rad, sliding/0.1%, settlement/0.1%).",base
FoRCy,FoRCy_Mastersheet_others.csv,SSG_04_04_b,422,1.673654817511446,1.801120448179272,0.16251645575425847,1.0873,3.0456582633053224,29.7,both_detrimental,both_detrimental,true,marginal,validated_proxy_row,"FoRCy uses normalized maximum footing moment and contact-area proxy lambda=sqrt(1/A_c/A); measured displacement gate is max(rotation/0.01 rad, sliding/0.1%, settlement/0.1%).",base
FoRCy,FoRCy_Mastersheet_others.csv,SSG_04_04_c,423,1.673654817511446,1.801120448179272,0.32253269648209576,1.1807,3.307282913165267,58.8,both_detrimental,both_detrimental,true,robust,validated_proxy_row,"FoRCy uses normalized maximum footing moment and contact-area proxy lambda=sqrt(1/A_c/A); measured displacement gate is max(rotation/0.01 rad, sliding/0.1%, settlement/0.1%).",base
FoRCy,FoRCy_Mastersheet_others.csv,SSG_04_06_a,424,1.3411044519645503,0.7985611510791366,-0.1390899477572716,0.96,1.7266187050359714,20.0,mixed,mixed,true,marginal,validated_proxy_row,"FoRCy uses normalized maximum footing moment and contact-area proxy lambda=sqrt(1/A_c/A); measured displacement gate is max(rotation/0.01 rad, sliding/0.1%, settlement/0.1%).",base
FoRCy,FoRCy_Mastersheet_others.csv,SSG_04_06_b,425,1.3411044519645503,0.7985611510791366,0.29768852942067725,1.0913,1.962769784172662,54.4,both_detrimental,both_detrimental,true,marginal,validated_proxy_row,"FoRCy uses normalized maximum footing moment and contact-area proxy lambda=sqrt(1/A_c/A); measured displacement gate is max(rotation/0.01 rad, sliding/0.1%, settlement/0.1%).",base
FoRCy,FoRCy_Mastersheet_others.csv,SSG_04_06_c,426,1.3411044519645503,0.7985611510791366,0.994140238010458,1.3388,2.4079136690647482,109.8,both_detrimental,both_detrimental,true,robust,validated_proxy_row,"FoRCy uses normalized maximum footing moment and contact-area proxy lambda=sqrt(1/A_c/A); measured displacement gate is max(rotation/0.01 rad, sliding/0.1%, settlement/0.1%).",base
FoRCy,FoRCy_Mastersheet_others.csv,SSG_04_07_a,427,2.0,3.0,-0.5792750805841527,0.6693,2.6772,7.6,mixed,mixed,true,robust,validated_proxy_row,"FoRCy uses normalized maximum footing moment and contact-area proxy lambda=sqrt(1/A_c/A); measured displacement gate is max(rotation/0.01 rad, sliding/0.1%, settlement/0.1%).",base
FoRCy,FoRCy_Mastersheet_others.csv,SSG_04_07_b,428,2.0,3.0,-0.12029423371771177,0.92,3.68,14.2,mixed,mixed,true,marginal,validated_proxy_row,"FoRCy uses normalized maximum footing moment and contact-area proxy lambda=sqrt(1/A_c/A); measured displacement gate is max(rotation/0.01 rad, sliding/0.1%, settlement/0.1%).",base
FoRCy,FoRCy_Mastersheet_others.csv,SSG_04_07_c,429,2.0,3.0,0.04362447674703463,1.0307,4.1228,26.0,both_detrimental,both_detrimental,true,marginal,validated_proxy_row,"FoRCy uses normalized maximum footing moment and contact-area proxy lambda=sqrt(1/A_c/A); measured displacement gate is max(rotation/0.01 rad, sliding/0.1%, settlement/0.1%).",base
FoRCy,FoRCy_Mastersheet_others.csv,TRISEE_HD_I,430,2.1320071635561044,3.545454545454546,-4.820806940272912,0.026,0.1181818181818182,0.028999999999999998,both_beneficial,both_beneficial,true,robust,validated_proxy_row,"FoRCy uses normalized maximum footing moment and contact-area proxy lambda=sqrt(1/A_c/A); measured displacement gate is max(rotation/0.01 rad, sliding/0.1%, settlement/0.1%).",base
FoRCy,FoRCy_Mastersheet_others.csv,TRISEE_HD_I,431,2.1320071635561044,3.545454545454546,-3.905234012543665,0.052,0.2363636363636364,0.053,both_beneficial,both_beneficial,true,robust,validated_proxy_row,"FoRCy uses normalized maximum footing moment and contact-area proxy lambda=sqrt(1/A_c/A); measured displacement gate is max(rotation/0.01 rad, sliding/0.1%, settlement/0.1%).",base
FoRCy,FoRCy_Mastersheet_others.csv,TRISEE_HD_I,432,2.1320071635561044,3.545454545454546,-3.3696581831465737,0.078,0.35454545454545455,0.08299999999999999,both_beneficial,both_beneficial,true,robust,validated_proxy_row,"FoRCy uses normalized maximum footing moment and contact-area proxy lambda=sqrt(1/A_c/A); measured displacement gate is max(rotation/0.01 rad, sliding/0.1%, settlement/0.1%).",base
FoRCy,FoRCy_Mastersheet_others.csv,TRISEE_HD_I,433,2.1320071635561044,3.545454545454546,-3.041467431542063,0.1,0.4545454545454546,0.12,both_beneficial,both_beneficial,true,robust,validated_proxy_row,"FoRCy uses normalized maximum footing moment and contact-area proxy lambda=sqrt(1/A_c/A); measured displacement gate is max(rotation/0.01 rad, sliding/0.1%, settlement/0.1%).",base
FoRCy,FoRCy_Mastersheet_others.csv,TRISEE_HD_I,434,2.1320071635561044,3.545454545454546,-2.694912436460096,0.13,0.5909090909090909,0.16,both_beneficial,both_beneficial,true,robust,validated_proxy_row,"FoRCy uses normalized maximum footing moment and contact-area proxy lambda=sqrt(1/A_c/A); measured displacement gate is max(rotation/0.01 rad, sliding/0.1%, settlement/0.1%).",base
FoRCy,FoRCy_Mastersheet_others.csv,TRISEE_HD_II,435,1.7677669529663689,2.125,-1.216651439730918,0.5,1.5625000000000002,2.8000000000000003,mixed,mixed,true,robust,validated_proxy_row,"FoRCy uses normalized maximum footing moment and contact-area proxy lambda=sqrt(1/A_c/A); measured displacement gate is max(rotation/0.01 rad, sliding/0.1%, settlement/0.1%).",base
FoRCy,FoRCy_Mastersheet_others.csv,TRISEE_HD_III,436,1.2309149097933274,0.5151515151515151,-2.621934675871768,0.58,0.8787878787878789,2.0999999999999996,mixed,both_beneficial,false,marginal,validated_proxy_row,"FoRCy uses normalized maximum footing moment and contact-area proxy lambda=sqrt(1/A_c/A); measured displacement gate is max(rotation/0.01 rad, sliding/0.1%, settlement/0.1%).",base
FoRCy,FoRCy_Mastersheet_others.csv,TRISEE_HD_III,437,1.2309149097933274,0.5151515151515151,-1.6485082031192708,0.71,1.075757575757576,3.5999999999999996,mixed,mixed,true,marginal,validated_proxy_row,"FoRCy uses normalized maximum footing moment and contact-area proxy lambda=sqrt(1/A_c/A); measured displacement gate is max(rotation/0.01 rad, sliding/0.1%, settlement/0.1%).",base
FoRCy,FoRCy_Mastersheet_others.csv,TRISEE_HD_III,438,1.2309149097933274,0.5151515151515151,-0.9552036710440381,0.82,1.2424242424242424,5.999999999999999,mixed,mixed,true,robust,validated_proxy_row,"FoRCy uses normalized maximum footing moment and contact-area proxy lambda=sqrt(1/A_c/A); measured displacement gate is max(rotation/0.01 rad, sliding/0.1%, settlement/0.1%).",base
FoRCy,FoRCy_Mastersheet_others.csv,TRISEE_HD_III,439,1.2309149097933274,0.5151515151515151,-0.5071316466761533,0.9,1.3636363636363638,8.2,mixed,mixed,true,marginal,validated_proxy_row,"FoRCy uses normalized maximum footing moment and contact-area proxy lambda=sqrt(1/A_c/A); measured displacement gate is max(rotation/0.01 rad, sliding/0.1%, settlement/0.1%).",base
FoRCy,FoRCy_Mastersheet_others.csv,TRISEE_HD_III,440,1.2309149097933274,0.5151515151515151,-0.24688995382940676,0.95,1.4393939393939394,10.0,mixed,mixed,true,marginal,validated_proxy_row,"FoRCy uses normalized maximum footing moment and contact-area proxy lambda=sqrt(1/A_c/A); measured displacement gate is max(rotation/0.01 rad, sliding/0.1%, settlement/0.1%).",base
FoRCy,FoRCy_Mastersheet_others.csv,TRISEE_HD_III,441,1.2309149097933274,0.5151515151515151,-0.09724166748123711,0.98,1.484848484848485,11.999999999999998,mixed,mixed,true,marginal,validated_proxy_row,"FoRCy uses normalized maximum footing moment and contact-area proxy lambda=sqrt(1/A_c/A); measured displacement gate is max(rotation/0.01 rad, sliding/0.1%, settlement/0.1%).",base
FoRCy,FoRCy_Mastersheet_others.csv,TRISEE_HD_III,442,1.2309149097933274,0.5151515151515151,0.0,1.0,1.5151515151515154,13.999999999999998,both_detrimental,both_detrimental,true,marginal,validated_proxy_row,"FoRCy uses normalized maximum footing moment and contact-area proxy lambda=sqrt(1/A_c/A); measured displacement gate is max(rotation/0.01 rad, sliding/0.1%, settlement/0.1%).",base
FoRCy,FoRCy_Mastersheet_others.csv,TRISEE_HD_III,443,1.2309149097933274,0.5151515151515151,0.0,1.0,1.5151515151515154,16.0,both_detrimental,both_detrimental,true,marginal,validated_proxy_row,"FoRCy uses normalized maximum footing moment and contact-area proxy lambda=sqrt(1/A_c/A); measured displacement gate is max(rotation/0.01 rad, sliding/0.1%, settlement/0.1%).",base
FoRCy,FoRCy_Mastersheet_others.csv,TRISEE_LD_I,444,2.5,5.25,-3.7911199509699767,0.031,0.19375,0.023999999999999997,both_beneficial,both_beneficial,true,robust,validated_proxy_row,"FoRCy uses normalized maximum footing moment and contact-area proxy lambda=sqrt(1/A_c/A); measured displacement gate is max(rotation/0.01 rad, sliding/0.1%, settlement/0.1%).",base
FoRCy,FoRCy_Mastersheet_others.csv,TRISEE_LD_I,445,2.5,5.25,-3.126413824232624,0.057,0.35625,0.047999999999999994,both_beneficial,both_beneficial,true,robust,validated_proxy_row,"FoRCy uses normalized maximum footing moment and contact-area proxy lambda=sqrt(1/A_c/A); measured displacement gate is max(rotation/0.01 rad, sliding/0.1%, settlement/0.1%).",base
FoRCy,FoRCy_Mastersheet_others.csv,TRISEE_LD_I,446,2.5,5.25,-2.6775431611214686,0.086,0.5375,0.07799999999999999,both_beneficial,both_beneficial,true,robust,validated_proxy_row,"FoRCy uses normalized maximum footing moment and contact-area proxy lambda=sqrt(1/A_c/A); measured displacement gate is max(rotation/0.01 rad, sliding/0.1%, settlement/0.1%).",base
FoRCy,FoRCy_Mastersheet_others.csv,TRISEE_LD_I,447,2.5,5.25,-2.3604114669970633,0.115,0.71875,0.10999999999999999,both_beneficial,both_beneficial,true,robust,validated_proxy_row,"FoRCy uses normalized maximum footing moment and contact-area proxy lambda=sqrt(1/A_c/A); measured displacement gate is max(rotation/0.01 rad, sliding/0.1%, settlement/0.1%).",base
FoRCy,FoRCy_Mastersheet_others.csv,TRISEE_LD_I,448,2.5,5.25,-2.145730375719725,0.14,0.8750000000000001,0.21999999999999997,both_beneficial,both_beneficial,true,marginal,validated_proxy_row,"FoRCy uses normalized maximum footing moment and contact-area proxy lambda=sqrt(1/A_c/A); measured displacement gate is max(rotation/0.01 rad, sliding/0.1%, settlement/0.1%).",base
FoRCy,FoRCy_Mastersheet_others.csv,TRISEE_LD_II,449,2.1821789023599236,3.761904761904762,-1.0815638201932052,0.43,2.047619047619047,10.0,mixed,mixed,true,robust,validated_proxy_row,"FoRCy uses normalized maximum footing moment and contact-area proxy lambda=sqrt(1/A_c/A); measured displacement gate is max(rotation/0.01 rad, sliding/0.1%, settlement/0.1%).",base
FoRCy,FoRCy_Mastersheet_others.csv,TRISEE_LD_III,450,1.4586499149789456,1.127659574468085,-1.279130625048771,0.617,1.3127659574468085,7.02,mixed,mixed,true,robust,validated_proxy_row,"FoRCy uses normalized maximum footing moment and contact-area proxy lambda=sqrt(1/A_c/A); measured displacement gate is max(rotation/0.01 rad, sliding/0.1%, settlement/0.1%).",base
FoRCy,FoRCy_Mastersheet_others.csv,TRISEE_LD_III,451,1.4586499149789456,1.127659574468085,-0.8665069059092657,0.721,1.5340425531914892,15.7,mixed,mixed,true,robust,validated_proxy_row,"FoRCy uses normalized maximum footing moment and contact-area proxy lambda=sqrt(1/A_c/A); measured displacement gate is max(rotation/0.01 rad, sliding/0.1%, settlement/0.1%).",base
FoRCy,FoRCy_Mastersheet_others.csv,TRISEE_LD_III,452,1.4586499149789456,1.127659574468085,-0.5614570115841556,0.809,1.721276595744681,25.099999999999998,mixed,mixed,true,robust,validated_proxy_row,"FoRCy uses normalized maximum footing moment and contact-area proxy lambda=sqrt(1/A_c/A); measured displacement gate is max(rotation/0.01 rad, sliding/0.1%, settlement/0.1%).",base
FoRCy,FoRCy_Mastersheet_others.csv,TRISEE_LD_III,453,1.4586499149789456,1.127659574468085,-0.33862131854538263,0.88,1.872340425531915,35.099999999999994,mixed,mixed,true,robust,validated_proxy_row,"FoRCy uses normalized maximum footing moment and contact-area proxy lambda=sqrt(1/A_c/A); measured displacement gate is max(rotation/0.01 rad, sliding/0.1%, settlement/0.1%).",base
FoRCy,FoRCy_Mastersheet_others.csv,TRISEE_LD_III,454,1.4586499149789456,1.127659574468085,-0.18938771685468397,0.931,1.9808510638297874,45.3,mixed,mixed,true,marginal,validated_proxy_row,"FoRCy uses normalized maximum footing moment and contact-area proxy lambda=sqrt(1/A_c/A); measured displacement gate is max(rotation/0.01 rad, sliding/0.1%, settlement/0.1%).",base
FoRCy,FoRCy_Mastersheet_others.csv,TRISEE_LD_III,455,1.4586499149789456,1.127659574468085,-0.031979391042489896,0.988,2.1021276595744682,55.099999999999994,mixed,mixed,true,marginal,validated_proxy_row,"FoRCy uses normalized maximum footing moment and contact-area proxy lambda=sqrt(1/A_c/A); measured displacement gate is max(rotation/0.01 rad, sliding/0.1%, settlement/0.1%).",base
FoRCy,FoRCy_Mastersheet_others.csv,TRISEE_LD_III,456,1.4586499149789456,1.127659574468085,0.08600322907836504,1.033,2.1978723404255316,62.9,both_detrimental,both_detrimental,true,marginal,validated_proxy_row,"FoRCy uses normalized maximum footing moment and contact-area proxy lambda=sqrt(1/A_c/A); measured displacement gate is max(rotation/0.01 rad, sliding/0.1%, settlement/0.1%).",base
