dataset,source_file,test_id,event_no,lambda_proxy,eta_proxy,n_s_proxy,R_V_proxy,R_delta_total_predicted,measured_displacement_severity,observed_class,predicted_class,correct,robust_marginal,status,notes,sensitivity_label,map_margin,log_lambda,log_RV,log_Rdelta_pred,failure_mode,release_by_map,false_safe
FoRDy,FoRDy_Mastersheet_v1.0.0_20180821_2322.csv,SSG03-1-SHW-3,1,8.916666666666668,78.50694444444447,-0.3186380241678431,0.498,39.59445833333335,0.492,both_beneficial,mixed,False,robust,validated_proxy_row,"FoRDy uses T1/T0 period-lengthening and normalized maximum footing moment; measured displacement gate is max(pkDR/1.0%, pkRot/0.01 rad, abs(resSet)/1.0%).",base,0.6971552019574841,2.187922184673906,-0.6971552019574841,3.678689167390328,false_conservative_mixed,False,False
FoRDy,FoRDy_Mastersheet_v1.0.0_20180821_2322.csv,SSG03-1-SHW-4,2,8.916666666666668,78.50694444444447,-0.1885303444220103,0.662,52.63359722222224,3.028,mixed,mixed,True,robust,validated_proxy_row,"FoRDy uses T1/T0 period-lengthening and normalized maximum footing moment; measured displacement gate is max(pkDR/1.0%, pkRot/0.01 rad, abs(resSet)/1.0%).",base,0.4124897230451288,2.187922184673906,-0.4124897230451288,3.963354646302683,correct_robust,False,False
FoRDy,FoRDy_Mastersheet_v1.0.0_20180821_2322.csv,SSG03-1-SHW-5,3,8.916666666666668,78.50694444444447,-0.1254326354127915,0.76,60.4252777777778,6.101,mixed,mixed,True,robust,validated_proxy_row,"FoRDy uses T1/T0 period-lengthening and normalized maximum footing moment; measured displacement gate is max(pkDR/1.0%, pkRot/0.01 rad, abs(resSet)/1.0%).",base,0.2744368457017603,2.187922184673906,-0.2744368457017603,4.101407523646052,correct_robust,False,False
FoRDy,FoRDy_Mastersheet_v1.0.0_20180821_2322.csv,SSG03-1-DSW-3,4,11.04,120.88160000000002,-0.203104420124043,0.614,74.83530240000002,0.575,both_beneficial,mixed,,invalid,insufficient_or_out_of_gate,"FoRDy uses T1/T0 period-lengthening and normalized maximum footing moment; measured displacement gate is max(pkDR/1.0%, pkRot/0.01 rad, abs(resSet)/1.0%).",base,0.4877603508349946,2.401525040848949,-0.4877603508349946,4.315289730862904,false_conservative_mixed,False,False
FoRDy,FoRDy_Mastersheet_v1.0.0_20180821_2322.csv,SSG03-1-DSW-4,5,11.04,120.88160000000002,-0.0939597454509827,0.798,97.26151680000002,2.361,mixed,mixed,,invalid,insufficient_or_out_of_gate,"FoRDy uses T1/T0 period-lengthening and normalized maximum footing moment; measured displacement gate is max(pkDR/1.0%, pkRot/0.01 rad, abs(resSet)/1.0%).",base,0.22564668153232822,2.401525040848949,-0.22564668153232822,4.57740340016557,correct_marginal,False,False
FoRDy,FoRDy_Mastersheet_v1.0.0_20180821_2322.csv,SSG03-1-DSW-5,6,11.04,120.88160000000002,-0.0760856679431922,0.833,101.5273728,4.952,mixed,mixed,,invalid,insufficient_or_out_of_gate,"FoRDy uses T1/T0 period-lengthening and normalized maximum footing moment; measured displacement gate is max(pkDR/1.0%, pkRot/0.01 rad, abs(resSet)/1.0%).",base,0.1827216368152944,2.401525040848949,-0.1827216368152944,4.620328444882604,correct_marginal,False,False
FoRDy,FoRDy_Mastersheet_v1.0.0_20180821_2322.csv,SSG04-1-SHW-3,7,11.266666666666667,125.9377777777778,-0.4503353999207252,0.336,42.65109333333334,0.826,both_beneficial,mixed,,invalid,insufficient_or_out_of_gate,"FoRDy uses T1/T0 period-lengthening and normalized maximum footing moment; measured displacement gate is max(pkDR/1.0%, pkRot/0.01 rad, abs(resSet)/1.0%).",base,1.0906441190189327,2.4218485138208634,-1.0906441190189327,3.753052908622794,false_conservative_mixed,False,False
FoRDy,FoRDy_Mastersheet_v1.0.0_20180821_2322.csv,SSG04-1-SHW-4,8,11.266666666666667,125.9377777777778,-0.2812804375695396,0.506,64.23051555555557,3.659,mixed,mixed,,invalid,insufficient_or_out_of_gate,"FoRDy uses T1/T0 period-lengthening and normalized maximum footing moment; measured displacement gate is max(pkDR/1.0%, pkRot/0.01 rad, abs(resSet)/1.0%).",base,0.6812186096946715,2.4218485138208634,-0.6812186096946715,4.162478417947056,correct_marginal,False,False
FoRDy,FoRDy_Mastersheet_v1.0.0_20180821_2322.csv,SSG04-1-DSW-3,9,12.72,160.79839999999996,-0.3373820659296683,0.424,68.60252159999997,0.912,both_beneficial,mixed,,invalid,insufficient_or_out_of_gate,"FoRDy uses T1/T0 period-lengthening and normalized maximum footing moment; measured displacement gate is max(pkDR/1.0%, pkRot/0.01 rad, abs(resSet)/1.0%).",base,0.8580218237501793,2.543175557911976,-0.8580218237501793,4.228329292073773,false_conservative_mixed,False,False
FoRDy,FoRDy_Mastersheet_v1.0.0_20180821_2322.csv,SSG04-1-DSW-4,10,12.72,160.79839999999996,-0.2393881264831133,0.544,88.01832959999999,2.534,mixed,mixed,,invalid,insufficient_or_out_of_gate,"FoRDy uses T1/T0 period-lengthening and normalized maximum footing moment; measured displacement gate is max(pkDR/1.0%, pkRot/0.01 rad, abs(resSet)/1.0%).",base,0.6088060321261943,2.543175557911976,-0.6088060321261943,4.477545083697757,correct_marginal,False,False
FoRDy,FoRDy_Mastersheet_v1.0.0_20180821_2322.csv,SSG04-1-DSW-5,11,12.72,160.79839999999996,-0.2101449456536583,0.586,94.81386239999998,4.932,mixed,mixed,,invalid,insufficient_or_out_of_gate,"FoRDy uses T1/T0 period-lengthening and normalized maximum footing moment; measured displacement gate is max(pkDR/1.0%, pkRot/0.01 rad, abs(resSet)/1.0%).",base,0.5344354894051245,2.543175557911976,-0.5344354894051245,4.551915626418827,correct_marginal,False,False
FoRDy,FoRDy_Mastersheet_v1.0.0_20180821_2322.csv,PWRI_S-1-P-2,12,29.666666666666664,879.111111111111,-0.0317358249107686,0.898,790.3397777777777,3.754,mixed,mixed,,invalid,insufficient_or_out_of_gate,"FoRDy uses T1/T0 period-lengthening and normalized maximum footing moment; measured displacement gate is max(pkDR/1.0%, pkRot/0.01 rad, abs(resSet)/1.0%).",base,0.10758521067993743,3.39002408106403,-0.10758521067993743,6.672462951448122,correct_marginal,False,False
FoRDy,FoRDy_Mastersheet_v1.0.0_20180821_2322.csv,PWRI_S-2-P-1,13,34.33333333333333,1177.7777777777774,-0.03938276905589,0.87,1025.5366666666664,44.897,mixed,mixed,,invalid,insufficient_or_out_of_gate,"FoRDy uses T1/T0 period-lengthening and normalized maximum footing moment; measured displacement gate is max(pkDR/1.0%, pkRot/0.01 rad, abs(resSet)/1.0%).",base,0.13926206733350766,3.536116699561526,-0.13926206733350766,6.9329713317895445,correct_marginal,False,False
FoRDy,FoRDy_Mastersheet_v1.0.0_20180821_2322.csv,PWRI_S-4-P-2,15,31.666666666666668,1001.7777777777778,-0.0645807418409667,0.8,802.2222222222223,6.7,mixed,mixed,,invalid,insufficient_or_out_of_gate,"FoRDy uses T1/T0 period-lengthening and normalized maximum footing moment; measured displacement gate is max(pkDR/1.0%, pkRot/0.01 rad, abs(resSet)/1.0%).",base,0.2231435513142097,3.455264602932431,-0.2231435513142097,6.687385654550653,correct_marginal,False,False
FoRDy,FoRDy_Mastersheet_v1.0.0_20180821_2322.csv,LJD01-1-MD-1,16,1.0173913043478262,0.0350850661625712,-128.01877353014953,0.11,0.1138593572778828,0.211,both_beneficial,both_beneficial,True,robust,validated_proxy_row,"FoRDy uses T1/T0 period-lengthening and normalized maximum footing moment; measured displacement gate is max(pkDR/1.0%, pkRot/0.01 rad, abs(resSet)/1.0%).",base,2.1727913003207084,0.017241806434506173,-2.2072749131897207,-2.172791300320709,correct_robust,True,False
FoRDy,FoRDy_Mastersheet_v1.0.0_20180821_2322.csv,LJD01-1-MD-2,17,1.0173913043478262,0.0350850661625712,-129.62252261732007,0.107,0.1107541020793951,0.208,both_beneficial,both_beneficial,True,robust,validated_proxy_row,"FoRDy uses T1/T0 period-lengthening and normalized maximum footing moment; measured displacement gate is max(pkDR/1.0%, pkRot/0.01 rad, abs(resSet)/1.0%).",base,2.2004428316512183,0.017241806434506173,-2.234926444520231,-2.200442831651219,correct_robust,True,False
FoRDy,FoRDy_Mastersheet_v1.0.0_20180821_2322.csv,LJD01-1-MD-4,19,1.0173913043478262,0.0350850661625712,-56.11848328869251,0.38,0.3933323251417771,0.918,both_beneficial,both_beneficial,True,robust,validated_proxy_row,"FoRDy uses T1/T0 period-lengthening and normalized maximum footing moment; measured displacement gate is max(pkDR/1.0%, pkRot/0.01 rad, abs(resSet)/1.0%).",base,0.9331004133926931,0.017241806434506173,-0.9675840262617056,-0.9331004133926931,correct_robust,True,False
FoRDy,FoRDy_Mastersheet_v1.0.0_20180821_2322.csv,LJD01-1-MD-5,20,1.0173913043478262,0.0350850661625712,-86.0005746574897,0.227,0.2349643100189036,0.479,both_beneficial,both_beneficial,True,robust,validated_proxy_row,"FoRDy uses T1/T0 period-lengthening and normalized maximum footing moment; measured displacement gate is max(pkDR/1.0%, pkRot/0.01 rad, abs(resSet)/1.0%).",base,1.4483216486317219,0.017241806434506173,-1.4828052615007343,-1.448321648631722,correct_robust,True,False
FoRDy,FoRDy_Mastersheet_v1.0.0_20180821_2322.csv,LJD01-1-MD-6,21,1.0173913043478262,0.0350850661625712,-86.25663937007577,0.226,0.2339292249527411,0.48,both_beneficial,both_beneficial,True,robust,validated_proxy_row,"FoRDy uses T1/T0 period-lengthening and normalized maximum footing moment; measured displacement gate is max(pkDR/1.0%, pkRot/0.01 rad, abs(resSet)/1.0%).",base,1.4527366668408388,0.017241806434506173,-1.487220279709851,-1.4527366668408388,correct_robust,True,False
FoRDy,FoRDy_Mastersheet_v1.0.0_20180821_2322.csv,LJD01-1-MD-7,22,1.0173913043478262,0.0350850661625712,-56.5781836862424,0.377,0.3902270699432894,0.862,both_beneficial,both_beneficial,True,robust,validated_proxy_row,"FoRDy uses T1/T0 period-lengthening and normalized maximum footing moment; measured displacement gate is max(pkDR/1.0%, pkRot/0.01 rad, abs(resSet)/1.0%).",base,0.9410264786651138,0.017241806434506173,-0.9755100915341263,-0.9410264786651138,correct_robust,True,False
FoRDy,FoRDy_Mastersheet_v1.0.0_20180821_2322.csv,LJD01-1-MD-8,23,1.0173913043478262,0.0350850661625712,-41.49175390784712,0.489,0.5061565973534973,1.309,mixed,both_beneficial,False,robust,validated_proxy_row,"FoRDy uses T1/T0 period-lengthening and normalized maximum footing moment; measured displacement gate is max(pkDR/1.0%, pkRot/0.01 rad, abs(resSet)/1.0%).",base,0.6809091766382525,0.017241806434506173,-0.715392789507265,-0.6809091766382527,false_safe,True,True
FoRDy,FoRDy_Mastersheet_v1.0.0_20180821_2322.csv,LJD01-1-MD-9,24,1.0173913043478262,0.0350850661625712,-31.59339350611808,0.58,0.6003493383742913,4.277,mixed,both_beneficial,False,robust,validated_proxy_row,"FoRDy uses T1/T0 period-lengthening and normalized maximum footing moment; measured displacement gate is max(pkDR/1.0%, pkRot/0.01 rad, abs(resSet)/1.0%).",base,0.5102435625726597,0.017241806434506173,-0.5447271754416722,-0.5102435625726597,false_safe,True,True
FoRDy,FoRDy_Mastersheet_v1.0.0_20180821_2322.csv,LJD01-1-SD-1,25,1.0173913043478262,0.0350850661625712,-115.2880564286966,0.137,0.1418066540642722,0.146,both_beneficial,both_beneficial,True,robust,validated_proxy_row,"FoRDy uses T1/T0 period-lengthening and normalized maximum footing moment; measured displacement gate is max(pkDR/1.0%, pkRot/0.01 rad, abs(resSet)/1.0%).",base,1.9532907402849995,0.017241806434506173,-1.987774353154012,-1.9532907402850002,correct_robust,True,False
FoRDy,FoRDy_Mastersheet_v1.0.0_20180821_2322.csv,LJD01-1-SD-2,26,1.0173913043478262,0.0350850661625712,-119.2290971871938,0.128,0.1324908884688091,0.133,both_beneficial,both_beneficial,True,robust,validated_proxy_row,"FoRDy uses T1/T0 period-lengthening and normalized maximum footing moment; measured displacement gate is max(pkDR/1.0%, pkRot/0.01 rad, abs(resSet)/1.0%).",base,2.0212414021935072,0.017241806434506173,-2.05572501506252,-2.0212414021935077,correct_robust,True,False
FoRDy,FoRDy_Mastersheet_v1.0.0_20180821_2322.csv,LJD01-1-SD-5,29,1.0173913043478262,0.0350850661625712,-69.06048865001189,0.304,0.3146658601134216,0.482,both_beneficial,both_beneficial,True,robust,validated_proxy_row,"FoRDy uses T1/T0 period-lengthening and normalized maximum footing moment; measured displacement gate is max(pkDR/1.0%, pkRot/0.01 rad, abs(resSet)/1.0%).",base,1.156243964706903,0.017241806434506173,-1.1907275775759154,-1.156243964706903,correct_robust,True,False
FoRDy,FoRDy_Mastersheet_v1.0.0_20180821_2322.csv,LJD01-1-SD-6,30,1.0173913043478262,0.0350850661625712,-62.74024567615844,0.339,0.3508938374291117,0.503,both_beneficial,both_beneficial,True,robust,validated_proxy_row,"FoRDy uses T1/T0 period-lengthening and normalized maximum footing moment; measured displacement gate is max(pkDR/1.0%, pkRot/0.01 rad, abs(resSet)/1.0%).",base,1.0472715587326742,0.017241806434506173,-1.0817551716016867,-1.0472715587326742,correct_robust,True,False
FoRDy,FoRDy_Mastersheet_v1.0.0_20180821_2322.csv,LJD01-1-SD-8,32,1.0173913043478262,0.0350850661625712,-27.819011199291356,0.619,0.6407176559546316,1.157,mixed,both_beneficial,False,robust,validated_proxy_row,"FoRDy uses T1/T0 period-lengthening and normalized maximum footing moment; measured displacement gate is max(pkDR/1.0%, pkRot/0.01 rad, abs(resSet)/1.0%).",base,0.4451663934285285,0.017241806434506173,-0.47965000629754095,-0.4451663934285285,false_safe,True,True
FoRDy,FoRDy_Mastersheet_v1.0.0_20180821_2322.csv,LJD01-1-SD-9,33,1.0173913043478262,0.0350850661625712,-6.563621888200329,0.893,0.9243309640831762,4.831,mixed,both_beneficial,False,marginal,validated_proxy_row,"FoRDy uses T1/T0 period-lengthening and normalized maximum footing moment; measured displacement gate is max(pkDR/1.0%, pkRot/0.01 rad, abs(resSet)/1.0%).",base,0.07868508523662551,0.017241806434506173,-0.11316869810563798,-0.07868508523662551,false_safe,True,True
FoRDy,FoRDy_Mastersheet_v1.0.0_20180821_2322.csv,LJD01-3-MD-3,34,1.0173913043478262,0.0350850661625712,-116.57220991698208,0.134,0.1387013988657845,0.276,both_beneficial,both_beneficial,True,robust,validated_proxy_row,"FoRDy uses T1/T0 period-lengthening and normalized maximum footing moment; measured displacement gate is max(pkDR/1.0%, pkRot/0.01 rad, abs(resSet)/1.0%).",base,1.9754318661622132,0.017241806434506173,-2.0099154790312257,-1.9754318661622134,correct_robust,True,False
FoRDy,FoRDy_Mastersheet_v1.0.0_20180821_2322.csv,LJD01-3-MD-4,35,1.0173913043478262,0.0350850661625712,-73.21207242024427,0.283,0.2929290737240076,0.853,both_beneficial,both_beneficial,True,robust,validated_proxy_row,"FoRDy uses T1/T0 period-lengthening and normalized maximum footing moment; measured displacement gate is max(pkDR/1.0%, pkRot/0.01 rad, abs(resSet)/1.0%).",base,1.227824768469887,0.017241806434506173,-1.2623083813388996,-1.227824768469887,correct_robust,True,False
FoRDy,FoRDy_Mastersheet_v1.0.0_20180821_2322.csv,LJD01-3-MD-5,36,1.0173913043478262,0.0350850661625712,-68.11432471101328,0.309,0.3198412854442345,0.965,both_beneficial,both_beneficial,True,robust,validated_proxy_row,"FoRDy uses T1/T0 period-lengthening and normalized maximum footing moment; measured displacement gate is max(pkDR/1.0%, pkRot/0.01 rad, abs(resSet)/1.0%).",base,1.1399303892153791,0.017241806434506173,-1.1744140020843916,-1.1399303892153791,correct_robust,True,False
FoRDy,FoRDy_Mastersheet_v1.0.0_20180821_2322.csv,LJD01-3-MD-6,37,1.0173913043478262,0.0350850661625712,-56.42454501841259,0.378,0.3912621550094519,1.16,mixed,both_beneficial,False,robust,validated_proxy_row,"FoRDy uses T1/T0 period-lengthening and normalized maximum footing moment; measured displacement gate is max(pkDR/1.0%, pkRot/0.01 rad, abs(resSet)/1.0%).",base,0.9383774704935369,0.017241806434506173,-0.9728610833625494,-0.938377470493537,false_safe,True,True
FoRDy,FoRDy_Mastersheet_v1.0.0_20180821_2322.csv,LJD01-3-MD-7,38,1.0173913043478262,0.0350850661625712,-53.72645095201639,0.396,0.4098936862003782,6.581,mixed,both_beneficial,False,robust,validated_proxy_row,"FoRDy uses T1/T0 period-lengthening and normalized maximum footing moment; measured displacement gate is max(pkDR/1.0%, pkRot/0.01 rad, abs(resSet)/1.0%).",base,0.891857454858644,0.017241806434506173,-0.9263410677276565,-0.8918574548586441,false_safe,True,True
FoRDy,FoRDy_Mastersheet_v1.0.0_20180821_2322.csv,LJD01-3-SD-3,39,1.0173913043478262,0.0350850661625712,-95.71270349327646,0.192,0.1987363327032136,0.244,both_beneficial,both_beneficial,True,robust,validated_proxy_row,"FoRDy uses T1/T0 period-lengthening and normalized maximum footing moment; measured displacement gate is max(pkDR/1.0%, pkRot/0.01 rad, abs(resSet)/1.0%).",base,1.615776294085343,0.017241806434506173,-1.6502599069543555,-1.6157762940853435,correct_robust,True,False
FoRDy,FoRDy_Mastersheet_v1.0.0_20180821_2322.csv,LJD01-3-SD-4,40,1.0173913043478262,0.0350850661625712,-37.59314996252472,0.523,0.5413494896030248,0.822,both_beneficial,both_beneficial,True,robust,validated_proxy_row,"FoRDy uses T1/T0 period-lengthening and normalized maximum footing moment; measured displacement gate is max(pkDR/1.0%, pkRot/0.01 rad, abs(resSet)/1.0%).",base,0.6136902020482017,0.017241806434506173,-0.6481738149172142,-0.6136902020482017,correct_robust,True,False
FoRDy,FoRDy_Mastersheet_v1.0.0_20180821_2322.csv,LJD01-3-SD-5,41,1.0173913043478262,0.0350850661625712,-33.01053186862642,0.566,0.5858581474480152,0.783,both_beneficial,both_beneficial,True,robust,validated_proxy_row,"FoRDy uses T1/T0 period-lengthening and normalized maximum footing moment; measured displacement gate is max(pkDR/1.0%, pkRot/0.01 rad, abs(resSet)/1.0%).",base,0.5346775879099418,0.017241806434506173,-0.5691612007789542,-0.5346775879099418,correct_robust,True,False
FoRDy,FoRDy_Mastersheet_v1.0.0_20180821_2322.csv,LJD01-3-SD-6,42,1.0173913043478262,0.0350850661625712,-18.3322755753076,0.729,0.7545770132325144,1.143,mixed,both_beneficial,False,robust,validated_proxy_row,"FoRDy uses T1/T0 period-lengthening and normalized maximum footing moment; measured displacement gate is max(pkDR/1.0%, pkRot/0.01 rad, abs(resSet)/1.0%).",base,0.28159793410446643,0.017241806434506173,-0.31608154697347896,-0.28159793410446654,false_safe,True,True
FoRDy,FoRDy_Mastersheet_v1.0.0_20180821_2322.csv,LJD01-3-SD-7,43,1.0173913043478262,0.0350850661625712,-7.877348795119152,0.873,0.9036292627599248,4.868,mixed,both_beneficial,False,marginal,validated_proxy_row,"FoRDy uses T1/T0 period-lengthening and normalized maximum footing moment; measured displacement gate is max(pkDR/1.0%, pkRot/0.01 rad, abs(resSet)/1.0%).",base,0.10133611027352236,0.017241806434506173,-0.13581972314253485,-0.10133611027352224,false_safe,True,True
FoRDy,FoRDy_Mastersheet_v1.0.0_20180821_2322.csv,LJD03-1-SF-2,44,1.75,2.0625,-1.8759694546355847,0.35,1.071875,0.255,both_beneficial,mixed,False,marginal,validated_proxy_row,"FoRDy uses T1/T0 period-lengthening and normalized maximum footing moment; measured displacement gate is max(pkDR/1.0%, pkRot/0.01 rad, abs(resSet)/1.0%).",base,0.0694094513721676,0.5596157879354227,-1.0498221244986778,0.0694094513721676,false_conservative_mixed,False,False
FoRDy,FoRDy_Mastersheet_v1.0.0_20180821_2322.csv,LJD03-1-SF-3,45,1.75,2.0625,-1.1143737030937704,0.536,1.6415000000000002,0.829,both_beneficial,mixed,False,robust,validated_proxy_row,"FoRDy uses T1/T0 period-lengthening and normalized maximum footing moment; measured displacement gate is max(pkDR/1.0%, pkRot/0.01 rad, abs(resSet)/1.0%).",base,0.4956104579595104,0.5596157879354227,-0.623621117911335,0.4956104579595104,false_conservative_mixed,False,False
FoRDy,FoRDy_Mastersheet_v1.0.0_20180821_2322.csv,LJD03-1-SF-4,46,1.75,2.0625,-1.9649423992458623,0.333,1.0198125,0.434,both_beneficial,mixed,False,marginal,validated_proxy_row,"FoRDy uses T1/T0 period-lengthening and normalized maximum footing moment; measured displacement gate is max(pkDR/1.0%, pkRot/0.01 rad, abs(resSet)/1.0%).",base,0.019618786869152374,0.5596157879354227,-1.0996127890016931,0.01961878686915216,false_conservative_mixed,False,False
FoRDy,FoRDy_Mastersheet_v1.0.0_20180821_2322.csv,LJD03-1-SF-5,47,1.75,2.0625,-1.7526833126532697,0.375,1.1484375,0.524,both_beneficial,mixed,False,marginal,validated_proxy_row,"FoRDy uses T1/T0 period-lengthening and normalized maximum footing moment; measured displacement gate is max(pkDR/1.0%, pkRot/0.01 rad, abs(resSet)/1.0%).",base,0.13840232285911913,0.5596157879354227,-0.9808292530117262,0.13840232285911913,false_conservative_mixed,False,False
FoRDy,FoRDy_Mastersheet_v1.0.0_20180821_2322.csv,LJD03-1-SF-7,48,1.75,2.0625,-2.1573939328008547,0.299,0.9156875,0.256,both_beneficial,both_beneficial,True,marginal,validated_proxy_row,"FoRDy uses T1/T0 period-lengthening and normalized maximum footing moment; measured displacement gate is max(pkDR/1.0%, pkRot/0.01 rad, abs(resSet)/1.0%).",base,0.08808012972060526,0.5596157879354227,-1.2073117055914506,-0.08808012972060526,correct_marginal,True,False
FoRDy,FoRDy_Mastersheet_v1.0.0_20180821_2322.csv,LJD03-1-SF-8,49,1.75,2.0625,-0.7946984907309057,0.641,1.9630625,1.365,mixed,mixed,True,robust,validated_proxy_row,"FoRDy uses T1/T0 period-lengthening and normalized maximum footing moment; measured displacement gate is max(pkDR/1.0%, pkRot/0.01 rad, abs(resSet)/1.0%).",base,0.444725822061467,0.5596157879354227,-0.444725822061467,0.6745057538093783,correct_robust,False,False
FoRDy,FoRDy_Mastersheet_v1.0.0_20180821_2322.csv,LJD03-1-SF-9,50,1.75,2.0625,-0.5721876885187009,0.726,2.223375,1.323,mixed,mixed,True,robust,validated_proxy_row,"FoRDy uses T1/T0 period-lengthening and normalized maximum footing moment; measured displacement gate is max(pkDR/1.0%, pkRot/0.01 rad, abs(resSet)/1.0%).",base,0.320205264157341,0.5596157879354227,-0.320205264157341,0.7990263117135044,correct_robust,False,False
FoRDy,FoRDy_Mastersheet_v1.0.0_20180821_2322.csv,LJD03-1-SF-11,51,1.75,2.0625,-0.0673709855883518,0.963,2.9491875,3.183,mixed,mixed,True,marginal,validated_proxy_row,"FoRDy uses T1/T0 period-lengthening and normalized maximum footing moment; measured displacement gate is max(pkDR/1.0%, pkRot/0.01 rad, abs(resSet)/1.0%).",base,0.03770186718401153,0.5596157879354227,-0.03770186718401153,1.0815297086868338,correct_marginal,False,False
FoRDy,FoRDy_Mastersheet_v1.0.0_20180821_2322.csv,LJD03-1-SF-12,52,1.75,2.0625,-0.0197652525141076,0.989,3.0288125,3.872,mixed,mixed,True,marginal,validated_proxy_row,"FoRDy uses T1/T0 period-lengthening and normalized maximum footing moment; measured displacement gate is max(pkDR/1.0%, pkRot/0.01 rad, abs(resSet)/1.0%).",base,0.011060947359424948,0.5596157879354227,-0.011060947359424948,1.1081706285114203,correct_marginal,False,False
FoRDy,FoRDy_Mastersheet_v1.0.0_20180821_2322.csv,LJD03-1-SF-13,53,1.75,2.0625,-0.4099476270570808,0.795,2.4346875000000003,3.855,mixed,mixed,True,robust,validated_proxy_row,"FoRDy uses T1/T0 period-lengthening and normalized maximum footing moment; measured displacement gate is max(pkDR/1.0%, pkRot/0.01 rad, abs(resSet)/1.0%).",base,0.2294131643278051,0.5596157879354227,-0.2294131643278051,0.8898184115430403,correct_robust,False,False
FoRDy,FoRDy_Mastersheet_v1.0.0_20180821_2322.csv,LJD03-1-SF-14,54,1.75,2.0625,-0.0107539359240834,0.994,3.044125,4.085,mixed,mixed,True,marginal,validated_proxy_row,"FoRDy uses T1/T0 period-lengthening and normalized maximum footing moment; measured displacement gate is max(pkDR/1.0%, pkRot/0.01 rad, abs(resSet)/1.0%).",base,0.006018072325563021,0.5596157879354227,-0.006018072325563021,1.1132135035452824,correct_marginal,False,False
FoRDy,FoRDy_Mastersheet_v1.0.0_20180821_2322.csv,LJD03-1-SF-15,55,1.75,2.0625,-0.0879000293616593,0.952,2.9155,4.223,mixed,mixed,True,marginal,validated_proxy_row,"FoRDy uses T1/T0 period-lengthening and normalized maximum footing moment; measured displacement gate is max(pkDR/1.0%, pkRot/0.01 rad, abs(resSet)/1.0%).",base,0.04919024419077178,0.5596157879354227,-0.04919024419077178,1.0700413316800736,correct_marginal,False,False
FoRDy,FoRDy_Mastersheet_v1.0.0_20180821_2322.csv,LJD03-1-SF-16,56,1.75,2.0625,0.1091732947442521,1.063,3.2554375,4.416,both_detrimental,both_detrimental,True,marginal,validated_proxy_row,"FoRDy uses T1/T0 period-lengthening and normalized maximum footing moment; measured displacement gate is max(pkDR/1.0%, pkRot/0.01 rad, abs(resSet)/1.0%).",base,0.06109509935981083,0.5596157879354227,0.06109509935981083,1.1803266752306563,correct_marginal,False,False
FoRDy,FoRDy_Mastersheet_v1.0.0_20180821_2322.csv,LJD03-1-SF-17,57,1.75,2.0625,0.1209019651204379,1.07,3.276875,5.089,both_detrimental,both_detrimental,True,marginal,validated_proxy_row,"FoRDy uses T1/T0 period-lengthening and normalized maximum footing moment; measured displacement gate is max(pkDR/1.0%, pkRot/0.01 rad, abs(resSet)/1.0%).",base,0.06765864847381486,0.5596157879354227,0.06765864847381486,1.1868902243446602,correct_marginal,False,False
FoRDy,FoRDy_Mastersheet_v1.0.0_20180821_2322.csv,LJD03-1-SF-18,58,1.75,2.0625,0.1391785942001675,1.081,3.3105625,5.836,both_detrimental,both_detrimental,True,marginal,validated_proxy_row,"FoRDy uses T1/T0 period-lengthening and normalized maximum footing moment; measured displacement gate is max(pkDR/1.0%, pkRot/0.01 rad, abs(resSet)/1.0%).",base,0.0778865386570712,0.5596157879354227,0.0778865386570712,1.1971181145279166,correct_marginal,False,False
FoRDy,FoRDy_Mastersheet_v1.0.0_20180821_2322.csv,LJD03-1-SF-19,59,1.75,2.0625,0.1024364713346586,1.059,3.2431875,6.363,both_detrimental,both_detrimental,True,marginal,validated_proxy_row,"FoRDy uses T1/T0 period-lengthening and normalized maximum footing moment; measured displacement gate is max(pkDR/1.0%, pkRot/0.01 rad, abs(resSet)/1.0%).",base,0.05732506661926935,0.5596157879354227,0.05732506661926935,1.1765566424901148,correct_marginal,False,False
FoRDy,FoRDy_Mastersheet_v1.0.0_20180821_2322.csv,LJD03-1-SF-20,60,1.75,2.0625,-0.2757559091634578,0.857,2.6245625,4.82,mixed,mixed,True,robust,validated_proxy_row,"FoRDy uses T1/T0 period-lengthening and normalized maximum footing moment; measured displacement gate is max(pkDR/1.0%, pkRot/0.01 rad, abs(resSet)/1.0%).",base,0.15431736038435728,0.5596157879354227,-0.15431736038435728,0.9649142154864881,correct_robust,False,False
FoRDy,FoRDy_Mastersheet_v1.0.0_20180821_2322.csv,LJD03-1-ISF-2,61,1.75,2.0625,-1.4833624310272218,0.436,1.33525,0.295,both_beneficial,mixed,False,robust,validated_proxy_row,"FoRDy uses T1/T0 period-lengthening and normalized maximum footing moment; measured displacement gate is max(pkDR/1.0%, pkRot/0.01 rad, abs(resSet)/1.0%).",base,0.2891185402377427,0.5596157879354227,-0.8301130356331028,0.2891185402377427,false_conservative_mixed,False,False
FoRDy,FoRDy_Mastersheet_v1.0.0_20180821_2322.csv,LJD03-1-ISF-3,62,1.75,2.0625,-0.6786752081472969,0.684,2.0947500000000003,0.765,both_beneficial,mixed,False,robust,validated_proxy_row,"FoRDy uses T1/T0 period-lengthening and normalized maximum footing moment; measured displacement gate is max(pkDR/1.0%, pkRot/0.01 rad, abs(resSet)/1.0%).",base,0.3797973613595865,0.5596157879354227,-0.3797973613595865,0.7394342145112589,false_conservative_mixed,False,False
FoRDy,FoRDy_Mastersheet_v1.0.0_20180821_2322.csv,LJD03-1-ISF-4,63,1.75,2.0625,-1.8759694546355847,0.35,1.071875,0.342,both_beneficial,mixed,False,marginal,validated_proxy_row,"FoRDy uses T1/T0 period-lengthening and normalized maximum footing moment; measured displacement gate is max(pkDR/1.0%, pkRot/0.01 rad, abs(resSet)/1.0%).",base,0.0694094513721676,0.5596157879354227,-1.0498221244986778,0.0694094513721676,false_conservative_mixed,False,False
FoRDy,FoRDy_Mastersheet_v1.0.0_20180821_2322.csv,LJD03-1-ISF-5,64,1.75,2.0625,-1.584537014053892,0.412,1.26175,0.41,both_beneficial,mixed,False,robust,validated_proxy_row,"FoRDy uses T1/T0 period-lengthening and normalized maximum footing moment; measured displacement gate is max(pkDR/1.0%, pkRot/0.01 rad, abs(resSet)/1.0%).",base,0.23249964623823466,0.5596157879354227,-0.8867319296326107,0.23249964623823466,false_conservative_mixed,False,False
FoRDy,FoRDy_Mastersheet_v1.0.0_20180821_2322.csv,LJD03-1-ISF-7,65,1.75,2.0625,-2.127759086227425,0.304,0.931,0.326,both_beneficial,both_beneficial,True,marginal,validated_proxy_row,"FoRDy uses T1/T0 period-lengthening and normalized maximum footing moment; measured displacement gate is max(pkDR/1.0%, pkRot/0.01 rad, abs(resSet)/1.0%).",base,0.07149600170506992,0.5596157879354227,-1.1907275775759154,-0.07149600170506992,correct_marginal,True,False
FoRDy,FoRDy_Mastersheet_v1.0.0_20180821_2322.csv,LJD03-1-ISF-8,66,1.75,2.0625,-0.059963968587525,0.967,2.9614375,1.255,mixed,mixed,True,marginal,validated_proxy_row,"FoRDy uses T1/T0 period-lengthening and normalized maximum footing moment; measured displacement gate is max(pkDR/1.0%, pkRot/0.01 rad, abs(resSet)/1.0%).",base,0.033556783528842754,0.5596157879354227,-0.033556783528842754,1.0856747923420027,correct_marginal,False,False
FoRDy,FoRDy_Mastersheet_v1.0.0_20180821_2322.csv,LJD03-1-ISF-9,67,1.75,2.0625,-0.039751574967872,0.978,2.995125,1.342,mixed,mixed,True,marginal,validated_proxy_row,"FoRDy uses T1/T0 period-lengthening and normalized maximum footing moment; measured displacement gate is max(pkDR/1.0%, pkRot/0.01 rad, abs(resSet)/1.0%).",base,0.022245608947319737,0.5596157879354227,-0.022245608947319737,1.0969859669235256,correct_marginal,False,False
FoRDy,FoRDy_Mastersheet_v1.0.0_20180821_2322.csv,LJD03-1-ISF-11,68,1.75,2.0625,0.407300996433484,1.256,3.8465,2.253,both_detrimental,both_detrimental,True,robust,validated_proxy_row,"FoRDy uses T1/T0 period-lengthening and normalized maximum footing moment; measured displacement gate is max(pkDR/1.0%, pkRot/0.01 rad, abs(resSet)/1.0%).",base,0.22793206804600694,0.5596157879354227,0.22793206804600694,1.3471636439168522,correct_robust,False,False
FoRDy,FoRDy_Mastersheet_v1.0.0_20180821_2322.csv,LJD03-1-ISF-12,69,1.75,2.0625,0.5987012000638571,1.398,4.281375,3.526,both_detrimental,both_detrimental,True,robust,validated_proxy_row,"FoRDy uses T1/T0 period-lengthening and normalized maximum footing moment; measured displacement gate is max(pkDR/1.0%, pkRot/0.01 rad, abs(resSet)/1.0%).",base,0.33504264381161847,0.5596157879354227,0.33504264381161847,1.4542742196824638,correct_robust,False,False
FoRDy,FoRDy_Mastersheet_v1.0.0_20180821_2322.csv,LJD03-1-ISF-13,70,1.75,2.0625,0.0089124388885442,1.005,3.0778125,3.624,both_detrimental,both_detrimental,True,marginal,validated_proxy_row,"FoRDy uses T1/T0 period-lengthening and normalized maximum footing moment; measured displacement gate is max(pkDR/1.0%, pkRot/0.01 rad, abs(resSet)/1.0%).",base,0.004987541511038968,0.5596157879354227,0.004987541511038968,1.1242191173818843,correct_marginal,False,False
FoRDy,FoRDy_Mastersheet_v1.0.0_20180821_2322.csv,LJD03-1-ISF-14,71,1.75,2.0625,0.5533942383164719,1.363,4.1741875,3.823,both_detrimental,both_detrimental,True,robust,validated_proxy_row,"FoRDy uses T1/T0 period-lengthening and normalized maximum footing moment; measured displacement gate is max(pkDR/1.0%, pkRot/0.01 rad, abs(resSet)/1.0%).",base,0.30968815271439554,0.5596157879354227,0.30968815271439554,1.428919728585241,correct_robust,False,False
FoRDy,FoRDy_Mastersheet_v1.0.0_20180821_2322.csv,LJD03-1-ISF-15,72,1.75,2.0625,0.1621726284801257,1.095,3.3534375,3.93,both_detrimental,both_detrimental,True,marginal,validated_proxy_row,"FoRDy uses T1/T0 period-lengthening and normalized maximum footing moment; measured displacement gate is max(pkDR/1.0%, pkRot/0.01 rad, abs(resSet)/1.0%).",base,0.09075436326846412,0.5596157879354227,0.09075436326846412,1.2099859391393095,correct_marginal,False,False
FoRDy,FoRDy_Mastersheet_v1.0.0_20180821_2322.csv,LJD03-1-ISF-16,73,1.75,2.0625,0.2652176874169966,1.16,3.5525,4.079,both_detrimental,both_detrimental,True,robust,validated_proxy_row,"FoRDy uses T1/T0 period-lengthening and normalized maximum footing moment; measured displacement gate is max(pkDR/1.0%, pkRot/0.01 rad, abs(resSet)/1.0%).",base,0.14842000511827322,0.5596157879354227,0.14842000511827322,1.2676515809891187,correct_robust,False,False
FoRDy,FoRDy_Mastersheet_v1.0.0_20180821_2322.csv,LJD03-1-ISF-17,74,1.75,2.0625,0.2790283724231709,1.169,3.5800625,4.309,both_detrimental,both_detrimental,True,robust,validated_proxy_row,"FoRDy uses T1/T0 period-lengthening and normalized maximum footing moment; measured displacement gate is max(pkDR/1.0%, pkRot/0.01 rad, abs(resSet)/1.0%).",base,0.15614868248993138,0.5596157879354227,0.15614868248993138,1.2753802583607767,correct_robust,False,False
FoRDy,FoRDy_Mastersheet_v1.0.0_20180821_2322.csv,LJD03-1-ISF-18,75,1.75,2.0625,0.2851323588635986,1.173,3.5923125,4.681,both_detrimental,both_detrimental,True,robust,validated_proxy_row,"FoRDy uses T1/T0 period-lengthening and normalized maximum footing moment; measured displacement gate is max(pkDR/1.0%, pkRot/0.01 rad, abs(resSet)/1.0%).",base,0.15956456967133845,0.5596157879354227,0.15956456967133845,1.2787961455421837,correct_robust,False,False
FoRDy,FoRDy_Mastersheet_v1.0.0_20180821_2322.csv,LJD03-1-ISF-19,76,1.75,2.0625,0.3479960376224849,1.215,3.7209375,4.819,both_detrimental,both_detrimental,True,robust,validated_proxy_row,"FoRDy uses T1/T0 period-lengthening and normalized maximum footing moment; measured displacement gate is max(pkDR/1.0%, pkRot/0.01 rad, abs(resSet)/1.0%).",base,0.19474407679251185,0.5596157879354227,0.19474407679251185,1.313975652663357,correct_robust,False,False
FoRDy,FoRDy_Mastersheet_v1.0.0_20180821_2322.csv,LJD03-1-ISF-20,77,1.75,2.0625,0.0973671337706388,1.056,3.234,4.438,both_detrimental,both_detrimental,True,marginal,validated_proxy_row,"FoRDy uses T1/T0 period-lengthening and normalized maximum footing moment; measured displacement gate is max(pkDR/1.0%, pkRot/0.01 rad, abs(resSet)/1.0%).",base,0.054488185284069776,0.5596157879354227,0.054488185284069776,1.173719761154915,correct_marginal,False,False
FoRDy,FoRDy_Mastersheet_v1.0.0_20180821_2322.csv,MAH01-1-SDm-4,78,1.4907651715039576,1.2223807965692242,-1.3685628240634944,0.579,1.2867584812135806,0.59,both_beneficial,mixed,False,robust,validated_proxy_row,"FoRDy uses T1/T0 period-lengthening and normalized maximum footing moment; measured displacement gate is max(pkDR/1.0%, pkRot/0.01 rad, abs(resSet)/1.0%).",base,0.252126250718887,0.39928952606401447,-0.5464528014091419,0.252126250718887,false_conservative_mixed,False,False
FoRDy,FoRDy_Mastersheet_v1.0.0_20180821_2322.csv,MAH01-1-SDm-5,79,1.4907651715039576,1.2223807965692242,-0.8157743161965373,0.722,1.60455893512298,1.336,mixed,mixed,True,robust,validated_proxy_row,"FoRDy uses T1/T0 period-lengthening and normalized maximum footing moment; measured displacement gate is max(pkDR/1.0%, pkRot/0.01 rad, abs(resSet)/1.0%).",base,0.32573014008931084,0.39928952606401447,-0.32573014008931084,0.4728489120387183,correct_robust,False,False
FoRDy,FoRDy_Mastersheet_v1.0.0_20180821_2322.csv,MAH01-1-SDm-6,80,1.4907651715039576,1.2223807965692242,-1.822583809055118,0.483,1.0734099247429352,0.367,both_beneficial,mixed,False,marginal,validated_proxy_row,"FoRDy uses T1/T0 period-lengthening and normalized maximum footing moment; measured displacement gate is max(pkDR/1.0%, pkRot/0.01 rad, abs(resSet)/1.0%).",base,0.07084042679846451,0.39928952606401447,-0.7277386253295643,0.07084042679846451,false_conservative_mixed,False,False
FoRDy,FoRDy_Mastersheet_v1.0.0_20180821_2322.csv,MAH01-1-SDm-8,81,1.4907651715039576,1.2223807965692242,-1.6137588750254603,0.525,1.1667499181988428,0.484,both_beneficial,mixed,False,marginal,validated_proxy_row,"FoRDy uses T1/T0 period-lengthening and normalized maximum footing moment; measured displacement gate is max(pkDR/1.0%, pkRot/0.01 rad, abs(resSet)/1.0%).",base,0.15422203573751572,0.39928952606401447,-0.6443570163905132,0.15422203573751572,false_conservative_mixed,False,False
FoRDy,FoRDy_Mastersheet_v1.0.0_20180821_2322.csv,MAH01-1-SDm-9,82,1.4907651715039576,1.2223807965692242,-0.17368368967353,0.933,2.073481283199086,2.642,mixed,mixed,True,marginal,validated_proxy_row,"FoRDy uses T1/T0 period-lengthening and normalized maximum footing moment; measured displacement gate is max(pkDR/1.0%, pkRot/0.01 rad, abs(resSet)/1.0%).",base,0.06935007813479317,0.39928952606401447,-0.06935007813479317,0.7292289739932357,correct_marginal,False,False
FoRDy,FoRDy_Mastersheet_v1.0.0_20180821_2322.csv,MAH01-1-SDm-10,83,1.4907651715039576,1.2223807965692242,-0.3632095574352909,0.865,1.922359389032379,2.193,mixed,mixed,True,robust,validated_proxy_row,"FoRDy uses T1/T0 period-lengthening and normalized maximum footing moment; measured displacement gate is max(pkDR/1.0%, pkRot/0.01 rad, abs(resSet)/1.0%).",base,0.14502577205025774,0.39928952606401447,-0.14502577205025774,0.6535532800777712,correct_robust,False,False
FoRDy,FoRDy_Mastersheet_v1.0.0_20180821_2322.csv,MAH01-1-SDm-11,84,1.2938076416337283,0.6739382135498304,-0.9348147250262716,0.786,1.3157154358501668,4.192,mixed,mixed,True,robust,validated_proxy_row,"FoRDy uses T1/T0 period-lengthening and normalized maximum footing moment; measured displacement gate is max(pkDR/1.0%, pkRot/0.01 rad, abs(resSet)/1.0%).",base,0.24079848655293046,0.25758953095883574,-0.24079848655293046,0.27438057536474136,correct_robust,False,False
FoRDy,FoRDy_Mastersheet_v1.0.0_20180821_2322.csv,MAH01-1-SDm-12,85,1.2938076416337283,0.6739382135498304,-0.4524012129769909,0.89,1.4898050100593492,5.45,mixed,mixed,True,robust,validated_proxy_row,"FoRDy uses T1/T0 period-lengthening and normalized maximum footing moment; measured displacement gate is max(pkDR/1.0%, pkRot/0.01 rad, abs(resSet)/1.0%).",base,0.11653381625595151,0.25758953095883574,-0.11653381625595151,0.3986452456617203,correct_robust,False,False
FoRDy,FoRDy_Mastersheet_v1.0.0_20180821_2322.csv,MAH01-1-SDm-14,86,1.947368421052632,2.79224376731302,-0.0738061500820287,0.952,3.610216066481995,1.473,mixed,mixed,True,marginal,validated_proxy_row,"FoRDy uses T1/T0 period-lengthening and normalized maximum footing moment; measured displacement gate is max(pkDR/1.0%, pkRot/0.01 rad, abs(resSet)/1.0%).",base,0.04919024419077178,0.6664789334777842,-0.04919024419077178,1.2837676227647963,correct_marginal,False,False
FoRDy,FoRDy_Mastersheet_v1.0.0_20180821_2322.csv,MAH01-1-SDm-15,87,1.947368421052632,2.79224376731302,-0.1647686978404203,0.896,3.397850415512466,1.364,mixed,mixed,True,robust,validated_proxy_row,"FoRDy uses T1/T0 period-lengthening and normalized maximum footing moment; measured displacement gate is max(pkDR/1.0%, pkRot/0.01 rad, abs(resSet)/1.0%).",base,0.10981486600720657,0.6664789334777842,-0.10981486600720657,1.2231430009483615,correct_robust,False,False
FoRDy,FoRDy_Mastersheet_v1.0.0_20180821_2322.csv,MAH01-1-SDm-16,88,1.947368421052632,2.79224376731302,0.2822864049635648,1.207,4.577238227146816,3.316,both_detrimental,both_detrimental,True,robust,validated_proxy_row,"FoRDy uses T1/T0 period-lengthening and normalized maximum footing moment; measured displacement gate is max(pkDR/1.0%, pkRot/0.01 rad, abs(resSet)/1.0%).",base,0.1881379421153945,0.6664789334777842,0.1881379421153945,1.5210958090709628,correct_robust,False,False
FoRDy,FoRDy_Mastersheet_v1.0.0_20180821_2322.csv,MAH01-1-SDm-17,89,1.947368421052632,2.79224376731302,0.0311825897843193,1.021,3.871880886426593,2.132,both_detrimental,both_detrimental,True,marginal,validated_proxy_row,"FoRDy uses T1/T0 period-lengthening and normalized maximum footing moment; measured displacement gate is max(pkDR/1.0%, pkRot/0.01 rad, abs(resSet)/1.0%).",base,0.02078253918252841,0.6664789334777842,0.02078253918252841,1.3537404061380964,correct_marginal,False,False
FoRDy,FoRDy_Mastersheet_v1.0.0_20180821_2322.csv,MAH01-1-SDm-18,90,1.4907651715039576,1.2223807965692242,-3.981159487972817,0.204,0.4533656825001217,1.53,mixed,both_beneficial,False,robust,validated_proxy_row,"FoRDy uses T1/T0 period-lengthening and normalized maximum footing moment; measured displacement gate is max(pkDR/1.0%, pkRot/0.01 rad, abs(resSet)/1.0%).",base,0.7910562330098917,0.39928952606401447,-1.5896352851379207,-0.7910562330098917,false_safe,True,True
FoRDy,FoRDy_Mastersheet_v1.0.0_20180821_2322.csv,MAH01-1-SDm-20,91,1.4907651715039576,1.2223807965692242,-0.7881768098000285,0.73,1.6223379814955337,1.972,mixed,mixed,True,robust,validated_proxy_row,"FoRDy uses T1/T0 period-lengthening and normalized maximum footing moment; measured displacement gate is max(pkDR/1.0%, pkRot/0.01 rad, abs(resSet)/1.0%).",base,0.31471074483970024,0.39928952606401447,-0.31471074483970024,0.48386830728832875,correct_robust,False,False
FoRDy,FoRDy_Mastersheet_v1.0.0_20180821_2322.csv,MAH01-1-SDm-21,92,1.4907651715039576,1.2223807965692242,-0.236196226835465,0.91,2.022366524877994,3.119,mixed,mixed,True,marginal,validated_proxy_row,"FoRDy uses T1/T0 period-lengthening and normalized maximum footing moment; measured displacement gate is max(pkDR/1.0%, pkRot/0.01 rad, abs(resSet)/1.0%).",base,0.09431067947124129,0.39928952606401447,-0.09431067947124129,0.7042683726567875,correct_marginal,False,False
FoRDy,FoRDy_Mastersheet_v1.0.0_20180821_2322.csv,MAH01-1-SDm-22,93,1.4907651715039576,1.2223807965692242,-0.6448359237788678,0.773,1.7179003557480104,2.743,mixed,mixed,True,robust,validated_proxy_row,"FoRDy uses T1/T0 period-lengthening and normalized maximum footing moment; measured displacement gate is max(pkDR/1.0%, pkRot/0.01 rad, abs(resSet)/1.0%).",base,0.25747623039471507,0.39928952606401447,-0.25747623039471507,0.5411028217333139,correct_robust,False,False
FoRDy,FoRDy_Mastersheet_v1.0.0_20180821_2322.csv,MAH01-1-LDm-4,94,1.739263803680981,2.025038578794835,-0.8637194025990442,0.62,1.8755239188527977,0.467,both_beneficial,mixed,False,robust,validated_proxy_row,"FoRDy uses T1/T0 period-lengthening and normalized maximum footing moment; measured displacement gate is max(pkDR/1.0%, pkRot/0.01 rad, abs(resSet)/1.0%).",base,0.4780358009429998,0.5534619223610442,-0.4780358009429998,0.6288880437790887,false_conservative_mixed,False,False
FoRDy,FoRDy_Mastersheet_v1.0.0_20180821_2322.csv,MAH01-1-LDm-5,95,1.739263803680981,2.025038578794835,-0.293640669631754,0.85,2.5712827919756096,1.157,mixed,mixed,True,robust,validated_proxy_row,"FoRDy uses T1/T0 period-lengthening and normalized maximum footing moment; measured displacement gate is max(pkDR/1.0%, pkRot/0.01 rad, abs(resSet)/1.0%).",base,0.16251892949777494,0.5534619223610442,-0.16251892949777494,0.9444049152243136,correct_robust,False,False
FoRDy,FoRDy_Mastersheet_v1.0.0_20180821_2322.csv,MAH01-1-LDm-6,96,1.739263803680981,2.025038578794835,-0.9748965029606208,0.583,1.7635974914373886,0.376,both_beneficial,mixed,False,robust,validated_proxy_row,"FoRDy uses T1/T0 period-lengthening and normalized maximum footing moment; measured displacement gate is max(pkDR/1.0%, pkRot/0.01 rad, abs(resSet)/1.0%).",base,0.5395680926316447,0.5534619223610442,-0.5395680926316447,0.5673557520904438,false_conservative_mixed,False,False
FoRDy,FoRDy_Mastersheet_v1.0.0_20180821_2322.csv,MAH01-1-LDm-8,97,1.739263803680981,2.025038578794835,-0.9139528155741384,0.603,1.8240982630132856,0.429,both_beneficial,mixed,False,robust,validated_proxy_row,"FoRDy uses T1/T0 period-lengthening and normalized maximum footing moment; measured displacement gate is max(pkDR/1.0%, pkRot/0.01 rad, abs(resSet)/1.0%).",base,0.5058380822549516,0.5534619223610442,-0.5058380822549516,0.601085762467137,false_conservative_mixed,False,False
FoRDy,FoRDy_Mastersheet_v1.0.0_20180821_2322.csv,MAH01-1-LDm-9,98,1.739263803680981,2.025038578794835,-0.1175726714244776,0.937,2.8344611483307607,2.311,mixed,mixed,True,marginal,validated_proxy_row,"FoRDy uses T1/T0 period-lengthening and normalized maximum footing moment; measured displacement gate is max(pkDR/1.0%, pkRot/0.01 rad, abs(resSet)/1.0%).",base,0.0650719967437148,0.5534619223610442,-0.0650719967437148,1.0418518479783738,correct_marginal,False,False
FoRDy,FoRDy_Mastersheet_v1.0.0_20180821_2322.csv,MAH01-1-LDm-10,99,1.739263803680981,2.025038578794835,-0.194385930329197,0.898,2.716484643757762,1.778,mixed,mixed,True,robust,validated_proxy_row,"FoRDy uses T1/T0 period-lengthening and normalized maximum footing moment; measured displacement gate is max(pkDR/1.0%, pkRot/0.01 rad, abs(resSet)/1.0%).",base,0.10758521067993743,0.5534619223610442,-0.10758521067993743,0.9993386340421512,correct_robust,False,False
FoRDy,FoRDy_Mastersheet_v1.0.0_20180821_2322.csv,MAH01-1-LDm-11,100,1.3558282208588956,0.8382701644773982,-0.3388190651783886,0.902,1.6581196883586131,3.528,mixed,mixed,True,marginal,validated_proxy_row,"FoRDy uses T1/T0 period-lengthening and normalized maximum footing moment; measured displacement gate is max(pkDR/1.0%, pkRot/0.01 rad, abs(resSet)/1.0%).",base,0.10314075891951337,0.30441250071099046,-0.10314075891951337,0.5056842425024674,correct_marginal,False,False
FoRDy,FoRDy_Mastersheet_v1.0.0_20180821_2322.csv,MAH01-1-LDm-12,101,1.3558282208588956,0.8382701644773982,-0.1306808029201553,0.961,1.7665776280627796,5.943,mixed,mixed,True,marginal,validated_proxy_row,"FoRDy uses T1/T0 period-lengthening and normalized maximum footing moment; measured displacement gate is max(pkDR/1.0%, pkRot/0.01 rad, abs(resSet)/1.0%).",base,0.0397808700118446,0.30441250071099046,-0.0397808700118446,0.5690441314101362,correct_marginal,False,False
FoRDy,FoRDy_Mastersheet_v1.0.0_20180821_2322.csv,MAH01-1-LDm-14,102,2.128834355828221,3.531935714554555,0.4490957146676351,1.404,6.362837743234595,1.6809999999999998,both_detrimental,both_detrimental,True,robust,validated_proxy_row,"FoRDy uses T1/T0 period-lengthening and normalized maximum footing moment; measured displacement gate is max(pkDR/1.0%, pkRot/0.01 rad, abs(resSet)/1.0%).",base,0.33932530560361934,0.755574579140097,0.33932530560361934,1.8504744638838129,correct_robust,False,False
FoRDy,FoRDy_Mastersheet_v1.0.0_20180821_2322.csv,MAH01-1-LDm-15,103,2.128834355828221,3.531935714554555,0.0506352558348795,1.039,4.708681207422182,1.557,both_detrimental,both_detrimental,True,marginal,validated_proxy_row,"FoRDy uses T1/T0 period-lengthening and normalized maximum footing moment; measured displacement gate is max(pkDR/1.0%, pkRot/0.01 rad, abs(resSet)/1.0%).",base,0.03825871211709027,0.755574579140097,0.03825871211709027,1.5494078703972838,correct_marginal,False,False
FoRDy,FoRDy_Mastersheet_v1.0.0_20180821_2322.csv,MAH01-1-LDm-16,104,2.128834355828221,3.531935714554555,0.8113310757203169,1.846,8.36595332906771,3.137,both_detrimental,both_detrimental,True,robust,validated_proxy_row,"FoRDy uses T1/T0 period-lengthening and normalized maximum footing moment; measured displacement gate is max(pkDR/1.0%, pkRot/0.01 rad, abs(resSet)/1.0%).",base,0.6130211360806604,0.755574579140097,0.6130211360806604,2.124170294360854,correct_robust,False,False
FoRDy,FoRDy_Mastersheet_v1.0.0_20180821_2322.csv,MAH01-1-LDm-17,105,2.128834355828221,3.531935714554555,0.4509796951827998,1.406,6.371901614663704,2.103,both_detrimental,both_detrimental,True,robust,validated_proxy_row,"FoRDy uses T1/T0 period-lengthening and normalized maximum footing moment; measured displacement gate is max(pkDR/1.0%, pkRot/0.01 rad, abs(resSet)/1.0%).",base,0.3407487933884731,0.755574579140097,0.3407487933884731,1.8518979516686667,correct_robust,False,False
FoRDy,FoRDy_Mastersheet_v1.0.0_20180821_2322.csv,MAH01-1-LDm-18,106,1.739263803680981,2.025038578794835,-2.9352544133729794,0.197,0.5959326000225825,1.1769999999999998,mixed,both_beneficial,False,robust,validated_proxy_row,"FoRDy uses T1/T0 period-lengthening and normalized maximum footing moment; measured displacement gate is max(pkDR/1.0%, pkRot/0.01 rad, abs(resSet)/1.0%).",base,0.5176277055220604,0.5534619223610442,-1.6245515502441485,-0.5176277055220599,false_safe,True,True
FoRDy,FoRDy_Mastersheet_v1.0.0_20180821_2322.csv,MAH01-1-LDm-20,107,1.739263803680981,2.025038578794835,-0.3193303303434154,0.838,2.5349823290300715,2.099,mixed,mixed,True,robust,validated_proxy_row,"FoRDy uses T1/T0 period-lengthening and normalized maximum footing moment; measured displacement gate is max(pkDR/1.0%, pkRot/0.01 rad, abs(resSet)/1.0%).",base,0.17673717850005405,0.5534619223610442,-0.17673717850005405,0.9301866662220344,correct_robust,False,False
FoRDy,FoRDy_Mastersheet_v1.0.0_20180821_2322.csv,MAH01-1-LDm-21,108,1.739263803680981,2.025038578794835,0.1557066398956989,1.09,3.2972920508863703,3.05,both_detrimental,both_detrimental,True,marginal,validated_proxy_row,"FoRDy uses T1/T0 period-lengthening and normalized maximum footing moment; measured displacement gate is max(pkDR/1.0%, pkRot/0.01 rad, abs(resSet)/1.0%).",base,0.08617769624105241,0.5534619223610442,0.08617769624105241,1.193101540963141,correct_marginal,False,False
FoRDy,FoRDy_Mastersheet_v1.0.0_20180821_2322.csv,MAH01-1-LDm-22,109,1.739263803680981,2.025038578794835,-0.1923750130023594,0.899,2.719509682336557,2.311,mixed,mixed,True,robust,validated_proxy_row,"FoRDy uses T1/T0 period-lengthening and normalized maximum footing moment; measured displacement gate is max(pkDR/1.0%, pkRot/0.01 rad, abs(resSet)/1.0%).",base,0.10647224451051676,0.5534619223610442,-0.10647224451051676,1.0004516002115718,correct_robust,False,False
FoRDy,FoRDy_Mastersheet_v1.0.0_20180821_2322.csv,S2011SQF1-1-LS-2,111,88.0,7743.0,0.0296562703981636,1.142,8843.648,4.512,both_detrimental,both_detrimental,,invalid,insufficient_or_out_of_gate,"FoRDy uses T1/T0 period-lengthening and normalized maximum footing moment; measured displacement gate is max(pkDR/1.0%, pkRot/0.01 rad, abs(resSet)/1.0%).",base,0.1327811112338184,4.477336814478207,0.1327811112338184,9.087454740190232,correct_marginal,False,False
FoRDy,FoRDy_Mastersheet_v1.0.0_20180821_2322.csv,S2011SQF1-1-LS-3,112,88.0,7743.0,0.0412786539522559,1.203,9316.032,5.131,both_detrimental,both_detrimental,,invalid,insufficient_or_out_of_gate,"FoRDy uses T1/T0 period-lengthening and normalized maximum footing moment; measured displacement gate is max(pkDR/1.0%, pkRot/0.01 rad, abs(resSet)/1.0%).",base,0.18481843699254188,4.477336814478207,0.18481843699254188,9.139492065948955,correct_marginal,False,False
FoRDy,FoRDy_Mastersheet_v1.0.0_20180821_2322.csv,S2011SQF1-1-LS-4,113,88.0,7743.0,0.0887654766390893,1.488,11523.072,6.18,both_detrimental,both_detrimental,,invalid,insufficient_or_out_of_gate,"FoRDy uses T1/T0 period-lengthening and normalized maximum footing moment; measured displacement gate is max(pkDR/1.0%, pkRot/0.01 rad, abs(resSet)/1.0%).",base,0.3974329364109001,4.477336814478207,0.3974329364109001,9.352106565367313,correct_marginal,False,False
FoRDy,FoRDy_Mastersheet_v1.0.0_20180821_2322.csv,S2011SQF1-1-LS-5,114,88.0,7743.0,0.122292163710039,1.729,13389.376,8.825,both_detrimental,both_detrimental,,invalid,insufficient_or_out_of_gate,"FoRDy uses T1/T0 period-lengthening and normalized maximum footing moment; measured displacement gate is max(pkDR/1.0%, pkRot/0.01 rad, abs(resSet)/1.0%).",base,0.5475432067011535,4.477336814478207,0.5475432067011535,9.502216835657567,correct_marginal,False,False
FoRDy,FoRDy_Mastersheet_v1.0.0_20180821_2322.csv,S2011SQF1-1-LS-6,115,88.0,7743.0,0.0329565477139139,1.159,8975.296,9.373,both_detrimental,both_detrimental,,invalid,insufficient_or_out_of_gate,"FoRDy uses T1/T0 period-lengthening and normalized maximum footing moment; measured displacement gate is max(pkDR/1.0%, pkRot/0.01 rad, abs(resSet)/1.0%).",base,0.1475575643576147,4.477336814478207,0.1475575643576147,9.102231193314028,correct_marginal,False,False
FoRDy,FoRDy_Mastersheet_v1.0.0_20180821_2322.csv,S2011SQF1-2-LS-1,116,88.0,7743.0,-0.0174124808340552,0.925,7163.200000000001,0.963,both_beneficial,mixed,,invalid,insufficient_or_out_of_gate,"FoRDy uses T1/T0 period-lengthening and normalized maximum footing moment; measured displacement gate is max(pkDR/1.0%, pkRot/0.01 rad, abs(resSet)/1.0%).",base,0.0779615414697118,4.477336814478207,-0.0779615414697118,8.876712087486702,false_conservative_mixed,False,False
FoRDy,FoRDy_Mastersheet_v1.0.0_20180821_2322.csv,S2011SQF1-2-LS-2,117,88.0,7743.0,0.0270992087919713,1.129,8742.976,1.638,both_detrimental,both_detrimental,,invalid,insufficient_or_out_of_gate,"FoRDy uses T1/T0 period-lengthening and normalized maximum footing moment; measured displacement gate is max(pkDR/1.0%, pkRot/0.01 rad, abs(resSet)/1.0%).",base,0.12133228516752496,4.477336814478207,0.12133228516752496,9.076005914123938,correct_marginal,False,False
FoRDy,FoRDy_Mastersheet_v1.0.0_20180821_2322.csv,S2011SQF1-2-LS-3,118,88.0,7743.0,0.0592844529020306,1.304,10098.176,4.409,both_detrimental,both_detrimental,,invalid,insufficient_or_out_of_gate,"FoRDy uses T1/T0 period-lengthening and normalized maximum footing moment; measured displacement gate is max(pkDR/1.0%, pkRot/0.01 rad, abs(resSet)/1.0%).",base,0.26543646350446126,4.477336814478207,0.26543646350446126,9.220110092460875,correct_marginal,False,False
FoRDy,FoRDy_Mastersheet_v1.0.0_20180821_2322.csv,S2011SQF1-2-LS-4,119,88.0,7743.0,0.0319909298810704,1.154,8936.576,5.55,both_detrimental,both_detrimental,,invalid,insufficient_or_out_of_gate,"FoRDy uses T1/T0 period-lengthening and normalized maximum footing moment; measured displacement gate is max(pkDR/1.0%, pkRot/0.01 rad, abs(resSet)/1.0%).",base,0.14323416808590775,4.477336814478207,0.14323416808590775,9.097907797042321,correct_marginal,False,False
FoRDy,FoRDy_Mastersheet_v1.0.0_20180821_2322.csv,S2011SQF1-2-LS-5,120,88.0,7743.0,0.0467800911258039,1.233,9548.352,13.006,both_detrimental,both_detrimental,,invalid,insufficient_or_out_of_gate,"FoRDy uses T1/T0 period-lengthening and normalized maximum footing moment; measured displacement gate is max(pkDR/1.0%, pkRot/0.01 rad, abs(resSet)/1.0%).",base,0.20945022418220732,4.477336814478207,0.20945022418220732,9.164123853138621,correct_marginal,False,False
FoRDy,FoRDy_Mastersheet_v1.0.0_20180821_2322.csv,S2011SQF1-3-LS-1,121,124.66666666666666,15540.777777777776,-0.0703900665174499,0.712,11065.745777777776,3.922,mixed,mixed,,invalid,insufficient_or_out_of_gate,"FoRDy uses T1/T0 period-lengthening and normalized maximum footing moment; measured displacement gate is max(pkDR/1.0%, pkRot/0.01 rad, abs(resSet)/1.0%).",base,0.3396773675701613,4.825643508746422,-0.3396773675701613,9.311609649922683,correct_marginal,False,False
FoRDy,FoRDy_Mastersheet_v1.0.0_20180821_2322.csv,S2011SQF1-4-LS-1,122,124.66666666666666,15540.777777777776,-0.1383192588929474,0.513,7972.931999999999,3.886,mixed,mixed,,invalid,insufficient_or_out_of_gate,"FoRDy uses T1/T0 period-lengthening and normalized maximum footing moment; measured displacement gate is max(pkDR/1.0%, pkRot/0.01 rad, abs(resSet)/1.0%).",base,0.6674794338113675,4.825643508746422,-0.6674794338113675,8.983807583681477,correct_marginal,False,False
FoRDy,FoRDy_Mastersheet_v1.0.0_20180821_2322.csv,S2011SQF1-4-LS-2,123,124.66666666666666,15540.777777777776,-0.0941077141869969,0.635,9869.028888888888,7.217,mixed,mixed,,invalid,insufficient_or_out_of_gate,"FoRDy uses T1/T0 period-lengthening and normalized maximum footing moment; measured displacement gate is max(pkDR/1.0%, pkRot/0.01 rad, abs(resSet)/1.0%).",base,0.4541302800894454,4.825643508746422,-0.4541302800894454,9.197156737403398,correct_marginal,False,False
FoRDy,FoRDy_Mastersheet_v1.0.0_20180821_2322.csv,S2011SQF1-5-LS-1,124,106.0,11235.0,-0.0006442689525187,0.997,11202.292,1.926,mixed,mixed,,invalid,insufficient_or_out_of_gate,"FoRDy uses T1/T0 period-lengthening and normalized maximum footing moment; measured displacement gate is max(pkDR/1.0%, pkRot/0.01 rad, abs(resSet)/1.0%).",base,0.0030045090202987243,4.663439094112067,-0.0030045090202987243,9.323873679203835,correct_marginal,False,False
FoRDy,FoRDy_Mastersheet_v1.0.0_20180821_2322.csv,S2011SQF1-5-LS-2,125,106.0,11235.0,0.0210217691907116,1.103,12393.308,10.703,both_detrimental,both_detrimental,,invalid,insufficient_or_out_of_gate,"FoRDy uses T1/T0 period-lengthening and normalized maximum footing moment; measured displacement gate is max(pkDR/1.0%, pkRot/0.01 rad, abs(resSet)/1.0%).",base,0.0980337402713654,4.663439094112067,0.0980337402713654,9.424911928495499,correct_marginal,False,False
FoRDy,FoRDy_Mastersheet_v1.0.0_20180821_2322.csv,S2011SQF1-5-LS-3,126,106.0,11235.0,0.0116841207067258,1.056,11865.216,11.617,both_detrimental,both_detrimental,,invalid,insufficient_or_out_of_gate,"FoRDy uses T1/T0 period-lengthening and normalized maximum footing moment; measured displacement gate is max(pkDR/1.0%, pkRot/0.01 rad, abs(resSet)/1.0%).",base,0.054488185284069776,4.663439094112067,0.054488185284069776,9.381366373508204,correct_marginal,False,False
FoRDy,FoRDy_Mastersheet_v1.0.0_20180821_2322.csv,S2011SQF1-5-LS-4,127,106.0,11235.0,0.0401654432544182,1.206,13550.616,13.003,both_detrimental,both_detrimental,,invalid,insufficient_or_out_of_gate,"FoRDy uses T1/T0 period-lengthening and normalized maximum footing moment; measured displacement gate is max(pkDR/1.0%, pkRot/0.01 rad, abs(resSet)/1.0%).",base,0.18730909830499368,4.663439094112067,0.18730909830499368,9.514187286529127,correct_marginal,False,False
FoRDy,FoRDy_Mastersheet_v1.0.0_20180821_2322.csv,S2011SQF1-5-LS-5,128,106.0,11235.0,0.0633974704364077,1.344,15101.184,17.066,both_detrimental,both_detrimental,,invalid,insufficient_or_out_of_gate,"FoRDy uses T1/T0 period-lengthening and normalized maximum footing moment; measured displacement gate is max(pkDR/1.0%, pkRot/0.01 rad, abs(resSet)/1.0%).",base,0.29565024210095786,4.663439094112067,0.29565024210095786,9.622528430325092,correct_marginal,False,False
FoRDy,FoRDy_Mastersheet_v1.0.0_20180821_2322.csv,S2011SQF1-5-LS-6,129,106.0,11235.0,0.0389171751539585,1.199,13471.964,18.065,both_detrimental,both_detrimental,,invalid,insufficient_or_out_of_gate,"FoRDy uses T1/T0 period-lengthening and normalized maximum footing moment; measured displacement gate is max(pkDR/1.0%, pkRot/0.01 rad, abs(resSet)/1.0%).",base,0.18148787604537725,4.663439094112067,0.18148787604537725,9.508366064269511,correct_marginal,False,False
FoRDy,FoRDy_Mastersheet_v1.0.0_20180821_2322.csv,S2011SQF1-6-LS-1,130,106.0,11235.0,-0.0271682872852188,0.881,9898.916,1.966,mixed,mixed,,invalid,insufficient_or_out_of_gate,"FoRDy uses T1/T0 period-lengthening and normalized maximum footing moment; measured displacement gate is max(pkDR/1.0%, pkRot/0.01 rad, abs(resSet)/1.0%).",base,0.12669765304595754,4.663439094112067,-0.12669765304595754,9.200180535178177,correct_marginal,False,False
FoRDy,FoRDy_Mastersheet_v1.0.0_20180821_2322.csv,S2011SQF1-6-LS-2,131,106.0,11235.0,0.0082039695051222,1.039,11674.204,3.562,both_detrimental,both_detrimental,,invalid,insufficient_or_out_of_gate,"FoRDy uses T1/T0 period-lengthening and normalized maximum footing moment; measured displacement gate is max(pkDR/1.0%, pkRot/0.01 rad, abs(resSet)/1.0%).",base,0.03825871211709027,4.663439094112067,0.03825871211709027,9.365136900341225,correct_marginal,False,False
FoRDy,FoRDy_Mastersheet_v1.0.0_20180821_2322.csv,S2011SQF1-6-LS-3,132,106.0,11235.0,0.0338501439452458,1.171,13157.356,9.259,both_detrimental,both_detrimental,,invalid,insufficient_or_out_of_gate,"FoRDy uses T1/T0 period-lengthening and normalized maximum footing moment; measured displacement gate is max(pkDR/1.0%, pkRot/0.01 rad, abs(resSet)/1.0%).",base,0.15785808461558032,4.663439094112067,0.15785808461558032,9.484736272839715,correct_marginal,False,False
FoRDy,FoRDy_Mastersheet_v1.0.0_20180821_2322.csv,S2011SQF1-6-LS-4,133,106.0,11235.0,0.032748596890755,1.165,13089.94,11.229,both_detrimental,both_detrimental,,invalid,insufficient_or_out_of_gate,"FoRDy uses T1/T0 period-lengthening and normalized maximum footing moment; measured displacement gate is max(pkDR/1.0%, pkRot/0.01 rad, abs(resSet)/1.0%).",base,0.15272108701766393,4.663439094112067,0.15272108701766393,9.479599275241798,correct_marginal,False,False
FoRDy,FoRDy_Mastersheet_v1.0.0_20180821_2322.csv,S2011SQF1-6-LS-5,134,106.0,11235.0,0.0902085489749757,1.523,17112.428,14.486,both_detrimental,both_detrimental,,invalid,insufficient_or_out_of_gate,"FoRDy uses T1/T0 period-lengthening and normalized maximum footing moment; measured displacement gate is max(pkDR/1.0%, pkRot/0.01 rad, abs(resSet)/1.0%).",base,0.4206820739130247,4.663439094112067,0.4206820739130247,9.747560262137158,correct_marginal,False,False
FoRDy,FoRDy_Mastersheet_v1.0.0_20180821_2322.csv,S2011SQF1-8-LS-1,135,111.33333333333334,12394.111111111111,-0.008662439442105,0.96,11899.306666666667,2.8,mixed,mixed,,invalid,insufficient_or_out_of_gate,"FoRDy uses T1/T0 period-lengthening and normalized maximum footing moment; measured displacement gate is max(pkDR/1.0%, pkRot/0.01 rad, abs(resSet)/1.0%).",base,0.040821994520255166,4.712528704308591,-0.040821994520255166,9.384235414096926,correct_marginal,False,False
FoRDy,FoRDy_Mastersheet_v1.0.0_20180821_2322.csv,S2011SQF1-8-LS-2,136,111.33333333333334,12394.111111111111,0.0056534257122004,1.027,12729.779111111113,15.878,both_detrimental,both_detrimental,,invalid,insufficient_or_out_of_gate,"FoRDy uses T1/T0 period-lengthening and normalized maximum footing moment; measured displacement gate is max(pkDR/1.0%, pkRot/0.01 rad, abs(resSet)/1.0%).",base,0.026641930946421092,4.712528704308591,0.026641930946421092,9.451699339563604,correct_marginal,False,False
FoRDy,FoRDy_Mastersheet_v1.0.0_20180821_2322.csv,S2011SQF1-8-LS-3,137,111.33333333333334,12394.111111111111,-0.0012770367467599,0.994,12320.740444444446,16.957,mixed,mixed,,invalid,insufficient_or_out_of_gate,"FoRDy uses T1/T0 period-lengthening and normalized maximum footing moment; measured displacement gate is max(pkDR/1.0%, pkRot/0.01 rad, abs(resSet)/1.0%).",base,0.006018072325563021,4.712528704308591,-0.006018072325563021,9.419039336291618,correct_marginal,False,False
FoRDy,FoRDy_Mastersheet_v1.0.0_20180821_2322.csv,S2011SQF1-9-LS-1,138,111.33333333333334,12394.111111111111,-0.0418527253424223,0.821,10176.386222222223,2.239,mixed,mixed,,invalid,insufficient_or_out_of_gate,"FoRDy uses T1/T0 period-lengthening and normalized maximum footing moment; measured displacement gate is max(pkDR/1.0%, pkRot/0.01 rad, abs(resSet)/1.0%).",base,0.1972321695297089,4.712528704308591,-0.1972321695297089,9.227825239087473,correct_marginal,False,False
FoRDy,FoRDy_Mastersheet_v1.0.0_20180821_2322.csv,S2011SQF1-9-LS-2,139,111.33333333333334,12394.111111111111,-0.0133558443296757,0.939,11639.009333333335,4.615,mixed,mixed,,invalid,insufficient_or_out_of_gate,"FoRDy uses T1/T0 period-lengthening and normalized maximum footing moment; measured displacement gate is max(pkDR/1.0%, pkRot/0.01 rad, abs(resSet)/1.0%).",base,0.0629397997738742,4.712528704308591,-0.0629397997738742,9.362117608843308,correct_marginal,False,False
FoRDy,FoRDy_Mastersheet_v1.0.0_20180821_2322.csv,S2011SQF1-9-LS-3,140,111.33333333333334,12394.111111111111,-0.0006375577123915,0.997,12357.92577777778,12.402,mixed,mixed,,invalid,insufficient_or_out_of_gate,"FoRDy uses T1/T0 period-lengthening and normalized maximum footing moment; measured displacement gate is max(pkDR/1.0%, pkRot/0.01 rad, abs(resSet)/1.0%).",base,0.0030045090202987243,4.712528704308591,-0.0030045090202987243,9.422052899596883,correct_marginal,False,False
FoRDy,FoRDy_Mastersheet_v1.0.0_20180821_2322.csv,S2011SQF1-14-HS-1,141,50.81081081081081,2580.7384952520083,-0.2814679692708514,0.331,854.5554419284148,0.388,both_beneficial,mixed,,invalid,insufficient_or_out_of_gate,"FoRDy uses T1/T0 period-lengthening and normalized maximum footing moment; measured displacement gate is max(pkDR/1.0%, pkRot/0.01 rad, abs(resSet)/1.0%).",base,1.1056369036050742,3.9281091431797703,-1.1056369036050742,6.750581382754467,false_conservative_mixed,False,False
FoRDy,FoRDy_Mastersheet_v1.0.0_20180821_2322.csv,S2011SQF1-14-HS-2,142,50.81081081081081,2580.7384952520083,-0.2095807005099016,0.439,1133.3831994156317,1.22,mixed,mixed,,invalid,insufficient_or_out_of_gate,"FoRDy uses T1/T0 period-lengthening and normalized maximum footing moment; measured displacement gate is max(pkDR/1.0%, pkRot/0.01 rad, abs(resSet)/1.0%).",base,0.8232558659069656,3.9281091431797703,-0.8232558659069656,7.032962420452575,correct_marginal,False,False
FoRDy,FoRDy_Mastersheet_v1.0.0_20180821_2322.csv,S2011SQF1-14-HS-3,143,50.81081081081081,2580.7384952520083,-0.1831647568013157,0.487,1257.306647187728,2.302,mixed,mixed,,invalid,insufficient_or_out_of_gate,"FoRDy uses T1/T0 period-lengthening and normalized maximum footing moment; measured displacement gate is max(pkDR/1.0%, pkRot/0.01 rad, abs(resSet)/1.0%).",base,0.7194911558995473,3.9281091431797703,-0.7194911558995473,7.1367271304599935,correct_marginal,False,False
FoRDy,FoRDy_Mastersheet_v1.0.0_20180821_2322.csv,S2011SQF1-14-HS-4,144,50.81081081081081,2580.7384952520083,-0.1650091154016466,0.523,1350.2492330168004,3.711,mixed,mixed,,invalid,insufficient_or_out_of_gate,"FoRDy uses T1/T0 period-lengthening and normalized maximum footing moment; measured displacement gate is max(pkDR/1.0%, pkRot/0.01 rad, abs(resSet)/1.0%).",base,0.6481738149172142,3.9281091431797703,-0.6481738149172142,7.208044471442326,correct_marginal,False,False
FoRDy,FoRDy_Mastersheet_v1.0.0_20180821_2322.csv,S2011SQF1-14-HS-5,145,50.81081081081081,2580.7384952520083,-0.1512705505489178,0.552,1425.1196493791088,5.351,mixed,mixed,,invalid,insufficient_or_out_of_gate,"FoRDy uses T1/T0 period-lengthening and normalized maximum footing moment; measured displacement gate is max(pkDR/1.0%, pkRot/0.01 rad, abs(resSet)/1.0%).",base,0.5942072327050416,3.9281091431797703,-0.5942072327050416,7.262011053654499,correct_marginal,False,False
FoRDy,FoRDy_Mastersheet_v1.0.0_20180821_2322.csv,S2011SQF1-14-HS-6,146,50.81081081081081,2580.7384952520083,-0.1369244785593003,0.584,1507.735281227173,7.273,mixed,mixed,,invalid,insufficient_or_out_of_gate,"FoRDy uses T1/T0 period-lengthening and normalized maximum footing moment; measured displacement gate is max(pkDR/1.0%, pkRot/0.01 rad, abs(resSet)/1.0%).",base,0.53785429615391,3.9281091431797703,-0.53785429615391,7.318363990205631,correct_marginal,False,False
FoRDy,FoRDy_Mastersheet_v1.0.0_20180821_2322.csv,S2011SQF1-15-HS-1,147,62.16216216216216,3863.134404674945,-0.3790598360174153,0.209,807.6040905770635,0.607,both_beneficial,mixed,,invalid,insufficient_or_out_of_gate,"FoRDy uses T1/T0 period-lengthening and normalized maximum footing moment; measured displacement gate is max(pkDR/1.0%, pkRot/0.01 rad, abs(resSet)/1.0%).",base,1.565421027017326,4.129746489273017,-1.565421027017326,6.6940719515287075,false_conservative_mixed,False,False
FoRDy,FoRDy_Mastersheet_v1.0.0_20180821_2322.csv,S2011SQF1-15-HS-2,148,62.16216216216216,3863.134404674945,-0.2939703788919859,0.297,1147.6479181884586,2.162,mixed,mixed,,invalid,insufficient_or_out_of_gate,"FoRDy uses T1/T0 period-lengthening and normalized maximum footing moment; measured displacement gate is max(pkDR/1.0%, pkRot/0.01 rad, abs(resSet)/1.0%).",base,1.2140231401794375,4.129746489273017,-1.2140231401794375,7.0454698383665955,correct_marginal,False,False
FoRDy,FoRDy_Mastersheet_v1.0.0_20180821_2322.csv,S2011SQF1-16-HS-1,149,53.78378378378378,2891.6953981008032,-0.289884756702315,0.315,911.199050401753,0.445,both_beneficial,mixed,,invalid,insufficient_or_out_of_gate,"FoRDy uses T1/T0 period-lengthening and normalized maximum footing moment; measured displacement gate is max(pkDR/1.0%, pkRot/0.01 rad, abs(resSet)/1.0%).",base,1.155182640156504,3.984972005074314,-1.155182640156504,6.814761369992123,false_conservative_mixed,False,False
FoRDy,FoRDy_Mastersheet_v1.0.0_20180821_2322.csv,S2011SQF1-16-HS-2,150,53.78378378378378,2891.6953981008032,-0.2206983531205604,0.415,1200.468590211833,1.343,mixed,mixed,,invalid,insufficient_or_out_of_gate,"FoRDy uses T1/T0 period-lengthening and normalized maximum footing moment; measured displacement gate is max(pkDR/1.0%, pkRot/0.01 rad, abs(resSet)/1.0%).",base,0.8794767587514388,3.984972005074314,-0.8794767587514388,7.090467251397188,correct_marginal,False,False
FoRDy,FoRDy_Mastersheet_v1.0.0_20180821_2322.csv,S2011SQF1-16-HS-3,151,53.78378378378378,2891.6953981008032,-0.1998227185700415,0.451,1304.6056245434622,2.754,mixed,mixed,,invalid,insufficient_or_out_of_gate,"FoRDy uses T1/T0 period-lengthening and normalized maximum footing moment; measured displacement gate is max(pkDR/1.0%, pkRot/0.01 rad, abs(resSet)/1.0%).",base,0.7962879394794586,3.984972005074314,-0.7962879394794586,7.1736560706691685,correct_marginal,False,False
FoRDy,FoRDy_Mastersheet_v1.0.0_20180821_2322.csv,S2011SQF1-16-HS-4,152,53.78378378378378,2891.6953981008032,-0.1790100123587096,0.49,1417.4207450693937,4.548,mixed,mixed,,invalid,insufficient_or_out_of_gate,"FoRDy uses T1/T0 period-lengthening and normalized maximum footing moment; measured displacement gate is max(pkDR/1.0%, pkRot/0.01 rad, abs(resSet)/1.0%).",base,0.7133498878774648,3.984972005074314,-0.7133498878774648,7.256594122271163,correct_marginal,False,False
FoRDy,FoRDy_Mastersheet_v1.0.0_20180821_2322.csv,S2011SQF1-16-HS-5,153,53.78378378378378,2891.6953981008032,-0.1616967485769067,0.525,1518.6650840029215,6.718,mixed,mixed,,invalid,insufficient_or_out_of_gate,"FoRDy uses T1/T0 period-lengthening and normalized maximum footing moment; measured displacement gate is max(pkDR/1.0%, pkRot/0.01 rad, abs(resSet)/1.0%).",base,0.6443570163905132,3.984972005074314,-0.6443570163905132,7.3255869937581135,correct_marginal,False,False
FoRDy,FoRDy_Mastersheet_v1.0.0_20180821_2322.csv,S2011SQF1-16-HS-6,154,53.78378378378378,2891.6953981008032,-0.1546274700648307,0.54,1562.055514974434,9.592,mixed,mixed,,invalid,insufficient_or_out_of_gate,"FoRDy uses T1/T0 period-lengthening and normalized maximum footing moment; measured displacement gate is max(pkDR/1.0%, pkRot/0.01 rad, abs(resSet)/1.0%).",base,0.616186139423817,3.984972005074314,-0.616186139423817,7.35375787072481,correct_marginal,False,False
FoRDy,FoRDy_Mastersheet_v1.0.0_20180821_2322.csv,S2011SQF1-17-HS-1,155,59.18918918918919,3502.36011687363,-0.3199509909466913,0.271,949.4105916727538,0.634,both_beneficial,mixed,,invalid,insufficient_or_out_of_gate,"FoRDy uses T1/T0 period-lengthening and normalized maximum footing moment; measured displacement gate is max(pkDR/1.0%, pkRot/0.01 rad, abs(resSet)/1.0%).",base,1.305636458102436,4.080738910166322,-1.305636458102436,6.8558413622302075,false_conservative_mixed,False,False
FoRDy,FoRDy_Mastersheet_v1.0.0_20180821_2322.csv,S2011SQF1-17-HS-2,156,59.18918918918919,3502.36011687363,-0.2410101462549878,0.374,1310.2566837107377,1.943,mixed,mixed,,invalid,insufficient_or_out_of_gate,"FoRDy uses T1/T0 period-lengthening and normalized maximum footing moment; measured displacement gate is max(pkDR/1.0%, pkRot/0.01 rad, abs(resSet)/1.0%).",base,0.9834994815676051,4.080738910166322,-0.9834994815676051,7.177978338765039,correct_marginal,False,False
FoRDy,FoRDy_Mastersheet_v1.0.0_20180821_2322.csv,S2011SQF1-17-HS-3,157,59.18918918918919,3502.36011687363,-0.2108400264943173,0.423,1481.9213294375454,3.788,mixed,mixed,,invalid,insufficient_or_out_of_gate,"FoRDy uses T1/T0 period-lengthening and normalized maximum footing moment; measured displacement gate is max(pkDR/1.0%, pkRot/0.01 rad, abs(resSet)/1.0%).",base,0.8603830999358592,4.080738910166322,-0.8603830999358592,7.301094720396785,correct_marginal,False,False
FoRDy,FoRDy_Mastersheet_v1.0.0_20180821_2322.csv,S2011SQF1-17-HS-4,158,59.18918918918919,3502.36011687363,-0.1897590737933114,0.461,1615.0490138787434,6.157,mixed,mixed,,invalid,insufficient_or_out_of_gate,"FoRDy uses T1/T0 period-lengthening and normalized maximum footing moment; measured displacement gate is max(pkDR/1.0%, pkRot/0.01 rad, abs(resSet)/1.0%).",base,0.7743572359854884,4.080738910166322,-0.7743572359854884,7.387120584347155,correct_marginal,False,False
FoRDy,FoRDy_Mastersheet_v1.0.0_20180821_2322.csv,UCSD-1-AS-2,159,1.3082039911308203,0.7113976824106074,-1.1359072511883952,0.737,1.2613000919366175,0.703,both_beneficial,mixed,False,robust,validated_proxy_row,"FoRDy uses T1/T0 period-lengthening and normalized maximum footing moment; measured displacement gate is max(pkDR/1.0%, pkRot/0.01 rad, abs(resSet)/1.0%).",base,0.23214300800137289,0.2686551973970867,-0.3051673867928005,0.23214300800137289,false_conservative_mixed,False,False
FoRDy,FoRDy_Mastersheet_v1.0.0_20180821_2322.csv,UCSD-1-AS-4,160,1.3082039911308203,0.7113976824106074,-0.680134382605009,0.833,1.425594269448036,0.962,both_beneficial,mixed,False,robust,validated_proxy_row,"FoRDy uses T1/T0 period-lengthening and normalized maximum footing moment; measured displacement gate is max(pkDR/1.0%, pkRot/0.01 rad, abs(resSet)/1.0%).",base,0.1827216368152944,0.2686551973970867,-0.1827216368152944,0.35458875797887907,false_conservative_mixed,False,False
FoRDy,FoRDy_Mastersheet_v1.0.0_20180821_2322.csv,UCSD-1-AS-6,161,1.3082039911308203,0.7113976824106074,-0.2581378614919928,0.933,1.5967340376890968,1.514,mixed,mixed,True,marginal,validated_proxy_row,"FoRDy uses T1/T0 period-lengthening and normalized maximum footing moment; measured displacement gate is max(pkDR/1.0%, pkRot/0.01 rad, abs(resSet)/1.0%).",base,0.06935007813479317,0.2686551973970867,-0.06935007813479317,0.4679603166593803,correct_marginal,False,False
FoRDy,FoRDy_Mastersheet_v1.0.0_20180821_2322.csv,UCSD-1-AS-8,162,1.3082039911308203,0.7113976824106074,0.5939381453152887,1.173,2.0074694814676426,3.668,both_detrimental,both_detrimental,True,robust,validated_proxy_row,"FoRDy uses T1/T0 period-lengthening and normalized maximum footing moment; measured displacement gate is max(pkDR/1.0%, pkRot/0.01 rad, abs(resSet)/1.0%).",base,0.15956456967133845,0.2686551973970867,0.15956456967133845,0.6968749644655119,correct_robust,False,False
FoRDy,FoRDy_Mastersheet_v1.0.0_20180821_2322.csv,UCSD-1-AS-10,163,1.3082039911308203,0.7113976824106074,0.5460321652887338,1.158,1.9817985162314835,6.883,both_detrimental,both_detrimental,True,robust,validated_proxy_row,"FoRDy uses T1/T0 period-lengthening and normalized maximum footing moment; measured displacement gate is max(pkDR/1.0%, pkRot/0.01 rad, abs(resSet)/1.0%).",base,0.14669437915080344,0.2686551973970867,0.14669437915080344,0.684004773944977,correct_robust,False,False
FoRDy,FoRDy_Mastersheet_v1.0.0_20180821_2322.csv,UCSD-1-AS-12,164,1.3082039911308203,0.7113976824106074,1.5042734665493955,1.498,2.5636737282510897,11.61,both_detrimental,both_detrimental,True,robust,validated_proxy_row,"FoRDy uses T1/T0 period-lengthening and normalized maximum footing moment; measured displacement gate is max(pkDR/1.0%, pkRot/0.01 rad, abs(resSet)/1.0%).",base,0.40413088509502776,0.2686551973970867,0.40413088509502776,0.9414412798892011,correct_robust,False,False
FoRDy,FoRDy_Mastersheet_v1.0.0_20180821_2322.csv,UCSD-1-SS-2,165,1.1108647450110865,0.234020481708546,-2.863882817837352,0.74,0.913175156464324,0.706,both_beneficial,both_beneficial,True,marginal,validated_proxy_row,"FoRDy uses T1/T0 period-lengthening and normalized maximum footing moment; measured displacement gate is max(pkDR/1.0%, pkRot/0.01 rad, abs(resSet)/1.0%).",base,0.09082756961954888,0.10513876158218644,-0.3011050927839216,-0.09082756961954888,correct_marginal,True,False
FoRDy,FoRDy_Mastersheet_v1.0.0_20180821_2322.csv,UCSD-1-SS-4,166,1.1108647450110865,0.234020481708546,-1.4124192265890658,0.862,1.0637256552327667,0.935,both_beneficial,mixed,False,marginal,validated_proxy_row,"FoRDy uses T1/T0 period-lengthening and normalized maximum footing moment; measured displacement gate is max(pkDR/1.0%, pkRot/0.01 rad, abs(resSet)/1.0%).",base,0.061777514845928895,0.10513876158218644,-0.14850000831844395,0.061777514845928895,false_conservative_mixed,False,False
FoRDy,FoRDy_Mastersheet_v1.0.0_20180821_2322.csv,UCSD-1-SS-6,167,1.1108647450110865,0.234020481708546,-0.7517989193611072,0.924,1.1402349250986965,1.297,mixed,mixed,True,marginal,validated_proxy_row,"FoRDy uses T1/T0 period-lengthening and normalized maximum footing moment; measured displacement gate is max(pkDR/1.0%, pkRot/0.01 rad, abs(resSet)/1.0%).",base,0.07904320734045285,0.10513876158218644,-0.07904320734045285,0.13123431582391987,correct_marginal,False,False
FoRDy,FoRDy_Mastersheet_v1.0.0_20180821_2322.csv,UCSD-1-SS-8,168,1.1108647450110865,0.234020481708546,1.9534834406852024,1.228,1.5153771515380945,3.519,both_detrimental,both_detrimental,True,robust,validated_proxy_row,"FoRDy uses T1/T0 period-lengthening and normalized maximum footing moment; measured displacement gate is max(pkDR/1.0%, pkRot/0.01 rad, abs(resSet)/1.0%).",base,0.2053868297249507,0.10513876158218644,0.2053868297249507,0.41566435288932346,correct_robust,False,False
FoRDy,FoRDy_Mastersheet_v1.0.0_20180821_2322.csv,UCSD-1-SS-10,169,1.1108647450110865,0.234020481708546,1.1708545476613308,1.131,1.3956771648123656,5.132,both_detrimental,both_detrimental,True,robust,validated_proxy_row,"FoRDy uses T1/T0 period-lengthening and normalized maximum footing moment; measured displacement gate is max(pkDR/1.0%, pkRot/0.01 rad, abs(resSet)/1.0%).",base,0.1231021971339834,0.10513876158218644,0.1231021971339834,0.3333797202983562,correct_robust,False,False
FoRDy,FoRDy_Mastersheet_v1.0.0_20180821_2322.csv,UCSD-1-SS-12,170,1.1108647450110865,0.234020481708546,4.063454747426487,1.533,1.891753398459201,11.492,both_detrimental,both_detrimental,True,robust,validated_proxy_row,"FoRDy uses T1/T0 period-lengthening and normalized maximum footing moment; measured displacement gate is max(pkDR/1.0%, pkRot/0.01 rad, abs(resSet)/1.0%).",base,0.42722659988967704,0.10513876158218644,0.42722659988967704,0.6375041230540498,correct_robust,False,False
FoRDy,FoRDy_Mastersheet_v1.0.0_20180821_2322.csv,UCSD-2-AS-2,171,1.6430155210643016,1.6995000024581983,-1.008744644606204,0.606,1.6358970014896683,0.886,both_beneficial,mixed,False,robust,validated_proxy_row,"FoRDy uses T1/T0 period-lengthening and normalized maximum footing moment; measured displacement gate is max(pkDR/1.0%, pkRot/0.01 rad, abs(resSet)/1.0%).",base,0.49219127867399454,0.49653328579340855,-0.5008752929128226,0.49219127867399454,false_conservative_mixed,False,False
FoRDy,FoRDy_Mastersheet_v1.0.0_20180821_2322.csv,UCSD-2-AS-4,172,1.6430155210643016,1.6995000024581983,-0.3273072201757563,0.85,2.2945750020894686,1.494,mixed,mixed,True,robust,validated_proxy_row,"FoRDy uses T1/T0 period-lengthening and normalized maximum footing moment; measured displacement gate is max(pkDR/1.0%, pkRot/0.01 rad, abs(resSet)/1.0%).",base,0.16251892949777494,0.49653328579340855,-0.16251892949777494,0.8305476420890422,correct_robust,False,False
FoRDy,FoRDy_Mastersheet_v1.0.0_20180821_2322.csv,UCSD-2-AS-6,173,1.6430155210643016,1.6995000024581983,-0.0885175048414977,0.957,2.583421502352496,2.178,mixed,mixed,True,marginal,validated_proxy_row,"FoRDy uses T1/T0 period-lengthening and normalized maximum footing moment; measured displacement gate is max(pkDR/1.0%, pkRot/0.01 rad, abs(resSet)/1.0%).",base,0.04395188752918283,0.49653328579340855,-0.04395188752918283,0.9491146840576343,correct_marginal,False,False
FoRDy,FoRDy_Mastersheet_v1.0.0_20180821_2322.csv,UCSD-2-AS-8,174,1.6430155210643016,1.6995000024581983,0.2318330117920823,1.122,3.028839002758099,3.834,both_detrimental,both_detrimental,True,robust,validated_proxy_row,"FoRDy uses T1/T0 period-lengthening and normalized maximum footing moment; measured displacement gate is max(pkDR/1.0%, pkRot/0.01 rad, abs(resSet)/1.0%).",base,0.11511280710050467,0.49653328579340855,0.11511280710050467,1.1081793786873217,correct_robust,False,False
FoRDy,FoRDy_Mastersheet_v1.0.0_20180821_2322.csv,UCSD-2-AS-10,175,1.6430155210643016,1.6995000024581983,0.1919512397885454,1.1,2.9694500027040185,6.915,both_detrimental,both_detrimental,True,robust,validated_proxy_row,"FoRDy uses T1/T0 period-lengthening and normalized maximum footing moment; measured displacement gate is max(pkDR/1.0%, pkRot/0.01 rad, abs(resSet)/1.0%).",base,0.09531017980432493,0.49653328579340855,0.09531017980432493,1.088376751391142,correct_robust,False,False
FoRDy,FoRDy_Mastersheet_v1.0.0_20180821_2322.csv,UCSD-2-AS-12,176,1.6430155210643016,1.6995000024581983,0.9364751583152856,1.592,4.297604003913452,13.697,both_detrimental,both_detrimental,True,robust,validated_proxy_row,"FoRDy uses T1/T0 period-lengthening and normalized maximum footing moment; measured displacement gate is max(pkDR/1.0%, pkRot/0.01 rad, abs(resSet)/1.0%).",base,0.4649910874221913,0.49653328579340855,0.4649910874221913,1.4580576590090084,correct_robust,False,False
FoRDy,FoRDy_Mastersheet_v1.0.0_20180821_2322.csv,UCSD-2-SS-2,177,1.4212860310421287,1.020053982035487,-1.0308437703964368,0.696,1.405957571496699,0.725,both_beneficial,mixed,False,robust,validated_proxy_row,"FoRDy uses T1/T0 period-lengthening and normalized maximum footing moment; measured displacement gate is max(pkDR/1.0%, pkRot/0.01 rad, abs(resSet)/1.0%).",base,0.3407186161882662,0.35156211741799176,-0.3624056186477175,0.3407186161882662,false_conservative_mixed,False,False
FoRDy,FoRDy_Mastersheet_v1.0.0_20180821_2322.csv,UCSD-2-SS-4,178,1.4212860310421287,1.020053982035487,-0.6704998116756887,0.79,1.5958426458080348,0.954,both_beneficial,mixed,False,robust,validated_proxy_row,"FoRDy uses T1/T0 period-lengthening and normalized maximum footing moment; measured displacement gate is max(pkDR/1.0%, pkRot/0.01 rad, abs(resSet)/1.0%).",base,0.23572233352106983,0.35156211741799176,-0.23572233352106983,0.46740190131491377,false_conservative_mixed,False,False
FoRDy,FoRDy_Mastersheet_v1.0.0_20180821_2322.csv,UCSD-2-SS-6,179,1.4212860310421287,1.020053982035487,-0.1190805323570292,0.959,1.937231768772032,1.426,mixed,mixed,True,marginal,validated_proxy_row,"FoRDy uses T1/T0 period-lengthening and normalized maximum footing moment; measured displacement gate is max(pkDR/1.0%, pkRot/0.01 rad, abs(resSet)/1.0%).",base,0.04186420409869887,0.35156211741799176,-0.04186420409869887,0.6612600307372848,correct_marginal,False,False
FoRDy,FoRDy_Mastersheet_v1.0.0_20180821_2322.csv,UCSD-2-SS-8,180,1.4212860310421287,1.020053982035487,0.4900164505939367,1.188,2.3998241306581587,3.38,both_detrimental,both_detrimental,True,robust,validated_proxy_row,"FoRDy uses T1/T0 period-lengthening and normalized maximum footing moment; measured displacement gate is max(pkDR/1.0%, pkRot/0.01 rad, abs(resSet)/1.0%).",base,0.17227122094045313,0.35156211741799176,0.17227122094045313,0.8753954557764368,correct_robust,False,False
FoRDy,FoRDy_Mastersheet_v1.0.0_20180821_2322.csv,UCSD-2-SS-10,181,1.4212860310421287,1.020053982035487,0.4368476588326547,1.166,2.3553829430533777,4.492,both_detrimental,both_detrimental,True,robust,validated_proxy_row,"FoRDy uses T1/T0 period-lengthening and normalized maximum footing moment; measured displacement gate is max(pkDR/1.0%, pkRot/0.01 rad, abs(resSet)/1.0%).",base,0.15357908792830058,0.35156211741799176,0.15357908792830058,0.8567033227642842,correct_robust,False,False
FoRDy,FoRDy_Mastersheet_v1.0.0_20180821_2322.csv,UCSD-2-SS-12,182,1.4212860310421287,1.020053982035487,1.261236423039773,1.558,3.147244104011289,10.272,both_detrimental,both_detrimental,True,robust,validated_proxy_row,"FoRDy uses T1/T0 period-lengthening and normalized maximum footing moment; measured displacement gate is max(pkDR/1.0%, pkRot/0.01 rad, abs(resSet)/1.0%).",base,0.4434029474485566,0.35156211741799176,0.4434029474485566,1.1465271822845402,correct_robust,False,False
FoRDy,FoRDy_Mastersheet_v1.0.0_20180821_2322.csv,UCSD-3-AS-2,183,1.4124168514412416,0.9949213622351905,-0.463850790159747,0.852,1.6996730006243823,0.793,both_beneficial,mixed,False,robust,validated_proxy_row,"FoRDy uses T1/T0 period-lengthening and normalized maximum footing moment; measured displacement gate is max(pkDR/1.0%, pkRot/0.01 rad, abs(resSet)/1.0%).",base,0.16016875215282134,0.34530231606948497,-0.16016875215282134,0.5304358799861486,false_conservative_mixed,False,False
FoRDy,FoRDy_Mastersheet_v1.0.0_20180821_2322.csv,UCSD-3-AS-4,184,1.4124168514412416,0.9949213622351905,0.0573486662979545,1.02,2.0348197894798945,1.097,both_detrimental,both_detrimental,True,marginal,validated_proxy_row,"FoRDy uses T1/T0 period-lengthening and normalized maximum footing moment; measured displacement gate is max(pkDR/1.0%, pkRot/0.01 rad, abs(resSet)/1.0%).",base,0.01980262729617973,0.34530231606948497,0.01980262729617973,0.7104072594351497,correct_marginal,False,False
FoRDy,FoRDy_Mastersheet_v1.0.0_20180821_2322.csv,UCSD-3-AS-6,185,1.4124168514412416,0.9949213622351905,0.2201974407281333,1.079,2.1525201498517705,1.401,both_detrimental,both_detrimental,True,marginal,validated_proxy_row,"FoRDy uses T1/T0 period-lengthening and normalized maximum footing moment; measured displacement gate is max(pkDR/1.0%, pkRot/0.01 rad, abs(resSet)/1.0%).",base,0.07603468627599758,0.34530231606948497,0.07603468627599758,0.7666393184149676,correct_marginal,False,False
FoRDy,FoRDy_Mastersheet_v1.0.0_20180821_2322.csv,UCSD-3-AS-8,186,1.4124168514412416,0.9949213622351905,1.2466839955884526,1.538,3.068189055117723,3.276,both_detrimental,both_detrimental,True,robust,validated_proxy_row,"FoRDy uses T1/T0 period-lengthening and normalized maximum footing moment; measured displacement gate is max(pkDR/1.0%, pkRot/0.01 rad, abs(resSet)/1.0%).",base,0.43048287108345223,0.34530231606948497,0.43048287108345223,1.1210875032224221,correct_robust,False,False
FoRDy,FoRDy_Mastersheet_v1.0.0_20180821_2322.csv,UCSD-3-AS-10,187,1.4124168514412416,0.9949213622351905,0.9929856156758172,1.409,2.810844199389384,5.946,both_detrimental,both_detrimental,True,robust,validated_proxy_row,"FoRDy uses T1/T0 period-lengthening and normalized maximum footing moment; measured displacement gate is max(pkDR/1.0%, pkRot/0.01 rad, abs(resSet)/1.0%).",base,0.3428802329165432,0.34530231606948497,0.3428802329165432,1.0334848650555133,correct_robust,False,False
FoRDy,FoRDy_Mastersheet_v1.0.0_20180821_2322.csv,UCSD-3-AS-12,188,1.4124168514412416,0.9949213622351905,1.8034188804516704,1.864,3.7185334192063952,10.148,both_detrimental,both_detrimental,True,robust,validated_proxy_row,"FoRDy uses T1/T0 period-lengthening and normalized maximum footing moment; measured displacement gate is max(pkDR/1.0%, pkRot/0.01 rad, abs(resSet)/1.0%).",base,0.6227247162633995,0.34530231606948497,0.6227247162633995,1.3133293484023694,correct_robust,False,False
FoRDy,FoRDy_Mastersheet_v1.0.0_20180821_2322.csv,UCSD-3-AS-14,189,1.4124168514412416,0.9949213622351905,1.0032442626439568,1.414,2.8208188062005592,12.908,both_detrimental,both_detrimental,True,robust,validated_proxy_row,"FoRDy uses T1/T0 period-lengthening and normalized maximum footing moment; measured displacement gate is max(pkDR/1.0%, pkRot/0.01 rad, abs(resSet)/1.0%).",base,0.34642256747438094,0.34530231606948497,0.34642256747438094,1.0370271996133509,correct_robust,False,False
FoRDy,FoRDy_Mastersheet_v1.0.0_20180821_2322.csv,UCSD-3-AS-16,190,1.4124168514412416,0.9949213622351905,0.4472496885116224,1.167,2.328073229728467,8.807,both_detrimental,both_detrimental,True,robust,validated_proxy_row,"FoRDy uses T1/T0 period-lengthening and normalized maximum footing moment; measured displacement gate is max(pkDR/1.0%, pkRot/0.01 rad, abs(resSet)/1.0%).",base,0.15443635330441896,0.34530231606948497,0.15443635330441896,0.8450409854433888,correct_robust,False,False
FoRDy,FoRDy_Mastersheet_v1.0.0_20180821_2322.csv,UCSD-3-AS-18,191,1.4124168514412416,0.9949213622351905,0.8947354053227665,1.362,2.71708289536433,13.788,both_detrimental,both_detrimental,True,robust,validated_proxy_row,"FoRDy uses T1/T0 period-lengthening and normalized maximum footing moment; measured displacement gate is max(pkDR/1.0%, pkRot/0.01 rad, abs(resSet)/1.0%).",base,0.3089542077273207,0.34530231606948497,0.3089542077273207,0.9995588398662907,correct_robust,False,False
FoRDy,FoRDy_Mastersheet_v1.0.0_20180821_2322.csv,UCSD-3-SS-2,192,1.4124168514412416,0.9949213622351905,-0.9233323572161038,0.727,1.4503078303449837,0.899,both_beneficial,mixed,False,robust,validated_proxy_row,"FoRDy uses T1/T0 period-lengthening and normalized maximum footing moment; measured displacement gate is max(pkDR/1.0%, pkRot/0.01 rad, abs(resSet)/1.0%).",base,0.3188288014486177,0.34530231606948497,-0.3188288014486177,0.3717758306903524,false_conservative_mixed,False,False
FoRDy,FoRDy_Mastersheet_v1.0.0_20180821_2322.csv,UCSD-3-SS-4,193,1.4124168514412416,0.9949213622351905,-0.436785050999292,0.86,1.7156323715222637,1.03,mixed,mixed,True,robust,validated_proxy_row,"FoRDy uses T1/T0 period-lengthening and normalized maximum footing moment; measured displacement gate is max(pkDR/1.0%, pkRot/0.01 rad, abs(resSet)/1.0%).",base,0.15082288973458366,0.34530231606948497,-0.15082288973458366,0.5397817424043863,correct_robust,False,False
FoRDy,FoRDy_Mastersheet_v1.0.0_20180821_2322.csv,UCSD-3-SS-6,194,1.4124168514412416,0.9949213622351905,0.1632781791847649,1.058,2.110626801244832,1.492,both_detrimental,both_detrimental,True,marginal,validated_proxy_row,"FoRDy uses T1/T0 period-lengthening and normalized maximum footing moment; measured displacement gate is max(pkDR/1.0%, pkRot/0.01 rad, abs(resSet)/1.0%).",base,0.05638033343610769,0.34530231606948497,0.05638033343610769,0.7469849655750779,correct_marginal,False,False
FoRDy,FoRDy_Mastersheet_v1.0.0_20180821_2322.csv,UCSD-3-SS-8,195,1.4124168514412416,0.9949213622351905,1.1915563859204366,1.509,3.010336335612902,3.304,both_detrimental,both_detrimental,True,robust,validated_proxy_row,"FoRDy uses T1/T0 period-lengthening and normalized maximum footing moment; measured displacement gate is max(pkDR/1.0%, pkRot/0.01 rad, abs(resSet)/1.0%).",base,0.41144717978571177,0.34530231606948497,0.41144717978571177,1.1020518119246816,correct_robust,False,False
FoRDy,FoRDy_Mastersheet_v1.0.0_20180821_2322.csv,UCSD-3-SS-10,196,1.4124168514412416,0.9949213622351905,1.0600306509067872,1.442,2.8766766043431446,5.654,both_detrimental,both_detrimental,True,robust,validated_proxy_row,"FoRDy uses T1/T0 period-lengthening and normalized maximum footing moment; measured displacement gate is max(pkDR/1.0%, pkRot/0.01 rad, abs(resSet)/1.0%).",base,0.3660310388627573,0.34530231606948497,0.3660310388627573,1.0566356710017273,correct_robust,False,False
FoRDy,FoRDy_Mastersheet_v1.0.0_20180821_2322.csv,UCSD-3-SS-12,197,1.4124168514412416,0.9949213622351905,1.4167102300594958,1.631,3.2537167418055954,10.893,both_detrimental,both_detrimental,True,robust,validated_proxy_row,"FoRDy uses T1/T0 period-lengthening and normalized maximum footing moment; measured displacement gate is max(pkDR/1.0%, pkRot/0.01 rad, abs(resSet)/1.0%).",base,0.4891933236388768,0.34530231606948497,0.4891933236388768,1.1797979557778466,correct_robust,False,False
FoRDy,FoRDy_Mastersheet_v1.0.0_20180821_2322.csv,UCSD-3-SS-14,198,1.4124168514412416,0.9949213622351905,0.8302335628137192,1.332,2.657235254497274,9.656,both_detrimental,both_detrimental,True,robust,validated_proxy_row,"FoRDy uses T1/T0 period-lengthening and normalized maximum footing moment; measured displacement gate is max(pkDR/1.0%, pkRot/0.01 rad, abs(resSet)/1.0%).",base,0.28668157211819745,0.34530231606948497,0.28668157211819745,0.9772862042571674,correct_robust,False,False
FoRDy,FoRDy_Mastersheet_v1.0.0_20180821_2322.csv,UCSD-3-SS-16,199,1.4124168514412416,0.9949213622351905,0.9053474106408962,1.367,2.727057502175505,8.322,both_detrimental,both_detrimental,True,robust,validated_proxy_row,"FoRDy uses T1/T0 period-lengthening and normalized maximum footing moment; measured displacement gate is max(pkDR/1.0%, pkRot/0.01 rad, abs(resSet)/1.0%).",base,0.3126185577418125,0.34530231606948497,0.3126185577418125,1.0032231898807824,correct_robust,False,False
FoRDy,FoRDy_Mastersheet_v1.0.0_20180821_2322.csv,UCSD-3-SS-18,200,1.4124168514412416,0.9949213622351905,0.8280585623278498,1.331,2.6552403331350383,10.007,both_detrimental,both_detrimental,True,robust,validated_proxy_row,"FoRDy uses T1/T0 period-lengthening and normalized maximum footing moment; measured displacement gate is max(pkDR/1.0%, pkRot/0.01 rad, abs(resSet)/1.0%).",base,0.2859305394129745,0.34530231606948497,0.2859305394129745,0.9765351715519445,correct_robust,False,False
FoRCy,FoRCy_Mastersheet_others.csv,1.4_e_R_0.6,1,2.7524094128159016,6.575757575757575,-1.8350045109577169,0.156,1.181818181818182,0.299,both_beneficial,mixed,False,marginal,validated_proxy_row,"FoRCy uses normalized maximum footing moment and contact-area proxy lambda=sqrt(1/A_c/A); measured displacement gate is max(rotation/0.01 rad, sliding/0.1%, settlement/0.1%).",base,0.16705408466316607,1.0124766781978831,-1.8578992717326,0.16705408466316643,false_conservative_mixed,False,False
FoRCy,FoRCy_Mastersheet_others.csv,1.4_e_R_0.6,2,2.7524094128159016,6.575757575757575,-1.7214908181005717,0.175,1.3257575757575757,0.361,both_beneficial,mixed,False,robust,validated_proxy_row,"FoRCy uses normalized maximum footing moment and contact-area proxy lambda=sqrt(1/A_c/A); measured displacement gate is max(rotation/0.01 rad, sliding/0.1%, settlement/0.1%).",base,0.28198405133714316,1.0124766781978831,-1.742969305058623,0.28198405133714316,false_conservative_mixed,False,False
FoRCy,FoRCy_Mastersheet_others.csv,1.4_e_R_0.6,3,2.7524094128159016,6.575757575757575,-0.7352667878459508,0.475,3.5984848484848486,0.94,both_beneficial,mixed,False,robust,validated_proxy_row,"FoRCy uses normalized maximum footing moment and contact-area proxy lambda=sqrt(1/A_c/A); measured displacement gate is max(rotation/0.01 rad, sliding/0.1%, settlement/0.1%).",base,0.7444404749474959,1.0124766781978831,-0.7444404749474959,1.2805128814482705,false_conservative_mixed,False,False
FoRCy,FoRCy_Mastersheet_others.csv,1.4_e_R_0.6,4,2.7524094128159016,6.575757575757575,0.0049260803912208,1.005,7.613636363636363,2.661,both_detrimental,both_detrimental,True,marginal,validated_proxy_row,"FoRCy uses normalized maximum footing moment and contact-area proxy lambda=sqrt(1/A_c/A); measured displacement gate is max(rotation/0.01 rad, sliding/0.1%, settlement/0.1%).",base,0.004987541511038968,1.0124766781978831,0.004987541511038968,2.029940897906805,correct_marginal,False,False
FoRCy,FoRCy_Mastersheet_others.csv,1.4_e_R_0.6,5,2.7524094128159016,6.575757575757575,0.1533792212206236,1.168,8.848484848484848,5.623,both_detrimental,both_detrimental,True,robust,validated_proxy_row,"FoRCy uses normalized maximum footing moment and contact-area proxy lambda=sqrt(1/A_c/A); measured displacement gate is max(rotation/0.01 rad, sliding/0.1%, settlement/0.1%).",base,0.15529288440603525,1.0124766781978831,0.15529288440603525,2.1802462408018015,correct_robust,False,False
FoRCy,FoRCy_Mastersheet_others.csv,1.4_e_R_0.6,6,2.7524094128159016,6.575757575757575,0.1634748158072876,1.18,8.93939393939394,10.68,both_detrimental,both_detrimental,True,robust,validated_proxy_row,"FoRCy uses normalized maximum footing moment and contact-area proxy lambda=sqrt(1/A_c/A); measured displacement gate is max(rotation/0.01 rad, sliding/0.1%, settlement/0.1%).",base,0.16551443847757333,1.0124766781978831,0.16551443847757333,2.1904677948733395,correct_robust,False,False
FoRCy,FoRCy_Mastersheet_others.csv,1.45_e_R_1.55,7,2.762894819977688,6.633587786259541,-0.664490043701741,0.509,3.885496183206107,0.6329999999999999,both_beneficial,mixed,False,robust,validated_proxy_row,"FoRCy uses normalized maximum footing moment and contact-area proxy lambda=sqrt(1/A_c/A); measured displacement gate is max(rotation/0.01 rad, sliding/0.1%, settlement/0.1%).",base,0.6753072624316143,1.0162789778904928,-0.6753072624316143,1.3572506933493713,false_conservative_mixed,False,False
FoRCy,FoRCy_Mastersheet_others.csv,1.45_e_R_1.55,8,2.762894819977688,6.633587786259541,-0.5445209929791696,0.575,4.3893129770992365,1.4999999999999998,mixed,mixed,True,robust,validated_proxy_row,"FoRCy uses normalized maximum footing moment and contact-area proxy lambda=sqrt(1/A_c/A); measured displacement gate is max(rotation/0.01 rad, sliding/0.1%, settlement/0.1%).",base,0.5533852381847867,1.0162789778904928,-0.5533852381847867,1.4791727175961988,correct_robust,False,False
FoRCy,FoRCy_Mastersheet_others.csv,1.45_e_R_1.55,9,2.762894819977688,6.633587786259541,-0.1336441332521293,0.873,6.66412213740458,3.3,mixed,mixed,True,robust,validated_proxy_row,"FoRCy uses normalized maximum footing moment and contact-area proxy lambda=sqrt(1/A_c/A); measured displacement gate is max(rotation/0.01 rad, sliding/0.1%, settlement/0.1%).",base,0.13581972314253485,1.0162789778904928,-0.13581972314253485,1.8967382326384505,correct_robust,False,False
FoRCy,FoRCy_Mastersheet_others.csv,1.45_e_R_1.55,10,2.762894819977688,6.633587786259541,-0.0118792000001107,0.988,7.541984732824428,4.89,mixed,mixed,True,marginal,validated_proxy_row,"FoRCy uses normalized maximum footing moment and contact-area proxy lambda=sqrt(1/A_c/A); measured displacement gate is max(rotation/0.01 rad, sliding/0.1%, settlement/0.1%).",base,0.012072581234269249,1.0162789778904928,-0.012072581234269249,2.020485374546716,correct_marginal,False,False
FoRCy,FoRCy_Mastersheet_others.csv,1.45_e_R_1.55,11,2.762894819977688,6.633587786259541,0.0526831392686732,1.055,8.053435114503817,6.288,both_detrimental,both_detrimental,True,marginal,validated_proxy_row,"FoRCy uses normalized maximum footing moment and contact-area proxy lambda=sqrt(1/A_c/A); measured displacement gate is max(rotation/0.01 rad, sliding/0.1%, settlement/0.1%).",base,0.05354076692802976,1.0162789778904928,0.05354076692802976,2.086098722709015,correct_marginal,False,False
FoRCy,FoRCy_Mastersheet_others.csv,1.45_e_R_1.55,12,2.762894819977688,6.633587786259541,0.0973551062330099,1.104,8.427480916030536,7.121,both_detrimental,both_detrimental,True,robust,validated_proxy_row,"FoRCy uses normalized maximum footing moment and contact-area proxy lambda=sqrt(1/A_c/A); measured displacement gate is max(rotation/0.01 rad, sliding/0.1%, settlement/0.1%).",base,0.09893994785490365,1.0162789778904928,0.09893994785490365,2.131497903635889,correct_robust,False,False
FoRCy,FoRCy_Mastersheet_others.csv,1.57_e_R_0.14,13,2.857142857142857,7.163265306122449,-0.894482691003674,0.391,3.1918367346938776,0.62,both_beneficial,mixed,False,robust,validated_proxy_row,"FoRCy uses normalized maximum footing moment and contact-area proxy lambda=sqrt(1/A_c/A); measured displacement gate is max(rotation/0.01 rad, sliding/0.1%, settlement/0.1%).",base,0.9390477189967712,1.0498221244986776,-0.9390477189967712,1.160596530000584,false_conservative_mixed,False,False
FoRCy,FoRCy_Mastersheet_others.csv,1.57_e_R_0.14,14,2.857142857142857,7.163265306122449,-0.8308777516704732,0.418,3.412244897959184,0.589,both_beneficial,mixed,False,robust,validated_proxy_row,"FoRCy uses normalized maximum footing moment and contact-area proxy lambda=sqrt(1/A_c/A); measured displacement gate is max(rotation/0.01 rad, sliding/0.1%, settlement/0.1%).",base,0.8722738464573808,1.0498221244986776,-0.8722738464573808,1.2273704025399748,false_conservative_mixed,False,False
FoRCy,FoRCy_Mastersheet_others.csv,1.57_e_R_0.14,15,2.857142857142857,7.163265306122449,-0.2626668796089508,0.759,6.195918367346939,1.051,mixed,mixed,True,robust,validated_proxy_row,"FoRCy uses normalized maximum footing moment and contact-area proxy lambda=sqrt(1/A_c/A); measured displacement gate is max(rotation/0.01 rad, sliding/0.1%, settlement/0.1%).",base,0.27575350158650713,1.0498221244986776,-0.27575350158650713,1.8238907474108483,correct_robust,False,False
FoRCy,FoRCy_Mastersheet_others.csv,1.57_e_R_0.14,16,2.857142857142857,7.163265306122449,0.0327688147492224,1.035,8.448979591836734,2.575,both_detrimental,both_detrimental,True,marginal,validated_proxy_row,"FoRCy uses normalized maximum footing moment and contact-area proxy lambda=sqrt(1/A_c/A); measured displacement gate is max(rotation/0.01 rad, sliding/0.1%, settlement/0.1%).",base,0.03440142671733232,1.0498221244986776,0.03440142671733232,2.1340456757146877,correct_marginal,False,False
FoRCy,FoRCy_Mastersheet_others.csv,1.57_e_R_0.14,17,2.857142857142857,7.163265306122449,0.0976894903734916,1.108,9.044897959183675,6.087,both_detrimental,both_detrimental,True,robust,validated_proxy_row,"FoRCy uses normalized maximum footing moment and contact-area proxy lambda=sqrt(1/A_c/A); measured displacement gate is max(rotation/0.01 rad, sliding/0.1%, settlement/0.1%).",base,0.10255658832509215,1.0498221244986776,0.10255658832509215,2.2022008373224478,correct_robust,False,False
FoRCy,FoRCy_Mastersheet_others.csv,1.57_e_R_0.14,18,2.857142857142857,7.163265306122449,0.0976894903734916,1.108,9.044897959183675,27.0,both_detrimental,both_detrimental,True,robust,validated_proxy_row,"FoRCy uses normalized maximum footing moment and contact-area proxy lambda=sqrt(1/A_c/A); measured displacement gate is max(rotation/0.01 rad, sliding/0.1%, settlement/0.1%).",base,0.10255658832509215,1.0498221244986776,0.10255658832509215,2.2022008373224478,correct_robust,False,False
FoRCy,FoRCy_Mastersheet_others.csv,1.5_e_H50_0.11,19,2.88314965852446,7.312551953449709,-0.5784294278189409,0.542,4.505403158769743,0.2455999999999999,both_beneficial,mixed,False,robust,validated_proxy_row,"FoRCy uses normalized maximum footing moment and contact-area proxy lambda=sqrt(1/A_c/A); measured displacement gate is max(rotation/0.01 rad, sliding/0.1%, settlement/0.1%).",base,0.6124892775424908,1.058883328000752,-0.6124892775424908,1.5052773784590132,false_conservative_mixed,False,False
FoRCy,FoRCy_Mastersheet_others.csv,1.5_e_H50_0.11,20,2.88314965852446,7.312551953449709,-0.5732165841773097,0.545,4.530340814630092,0.2390999999999999,both_beneficial,mixed,False,robust,validated_proxy_row,"FoRCy uses normalized maximum footing moment and contact-area proxy lambda=sqrt(1/A_c/A); measured displacement gate is max(rotation/0.01 rad, sliding/0.1%, settlement/0.1%).",base,0.6069694843188929,1.058883328000752,-0.6069694843188929,1.510797171682611,false_conservative_mixed,False,False
FoRCy,FoRCy_Mastersheet_others.csv,1.5_e_H50_0.11,21,2.88314965852446,7.312551953449709,-0.3600589501500548,0.683,5.677472984206152,0.3147,both_beneficial,mixed,False,robust,validated_proxy_row,"FoRCy uses normalized maximum footing moment and contact-area proxy lambda=sqrt(1/A_c/A); measured displacement gate is max(rotation/0.01 rad, sliding/0.1%, settlement/0.1%).",base,0.3812604194113469,1.058883328000752,-0.3812604194113469,1.736506236590157,false_conservative_mixed,False,False
FoRCy,FoRCy_Mastersheet_others.csv,1.5_e_H50_0.11,22,2.88314965852446,7.312551953449709,-0.0424951122950382,0.956,7.946799667497922,0.6459,both_beneficial,mixed,False,marginal,validated_proxy_row,"FoRCy uses normalized maximum footing moment and contact-area proxy lambda=sqrt(1/A_c/A); measured displacement gate is max(rotation/0.01 rad, sliding/0.1%, settlement/0.1%).",base,0.044997365930735805,1.058883328000752,-0.044997365930735805,2.072769290070768,false_conservative_mixed,False,False
FoRCy,FoRCy_Mastersheet_others.csv,1.5_e_H50_0.11,23,2.88314965852446,7.312551953449709,0.0451771485575095,1.049,8.719866999168744,1.6,both_detrimental,both_detrimental,True,marginal,validated_proxy_row,"FoRCy uses normalized maximum footing moment and contact-area proxy lambda=sqrt(1/A_c/A); measured displacement gate is max(rotation/0.01 rad, sliding/0.1%, settlement/0.1%).",base,0.04783732941416006,1.058883328000752,0.04783732941416006,2.1656039854156637,correct_marginal,False,False
FoRCy,FoRCy_Mastersheet_others.csv,1.5_e_H50_0.11,24,2.88314965852446,7.312551953449709,0.0718064816636187,1.079,8.969243557772236,14.28,both_detrimental,both_detrimental,True,marginal,validated_proxy_row,"FoRCy uses normalized maximum footing moment and contact-area proxy lambda=sqrt(1/A_c/A); measured displacement gate is max(rotation/0.01 rad, sliding/0.1%, settlement/0.1%).",base,0.07603468627599758,1.058883328000752,0.07603468627599758,2.1938013422775016,correct_marginal,False,False
FoRCy,FoRCy_Mastersheet_others.csv,1.5_e_H50_0.17,25,2.808279781508652,6.886435331230284,-0.8898108380423129,0.399,3.1466876971608837,1.188,mixed,mixed,True,robust,validated_proxy_row,"FoRCy uses normalized maximum footing moment and contact-area proxy lambda=sqrt(1/A_c/A); measured displacement gate is max(rotation/0.01 rad, sliding/0.1%, settlement/0.1%).",base,0.9187938620922735,1.0325721184895058,-0.9187938620922735,1.146350374886738,correct_robust,False,False
FoRCy,FoRCy_Mastersheet_others.csv,1.5_e_H50_0.17,26,2.808279781508652,6.886435331230284,-0.2319712359802286,0.787,6.2066246056782335,0.8666999999999999,both_beneficial,mixed,False,robust,validated_proxy_row,"FoRCy uses normalized maximum footing moment and contact-area proxy lambda=sqrt(1/A_c/A); measured displacement gate is max(rotation/0.01 rad, sliding/0.1%, settlement/0.1%).",base,0.2395270305647338,1.0325721184895058,-0.2395270305647338,1.8256172064142777,false_conservative_mixed,False,False
FoRCy,FoRCy_Mastersheet_others.csv,1.5_e_H50_0.17,27,2.808279781508652,6.886435331230284,-0.0796992687031056,0.921,7.263406940063092,1.711,mixed,mixed,True,marginal,validated_proxy_row,"FoRCy uses normalized maximum footing moment and contact-area proxy lambda=sqrt(1/A_c/A); measured displacement gate is max(rotation/0.01 rad, sliding/0.1%, settlement/0.1%).",base,0.08229524272683016,1.0325721184895058,-0.08229524272683016,1.9828489942521814,correct_marginal,False,False
FoRCy,FoRCy_Mastersheet_others.csv,1.5_e_H50_0.17,28,2.808279781508652,6.886435331230284,0.0229683972602414,1.024,8.07570977917981,2.743,both_detrimental,both_detrimental,True,marginal,validated_proxy_row,"FoRCy uses normalized maximum footing moment and contact-area proxy lambda=sqrt(1/A_c/A); measured displacement gate is max(rotation/0.01 rad, sliding/0.1%, settlement/0.1%).",base,0.023716526617316065,1.0325721184895058,0.023716526617316065,2.0888607635963274,correct_marginal,False,False
FoRCy,FoRCy_Mastersheet_others.csv,1.5_e_H50_0.17,29,2.808279781508652,6.886435331230284,0.0736361992683132,1.079,8.509463722397475,5.726,both_detrimental,both_detrimental,True,marginal,validated_proxy_row,"FoRCy uses normalized maximum footing moment and contact-area proxy lambda=sqrt(1/A_c/A); measured displacement gate is max(rotation/0.01 rad, sliding/0.1%, settlement/0.1%).",base,0.07603468627599758,1.0325721184895058,0.07603468627599758,2.141178923255009,correct_marginal,False,False
FoRCy,FoRCy_Mastersheet_others.csv,1.5_e_H50_0.17,30,2.808279781508652,6.886435331230284,0.0772197569458814,1.083,8.541009463722396,22.879999999999995,both_detrimental,both_detrimental,True,marginal,validated_proxy_row,"FoRCy uses normalized maximum footing moment and contact-area proxy lambda=sqrt(1/A_c/A); measured displacement gate is max(rotation/0.01 rad, sliding/0.1%, settlement/0.1%).",base,0.07973496801885352,1.0325721184895058,0.07973496801885352,2.144879204997865,correct_marginal,False,False
FoRCy,FoRCy_Mastersheet_others.csv,1.5_e_H35_0.13,31,2.774568328089315,6.698229407236337,-1.154003979437953,0.308,2.371054657428792,0.4191,both_beneficial,mixed,False,robust,validated_proxy_row,"FoRCy uses normalized maximum footing moment and contact-area proxy lambda=sqrt(1/A_c/A); measured displacement gate is max(rotation/0.01 rad, sliding/0.1%, settlement/0.1%).",base,0.863334859297021,1.0204951776527917,-1.1776554960085626,0.8633348592970208,false_conservative_mixed,False,False
FoRCy,FoRCy_Mastersheet_others.csv,1.5_e_H35_0.13,32,2.774568328089315,6.698229407236337,-0.8361783097059324,0.426,3.27944572748268,0.5115,both_beneficial,mixed,False,robust,validated_proxy_row,"FoRCy uses normalized maximum footing moment and contact-area proxy lambda=sqrt(1/A_c/A); measured displacement gate is max(rotation/0.01 rad, sliding/0.1%, settlement/0.1%).",base,0.8533159327127666,1.0204951776527917,-0.8533159327127666,1.1876744225928169,false_conservative_mixed,False,False
FoRCy,FoRCy_Mastersheet_others.csv,1.5_e_H35_0.13,33,2.774568328089315,6.698229407236337,-0.695031763032152,0.492,3.787528868360278,0.6267,both_beneficial,mixed,False,robust,validated_proxy_row,"FoRCy uses normalized maximum footing moment and contact-area proxy lambda=sqrt(1/A_c/A); measured displacement gate is max(rotation/0.01 rad, sliding/0.1%, settlement/0.1%).",base,0.709276562489829,1.0204951776527917,-0.709276562489829,1.3317137928157545,false_conservative_mixed,False,False
FoRCy,FoRCy_Mastersheet_others.csv,1.5_e_H35_0.13,34,2.774568328089315,6.698229407236337,-0.1097991507087219,0.894,6.882217090069286,1.5679999999999998,mixed,mixed,True,robust,validated_proxy_row,"FoRCy uses normalized maximum footing moment and contact-area proxy lambda=sqrt(1/A_c/A); measured displacement gate is max(rotation/0.01 rad, sliding/0.1%, settlement/0.1%).",base,0.11204950380862289,1.0204951776527917,-0.11204950380862289,1.9289408514969606,correct_robust,False,False
FoRCy,FoRCy_Mastersheet_others.csv,1.5_e_H35_0.13,35,2.774568328089315,6.698229407236337,0.123225673241099,1.134,8.729792147806005,1.876,both_detrimental,both_detrimental,True,robust,validated_proxy_row,"FoRCy uses normalized maximum footing moment and contact-area proxy lambda=sqrt(1/A_c/A); measured displacement gate is max(rotation/0.01 rad, sliding/0.1%, settlement/0.1%).",base,0.12575120530556025,1.0204951776527917,0.12575120530556025,2.1667415606111438,correct_robust,False,False
FoRCy,FoRCy_Mastersheet_others.csv,1.5_e_H35_0.13,36,2.774568328089315,6.698229407236337,0.1811066245483265,1.203,9.260969976905317,5.425,both_detrimental,both_detrimental,True,robust,validated_proxy_row,"FoRCy uses normalized maximum footing moment and contact-area proxy lambda=sqrt(1/A_c/A); measured displacement gate is max(rotation/0.01 rad, sliding/0.1%, settlement/0.1%).",base,0.18481843699254188,1.0204951776527917,0.18481843699254188,2.2258087922981256,correct_robust,False,False
FoRCy,FoRCy_Mastersheet_others.csv,1.5_e_H35_0.26,37,2.785310018776764,6.757951900698217,-1.0502886272302392,0.341,2.645461598138092,0.4712,both_beneficial,mixed,False,robust,validated_proxy_row,"FoRCy uses normalized maximum footing moment and contact-area proxy lambda=sqrt(1/A_c/A); measured displacement gate is max(rotation/0.01 rad, sliding/0.1%, settlement/0.1%).",base,0.9728455673383755,1.0243591845184978,-1.07587280169862,0.9728455673383752,false_conservative_mixed,False,False
FoRCy,FoRCy_Mastersheet_others.csv,1.5_e_H35_0.26,38,2.785310018776764,6.757951900698217,-0.330229731602248,0.713,5.531419705197828,1.2759999999999998,mixed,mixed,True,robust,validated_proxy_row,"FoRCy uses normalized maximum footing moment and contact-area proxy lambda=sqrt(1/A_c/A); measured displacement gate is max(rotation/0.01 rad, sliding/0.1%, settlement/0.1%).",base,0.33827385856784115,1.0243591845184978,-0.33827385856784115,1.7104445104691541,correct_robust,False,False
FoRCy,FoRCy_Mastersheet_others.csv,1.5_e_H35_0.26,39,2.785310018776764,6.757951900698217,-0.1006880794142485,0.902,6.997672614429791,1.6669999999999998,mixed,mixed,True,marginal,validated_proxy_row,"FoRCy uses normalized maximum footing moment and contact-area proxy lambda=sqrt(1/A_c/A); measured displacement gate is max(rotation/0.01 rad, sliding/0.1%, settlement/0.1%).",base,0.10314075891951337,1.0243591845184978,-0.10314075891951337,1.945577610117482,correct_marginal,False,False
FoRCy,FoRCy_Mastersheet_others.csv,1.5_e_H35_0.26,40,2.785310018776764,6.757951900698217,0.0307496311210183,1.032,8.006206361520558,1.285,both_detrimental,both_detrimental,True,marginal,validated_proxy_row,"FoRCy uses normalized maximum footing moment and contact-area proxy lambda=sqrt(1/A_c/A); measured displacement gate is max(rotation/0.01 rad, sliding/0.1%, settlement/0.1%).",base,0.031498667059371016,1.0243591845184978,0.031498667059371016,2.080217036096366,correct_marginal,False,False
FoRCy,FoRCy_Mastersheet_others.csv,1.5_e_H35_0.26,41,2.785310018776764,6.757951900698217,0.0921558344457638,1.099,8.52598913886734,3.84,both_detrimental,both_detrimental,True,marginal,validated_proxy_row,"FoRCy uses normalized maximum footing moment and contact-area proxy lambda=sqrt(1/A_c/A); measured displacement gate is max(rotation/0.01 rad, sliding/0.1%, settlement/0.1%).",base,0.0944006754214843,1.0243591845184978,0.0944006754214843,2.1431190444584796,correct_marginal,False,False
FoRCy,FoRCy_Mastersheet_others.csv,1.5_e_H35_0.26,42,2.785310018776764,6.757951900698217,0.1244810631135185,1.136,8.813033359193172,18.0,both_detrimental,both_detrimental,True,robust,validated_proxy_row,"FoRCy uses normalized maximum footing moment and contact-area proxy lambda=sqrt(1/A_c/A); measured displacement gate is max(rotation/0.01 rad, sliding/0.1%, settlement/0.1%).",base,0.1275133202989595,1.0243591845184978,0.1275133202989595,2.176231689335955,correct_robust,False,False
FoRCy,FoRCy_Mastersheet_others.csv,1.5_e_H65_0.09,43,2.988071523335984,7.928571428571429,-0.6241359827089209,0.505,4.508928571428571,0.1242,both_beneficial,mixed,False,robust,validated_proxy_row,"FoRCy uses normalized maximum footing moment and contact-area proxy lambda=sqrt(1/A_c/A); measured displacement gate is max(rotation/0.01 rad, sliding/0.1%, settlement/0.1%).",base,0.6831968497067772,1.0946282038435213,-0.6831968497067772,1.5060595579802651,false_conservative_mixed,False,False
FoRCy,FoRCy_Mastersheet_others.csv,1.5_e_H65_0.09,44,2.988071523335984,7.928571428571429,-0.2027120543163876,0.801,7.151785714285715,0.3114,both_beneficial,mixed,False,robust,validated_proxy_row,"FoRCy uses normalized maximum footing moment and contact-area proxy lambda=sqrt(1/A_c/A); measured displacement gate is max(rotation/0.01 rad, sliding/0.1%, settlement/0.1%).",base,0.22189433191377778,1.0946282038435213,-0.22189433191377778,1.9673620757732648,false_conservative_mixed,False,False
FoRCy,FoRCy_Mastersheet_others.csv,1.5_e_H65_0.09,45,2.988071523335984,7.928571428571429,-0.0791572941583538,0.917,8.1875,0.9428,both_beneficial,mixed,False,marginal,validated_proxy_row,"FoRCy uses normalized maximum footing moment and contact-area proxy lambda=sqrt(1/A_c/A); measured displacement gate is max(rotation/0.01 rad, sliding/0.1%, settlement/0.1%).",base,0.08664780672567216,1.0946282038435213,-0.08664780672567216,2.1026086009613705,false_conservative_mixed,False,False
FoRCy,FoRCy_Mastersheet_others.csv,1.5_e_H65_0.09,46,2.988071523335984,7.928571428571429,0.0296604728651251,1.033,9.223214285714285,1.1,both_detrimental,both_detrimental,True,marginal,validated_proxy_row,"FoRCy uses normalized maximum footing moment and contact-area proxy lambda=sqrt(1/A_c/A); measured displacement gate is max(rotation/0.01 rad, sliding/0.1%, settlement/0.1%).",base,0.03246719013750141,1.0946282038435213,0.03246719013750141,2.221723597824544,correct_marginal,False,False
FoRCy,FoRCy_Mastersheet_others.csv,1.5_e_H65_0.09,47,2.988071523335984,7.928571428571429,0.0618097069271995,1.07,9.553571428571429,11.89,both_detrimental,both_detrimental,True,marginal,validated_proxy_row,"FoRCy uses normalized maximum footing moment and contact-area proxy lambda=sqrt(1/A_c/A); measured displacement gate is max(rotation/0.01 rad, sliding/0.1%, settlement/0.1%).",base,0.06765864847381486,1.0946282038435213,0.06765864847381486,2.2569150561608575,correct_marginal,False,False
FoRCy,FoRCy_Mastersheet_others.csv,1.5_e_H65_0.09,48,2.988071523335984,7.928571428571429,0.0686145964657989,1.078,9.625000000000002,55.88,both_detrimental,both_detrimental,True,marginal,validated_proxy_row,"FoRCy uses normalized maximum footing moment and contact-area proxy lambda=sqrt(1/A_c/A); measured displacement gate is max(rotation/0.01 rad, sliding/0.1%, settlement/0.1%).",base,0.07510747248680548,1.0946282038435213,0.07510747248680548,2.264363880173848,correct_marginal,False,False
FoRCy,FoRCy_Mastersheet_others.csv,2_s_R_1.55,49,1.9577758204863367,2.8328861632809503,-1.682178837615653,0.323,1.238022230739747,0.6858,both_beneficial,mixed,False,robust,validated_proxy_row,"FoRCy uses normalized maximum footing moment and contact-area proxy lambda=sqrt(1/A_c/A); measured displacement gate is max(rotation/0.01 rad, sliding/0.1%, settlement/0.1%).",base,0.21351513107997327,0.6718090434197269,-1.1301029557594804,0.2135151310799738,false_conservative_mixed,False,False
FoRCy,FoRCy_Mastersheet_others.csv,2_s_R_1.55,50,1.9577758204863367,2.8328861632809503,-0.9450278745939948,0.53,2.031429666538904,1.373,mixed,mixed,True,robust,validated_proxy_row,"FoRCy uses normalized maximum footing moment and contact-area proxy lambda=sqrt(1/A_c/A); measured displacement gate is max(rotation/0.01 rad, sliding/0.1%, settlement/0.1%).",base,0.6348782724359695,0.6718090434197269,-0.6348782724359695,0.708739814403485,correct_robust,False,False
FoRCy,FoRCy_Mastersheet_others.csv,2_s_R_1.55,51,1.9577758204863367,2.8328861632809503,-0.5501793386599919,0.691,2.6485243388271367,2.442,mixed,mixed,True,robust,validated_proxy_row,"FoRCy uses normalized maximum footing moment and contact-area proxy lambda=sqrt(1/A_c/A); measured displacement gate is max(rotation/0.01 rad, sliding/0.1%, settlement/0.1%).",base,0.36961545521446726,0.6718090434197269,-0.36961545521446726,0.9740026316249871,correct_robust,False,False
FoRCy,FoRCy_Mastersheet_others.csv,2_s_R_1.55,52,1.9577758204863367,2.8328861632809503,-0.1322268799098563,0.915,3.50709083940207,4.622999999999999,mixed,mixed,True,marginal,validated_proxy_row,"FoRCy uses normalized maximum footing moment and contact-area proxy lambda=sqrt(1/A_c/A); measured displacement gate is max(rotation/0.01 rad, sliding/0.1%, settlement/0.1%).",base,0.0888312137066157,0.6718090434197269,-0.0888312137066157,1.2547868731328387,correct_marginal,False,False
FoRCy,FoRCy_Mastersheet_others.csv,2_s_R_1.55,53,1.9577758204863367,2.8328861632809503,0.0454432778686919,1.031,3.95170563434266,7.430999999999999,both_detrimental,both_detrimental,True,marginal,validated_proxy_row,"FoRCy uses normalized maximum footing moment and contact-area proxy lambda=sqrt(1/A_c/A); measured displacement gate is max(rotation/0.01 rad, sliding/0.1%, settlement/0.1%).",base,0.03052920503482279,0.6718090434197269,0.03052920503482279,1.3741472918742772,correct_marginal,False,False
FoRCy,FoRCy_Mastersheet_others.csv,2_s_R_1.55,54,1.9577758204863367,2.8328861632809503,0.1580213854937122,1.112,4.262169413568418,12.815,both_detrimental,both_detrimental,True,robust,validated_proxy_row,"FoRCy uses normalized maximum footing moment and contact-area proxy lambda=sqrt(1/A_c/A); measured displacement gate is max(rotation/0.01 rad, sliding/0.1%, settlement/0.1%).",base,0.10616019582839073,0.6718090434197269,0.10616019582839073,1.4497782826678451,correct_robust,False,False
FoRCy,FoRCy_Mastersheet_others.csv,1.6_s_R_0.14,55,1.928791874526149,2.720238095238096,-0.1911469041926785,0.882,3.2812500000000004,2.965,mixed,mixed,True,robust,validated_proxy_row,"FoRCy uses normalized maximum footing moment and contact-area proxy lambda=sqrt(1/A_c/A); measured displacement gate is max(rotation/0.01 rad, sliding/0.1%, settlement/0.1%).",base,0.12556322297534575,0.6568938351665713,-0.12556322297534575,1.188224447357797,correct_robust,False,False
FoRCy,FoRCy_Mastersheet_others.csv,1.6_s_R_0.14,56,1.928791874526149,2.720238095238096,-0.1553260513386896,0.903,3.3593750000000004,7.62,mixed,mixed,True,marginal,validated_proxy_row,"FoRCy uses normalized maximum footing moment and contact-area proxy lambda=sqrt(1/A_c/A); measured displacement gate is max(rotation/0.01 rad, sliding/0.1%, settlement/0.1%).",base,0.10203272556515161,0.6568938351665713,-0.10203272556515161,1.2117549447679912,correct_marginal,False,False
FoRCy,FoRCy_Mastersheet_others.csv,1.6_s_R_0.14,57,1.928791874526149,2.720238095238096,0.0361040480937108,1.024,3.80952380952381,11.386,both_detrimental,both_detrimental,True,marginal,validated_proxy_row,"FoRCy uses normalized maximum footing moment and contact-area proxy lambda=sqrt(1/A_c/A); measured displacement gate is max(rotation/0.01 rad, sliding/0.1%, settlement/0.1%).",base,0.023716526617316065,0.6568938351665713,0.023716526617316065,1.3375041969504589,correct_marginal,False,False
FoRCy,FoRCy_Mastersheet_others.csv,1.6_s_R_0.14,58,1.928791874526149,2.720238095238096,0.1478575464269565,1.102,4.099702380952382,11.758,both_detrimental,both_detrimental,True,robust,validated_proxy_row,"FoRCy uses normalized maximum footing moment and contact-area proxy lambda=sqrt(1/A_c/A); measured displacement gate is max(rotation/0.01 rad, sliding/0.1%, settlement/0.1%).",base,0.09712671073072282,0.6568938351665713,0.09712671073072282,1.4109143810638656,correct_robust,False,False
FoRCy,FoRCy_Mastersheet_others.csv,1.6_s_R_0.14,59,1.928791874526149,2.720238095238096,0.1833571067771172,1.128,4.196428571428572,16.276,both_detrimental,both_detrimental,True,robust,validated_proxy_row,"FoRCy uses normalized maximum footing moment and contact-area proxy lambda=sqrt(1/A_c/A); measured displacement gate is max(rotation/0.01 rad, sliding/0.1%, settlement/0.1%).",base,0.12044615307586706,0.6568938351665713,0.12044615307586706,1.43423382340901,correct_robust,False,False
FoRCy,FoRCy_Mastersheet_others.csv,1.4_s_R_0.6,60,1.9277164398874675,2.716090672612412,-1.1831267195705104,0.46,1.7094017094017098,0.1926999999999999,both_beneficial,mixed,False,robust,validated_proxy_row,"FoRCy uses normalized maximum footing moment and contact-area proxy lambda=sqrt(1/A_c/A); measured displacement gate is max(rotation/0.01 rad, sliding/0.1%, settlement/0.1%).",base,0.5361434317502808,0.6563361106246386,-0.7765287894989963,0.5361434317502808,false_conservative_mixed,False,False
FoRCy,FoRCy_Mastersheet_others.csv,1.4_s_R_0.6,61,1.9277164398874675,2.716090672612412,-0.7631384054674928,0.606,2.2519509476031216,0.6728000000000001,both_beneficial,mixed,False,robust,validated_proxy_row,"FoRCy uses normalized maximum footing moment and contact-area proxy lambda=sqrt(1/A_c/A); measured displacement gate is max(rotation/0.01 rad, sliding/0.1%, settlement/0.1%).",base,0.5008752929128226,0.6563361106246386,-0.5008752929128226,0.8117969283364543,false_conservative_mixed,False,False
FoRCy,FoRCy_Mastersheet_others.csv,1.4_s_R_0.6,62,1.9277164398874675,2.716090672612412,-0.2404622915587643,0.854,3.173541434411,2.021,mixed,mixed,True,robust,validated_proxy_row,"FoRCy uses normalized maximum footing moment and contact-area proxy lambda=sqrt(1/A_c/A); measured displacement gate is max(rotation/0.01 rad, sliding/0.1%, settlement/0.1%).",base,0.15782408519356722,0.6563361106246386,-0.15782408519356722,1.1548481360557097,correct_robust,False,False
FoRCy,FoRCy_Mastersheet_others.csv,1.4_s_R_0.6,63,1.9277164398874675,2.716090672612412,0.0106281120656098,1.007,3.742103307320699,4.364999999999999,both_detrimental,both_detrimental,True,marginal,validated_proxy_row,"FoRCy uses normalized maximum footing moment and contact-area proxy lambda=sqrt(1/A_c/A); measured displacement gate is max(rotation/0.01 rad, sliding/0.1%, settlement/0.1%).",base,0.006975613736425138,0.6563361106246386,0.006975613736425138,1.3196478349857022,correct_marginal,False,False
FoRCy,FoRCy_Mastersheet_others.csv,1.4_s_R_0.6,64,1.9277164398874675,2.716090672612412,0.1299027168712097,1.089,4.046822742474917,8.277999999999999,both_detrimental,both_detrimental,True,marginal,validated_proxy_row,"FoRCy uses normalized maximum footing moment and contact-area proxy lambda=sqrt(1/A_c/A); measured displacement gate is max(rotation/0.01 rad, sliding/0.1%, settlement/0.1%).",base,0.0852598439508234,0.6563361106246386,0.0852598439508234,1.3979320652001004,correct_marginal,False,False
FoRCy,FoRCy_Mastersheet_others.csv,1.5_s_H35_0.26,65,1.759538357694467,2.095975232198142,0.1508886310159677,1.089,3.371517027863777,1.125,both_detrimental,both_detrimental,True,marginal,validated_proxy_row,"FoRCy uses normalized maximum footing moment and contact-area proxy lambda=sqrt(1/A_c/A); measured displacement gate is max(rotation/0.01 rad, sliding/0.1%, settlement/0.1%).",base,0.0852598439508234,0.5650514778797402,0.0852598439508234,1.2153627997103038,correct_marginal,False,False
FoRCy,FoRCy_Mastersheet_others.csv,1.5_s_H35_0.26,66,1.759538357694467,2.095975232198142,-0.0963738489816829,0.947,2.9318885448916405,1.645,mixed,mixed,True,marginal,validated_proxy_row,"FoRCy uses normalized maximum footing moment and contact-area proxy lambda=sqrt(1/A_c/A); measured displacement gate is max(rotation/0.01 rad, sliding/0.1%, settlement/0.1%).",base,0.054456185796058855,0.5650514778797402,-0.054456185796058855,1.0756467699634216,correct_marginal,False,False
FoRCy,FoRCy_Mastersheet_others.csv,1.5_s_H35_0.26,67,1.759538357694467,2.095975232198142,0.0540290685538571,1.031,3.1919504643962844,1.895,both_detrimental,both_detrimental,True,marginal,validated_proxy_row,"FoRCy uses normalized maximum footing moment and contact-area proxy lambda=sqrt(1/A_c/A); measured displacement gate is max(rotation/0.01 rad, sliding/0.1%, settlement/0.1%).",base,0.03052920503482279,0.5650514778797402,0.03052920503482279,1.1606321607943033,correct_marginal,False,False
FoRCy,FoRCy_Mastersheet_others.csv,1.5_s_H35_0.26,68,1.759538357694467,2.095975232198142,0.1508886310159677,1.089,3.371517027863777,5.829999999999999,both_detrimental,both_detrimental,True,marginal,validated_proxy_row,"FoRCy uses normalized maximum footing moment and contact-area proxy lambda=sqrt(1/A_c/A); measured displacement gate is max(rotation/0.01 rad, sliding/0.1%, settlement/0.1%).",base,0.0852598439508234,0.5650514778797402,0.0852598439508234,1.2153627997103038,correct_marginal,False,False
FoRCy,FoRCy_Mastersheet_others.csv,1.5_s_H35_0.26,69,1.759538357694467,2.095975232198142,0.2162946873138887,1.13,3.4984520123839005,13.0,both_detrimental,both_detrimental,True,robust,validated_proxy_row,"FoRCy uses normalized maximum footing moment and contact-area proxy lambda=sqrt(1/A_c/A); measured displacement gate is max(rotation/0.01 rad, sliding/0.1%, settlement/0.1%).",base,0.12221763272424911,0.5650514778797402,0.12221763272424911,1.2523205884837296,correct_robust,False,False
FoRCy,FoRCy_Mastersheet_others.csv,1.5_s_H35_0.13,70,1.7381449986274955,2.021148036253776,-0.3700440263422039,0.815,2.462235649546828,8.214,mixed,mixed,True,robust,validated_proxy_row,"FoRCy uses normalized maximum footing moment and contact-area proxy lambda=sqrt(1/A_c/A); measured displacement gate is max(rotation/0.01 rad, sliding/0.1%, settlement/0.1%).",base,0.2045671657412744,0.5528184518025371,-0.2045671657412744,0.9010697378638,correct_robust,False,False
FoRCy,FoRCy_Mastersheet_others.csv,1.5_s_H35_0.13,71,1.7381449986274955,2.021148036253776,-0.0163539126139341,0.991,2.9939577039274923,4.858,mixed,mixed,True,marginal,validated_proxy_row,"FoRCy uses normalized maximum footing moment and contact-area proxy lambda=sqrt(1/A_c/A); measured displacement gate is max(rotation/0.01 rad, sliding/0.1%, settlement/0.1%).",base,0.00904074465214907,0.5528184518025371,-0.00904074465214907,1.096596158952925,correct_marginal,False,False
FoRCy,FoRCy_Mastersheet_others.csv,1.5_s_H35_0.13,72,1.7381449986274955,2.021148036253776,0.175693684633768,1.102,3.3293051359516617,5.316999999999999,both_detrimental,both_detrimental,True,robust,validated_proxy_row,"FoRCy uses normalized maximum footing moment and contact-area proxy lambda=sqrt(1/A_c/A); measured displacement gate is max(rotation/0.01 rad, sliding/0.1%, settlement/0.1%).",base,0.09712671073072282,0.5528184518025371,0.09712671073072282,1.202763614335797,correct_robust,False,False
FoRCy,FoRCy_Mastersheet_others.csv,1.5_s_H35_0.13,73,1.7381449986274955,2.021148036253776,0.2386046819708076,1.141,3.4471299093655587,10.94,both_detrimental,both_detrimental,True,robust,validated_proxy_row,"FoRCy uses normalized maximum footing moment and contact-area proxy lambda=sqrt(1/A_c/A); measured displacement gate is max(rotation/0.01 rad, sliding/0.1%, settlement/0.1%).",base,0.1319050708799386,0.5528184518025371,0.1319050708799386,1.2375419744850127,correct_robust,False,False
FoRCy,FoRCy_Mastersheet_others.csv,1.5_s_H50_0.17,74,1.6484511834894675,1.7173913043478262,-0.3703723241479191,0.831,2.2581521739130435,3.19,mixed,mixed,True,robust,validated_proxy_row,"FoRCy uses normalized maximum footing moment and contact-area proxy lambda=sqrt(1/A_c/A); measured displacement gate is max(rotation/0.01 rad, sliding/0.1%, settlement/0.1%).",base,0.18512548412668892,0.49983617040660305,-0.18512548412668892,0.8145468566865173,correct_robust,False,False
FoRCy,FoRCy_Mastersheet_others.csv,1.5_s_H50_0.17,75,1.6484511834894675,1.7173913043478262,-0.0120400896971251,0.994,2.7010869565217392,6.355,mixed,mixed,True,marginal,validated_proxy_row,"FoRCy uses normalized maximum footing moment and contact-area proxy lambda=sqrt(1/A_c/A); measured displacement gate is max(rotation/0.01 rad, sliding/0.1%, settlement/0.1%).",base,0.006018072325563021,0.49983617040660305,-0.006018072325563021,0.9936542684876432,correct_marginal,False,False
FoRCy,FoRCy_Mastersheet_others.csv,1.5_s_H50_0.17,76,1.6484511834894675,1.7173913043478262,0.2123899831859553,1.112,3.021739130434783,3.65,both_detrimental,both_detrimental,True,robust,validated_proxy_row,"FoRCy uses normalized maximum footing moment and contact-area proxy lambda=sqrt(1/A_c/A); measured displacement gate is max(rotation/0.01 rad, sliding/0.1%, settlement/0.1%).",base,0.10616019582839073,0.49983617040660305,0.10616019582839073,1.1058325366415969,correct_robust,False,False
FoRCy,FoRCy_Mastersheet_others.csv,1.5_s_H50_0.17,77,1.6484511834894675,1.7173913043478262,0.3021047344646761,1.163,3.160326086956522,6.605,both_detrimental,both_detrimental,True,robust,validated_proxy_row,"FoRCy uses normalized maximum footing moment and contact-area proxy lambda=sqrt(1/A_c/A); measured displacement gate is max(rotation/0.01 rad, sliding/0.1%, settlement/0.1%).",base,0.15100287353652742,0.49983617040660305,0.15100287353652742,1.1506752143497336,correct_robust,False,False
FoRCy,FoRCy_Mastersheet_others.csv,1.5_s_H50_0.17,78,1.6484511834894675,1.7173913043478262,0.2515848446967435,1.134,3.0815217391304346,26.78,both_detrimental,both_detrimental,True,robust,validated_proxy_row,"FoRCy uses normalized maximum footing moment and contact-area proxy lambda=sqrt(1/A_c/A); measured displacement gate is max(rotation/0.01 rad, sliding/0.1%, settlement/0.1%).",base,0.12575120530556025,0.49983617040660305,0.12575120530556025,1.1254235461187665,correct_robust,False,False
FoRCy,FoRCy_Mastersheet_others.csv,1.5_s_H50_0.11,79,1.6506955020011946,1.7247956403269755,0.0840013007261568,1.043,2.841961852861036,5.033,both_detrimental,both_detrimental,True,marginal,validated_proxy_row,"FoRCy uses normalized maximum footing moment and contact-area proxy lambda=sqrt(1/A_c/A); measured displacement gate is max(rotation/0.01 rad, sliding/0.1%, settlement/0.1%).",base,0.042101176018635326,0.5011967154637835,0.042101176018635326,1.0444946069462024,correct_marginal,False,False
FoRCy,FoRCy_Mastersheet_others.csv,1.5_s_H50_0.11,80,1.6506955020011946,1.7247956403269755,-0.0342104373511392,0.983,2.6784741144414177,8.656,mixed,mixed,True,marginal,validated_proxy_row,"FoRCy uses normalized maximum footing moment and contact-area proxy lambda=sqrt(1/A_c/A); measured displacement gate is max(rotation/0.01 rad, sliding/0.1%, settlement/0.1%).",base,0.017146158834970514,0.5011967154637835,-0.017146158834970514,0.9852472720925965,correct_marginal,False,False
FoRCy,FoRCy_Mastersheet_others.csv,1.5_s_H50_0.11,81,1.6506955020011946,1.7247956403269755,0.1424390740881294,1.074,2.9264305177111725,9.041,both_detrimental,both_detrimental,True,marginal,validated_proxy_row,"FoRCy uses normalized maximum footing moment and contact-area proxy lambda=sqrt(1/A_c/A); measured displacement gate is max(rotation/0.01 rad, sliding/0.1%, settlement/0.1%).",base,0.071389996086673,0.5011967154637835,0.071389996086673,1.07378342701424,correct_marginal,False,False
FoRCy,FoRCy_Mastersheet_others.csv,1.5_s_H50_0.11,82,1.6506955020011946,1.7247956403269755,0.1719438567375839,1.09,2.9700272479564043,11.679999999999998,both_detrimental,both_detrimental,True,marginal,validated_proxy_row,"FoRCy uses normalized maximum footing moment and contact-area proxy lambda=sqrt(1/A_c/A); measured displacement gate is max(rotation/0.01 rad, sliding/0.1%, settlement/0.1%).",base,0.08617769624105241,0.5011967154637835,0.08617769624105241,1.0885711271686194,correct_marginal,False,False
FoRCy,FoRCy_Mastersheet_others.csv,1.5_s_H50_0.11,83,1.6506955020011946,1.7247956403269755,0.2153987410017122,1.114,3.035422343324252,21.16,both_detrimental,both_detrimental,True,robust,validated_proxy_row,"FoRCy uses normalized maximum footing moment and contact-area proxy lambda=sqrt(1/A_c/A); measured displacement gate is max(rotation/0.01 rad, sliding/0.1%, settlement/0.1%).",base,0.10795714150509236,0.5011967154637835,0.10795714150509236,1.1103505724326597,correct_robust,False,False
FoRCy,FoRCy_Mastersheet_others.csv,1.5_s_H65_0.09,84,1.5218038588185885,1.3158869847151458,0.2269849997325992,1.1,2.5474756831866605,5.063999999999999,both_detrimental,both_detrimental,True,robust,validated_proxy_row,"FoRCy uses normalized maximum footing moment and contact-area proxy lambda=sqrt(1/A_c/A); measured displacement gate is max(rotation/0.01 rad, sliding/0.1%, settlement/0.1%).",base,0.09531017980432493,0.41989638045071515,0.09531017980432493,0.935102940705755,correct_robust,False,False
FoRCy,FoRCy_Mastersheet_others.csv,1.5_s_H65_0.09,85,1.5218038588185885,1.3158869847151458,0.023697110326332,1.01,2.3390458545622974,16.0,both_detrimental,both_detrimental,True,marginal,validated_proxy_row,"FoRCy uses normalized maximum footing moment and contact-area proxy lambda=sqrt(1/A_c/A); measured displacement gate is max(rotation/0.01 rad, sliding/0.1%, settlement/0.1%).",base,0.009950330853168092,0.41989638045071515,0.009950330853168092,0.8497430917545982,correct_marginal,False,False
FoRCy,FoRCy_Mastersheet_others.csv,1.5_s_H65_0.09,86,1.5218038588185885,1.3158869847151458,0.1766611993526298,1.077,2.494210282538212,23.0,both_detrimental,both_detrimental,True,marginal,validated_proxy_row,"FoRCy uses normalized maximum footing moment and contact-area proxy lambda=sqrt(1/A_c/A); measured displacement gate is max(rotation/0.01 rad, sliding/0.1%, settlement/0.1%).",base,0.07417939817425147,0.41989638045071515,0.07417939817425147,0.9139721590756816,correct_marginal,False,False
FoRCy,FoRCy_Mastersheet_others.csv,1.5_s_H65_0.09,87,1.5218038588185885,1.3158869847151458,0.2868473239673575,1.128,2.612320518758684,24.0,both_detrimental,both_detrimental,True,robust,validated_proxy_row,"FoRCy uses normalized maximum footing moment and contact-area proxy lambda=sqrt(1/A_c/A); measured displacement gate is max(rotation/0.01 rad, sliding/0.1%, settlement/0.1%).",base,0.12044615307586706,0.41989638045071515,0.12044615307586706,0.960238913977297,correct_robust,False,False
FoRCy,FoRCy_Mastersheet_others.csv,1.5_s_H65_0.09,88,1.5218038588185885,1.3158869847151458,0.4657501056190451,1.216,2.8161185734136174,37.99999999999999,both_detrimental,both_detrimental,True,robust,validated_proxy_row,"FoRCy uses normalized maximum footing moment and contact-area proxy lambda=sqrt(1/A_c/A); measured displacement gate is max(rotation/0.01 rad, sliding/0.1%, settlement/0.1%).",base,0.19556678354397525,0.41989638045071515,0.19556678354397525,1.0353595444454053,correct_robust,False,False
FoRCy,FoRCy_Mastersheet_others.csv,LJD01_Spin1_SC_Event4_0.2V,89,3.779644730092272,13.285714285714285,-0.0709300167425674,0.91,13.0,11.06,mixed,mixed,True,marginal,validated_proxy_row,"FoRCy uses normalized maximum footing moment and contact-area proxy lambda=sqrt(1/A_c/A); measured displacement gate is max(rotation/0.01 rad, sliding/0.1%, settlement/0.1%).",base,0.09431067947124129,1.329630018466389,-0.09431067947124129,2.5649493574615367,correct_marginal,False,False
FoRCy,FoRCy_Mastersheet_others.csv,LJD01_Spin1_SC_Event5_0.4V,90,3.779644730092272,13.285714285714285,0.0,1.0,14.285714285714285,12.43,both_detrimental,both_detrimental,True,marginal,validated_proxy_row,"FoRCy uses normalized maximum footing moment and contact-area proxy lambda=sqrt(1/A_c/A); measured displacement gate is max(rotation/0.01 rad, sliding/0.1%, settlement/0.1%).",base,0.0,1.329630018466389,0.0,2.659260036932778,correct_marginal,False,False
FoRCy,FoRCy_Mastersheet_others.csv,LJD01_Spin1_SC_Event6_0.8V,91,3.779644730092272,13.285714285714285,0.0148933365080162,1.02,14.571428571428571,19.41,both_detrimental,both_detrimental,True,marginal,validated_proxy_row,"FoRCy uses normalized maximum footing moment and contact-area proxy lambda=sqrt(1/A_c/A); measured displacement gate is max(rotation/0.01 rad, sliding/0.1%, settlement/0.1%).",base,0.01980262729617973,1.329630018466389,0.01980262729617973,2.6790626642289577,correct_marginal,False,False
FoRCy,FoRCy_Mastersheet_others.csv,LJD01_Spin1_SC_Event7_0.2V,92,3.779644730092272,13.285714285714285,-0.0229080323561291,0.97,13.857142857142856,23.78,mixed,mixed,True,marginal,validated_proxy_row,"FoRCy uses normalized maximum footing moment and contact-area proxy lambda=sqrt(1/A_c/A); measured displacement gate is max(rotation/0.01 rad, sliding/0.1%, settlement/0.1%).",base,0.030459207484708574,1.329630018466389,-0.030459207484708574,2.6288008294480694,correct_marginal,False,False
FoRCy,FoRCy_Mastersheet_others.csv,LJD01_Spin2_MC_Event5_0.2V,93,5.773502691896258,32.333333333333336,-0.0600934128242126,0.9,30.00000000000001,1.067,mixed,mixed,True,marginal,validated_proxy_row,"FoRCy uses normalized maximum footing moment and contact-area proxy lambda=sqrt(1/A_c/A); measured displacement gate is max(rotation/0.01 rad, sliding/0.1%, settlement/0.1%).",base,0.10536051565782628,1.753278948659991,-0.10536051565782628,3.401197381662156,correct_marginal,False,False
FoRCy,FoRCy_Mastersheet_others.csv,LJD01_Spin2_MC_Event6_0.4V,94,5.773502691896258,32.333333333333336,-0.0475575258590645,0.92,30.666666666666675,2.226,mixed,mixed,True,marginal,validated_proxy_row,"FoRCy uses normalized maximum footing moment and contact-area proxy lambda=sqrt(1/A_c/A); measured displacement gate is max(rotation/0.01 rad, sliding/0.1%, settlement/0.1%).",base,0.08338160893905101,1.753278948659991,-0.08338160893905101,3.423176288380931,correct_marginal,False,False
FoRCy,FoRCy_Mastersheet_others.csv,LJD01_Spin2_MC_Event7_0.8V,95,5.773502691896258,32.333333333333336,-0.041391412866903,0.93,31.00000000000001,10.68,mixed,mixed,True,marginal,validated_proxy_row,"FoRCy uses normalized maximum footing moment and contact-area proxy lambda=sqrt(1/A_c/A); measured displacement gate is max(rotation/0.01 rad, sliding/0.1%, settlement/0.1%).",base,0.07257069283483537,1.753278948659991,-0.07257069283483537,3.4339872044851467,correct_marginal,False,False
FoRCy,FoRCy_Mastersheet_others.csv,LJD01_Spin2_MC_Event8_0.2V,96,5.773502691896258,32.333333333333336,-0.0537910293985573,0.91,30.333333333333343,1.4489999999999998,mixed,mixed,True,marginal,validated_proxy_row,"FoRCy uses normalized maximum footing moment and contact-area proxy lambda=sqrt(1/A_c/A); measured displacement gate is max(rotation/0.01 rad, sliding/0.1%, settlement/0.1%).",base,0.09431067947124129,1.753278948659991,-0.09431067947124129,3.4122472178487406,correct_marginal,False,False
FoRCy,FoRCy_Mastersheet_others.csv,LJD01_Spin3_LC_Event4_0.2V,97,7.071067811865476,49.0,-0.0538649775380322,0.9,45.00000000000001,17.54,mixed,mixed,True,marginal,validated_proxy_row,"FoRCy uses normalized maximum footing moment and contact-area proxy lambda=sqrt(1/A_c/A); measured displacement gate is max(rotation/0.01 rad, sliding/0.1%, settlement/0.1%).",base,0.10536051565782628,1.9560115027140732,-0.10536051565782628,3.80666248977032,correct_marginal,False,False
FoRCy,FoRCy_Mastersheet_others.csv,LJD01_Spin3_LC_Event5_0.4V,98,7.071067811865476,49.0,-0.0103285217338891,0.98,49.00000000000001,36.59,mixed,mixed,True,marginal,validated_proxy_row,"FoRCy uses normalized maximum footing moment and contact-area proxy lambda=sqrt(1/A_c/A); measured displacement gate is max(rotation/0.01 rad, sliding/0.1%, settlement/0.1%).",base,0.020202707317519466,1.9560115027140732,-0.020202707317519466,3.891820298110627,correct_marginal,False,False
FoRCy,FoRCy_Mastersheet_others.csv,LJD01_Spin3_LC_Event6_0.8V,99,7.071067811865476,49.0,0.0050870512976848,1.01,50.50000000000001,78.28999999999999,both_detrimental,both_detrimental,True,marginal,validated_proxy_row,"FoRCy uses normalized maximum footing moment and contact-area proxy lambda=sqrt(1/A_c/A); measured displacement gate is max(rotation/0.01 rad, sliding/0.1%, settlement/0.1%).",base,0.009950330853168092,1.9560115027140732,0.009950330853168092,3.9219733362813143,correct_marginal,False,False
FoRCy,FoRCy_Mastersheet_others.csv,LJD01_Spin3_LC_Event7_0.2V,100,7.071067811865476,49.0,-0.0051381782978045,0.99,49.50000000000001,21.32,mixed,mixed,True,marginal,validated_proxy_row,"FoRCy uses normalized maximum footing moment and contact-area proxy lambda=sqrt(1/A_c/A); measured displacement gate is max(rotation/0.01 rad, sliding/0.1%, settlement/0.1%).",base,0.01005033585350145,1.9560115027140732,-0.01005033585350145,3.901972669574645,correct_marginal,False,False
FoRCy,FoRCy_Mastersheet_others.csv,LJD01_Spin4_SC_Event4_0.2V,101,3.779644730092272,13.285714285714285,-0.2264578029993786,0.74,10.571428571428571,5.681,mixed,mixed,True,robust,validated_proxy_row,"FoRCy uses normalized maximum footing moment and contact-area proxy lambda=sqrt(1/A_c/A); measured displacement gate is max(rotation/0.01 rad, sliding/0.1%, settlement/0.1%).",base,0.3011050927839216,1.329630018466389,-0.3011050927839216,2.3581549441488563,correct_robust,False,False
FoRCy,FoRCy_Mastersheet_others.csv,LJD01_Spin4_SC_Event5_0.4V,102,3.779644730092272,13.285714285714285,-0.1311292500344412,0.84,11.999999999999998,10.34,mixed,mixed,True,robust,validated_proxy_row,"FoRCy uses normalized maximum footing moment and contact-area proxy lambda=sqrt(1/A_c/A); measured displacement gate is max(rotation/0.01 rad, sliding/0.1%, settlement/0.1%).",base,0.1743533871447778,1.329630018466389,-0.1743533871447778,2.4849066497880004,correct_robust,False,False
FoRCy,FoRCy_Mastersheet_others.csv,LJD01_Spin4_SC_Event6_0.8V,103,3.779644730092272,13.285714285714285,-0.0961420618777315,0.88,12.571428571428571,16.89,mixed,mixed,True,robust,validated_proxy_row,"FoRCy uses normalized maximum footing moment and contact-area proxy lambda=sqrt(1/A_c/A); measured displacement gate is max(rotation/0.01 rad, sliding/0.1%, settlement/0.1%).",base,0.12783337150988489,1.329630018466389,-0.12783337150988489,2.531426665422893,correct_robust,False,False
FoRCy,FoRCy_Mastersheet_others.csv,LJD01_Spin4_SC_Event7_0.2V,104,3.779644730092272,13.285714285714285,-0.3125045600586892,0.66,9.428571428571429,19.03,mixed,mixed,True,robust,validated_proxy_row,"FoRCy uses normalized maximum footing moment and contact-area proxy lambda=sqrt(1/A_c/A); measured displacement gate is max(rotation/0.01 rad, sliding/0.1%, settlement/0.1%).",base,0.4155154439616658,1.329630018466389,-0.4155154439616658,2.243744592971112,correct_robust,False,False
FoRCy,FoRCy_Mastersheet_others.csv,P2011SQF1,105,1.9104017997521752,2.64963503649635,0.0,1.0,3.64963503649635,10.2,both_detrimental,both_detrimental,True,marginal,validated_proxy_row,"FoRCy uses normalized maximum footing moment and contact-area proxy lambda=sqrt(1/A_c/A); measured displacement gate is max(rotation/0.01 rad, sliding/0.1%, settlement/0.1%).",base,0.0,0.6473135862970334,0.0,1.2946271725940668,correct_marginal,False,False
FoRCy,FoRCy_Mastersheet_others.csv,P2011SQF2,106,1.9104017997521752,2.64963503649635,-1.0102158849275196,0.52,1.897810218978102,3.0,mixed,mixed,True,robust,validated_proxy_row,"FoRCy uses normalized maximum footing moment and contact-area proxy lambda=sqrt(1/A_c/A); measured displacement gate is max(rotation/0.01 rad, sliding/0.1%, settlement/0.1%).",base,0.6407007051874027,0.6473135862970334,-0.6539264674066639,0.6407007051874027,correct_robust,False,False
FoRCy,FoRCy_Mastersheet_others.csv,P2011SQF2,107,1.9104017997521752,2.64963503649635,-0.42396274620417,0.76,2.773722627737226,7.6,mixed,mixed,True,robust,validated_proxy_row,"FoRCy uses normalized maximum footing moment and contact-area proxy lambda=sqrt(1/A_c/A); measured displacement gate is max(rotation/0.01 rad, sliding/0.1%, settlement/0.1%).",base,0.2744368457017603,0.6473135862970334,-0.2744368457017603,1.0201903268923065,correct_robust,False,False
FoRCy,FoRCy_Mastersheet_others.csv,P2011SQF2,108,1.9104017997521752,2.64963503649635,-0.2151384897235948,0.87,3.1751824817518246,13.0,mixed,mixed,True,robust,validated_proxy_row,"FoRCy uses normalized maximum footing moment and contact-area proxy lambda=sqrt(1/A_c/A); measured displacement gate is max(rotation/0.01 rad, sliding/0.1%, settlement/0.1%).",base,0.13926206733350766,0.6473135862970334,-0.13926206733350766,1.1553651052605591,correct_robust,False,False
FoRCy,FoRCy_Mastersheet_others.csv,P2011SQF2,109,1.9104017997521752,2.64963503649635,-0.1121105664566335,0.93,3.3941605839416056,18.9,mixed,mixed,True,marginal,validated_proxy_row,"FoRCy uses normalized maximum footing moment and contact-area proxy lambda=sqrt(1/A_c/A); measured displacement gate is max(rotation/0.01 rad, sliding/0.1%, settlement/0.1%).",base,0.07257069283483537,0.6473135862970334,-0.07257069283483537,1.2220564797592313,correct_marginal,False,False
FoRCy,FoRCy_Mastersheet_others.csv,P2011SQF2,110,1.9104017997521752,2.64963503649635,-0.063063707273283,0.96,3.503649635036496,24.3,mixed,mixed,True,marginal,validated_proxy_row,"FoRCy uses normalized maximum footing moment and contact-area proxy lambda=sqrt(1/A_c/A); measured displacement gate is max(rotation/0.01 rad, sliding/0.1%, settlement/0.1%).",base,0.040821994520255166,0.6473135862970334,-0.040821994520255166,1.2538051780738115,correct_marginal,False,False
FoRCy,FoRCy_Mastersheet_others.csv,P2011SQF2,111,1.9104017997521752,2.64963503649635,-0.0470547940434108,0.97,3.5401459854014594,30.1,mixed,mixed,True,marginal,validated_proxy_row,"FoRCy uses normalized maximum footing moment and contact-area proxy lambda=sqrt(1/A_c/A); measured displacement gate is max(rotation/0.01 rad, sliding/0.1%, settlement/0.1%).",base,0.030459207484708574,0.6473135862970334,-0.030459207484708574,1.2641679651093582,correct_marginal,False,False
FoRCy,FoRCy_Mastersheet_others.csv,P2011SQF2,112,1.9104017997521752,2.64963503649635,-0.0792402561499977,0.95,3.4671532846715323,35.6,mixed,mixed,True,marginal,validated_proxy_row,"FoRCy uses normalized maximum footing moment and contact-area proxy lambda=sqrt(1/A_c/A); measured displacement gate is max(rotation/0.01 rad, sliding/0.1%, settlement/0.1%).",base,0.05129329438755058,0.6473135862970334,-0.05129329438755058,1.2433338782065162,correct_marginal,False,False
FoRCy,FoRCy_Mastersheet_others.csv,P2011SQF2,113,1.9104017997521752,2.64963503649635,-0.0312100776890677,0.98,3.5766423357664228,42.7,mixed,mixed,True,marginal,validated_proxy_row,"FoRCy uses normalized maximum footing moment and contact-area proxy lambda=sqrt(1/A_c/A); measured displacement gate is max(rotation/0.01 rad, sliding/0.1%, settlement/0.1%).",base,0.020202707317519466,0.6473135862970334,-0.020202707317519466,1.2744244652765473,correct_marginal,False,False
FoRCy,FoRCy_Mastersheet_others.csv,P2011SQF2,114,1.9104017997521752,2.64963503649635,0.0,1.0,3.64963503649635,50.49999999999999,both_detrimental,both_detrimental,True,marginal,validated_proxy_row,"FoRCy uses normalized maximum footing moment and contact-area proxy lambda=sqrt(1/A_c/A); measured displacement gate is max(rotation/0.01 rad, sliding/0.1%, settlement/0.1%).",base,0.0,0.6473135862970334,0.0,1.2946271725940668,correct_marginal,False,False
FoRCy,FoRCy_Mastersheet_others.csv,P2011SQF2,115,1.9104017997521752,2.64963503649635,0.0456638063332425,1.03,3.75912408759124,58.3,both_detrimental,both_detrimental,True,marginal,validated_proxy_row,"FoRCy uses normalized maximum footing moment and contact-area proxy lambda=sqrt(1/A_c/A); measured displacement gate is max(rotation/0.01 rad, sliding/0.1%, settlement/0.1%).",base,0.02955880224154443,0.6473135862970334,0.02955880224154443,1.324185974835611,correct_marginal,False,False
FoRCy,FoRCy_Mastersheet_others.csv,P2011SQF2,116,1.9104017997521752,2.64963503649635,0.0456638063332425,1.03,3.75912408759124,68.89999999999999,both_detrimental,both_detrimental,True,marginal,validated_proxy_row,"FoRCy uses normalized maximum footing moment and contact-area proxy lambda=sqrt(1/A_c/A); measured displacement gate is max(rotation/0.01 rad, sliding/0.1%, settlement/0.1%).",base,0.02955880224154443,0.6473135862970334,0.02955880224154443,1.324185974835611,correct_marginal,False,False
FoRCy,FoRCy_Mastersheet_others.csv,P2011SQF2,117,1.9104017997521752,2.64963503649635,0.1045222128904432,1.07,3.905109489051095,81.19999999999999,both_detrimental,both_detrimental,True,marginal,validated_proxy_row,"FoRCy uses normalized maximum footing moment and contact-area proxy lambda=sqrt(1/A_c/A); measured displacement gate is max(rotation/0.01 rad, sliding/0.1%, settlement/0.1%).",base,0.06765864847381486,0.6473135862970334,0.06765864847381486,1.3622858210678817,correct_marginal,False,False
FoRCy,FoRCy_Mastersheet_others.csv,P2011SQF2,118,1.9104017997521752,2.64963503649635,0.1045222128904432,1.07,3.905109489051095,94.8,both_detrimental,both_detrimental,True,marginal,validated_proxy_row,"FoRCy uses normalized maximum footing moment and contact-area proxy lambda=sqrt(1/A_c/A); measured displacement gate is max(rotation/0.01 rad, sliding/0.1%, settlement/0.1%).",base,0.06765864847381486,0.6473135862970334,0.06765864847381486,1.3622858210678817,correct_marginal,False,False
FoRCy,FoRCy_Mastersheet_others.csv,P2011SQF2,119,1.9104017997521752,2.64963503649635,0.2159107198331319,1.15,4.197080291970802,110.6,both_detrimental,both_detrimental,True,robust,validated_proxy_row,"FoRCy uses normalized maximum footing moment and contact-area proxy lambda=sqrt(1/A_c/A); measured displacement gate is max(rotation/0.01 rad, sliding/0.1%, settlement/0.1%).",base,0.13976194237515863,0.6473135862970334,0.13976194237515863,1.4343891149692254,correct_robust,False,False
FoRCy,FoRCy_Mastersheet_others.csv,P2011SQF3,120,1.9104017997521752,2.64963503649635,-0.2878505598150573,0.83,3.0291970802919703,4.4,mixed,mixed,True,robust,validated_proxy_row,"FoRCy uses normalized maximum footing moment and contact-area proxy lambda=sqrt(1/A_c/A); measured displacement gate is max(rotation/0.01 rad, sliding/0.1%, settlement/0.1%).",base,0.18632957819149348,0.6473135862970334,-0.18632957819149348,1.1082975944025732,correct_robust,False,False
FoRCy,FoRCy_Mastersheet_others.csv,P2011SQF3,121,1.9104017997521752,2.64963503649635,-0.0470547940434108,0.97,3.5401459854014594,9.8,mixed,mixed,True,marginal,validated_proxy_row,"FoRCy uses normalized maximum footing moment and contact-area proxy lambda=sqrt(1/A_c/A); measured displacement gate is max(rotation/0.01 rad, sliding/0.1%, settlement/0.1%).",base,0.030459207484708574,0.6473135862970334,-0.030459207484708574,1.2641679651093582,correct_marginal,False,False
FoRCy,FoRCy_Mastersheet_others.csv,P2011SQF3,122,1.9104017997521752,2.64963503649635,0.0153717318218038,1.01,3.686131386861313,16.0,both_detrimental,both_detrimental,True,marginal,validated_proxy_row,"FoRCy uses normalized maximum footing moment and contact-area proxy lambda=sqrt(1/A_c/A); measured displacement gate is max(rotation/0.01 rad, sliding/0.1%, settlement/0.1%).",base,0.009950330853168092,0.6473135862970334,0.009950330853168092,1.3045775034472347,correct_marginal,False,False
FoRCy,FoRCy_Mastersheet_others.csv,P2011SQF3,123,1.9104017997521752,2.64963503649635,0.0153717318218038,1.01,3.686131386861313,22.6,both_detrimental,both_detrimental,True,marginal,validated_proxy_row,"FoRCy uses normalized maximum footing moment and contact-area proxy lambda=sqrt(1/A_c/A); measured displacement gate is max(rotation/0.01 rad, sliding/0.1%, settlement/0.1%).",base,0.009950330853168092,0.6473135862970334,0.009950330853168092,1.3045775034472347,correct_marginal,False,False
FoRCy,FoRCy_Mastersheet_others.csv,P2011SQF3,124,1.9104017997521752,2.64963503649635,0.0900165072346216,1.06,3.868613138686131,29.1,both_detrimental,both_detrimental,True,marginal,validated_proxy_row,"FoRCy uses normalized maximum footing moment and contact-area proxy lambda=sqrt(1/A_c/A); measured displacement gate is max(rotation/0.01 rad, sliding/0.1%, settlement/0.1%).",base,0.058268908123975824,0.6473135862970334,0.058268908123975824,1.3528960807180426,correct_marginal,False,False
FoRCy,FoRCy_Mastersheet_others.csv,P2011SQF3,125,1.9104017997521752,2.64963503649635,0.0153717318218038,1.01,3.686131386861313,36.0,both_detrimental,both_detrimental,True,marginal,validated_proxy_row,"FoRCy uses normalized maximum footing moment and contact-area proxy lambda=sqrt(1/A_c/A); measured displacement gate is max(rotation/0.01 rad, sliding/0.1%, settlement/0.1%).",base,0.009950330853168092,0.6473135862970334,0.009950330853168092,1.3045775034472347,correct_marginal,False,False
FoRCy,FoRCy_Mastersheet_others.csv,P2011SQF3,126,1.9104017997521752,2.64963503649635,0.0605899736751146,1.04,3.795620437956204,50.4,both_detrimental,both_detrimental,True,marginal,validated_proxy_row,"FoRCy uses normalized maximum footing moment and contact-area proxy lambda=sqrt(1/A_c/A); measured displacement gate is max(rotation/0.01 rad, sliding/0.1%, settlement/0.1%).",base,0.03922071315328133,0.6473135862970334,0.03922071315328133,1.3338478857473481,correct_marginal,False,False
FoRCy,FoRCy_Mastersheet_others.csv,P2011SQF4,127,1.9104017997521752,2.64963503649635,-0.0470547940434108,0.97,3.5401459854014594,24.2,mixed,mixed,True,marginal,validated_proxy_row,"FoRCy uses normalized maximum footing moment and contact-area proxy lambda=sqrt(1/A_c/A); measured displacement gate is max(rotation/0.01 rad, sliding/0.1%, settlement/0.1%).",base,0.030459207484708574,0.6473135862970334,-0.030459207484708574,1.2641679651093582,correct_marginal,False,False
FoRCy,FoRCy_Mastersheet_others.csv,P2011SQF4,128,1.9104017997521752,2.64963503649635,0.1612201837462362,1.11,4.0510948905109485,48.89999999999999,both_detrimental,both_detrimental,True,robust,validated_proxy_row,"FoRCy uses normalized maximum footing moment and contact-area proxy lambda=sqrt(1/A_c/A); measured displacement gate is max(rotation/0.01 rad, sliding/0.1%, settlement/0.1%).",base,0.10436001532424286,0.6473135862970334,0.10436001532424286,1.3989871879183096,correct_robust,False,False
FoRCy,FoRCy_Mastersheet_others.csv,P2011SQF4,129,1.9104017997521752,2.64963503649635,0.3071940137742115,1.22,4.452554744525547,72.0,both_detrimental,both_detrimental,True,robust,validated_proxy_row,"FoRCy uses normalized maximum footing moment and contact-area proxy lambda=sqrt(1/A_c/A); measured displacement gate is max(rotation/0.01 rad, sliding/0.1%, settlement/0.1%).",base,0.19885085874516517,0.6473135862970334,0.19885085874516517,1.493478031339232,correct_robust,False,False
FoRCy,FoRCy_Mastersheet_others.csv,P2011SQF4,130,1.9104017997521752,2.64963503649635,0.2159107198331319,1.15,4.197080291970802,97.1,both_detrimental,both_detrimental,True,robust,validated_proxy_row,"FoRCy uses normalized maximum footing moment and contact-area proxy lambda=sqrt(1/A_c/A); measured displacement gate is max(rotation/0.01 rad, sliding/0.1%, settlement/0.1%).",base,0.13976194237515863,0.6473135862970334,0.13976194237515863,1.4343891149692254,correct_robust,False,False
FoRCy,FoRCy_Mastersheet_others.csv,P2011SQF4,131,1.9104017997521752,2.64963503649635,0.1331312953494969,1.09,3.978102189781022,141.89999999999998,both_detrimental,both_detrimental,True,marginal,validated_proxy_row,"FoRCy uses normalized maximum footing moment and contact-area proxy lambda=sqrt(1/A_c/A); measured displacement gate is max(rotation/0.01 rad, sliding/0.1%, settlement/0.1%).",base,0.08617769624105241,0.6473135862970334,0.08617769624105241,1.380804868835119,correct_marginal,False,False
FoRCy,FoRCy_Mastersheet_others.csv,P2011SQF5,132,1.4314958357846703,1.0491803278688523,0.1360118554789607,1.05,2.151639344262295,9.4,both_detrimental,both_detrimental,True,marginal,validated_proxy_row,"FoRCy uses normalized maximum footing moment and contact-area proxy lambda=sqrt(1/A_c/A); measured displacement gate is max(rotation/0.01 rad, sliding/0.1%, settlement/0.1%).",base,0.04879016416943204,0.3587199365644948,0.04879016416943204,0.7662300372984219,correct_marginal,False,False
FoRCy,FoRCy_Mastersheet_others.csv,P2011SQF6,133,1.4314958357846703,1.0491803278688523,-1.6665842620323228,0.55,1.1270491803278688,4.3,mixed,mixed,True,marginal,validated_proxy_row,"FoRCy uses normalized maximum footing moment and contact-area proxy lambda=sqrt(1/A_c/A); measured displacement gate is max(rotation/0.01 rad, sliding/0.1%, settlement/0.1%).",base,0.11960287237336921,0.3587199365644948,-0.5978370007556204,0.1196028723733694,correct_marginal,False,False
FoRCy,FoRCy_Mastersheet_others.csv,P2011SQF6,134,1.4314958357846703,1.0491803278688523,-0.8393876729228997,0.74,1.5163934426229506,11.9,mixed,mixed,True,robust,validated_proxy_row,"FoRCy uses normalized maximum footing moment and contact-area proxy lambda=sqrt(1/A_c/A); measured displacement gate is max(rotation/0.01 rad, sliding/0.1%, settlement/0.1%).",base,0.3011050927839216,0.3587199365644948,-0.3011050927839216,0.4163347803450681,correct_robust,False,False
FoRCy,FoRCy_Mastersheet_others.csv,P2011SQF6,135,1.4314958357846703,1.0491803278688523,-0.388219480264291,0.87,1.7827868852459017,20.2,mixed,mixed,True,robust,validated_proxy_row,"FoRCy uses normalized maximum footing moment and contact-area proxy lambda=sqrt(1/A_c/A); measured displacement gate is max(rotation/0.01 rad, sliding/0.1%, settlement/0.1%).",base,0.13926206733350766,0.3587199365644948,-0.13926206733350766,0.5781778057954823,correct_robust,False,False
FoRCy,FoRCy_Mastersheet_others.csv,P2011SQF6,136,1.4314958357846703,1.0491803278688523,-0.0849108298145348,0.97,1.9877049180327864,31.1,mixed,mixed,True,marginal,validated_proxy_row,"FoRCy uses normalized maximum footing moment and contact-area proxy lambda=sqrt(1/A_c/A); measured displacement gate is max(rotation/0.01 rad, sliding/0.1%, settlement/0.1%).",base,0.030459207484708574,0.3587199365644948,-0.030459207484708574,0.6869806656442811,correct_marginal,False,False
FoRCy,FoRCy_Mastersheet_others.csv,P2011SQF6,137,1.4314958357846703,1.0491803278688523,0.0824007790719209,1.03,2.110655737704918,42.8,both_detrimental,both_detrimental,True,marginal,validated_proxy_row,"FoRCy uses normalized maximum footing moment and contact-area proxy lambda=sqrt(1/A_c/A); measured displacement gate is max(rotation/0.01 rad, sliding/0.1%, settlement/0.1%).",base,0.02955880224154443,0.3587199365644948,0.02955880224154443,0.7469986753705342,correct_marginal,False,False
FoRCy,FoRCy_Mastersheet_others.csv,P2011SQF6,138,1.4314958357846703,1.0491803278688523,0.2145435290639092,1.08,2.2131147540983607,55.0,both_detrimental,both_detrimental,True,marginal,validated_proxy_row,"FoRCy uses normalized maximum footing moment and contact-area proxy lambda=sqrt(1/A_c/A); measured displacement gate is max(rotation/0.01 rad, sliding/0.1%, settlement/0.1%).",base,0.0769610411361284,0.3587199365644948,0.0769610411361284,0.7944009142651182,correct_marginal,False,False
FoRCy,FoRCy_Mastersheet_others.csv,P2011SQF6,139,1.4314958357846703,1.0491803278688523,0.3652661841471032,1.14,2.336065573770492,68.7,both_detrimental,both_detrimental,True,robust,validated_proxy_row,"FoRCy uses normalized maximum footing moment and contact-area proxy lambda=sqrt(1/A_c/A); measured displacement gate is max(rotation/0.01 rad, sliding/0.1%, settlement/0.1%).",base,0.131028262406404,0.3587199365644948,0.131028262406404,0.8484681355353941,correct_robust,False,False
FoRCy,FoRCy_Mastersheet_others.csv,P2011SQF6,140,1.4314958357846703,1.0491803278688523,0.9179967812672551,1.39,2.8483606557377046,82.89999999999999,both_detrimental,both_detrimental,True,robust,validated_proxy_row,"FoRCy uses normalized maximum footing moment and contact-area proxy lambda=sqrt(1/A_c/A); measured displacement gate is max(rotation/0.01 rad, sliding/0.1%, settlement/0.1%).",base,0.3293037471426003,0.3587199365644948,0.3293037471426003,1.04674362027159,correct_robust,False,False
FoRCy,FoRCy_Mastersheet_others.csv,P2011SQF6,141,1.4314958357846703,1.0491803278688523,0.9970854915322191,1.43,2.9303278688524586,99.5,both_detrimental,both_detrimental,True,robust,validated_proxy_row,"FoRCy uses normalized maximum footing moment and contact-area proxy lambda=sqrt(1/A_c/A); measured displacement gate is max(rotation/0.01 rad, sliding/0.1%, settlement/0.1%).",base,0.3576744442718159,0.3587199365644948,0.3576744442718159,1.0751143174008055,correct_robust,False,False
FoRCy,FoRCy_Mastersheet_others.csv,P2011SQF6,142,1.4314958357846703,1.0491803278688523,1.0928918295722816,1.48,3.032786885245901,117.2,both_detrimental,both_detrimental,True,robust,validated_proxy_row,"FoRCy uses normalized maximum footing moment and contact-area proxy lambda=sqrt(1/A_c/A); measured displacement gate is max(rotation/0.01 rad, sliding/0.1%, settlement/0.1%).",base,0.3920420877760237,0.3587199365644948,0.3920420877760237,1.1094819609050133,correct_robust,False,False
FoRCy,FoRCy_Mastersheet_others.csv,P2011SQF6,143,1.4314958357846703,1.0491803278688523,1.3960062903346713,1.65,3.3811475409836063,136.3,both_detrimental,both_detrimental,True,robust,validated_proxy_row,"FoRCy uses normalized maximum footing moment and contact-area proxy lambda=sqrt(1/A_c/A); measured displacement gate is max(rotation/0.01 rad, sliding/0.1%, settlement/0.1%).",base,0.5007752879124892,0.3587199365644948,0.5007752879124892,1.218215161041479,correct_robust,False,False
FoRCy,FoRCy_Mastersheet_others.csv,P2011SQF6,144,1.4314958357846703,1.0491803278688523,1.511832032585834,1.72,3.524590163934426,160.0,both_detrimental,both_detrimental,True,robust,validated_proxy_row,"FoRCy uses normalized maximum footing moment and contact-area proxy lambda=sqrt(1/A_c/A); measured displacement gate is max(rotation/0.01 rad, sliding/0.1%, settlement/0.1%).",base,0.5423242908253617,0.3587199365644948,0.5423242908253617,1.2597641639543515,correct_robust,False,False
FoRCy,FoRCy_Mastersheet_others.csv,P2011SQF6,145,1.4314958357846703,1.0491803278688523,1.7745788961944124,1.89,3.8729508196721305,183.7,both_detrimental,both_detrimental,True,robust,validated_proxy_row,"FoRCy uses normalized maximum footing moment and contact-area proxy lambda=sqrt(1/A_c/A); measured displacement gate is max(rotation/0.01 rad, sliding/0.1%, settlement/0.1%).",base,0.636576829071551,0.3587199365644948,0.636576829071551,1.3540167022005407,correct_robust,False,False
FoRCy,FoRCy_Mastersheet_others.csv,P2011SQF6,146,1.4314958357846703,1.0491803278688523,2.0281800176625264,2.07,4.241803278688524,207.5,both_detrimental,both_detrimental,True,robust,validated_proxy_row,"FoRCy uses normalized maximum footing moment and contact-area proxy lambda=sqrt(1/A_c/A); measured displacement gate is max(rotation/0.01 rad, sliding/0.1%, settlement/0.1%).",base,0.7275486072772777,0.3587199365644948,0.7275486072772777,1.4449884804062674,correct_robust,False,False
FoRCy,FoRCy_Mastersheet_others.csv,P2011SQF7,147,1.4314958357846703,1.0491803278688523,-0.1137990681845353,0.96,1.967213114754098,53.8,mixed,mixed,True,marginal,validated_proxy_row,"FoRCy uses normalized maximum footing moment and contact-area proxy lambda=sqrt(1/A_c/A); measured displacement gate is max(rotation/0.01 rad, sliding/0.1%, settlement/0.1%).",base,0.040821994520255166,0.3587199365644948,-0.040821994520255166,0.6766178786087346,correct_marginal,False,False
FoRCy,FoRCy_Mastersheet_others.csv,P2011SQF7,148,1.4314958357846703,1.0491803278688523,0.8365985880920834,1.35,2.7663934426229506,121.0,both_detrimental,both_detrimental,True,robust,validated_proxy_row,"FoRCy uses normalized maximum footing moment and contact-area proxy lambda=sqrt(1/A_c/A); measured displacement gate is max(rotation/0.01 rad, sliding/0.1%, settlement/0.1%).",base,0.30010459245033816,0.3587199365644948,0.30010459245033816,1.017544465579328,correct_robust,False,False
FoRCy,FoRCy_Mastersheet_others.csv,P2011SQF7,149,1.4314958357846703,1.0491803278688523,1.0928918295722816,1.48,3.032786885245901,172.89999999999998,both_detrimental,both_detrimental,True,robust,validated_proxy_row,"FoRCy uses normalized maximum footing moment and contact-area proxy lambda=sqrt(1/A_c/A); measured displacement gate is max(rotation/0.01 rad, sliding/0.1%, settlement/0.1%).",base,0.3920420877760237,0.3587199365644948,0.3920420877760237,1.1094819609050133,correct_robust,False,False
FoRCy,FoRCy_Mastersheet_others.csv,P2011SQF7,150,1.4314958357846703,1.0491803278688523,1.3790597940384188,1.64,3.360655737704917,210.0,both_detrimental,both_detrimental,True,robust,validated_proxy_row,"FoRCy uses normalized maximum footing moment and contact-area proxy lambda=sqrt(1/A_c/A); measured displacement gate is max(rotation/0.01 rad, sliding/0.1%, settlement/0.1%).",base,0.494696241836107,0.3587199365644948,0.494696241836107,1.2121361149650967,correct_robust,False,False
FoRCy,FoRCy_Mastersheet_others.csv,P2011SQF7,151,1.4314958357846703,1.0491803278688523,1.575919683929866,1.76,3.60655737704918,263.79999999999995,both_detrimental,both_detrimental,True,robust,validated_proxy_row,"FoRCy uses normalized maximum footing moment and contact-area proxy lambda=sqrt(1/A_c/A); measured displacement gate is max(rotation/0.01 rad, sliding/0.1%, settlement/0.1%).",base,0.5653138090500605,0.3587199365644948,0.5653138090500605,1.2827536821790502,correct_robust,False,False
FoRCy,FoRCy_Mastersheet_others.csv,P2011SQF8,152,1.7329174830334544,2.003003003003003,0.0,1.0,3.003003003003003,10.3,both_detrimental,both_detrimental,True,marginal,validated_proxy_row,"FoRCy uses normalized maximum footing moment and contact-area proxy lambda=sqrt(1/A_c/A); measured displacement gate is max(rotation/0.01 rad, sliding/0.1%, settlement/0.1%).",base,0.0,0.5498063945008466,0.0,1.0996127890016931,correct_marginal,False,False
FoRCy,FoRCy_Mastersheet_others.csv,P2011SQF9,153,1.7329174830334544,2.003003003003003,-0.7835174716066183,0.65,1.951951951951952,2.5,mixed,mixed,True,robust,validated_proxy_row,"FoRCy uses normalized maximum footing moment and contact-area proxy lambda=sqrt(1/A_c/A); measured displacement gate is max(rotation/0.01 rad, sliding/0.1%, settlement/0.1%).",base,0.4307829160924542,0.5498063945008466,-0.4307829160924542,0.6688298729092389,correct_robust,False,False
FoRCy,FoRCy_Mastersheet_others.csv,P2011SQF9,154,1.7329174830334544,2.003003003003003,-0.2955930144197781,0.85,2.5525525525525525,7.199999999999999,mixed,mixed,True,robust,validated_proxy_row,"FoRCy uses normalized maximum footing moment and contact-area proxy lambda=sqrt(1/A_c/A); measured displacement gate is max(rotation/0.01 rad, sliding/0.1%, settlement/0.1%).",base,0.16251892949777494,0.5498063945008466,-0.16251892949777494,0.9370938595039183,correct_robust,False,False
FoRCy,FoRCy_Mastersheet_others.csv,P2011SQF9,155,1.7329174830334544,2.003003003003003,-0.1125403493610918,0.94,2.8228228228228227,12.4,mixed,mixed,True,marginal,validated_proxy_row,"FoRCy uses normalized maximum footing moment and contact-area proxy lambda=sqrt(1/A_c/A); measured displacement gate is max(rotation/0.01 rad, sliding/0.1%, settlement/0.1%).",base,0.06187540371808753,0.5498063945008466,-0.06187540371808753,1.0377373852836058,correct_marginal,False,False
FoRCy,FoRCy_Mastersheet_others.csv,P2011SQF9,156,1.7329174830334544,2.003003003003003,0.0,1.0,3.003003003003003,18.0,both_detrimental,both_detrimental,True,marginal,validated_proxy_row,"FoRCy uses normalized maximum footing moment and contact-area proxy lambda=sqrt(1/A_c/A); measured displacement gate is max(rotation/0.01 rad, sliding/0.1%, settlement/0.1%).",base,0.0,0.5498063945008466,0.0,1.0996127890016931,correct_marginal,False,False
FoRCy,FoRCy_Mastersheet_others.csv,P2011SQF9,157,1.7329174830334544,2.003003003003003,0.0360174554065671,1.02,3.063063063063063,23.8,both_detrimental,both_detrimental,True,marginal,validated_proxy_row,"FoRCy uses normalized maximum footing moment and contact-area proxy lambda=sqrt(1/A_c/A); measured displacement gate is max(rotation/0.01 rad, sliding/0.1%, settlement/0.1%).",base,0.01980262729617973,0.5498063945008466,0.01980262729617973,1.119415416297873,correct_marginal,False,False
FoRCy,FoRCy_Mastersheet_others.csv,P2011SQF9,158,1.7329174830334544,2.003003003003003,0.0887406269869364,1.05,3.153153153153153,29.9,both_detrimental,both_detrimental,True,marginal,validated_proxy_row,"FoRCy uses normalized maximum footing moment and contact-area proxy lambda=sqrt(1/A_c/A); measured displacement gate is max(rotation/0.01 rad, sliding/0.1%, settlement/0.1%).",base,0.04879016416943204,0.5498063945008466,0.04879016416943204,1.148402953171125,correct_marginal,False,False
FoRCy,FoRCy_Mastersheet_others.csv,P2011SQF9,159,1.7329174830334544,2.003003003003003,0.1230590425112101,1.07,3.2132132132132134,35.7,both_detrimental,both_detrimental,True,marginal,validated_proxy_row,"FoRCy uses normalized maximum footing moment and contact-area proxy lambda=sqrt(1/A_c/A); measured displacement gate is max(rotation/0.01 rad, sliding/0.1%, settlement/0.1%).",base,0.06765864847381486,0.5498063945008466,0.06765864847381486,1.167271437475508,correct_marginal,False,False
FoRCy,FoRCy_Mastersheet_others.csv,P2011SQF9,160,1.7329174830334544,2.003003003003003,0.1567418951525485,1.09,3.273273273273273,42.6,both_detrimental,both_detrimental,True,marginal,validated_proxy_row,"FoRCy uses normalized maximum footing moment and contact-area proxy lambda=sqrt(1/A_c/A); measured displacement gate is max(rotation/0.01 rad, sliding/0.1%, settlement/0.1%).",base,0.08617769624105241,0.5498063945008466,0.08617769624105241,1.1857904852427454,correct_marginal,False,False
FoRCy,FoRCy_Mastersheet_others.csv,P2011SQF9,161,1.7329174830334544,2.003003003003003,0.1898122982345236,1.11,3.333333333333333,49.7,both_detrimental,both_detrimental,True,robust,validated_proxy_row,"FoRCy uses normalized maximum footing moment and contact-area proxy lambda=sqrt(1/A_c/A); measured displacement gate is max(rotation/0.01 rad, sliding/0.1%, settlement/0.1%).",base,0.10436001532424286,0.5498063945008466,0.10436001532424286,1.203972804325936,correct_robust,False,False
FoRCy,FoRCy_Mastersheet_others.csv,P2011SQF9,162,1.7329174830334544,2.003003003003003,0.2061247130635705,1.12,3.3633633633633635,57.6,both_detrimental,both_detrimental,True,robust,validated_proxy_row,"FoRCy uses normalized maximum footing moment and contact-area proxy lambda=sqrt(1/A_c/A); measured displacement gate is max(rotation/0.01 rad, sliding/0.1%, settlement/0.1%).",base,0.11332868530700327,0.5498063945008466,0.11332868530700327,1.2129414743086964,correct_robust,False,False
FoRCy,FoRCy_Mastersheet_others.csv,P2011SQF9,163,1.7329174830334544,2.003003003003003,0.2222921267316416,1.13,3.393393393393393,66.6,both_detrimental,both_detrimental,True,robust,validated_proxy_row,"FoRCy uses normalized maximum footing moment and contact-area proxy lambda=sqrt(1/A_c/A); measured displacement gate is max(rotation/0.01 rad, sliding/0.1%, settlement/0.1%).",base,0.12221763272424911,0.5498063945008466,0.12221763272424911,1.2218304217259424,correct_robust,False,False
FoRCy,FoRCy_Mastersheet_others.csv,P2011SQF9,164,1.7329174830334544,2.003003003003003,0.2699495797116355,1.16,3.483483483483483,78.0,both_detrimental,both_detrimental,True,robust,validated_proxy_row,"FoRCy uses normalized maximum footing moment and contact-area proxy lambda=sqrt(1/A_c/A); measured displacement gate is max(rotation/0.01 rad, sliding/0.1%, settlement/0.1%).",base,0.14842000511827322,0.5498063945008466,0.14842000511827322,1.2480327941199665,correct_robust,False,False
FoRCy,FoRCy_Mastersheet_others.csv,P2011SQF9,165,1.7329174830334544,2.003003003003003,0.3316104698263451,1.2,3.603603603603603,91.2,both_detrimental,both_detrimental,True,robust,validated_proxy_row,"FoRCy uses normalized maximum footing moment and contact-area proxy lambda=sqrt(1/A_c/A); measured displacement gate is max(rotation/0.01 rad, sliding/0.1%, settlement/0.1%).",base,0.1823215567939546,0.5498063945008466,0.1823215567939546,1.2819343457956478,correct_robust,False,False
FoRCy,FoRCy_Mastersheet_others.csv,P2011SQF9,166,1.7329174830334544,2.003003003003003,0.3912493229771162,1.24,3.7237237237237233,105.1,both_detrimental,both_detrimental,True,robust,validated_proxy_row,"FoRCy uses normalized maximum footing moment and contact-area proxy lambda=sqrt(1/A_c/A); measured displacement gate is max(rotation/0.01 rad, sliding/0.1%, settlement/0.1%).",base,0.2151113796169455,0.5498063945008466,0.2151113796169455,1.3147241686186386,correct_robust,False,False
FoRCy,FoRCy_Mastersheet_others.csv,P2011SQF10,167,1.7329174830334544,2.003003003003003,-0.0182797725781742,0.99,2.972972972972973,30.8,mixed,mixed,True,marginal,validated_proxy_row,"FoRCy uses normalized maximum footing moment and contact-area proxy lambda=sqrt(1/A_c/A); measured displacement gate is max(rotation/0.01 rad, sliding/0.1%, settlement/0.1%).",base,0.01005033585350145,0.5498063945008466,-0.01005033585350145,1.0895624531481918,correct_marginal,False,False
FoRCy,FoRCy_Mastersheet_others.csv,P2011SQF10,168,1.7329174830334544,2.003003003003003,0.2222921267316416,1.13,3.393393393393393,59.1,both_detrimental,both_detrimental,True,robust,validated_proxy_row,"FoRCy uses normalized maximum footing moment and contact-area proxy lambda=sqrt(1/A_c/A); measured displacement gate is max(rotation/0.01 rad, sliding/0.1%, settlement/0.1%).",base,0.12221763272424911,0.5498063945008466,0.12221763272424911,1.2218304217259424,correct_robust,False,False
FoRCy,FoRCy_Mastersheet_others.csv,P2011SQF10,169,1.7329174830334544,2.003003003003003,0.3163901127075199,1.19,3.573573573573573,85.39999999999999,both_detrimental,both_detrimental,True,robust,validated_proxy_row,"FoRCy uses normalized maximum footing moment and contact-area proxy lambda=sqrt(1/A_c/A); measured displacement gate is max(rotation/0.01 rad, sliding/0.1%, settlement/0.1%).",base,0.17395330712343798,0.5498063945008466,0.17395330712343798,1.2735660961251312,correct_robust,False,False
FoRCy,FoRCy_Mastersheet_others.csv,P2011SQF10,170,1.7329174830334544,2.003003003003003,0.4347292117027785,1.27,3.813813813813814,113.0,both_detrimental,both_detrimental,True,robust,validated_proxy_row,"FoRCy uses normalized maximum footing moment and contact-area proxy lambda=sqrt(1/A_c/A); measured displacement gate is max(rotation/0.01 rad, sliding/0.1%, settlement/0.1%).",base,0.23901690047049992,0.5498063945008466,0.23901690047049992,1.3386296894721932,correct_robust,False,False
FoRCy,FoRCy_Mastersheet_others.csv,P2011SQF10,171,1.7329174830334544,2.003003003003003,0.559259955546929,1.36,4.084084084084084,153.2,both_detrimental,both_detrimental,True,robust,validated_proxy_row,"FoRCy uses normalized maximum footing moment and contact-area proxy lambda=sqrt(1/A_c/A); measured displacement gate is max(rotation/0.01 rad, sliding/0.1%, settlement/0.1%).",base,0.3074846997479607,0.5498063945008466,0.3074846997479607,1.407097488749654,correct_robust,False,False
FoRCy,FoRCy_Mastersheet_others.csv,P2011SQF11,172,1.5214515486254614,1.3148148148148149,0.0,1.0,2.314814814814815,9.8,both_detrimental,both_detrimental,True,marginal,validated_proxy_row,"FoRCy uses normalized maximum footing moment and contact-area proxy lambda=sqrt(1/A_c/A); measured displacement gate is max(rotation/0.01 rad, sliding/0.1%, settlement/0.1%).",base,0.0,0.41966484536901333,0.0,0.8393296907380268,correct_marginal,False,False
FoRCy,FoRCy_Mastersheet_others.csv,P2011SQF12,173,1.5214515486254614,1.3148148148148149,-0.9189773340982844,0.68,1.5740740740740742,3.1,mixed,mixed,True,robust,validated_proxy_row,"FoRCy uses normalized maximum footing moment and contact-area proxy lambda=sqrt(1/A_c/A); measured displacement gate is max(rotation/0.01 rad, sliding/0.1%, settlement/0.1%).",base,0.3856624808119846,0.41966484536901333,-0.3856624808119846,0.45366720992604215,correct_robust,False,False
FoRCy,FoRCy_Mastersheet_others.csv,P2011SQF12,174,1.5214515486254614,1.3148148148148149,-0.1986861893703132,0.92,2.1296296296296298,9.0,mixed,mixed,True,marginal,validated_proxy_row,"FoRCy uses normalized maximum footing moment and contact-area proxy lambda=sqrt(1/A_c/A); measured displacement gate is max(rotation/0.01 rad, sliding/0.1%, settlement/0.1%).",base,0.08338160893905101,0.41966484536901333,-0.08338160893905101,0.7559480817989758,correct_marginal,False,False
FoRCy,FoRCy_Mastersheet_others.csv,P2011SQF12,175,1.5214515486254614,1.3148148148148149,0.1162598314055365,1.05,2.430555555555556,16.4,both_detrimental,both_detrimental,True,marginal,validated_proxy_row,"FoRCy uses normalized maximum footing moment and contact-area proxy lambda=sqrt(1/A_c/A); measured displacement gate is max(rotation/0.01 rad, sliding/0.1%, settlement/0.1%).",base,0.04879016416943204,0.41966484536901333,0.04879016416943204,0.8881198549074588,correct_marginal,False,False
FoRCy,FoRCy_Mastersheet_others.csv,P2011SQF12,176,1.5214515486254614,1.3148148148148149,0.2700456961253278,1.12,2.592592592592593,24.5,both_detrimental,both_detrimental,True,robust,validated_proxy_row,"FoRCy uses normalized maximum footing moment and contact-area proxy lambda=sqrt(1/A_c/A); measured displacement gate is max(rotation/0.01 rad, sliding/0.1%, settlement/0.1%).",base,0.11332868530700327,0.41966484536901333,0.11332868530700327,0.9526583760450301,correct_robust,False,False
FoRCy,FoRCy_Mastersheet_others.csv,P2011SQF12,177,1.5214515486254614,1.3148148148148149,0.2912267588598767,1.13,2.6157407407407405,32.8,both_detrimental,both_detrimental,True,robust,validated_proxy_row,"FoRCy uses normalized maximum footing moment and contact-area proxy lambda=sqrt(1/A_c/A); measured displacement gate is max(rotation/0.01 rad, sliding/0.1%, settlement/0.1%).",base,0.12221763272424911,0.41966484536901333,0.12221763272424911,0.9615473234622759,correct_robust,False,False
FoRCy,FoRCy_Mastersheet_others.csv,P2011SQF12,178,1.5214515486254614,1.3148148148148149,0.3330322849707968,1.15,2.6620370370370368,41.9,both_detrimental,both_detrimental,True,robust,validated_proxy_row,"FoRCy uses normalized maximum footing moment and contact-area proxy lambda=sqrt(1/A_c/A); measured displacement gate is max(rotation/0.01 rad, sliding/0.1%, settlement/0.1%).",base,0.13976194237515863,0.41966484536901333,0.13976194237515863,0.9790916331131854,correct_robust,False,False
FoRCy,FoRCy_Mastersheet_others.csv,P2011SQF12,179,1.5214515486254614,1.3148148148148149,0.4344456268040235,1.2,2.7777777777777777,51.7,both_detrimental,both_detrimental,True,robust,validated_proxy_row,"FoRCy uses normalized maximum footing moment and contact-area proxy lambda=sqrt(1/A_c/A); measured displacement gate is max(rotation/0.01 rad, sliding/0.1%, settlement/0.1%).",base,0.1823215567939546,0.41966484536901333,0.1823215567939546,1.0216512475319812,correct_robust,False,False
FoRCy,FoRCy_Mastersheet_others.csv,P2011SQF12,180,1.5214515486254614,1.3148148148148149,0.4344456268040235,1.2,2.7777777777777777,61.6,both_detrimental,both_detrimental,True,robust,validated_proxy_row,"FoRCy uses normalized maximum footing moment and contact-area proxy lambda=sqrt(1/A_c/A); measured displacement gate is max(rotation/0.01 rad, sliding/0.1%, settlement/0.1%).",base,0.1823215567939546,0.41966484536901333,0.1823215567939546,1.0216512475319812,correct_robust,False,False
FoRCy,FoRCy_Mastersheet_others.csv,P2011SQF12,181,1.5214515486254614,1.3148148148148149,0.5125789829448235,1.24,2.8703703703703702,73.1,both_detrimental,both_detrimental,True,robust,validated_proxy_row,"FoRCy uses normalized maximum footing moment and contact-area proxy lambda=sqrt(1/A_c/A); measured displacement gate is max(rotation/0.01 rad, sliding/0.1%, settlement/0.1%).",base,0.2151113796169455,0.41966484536901333,0.2151113796169455,1.0544410703549723,correct_robust,False,False
FoRCy,FoRCy_Mastersheet_others.csv,P2011SQF12,182,1.5214515486254614,1.3148148148148149,0.5882314915238148,1.28,2.9629629629629632,85.8,both_detrimental,both_detrimental,True,robust,validated_proxy_row,"FoRCy uses normalized maximum footing moment and contact-area proxy lambda=sqrt(1/A_c/A); measured displacement gate is max(rotation/0.01 rad, sliding/0.1%, settlement/0.1%).",base,0.2468600779315258,0.41966484536901333,0.2468600779315258,1.0861897686695525,correct_robust,False,False
FoRCy,FoRCy_Mastersheet_others.csv,P2011SQF12,183,1.5214515486254614,1.3148148148148149,0.6615558573989123,1.32,3.055555555555556,101.0,both_detrimental,both_detrimental,True,robust,validated_proxy_row,"FoRCy uses normalized maximum footing moment and contact-area proxy lambda=sqrt(1/A_c/A); measured displacement gate is max(rotation/0.01 rad, sliding/0.1%, settlement/0.1%).",base,0.27763173659827955,0.41966484536901333,0.27763173659827955,1.1169614273363062,correct_robust,False,False
FoRCy,FoRCy_Mastersheet_others.csv,P2011SQF12,184,1.5214515486254614,1.3148148148148149,0.7326911061077511,1.36,3.1481481481481484,120.9,both_detrimental,both_detrimental,True,robust,validated_proxy_row,"FoRCy uses normalized maximum footing moment and contact-area proxy lambda=sqrt(1/A_c/A); measured displacement gate is max(rotation/0.01 rad, sliding/0.1%, settlement/0.1%).",base,0.3074846997479607,0.41966484536901333,0.3074846997479607,1.1468143904859875,correct_robust,False,False
FoRCy,FoRCy_Mastersheet_others.csv,P2011SQF12,185,1.5214515486254614,1.3148148148148149,0.7326911061077511,1.36,3.1481481481481484,141.89999999999998,both_detrimental,both_detrimental,True,robust,validated_proxy_row,"FoRCy uses normalized maximum footing moment and contact-area proxy lambda=sqrt(1/A_c/A); measured displacement gate is max(rotation/0.01 rad, sliding/0.1%, settlement/0.1%).",base,0.3074846997479607,0.41966484536901333,0.3074846997479607,1.1468143904859875,correct_robust,False,False
FoRCy,FoRCy_Mastersheet_others.csv,P2011SQF12,186,1.5214515486254614,1.3148148148148149,0.7326911061077511,1.36,3.1481481481481484,161.49999999999997,both_detrimental,both_detrimental,True,robust,validated_proxy_row,"FoRCy uses normalized maximum footing moment and contact-area proxy lambda=sqrt(1/A_c/A); measured displacement gate is max(rotation/0.01 rad, sliding/0.1%, settlement/0.1%).",base,0.3074846997479607,0.41966484536901333,0.3074846997479607,1.1468143904859875,correct_robust,False,False
FoRCy,FoRCy_Mastersheet_others.csv,P2011SQF13,187,1.5214515486254614,1.3148148148148149,0.2271102305948887,1.1,2.5462962962962967,42.5,both_detrimental,both_detrimental,True,robust,validated_proxy_row,"FoRCy uses normalized maximum footing moment and contact-area proxy lambda=sqrt(1/A_c/A); measured displacement gate is max(rotation/0.01 rad, sliding/0.1%, settlement/0.1%).",base,0.09531017980432493,0.41966484536901333,0.09531017980432493,0.9346398705423518,correct_robust,False,False
FoRCy,FoRCy_Mastersheet_others.csv,P2011SQF13,188,1.5214515486254614,1.3148148148148149,0.4738325378917899,1.22,2.824074074074074,48.2,both_detrimental,both_detrimental,True,robust,validated_proxy_row,"FoRCy uses normalized maximum footing moment and contact-area proxy lambda=sqrt(1/A_c/A); measured displacement gate is max(rotation/0.01 rad, sliding/0.1%, settlement/0.1%).",base,0.19885085874516517,0.41966484536901333,0.19885085874516517,1.038180549483192,correct_robust,False,False
FoRCy,FoRCy_Mastersheet_others.csv,P2011SQF13,189,1.5214515486254614,1.3148148148148149,0.7151053888882561,1.35,3.1250000000000004,130.79999999999998,both_detrimental,both_detrimental,True,robust,validated_proxy_row,"FoRCy uses normalized maximum footing moment and contact-area proxy lambda=sqrt(1/A_c/A); measured displacement gate is max(rotation/0.01 rad, sliding/0.1%, settlement/0.1%).",base,0.30010459245033816,0.41966484536901333,0.30010459245033816,1.139434283188365,correct_robust,False,False
FoRCy,FoRCy_Mastersheet_others.csv,P2011SQF13,190,1.5214515486254614,1.3148148148148149,0.8688912536080471,1.44,3.333333333333333,170.5,both_detrimental,both_detrimental,True,robust,validated_proxy_row,"FoRCy uses normalized maximum footing moment and contact-area proxy lambda=sqrt(1/A_c/A); measured displacement gate is max(rotation/0.01 rad, sliding/0.1%, settlement/0.1%).",base,0.36464311358790924,0.41966484536901333,0.36464311358790924,1.203972804325936,correct_robust,False,False
FoRCy,FoRCy_Mastersheet_others.csv,P2011SQF13,191,1.5214515486254614,1.3148148148148149,1.221983761774793,1.67,3.865740740740741,232.4,both_detrimental,both_detrimental,True,robust,validated_proxy_row,"FoRCy uses normalized maximum footing moment and contact-area proxy lambda=sqrt(1/A_c/A); measured displacement gate is max(rotation/0.01 rad, sliding/0.1%, settlement/0.1%).",base,0.5128236264286637,0.41966484536901333,0.5128236264286637,1.3521533171666906,correct_robust,False,False
FoRCy,FoRCy_Mastersheet_others.csv,P2011SQF14,192,3.042903097250923,8.25925925925926,0.0,1.0,9.25925925925926,17.4,both_detrimental,both_detrimental,True,marginal,validated_proxy_row,"FoRCy uses normalized maximum footing moment and contact-area proxy lambda=sqrt(1/A_c/A); measured displacement gate is max(rotation/0.01 rad, sliding/0.1%, settlement/0.1%).",base,0.0,1.1128120259289587,0.0,2.2256240518579173,correct_marginal,False,False
FoRCy,FoRCy_Mastersheet_others.csv,P2011SQF15,193,3.042903097250923,8.25925925925926,-0.3334468650094554,0.69,6.388888888888888,1.7,mixed,mixed,True,robust,validated_proxy_row,"FoRCy uses normalized maximum footing moment and contact-area proxy lambda=sqrt(1/A_c/A); measured displacement gate is max(rotation/0.01 rad, sliding/0.1%, settlement/0.1%).",base,0.37106368139083207,1.1128120259289587,-0.37106368139083207,1.8545603704670852,correct_robust,False,False
FoRCy,FoRCy_Mastersheet_others.csv,P2011SQF15,194,3.042903097250923,8.25925925925926,-0.2118258322417862,0.79,7.314814814814816,3.4,mixed,mixed,True,robust,validated_proxy_row,"FoRCy uses normalized maximum footing moment and contact-area proxy lambda=sqrt(1/A_c/A); measured displacement gate is max(rotation/0.01 rad, sliding/0.1%, settlement/0.1%).",base,0.23572233352106983,1.1128120259289587,-0.23572233352106983,1.9899017183368477,correct_robust,False,False
FoRCy,FoRCy_Mastersheet_others.csv,P2011SQF15,195,3.042903097250923,8.25925925925926,-0.1047201266167759,0.89,8.24074074074074,5.4,mixed,mixed,True,robust,validated_proxy_row,"FoRCy uses normalized maximum footing moment and contact-area proxy lambda=sqrt(1/A_c/A); measured displacement gate is max(rotation/0.01 rad, sliding/0.1%, settlement/0.1%).",base,0.11653381625595151,1.1128120259289587,-0.11653381625595151,2.1090902356019656,correct_robust,False,False
FoRCy,FoRCy_Mastersheet_others.csv,P2011SQF15,196,3.042903097250923,8.25925925925926,-0.0652137927555684,0.93,8.611111111111112,7.199999999999999,mixed,mixed,True,marginal,validated_proxy_row,"FoRCy uses normalized maximum footing moment and contact-area proxy lambda=sqrt(1/A_c/A); measured displacement gate is max(rotation/0.01 rad, sliding/0.1%, settlement/0.1%).",base,0.07257069283483537,1.1128120259289587,-0.07257069283483537,2.1530533590230823,correct_marginal,False,False
FoRCy,FoRCy_Mastersheet_others.csv,P2011SQF15,197,3.042903097250923,8.25925925925926,-0.0273713859798393,0.97,8.981481481481481,9.1,mixed,mixed,True,marginal,validated_proxy_row,"FoRCy uses normalized maximum footing moment and contact-area proxy lambda=sqrt(1/A_c/A); measured displacement gate is max(rotation/0.01 rad, sliding/0.1%, settlement/0.1%).",base,0.030459207484708574,1.1128120259289587,-0.030459207484708574,2.195164844373209,correct_marginal,False,False
FoRCy,FoRCy_Mastersheet_others.csv,P2011SQF15,198,3.042903097250923,8.25925925925926,-0.0181546450314953,0.98,9.074074074074074,10.8,mixed,mixed,True,marginal,validated_proxy_row,"FoRCy uses normalized maximum footing moment and contact-area proxy lambda=sqrt(1/A_c/A); measured displacement gate is max(rotation/0.01 rad, sliding/0.1%, settlement/0.1%).",base,0.020202707317519466,1.1128120259289587,-0.020202707317519466,2.205421344540398,correct_marginal,False,False
FoRCy,FoRCy_Mastersheet_others.csv,P2011SQF15,199,3.042903097250923,8.25925925925926,-0.0090314766729013,0.99,9.166666666666666,12.6,mixed,mixed,True,marginal,validated_proxy_row,"FoRCy uses normalized maximum footing moment and contact-area proxy lambda=sqrt(1/A_c/A); measured displacement gate is max(rotation/0.01 rad, sliding/0.1%, settlement/0.1%).",base,0.01005033585350145,1.1128120259289587,-0.01005033585350145,2.2155737160044158,correct_marginal,False,False
FoRCy,FoRCy_Mastersheet_others.csv,P2011SQF15,200,3.042903097250923,8.25925925925926,-0.0273713859798393,0.97,8.981481481481481,14.9,mixed,mixed,True,marginal,validated_proxy_row,"FoRCy uses normalized maximum footing moment and contact-area proxy lambda=sqrt(1/A_c/A); measured displacement gate is max(rotation/0.01 rad, sliding/0.1%, settlement/0.1%).",base,0.030459207484708574,1.1128120259289587,-0.030459207484708574,2.195164844373209,correct_marginal,False,False
FoRCy,FoRCy_Mastersheet_others.csv,P2011SQF15,201,3.042903097250923,8.25925925925926,-0.0366836388977532,0.96,8.88888888888889,16.499999999999996,mixed,mixed,True,marginal,validated_proxy_row,"FoRCy uses normalized maximum footing moment and contact-area proxy lambda=sqrt(1/A_c/A); measured displacement gate is max(rotation/0.01 rad, sliding/0.1%, settlement/0.1%).",base,0.040821994520255166,1.1128120259289587,-0.040821994520255166,2.184802057337662,correct_marginal,False,False
FoRCy,FoRCy_Mastersheet_others.csv,P2011SQF15,202,3.042903097250923,8.25925925925926,-0.0460934040901757,0.95,8.796296296296296,18.1,mixed,mixed,True,marginal,validated_proxy_row,"FoRCy uses normalized maximum footing moment and contact-area proxy lambda=sqrt(1/A_c/A); measured displacement gate is max(rotation/0.01 rad, sliding/0.1%, settlement/0.1%).",base,0.05129329438755058,1.1128120259289587,-0.05129329438755058,2.1743307574703667,correct_marginal,False,False
FoRCy,FoRCy_Mastersheet_others.csv,P2011SQF15,203,3.042903097250923,8.25925925925926,-0.0273713859798393,0.97,8.981481481481481,20.0,mixed,mixed,True,marginal,validated_proxy_row,"FoRCy uses normalized maximum footing moment and contact-area proxy lambda=sqrt(1/A_c/A); measured displacement gate is max(rotation/0.01 rad, sliding/0.1%, settlement/0.1%).",base,0.030459207484708574,1.1128120259289587,-0.030459207484708574,2.195164844373209,correct_marginal,False,False
FoRCy,FoRCy_Mastersheet_others.csv,P2011SQF15,204,3.042903097250923,8.25925925925926,-0.0273713859798393,0.97,8.981481481481481,20.8,mixed,mixed,True,marginal,validated_proxy_row,"FoRCy uses normalized maximum footing moment and contact-area proxy lambda=sqrt(1/A_c/A); measured displacement gate is max(rotation/0.01 rad, sliding/0.1%, settlement/0.1%).",base,0.030459207484708574,1.1128120259289587,-0.030459207484708574,2.195164844373209,correct_marginal,False,False
FoRCy,FoRCy_Mastersheet_others.csv,P2011SQF15,205,3.042903097250923,8.25925925925926,-0.0652137927555684,0.93,8.611111111111112,27.9,mixed,mixed,True,marginal,validated_proxy_row,"FoRCy uses normalized maximum footing moment and contact-area proxy lambda=sqrt(1/A_c/A); measured displacement gate is max(rotation/0.01 rad, sliding/0.1%, settlement/0.1%).",base,0.07257069283483537,1.1128120259289587,-0.07257069283483537,2.1530533590230823,correct_marginal,False,False
FoRCy,FoRCy_Mastersheet_others.csv,P2011SQF15,206,3.042903097250923,8.25925925925926,0.0089416097429947,1.01,9.351851851851851,31.8,both_detrimental,both_detrimental,True,marginal,validated_proxy_row,"FoRCy uses normalized maximum footing moment and contact-area proxy lambda=sqrt(1/A_c/A); measured displacement gate is max(rotation/0.01 rad, sliding/0.1%, settlement/0.1%).",base,0.009950330853168092,1.1128120259289587,0.009950330853168092,2.235574382711085,correct_marginal,False,False
FoRCy,FoRCy_Mastersheet_others.csv,P2011SQF16,207,3.042903097250923,8.25925925925926,-0.1783328487649784,0.82,7.592592592592593,11.1,mixed,mixed,True,robust,validated_proxy_row,"FoRCy uses normalized maximum footing moment and contact-area proxy lambda=sqrt(1/A_c/A); measured displacement gate is max(rotation/0.01 rad, sliding/0.1%, settlement/0.1%).",base,0.19845093872383832,1.1128120259289587,-0.19845093872383832,2.027173113134079,correct_robust,False,False
FoRCy,FoRCy_Mastersheet_others.csv,P2011SQF16,208,3.042903097250923,8.25925925925926,-0.1148741822799511,0.88,8.148148148148149,19.3,mixed,mixed,True,robust,validated_proxy_row,"FoRCy uses normalized maximum footing moment and contact-area proxy lambda=sqrt(1/A_c/A); measured displacement gate is max(rotation/0.01 rad, sliding/0.1%, settlement/0.1%).",base,0.12783337150988489,1.1128120259289587,-0.12783337150988489,2.0977906803480324,correct_robust,False,False
FoRCy,FoRCy_Mastersheet_others.csv,P2011SQF16,209,3.042903097250923,8.25925925925926,-0.0946795264634859,0.9,8.333333333333334,25.0,mixed,mixed,True,marginal,validated_proxy_row,"FoRCy uses normalized maximum footing moment and contact-area proxy lambda=sqrt(1/A_c/A); measured displacement gate is max(rotation/0.01 rad, sliding/0.1%, settlement/0.1%).",base,0.10536051565782628,1.1128120259289587,-0.10536051565782628,2.120263536200091,correct_marginal,False,False
FoRCy,FoRCy_Mastersheet_others.csv,P2011SQF16,210,3.042903097250923,8.25925925925926,-0.0652137927555684,0.93,8.611111111111112,28.7,mixed,mixed,True,marginal,validated_proxy_row,"FoRCy uses normalized maximum footing moment and contact-area proxy lambda=sqrt(1/A_c/A); measured displacement gate is max(rotation/0.01 rad, sliding/0.1%, settlement/0.1%).",base,0.07257069283483537,1.1128120259289587,-0.07257069283483537,2.1530533590230823,correct_marginal,False,False
FoRCy,FoRCy_Mastersheet_others.csv,P2011SQF16,211,3.042903097250923,8.25925925925926,-0.0749287453731867,0.92,8.518518518518519,33.3,mixed,mixed,True,marginal,validated_proxy_row,"FoRCy uses normalized maximum footing moment and contact-area proxy lambda=sqrt(1/A_c/A); measured displacement gate is max(rotation/0.01 rad, sliding/0.1%, settlement/0.1%).",base,0.08338160893905101,1.1128120259289587,-0.08338160893905101,2.1422424429188665,correct_marginal,False,False
FoRCy,FoRCy_Mastersheet_others.csv,P2011SQF17,212,1.6395645894598825,1.6881720430107523,0.192767515089131,1.1,2.956989247311828,14.7,both_detrimental,both_detrimental,True,robust,validated_proxy_row,"FoRCy uses normalized maximum footing moment and contact-area proxy lambda=sqrt(1/A_c/A); measured displacement gate is max(rotation/0.01 rad, sliding/0.1%, settlement/0.1%).",base,0.09531017980432493,0.4944307123544953,0.09531017980432493,1.0841716045133154,correct_robust,False,False
FoRCy,FoRCy_Mastersheet_others.csv,P2011SQF18,213,1.6395645894598825,1.6881720430107523,-1.246253770299823,0.54,1.4516129032258065,4.0,mixed,mixed,True,robust,validated_proxy_row,"FoRCy uses normalized maximum footing moment and contact-area proxy lambda=sqrt(1/A_c/A); measured displacement gate is max(rotation/0.01 rad, sliding/0.1%, settlement/0.1%).",base,0.3726752852851737,0.4944307123544953,-0.616186139423817,0.3726752852851735,correct_robust,False,False
FoRCy,FoRCy_Mastersheet_others.csv,P2011SQF18,214,1.6395645894598825,1.6881720430107523,-0.5286175749272937,0.77,2.069892473118279,11.4,mixed,mixed,True,robust,validated_proxy_row,"FoRCy uses normalized maximum footing moment and contact-area proxy lambda=sqrt(1/A_c/A); measured displacement gate is max(rotation/0.01 rad, sliding/0.1%, settlement/0.1%).",base,0.2613647641344075,0.4944307123544953,-0.2613647641344075,0.7274966605745827,correct_robust,False,False
FoRCy,FoRCy_Mastersheet_others.csv,P2011SQF18,215,1.6395645894598825,1.6881720430107523,-0.0825636302523755,0.96,2.580645161290322,20.0,mixed,mixed,True,marginal,validated_proxy_row,"FoRCy uses normalized maximum footing moment and contact-area proxy lambda=sqrt(1/A_c/A); measured displacement gate is max(rotation/0.01 rad, sliding/0.1%, settlement/0.1%).",base,0.040821994520255166,0.4944307123544953,-0.040821994520255166,0.9480394301887352,correct_marginal,False,False
FoRCy,FoRCy_Mastersheet_others.csv,P2011SQF18,216,1.6395645894598825,1.6881720430107523,0.1178505029481226,1.06,2.849462365591397,29.4,both_detrimental,both_detrimental,True,marginal,validated_proxy_row,"FoRCy uses normalized maximum footing moment and contact-area proxy lambda=sqrt(1/A_c/A); measured displacement gate is max(rotation/0.01 rad, sliding/0.1%, settlement/0.1%).",base,0.058268908123975824,0.4944307123544953,0.058268908123975824,1.047130332832966,correct_marginal,False,False
FoRCy,FoRCy_Mastersheet_others.csv,P2011SQF18,217,1.6395645894598825,1.6881720430107523,0.3175444908387825,1.17,3.14516129032258,39.3,both_detrimental,both_detrimental,True,robust,validated_proxy_row,"FoRCy uses normalized maximum footing moment and contact-area proxy lambda=sqrt(1/A_c/A); measured displacement gate is max(rotation/0.01 rad, sliding/0.1%, settlement/0.1%).",base,0.1570037488096647,0.4944307123544953,0.1570037488096647,1.1458651735186551,correct_robust,False,False
FoRCy,FoRCy_Mastersheet_others.csv,P2011SQF18,218,1.6395645894598825,1.6881720430107523,0.4513140986966463,1.25,3.36021505376344,49.0,both_detrimental,both_detrimental,True,robust,validated_proxy_row,"FoRCy uses normalized maximum footing moment and contact-area proxy lambda=sqrt(1/A_c/A); measured displacement gate is max(rotation/0.01 rad, sliding/0.1%, settlement/0.1%).",base,0.22314355131420976,0.4944307123544953,0.22314355131420976,1.2120049760232001,correct_robust,False,False
FoRCy,FoRCy_Mastersheet_others.csv,P2011SQF18,219,1.6395645894598825,1.6881720430107523,0.5306390924182357,1.3,3.4946236559139776,58.1,both_detrimental,both_detrimental,True,robust,validated_proxy_row,"FoRCy uses normalized maximum footing moment and contact-area proxy lambda=sqrt(1/A_c/A); measured displacement gate is max(rotation/0.01 rad, sliding/0.1%, settlement/0.1%).",base,0.26236426446749106,0.4944307123544953,0.26236426446749106,1.2512256891764812,correct_robust,False,False
FoRCy,FoRCy_Mastersheet_others.csv,P2011SQF18,220,1.6395645894598825,1.6881720430107523,0.576782418866399,1.33,3.575268817204301,67.39999999999999,both_detrimental,both_detrimental,True,robust,validated_proxy_row,"FoRCy uses normalized maximum footing moment and contact-area proxy lambda=sqrt(1/A_c/A); measured displacement gate is max(rotation/0.01 rad, sliding/0.1%, settlement/0.1%).",base,0.28517894223366247,0.4944307123544953,0.28517894223366247,1.2740403669426528,correct_robust,False,False
FoRCy,FoRCy_Mastersheet_others.csv,P2011SQF18,221,1.6395645894598825,1.6881720430107523,0.651422921596721,1.38,3.7096774193548376,77.0,both_detrimental,both_detrimental,True,robust,validated_proxy_row,"FoRCy uses normalized maximum footing moment and contact-area proxy lambda=sqrt(1/A_c/A); measured displacement gate is max(rotation/0.01 rad, sliding/0.1%, settlement/0.1%).",base,0.3220834991691132,0.4944307123544953,0.3220834991691132,1.3109449238781035,correct_robust,False,False
FoRCy,FoRCy_Mastersheet_others.csv,P2011SQF18,222,1.6395645894598825,1.6881720430107523,0.7234066075073665,1.43,3.844086021505375,86.6,both_detrimental,both_detrimental,True,robust,validated_proxy_row,"FoRCy uses normalized maximum footing moment and contact-area proxy lambda=sqrt(1/A_c/A); measured displacement gate is max(rotation/0.01 rad, sliding/0.1%, settlement/0.1%).",base,0.3576744442718159,0.4944307123544953,0.3576744442718159,1.346535868980806,correct_robust,False,False
FoRCy,FoRCy_Mastersheet_others.csv,P2011SQF18,223,1.6395645894598825,1.6881720430107523,0.651422921596721,1.38,3.7096774193548376,101.0,both_detrimental,both_detrimental,True,robust,validated_proxy_row,"FoRCy uses normalized maximum footing moment and contact-area proxy lambda=sqrt(1/A_c/A); measured displacement gate is max(rotation/0.01 rad, sliding/0.1%, settlement/0.1%).",base,0.3220834991691132,0.4944307123544953,0.3220834991691132,1.3109449238781035,correct_robust,False,False
FoRCy,FoRCy_Mastersheet_others.csv,P2011SQF18,224,1.6395645894598825,1.6881720430107523,0.694919825578576,1.41,3.79032258064516,107.7,both_detrimental,both_detrimental,True,robust,validated_proxy_row,"FoRCy uses normalized maximum footing moment and contact-area proxy lambda=sqrt(1/A_c/A); measured displacement gate is max(rotation/0.01 rad, sliding/0.1%, settlement/0.1%).",base,0.34358970439007686,0.4944307123544953,0.34358970439007686,1.332451129099067,correct_robust,False,False
FoRCy,FoRCy_Mastersheet_others.csv,P2011SQF18,225,1.6395645894598825,1.6881720430107523,0.9251545982259142,1.58,4.247311827956988,117.4,both_detrimental,both_detrimental,True,robust,validated_proxy_row,"FoRCy uses normalized maximum footing moment and contact-area proxy lambda=sqrt(1/A_c/A); measured displacement gate is max(rotation/0.01 rad, sliding/0.1%, settlement/0.1%).",base,0.4574248470388755,0.4944307123544953,0.4574248470388755,1.4462862717478657,correct_robust,False,False
FoRCy,FoRCy_Mastersheet_others.csv,P2011SQF18,226,1.6395645894598825,1.6881720430107523,1.166216721364541,1.78,4.784946236559139,124.3,both_detrimental,both_detrimental,True,robust,validated_proxy_row,"FoRCy uses normalized maximum footing moment and contact-area proxy lambda=sqrt(1/A_c/A); measured displacement gate is max(rotation/0.01 rad, sliding/0.1%, settlement/0.1%).",base,0.5766133643039938,0.4944307123544953,0.5766133643039938,1.565474789012984,correct_robust,False,False
FoRCy,FoRCy_Mastersheet_others.csv,P2011SQF19,227,1.6395645894598825,1.6881720430107523,0.3001836281801596,1.16,3.118279569892472,43.3,both_detrimental,both_detrimental,True,robust,validated_proxy_row,"FoRCy uses normalized maximum footing moment and contact-area proxy lambda=sqrt(1/A_c/A); measured displacement gate is max(rotation/0.01 rad, sliding/0.1%, settlement/0.1%).",base,0.14842000511827322,0.4944307123544953,0.14842000511827322,1.1372814298272635,correct_robust,False,False
FoRCy,FoRCy_Mastersheet_others.csv,P2011SQF19,228,1.6395645894598825,1.6881720430107523,0.7653983182357714,1.46,3.924731182795698,82.10000000000001,both_detrimental,both_detrimental,True,robust,validated_proxy_row,"FoRCy uses normalized maximum footing moment and contact-area proxy lambda=sqrt(1/A_c/A); measured displacement gate is max(rotation/0.01 rad, sliding/0.1%, settlement/0.1%).",base,0.37843643572024505,0.4944307123544953,0.37843643572024505,1.3672978604292354,correct_robust,False,False
FoRCy,FoRCy_Mastersheet_others.csv,P2011SQF19,229,1.6395645894598825,1.6881720430107523,0.8200645671409171,1.5,4.032258064516128,104.6,both_detrimental,both_detrimental,True,robust,validated_proxy_row,"FoRCy uses normalized maximum footing moment and contact-area proxy lambda=sqrt(1/A_c/A); measured displacement gate is max(rotation/0.01 rad, sliding/0.1%, settlement/0.1%).",base,0.4054651081081644,0.4944307123544953,0.4054651081081644,1.3943265328171546,correct_robust,False,False
FoRCy,FoRCy_Mastersheet_others.csv,P2011SQF19,230,1.6395645894598825,1.6881720430107523,0.9123131069511842,1.57,4.220430107526881,120.5,both_detrimental,both_detrimental,True,robust,validated_proxy_row,"FoRCy uses normalized maximum footing moment and contact-area proxy lambda=sqrt(1/A_c/A); measured displacement gate is max(rotation/0.01 rad, sliding/0.1%, settlement/0.1%).",base,0.45107561936021673,0.4944307123544953,0.45107561936021673,1.439937044069207,correct_robust,False,False
FoRCy,FoRCy_Mastersheet_others.csv,P2011SQF19,231,1.6395645894598825,1.6881720430107523,1.0612781848364714,1.69,4.543010752688171,139.29999999999998,both_detrimental,both_detrimental,True,robust,validated_proxy_row,"FoRCy uses normalized maximum footing moment and contact-area proxy lambda=sqrt(1/A_c/A); measured displacement gate is max(rotation/0.01 rad, sliding/0.1%, settlement/0.1%).",base,0.5247285289349821,0.4944307123544953,0.5247285289349821,1.5135899536439723,correct_robust,False,False
FoRCy,FoRCy_Mastersheet_others.csv,P2011SQF20,232,3.892494720807615,14.15151515151515,0.014570930712047,1.02,15.454545454545451,15.7,both_detrimental,both_detrimental,True,marginal,validated_proxy_row,"FoRCy uses normalized maximum footing moment and contact-area proxy lambda=sqrt(1/A_c/A); measured displacement gate is max(rotation/0.01 rad, sliding/0.1%, settlement/0.1%).",base,0.01980262729617973,1.3590502684778558,0.01980262729617973,2.737903164251891,correct_marginal,False,False
FoRCy,FoRCy_Mastersheet_others.csv,P2011SQF21,233,3.892494720807615,14.15151515151515,-0.3283816007249413,0.64,9.696969696969695,2.8000000000000003,mixed,mixed,True,robust,validated_proxy_row,"FoRCy uses normalized maximum footing moment and contact-area proxy lambda=sqrt(1/A_c/A); measured displacement gate is max(rotation/0.01 rad, sliding/0.1%, settlement/0.1%).",base,0.4462871026284195,1.3590502684778558,-0.4462871026284195,2.2718134343272918,correct_robust,False,False
FoRCy,FoRCy_Mastersheet_others.csv,P2011SQF21,234,3.892494720807615,14.15151515151515,-0.1109766821969773,0.86,13.030303030303028,6.199999999999999,mixed,mixed,True,robust,validated_proxy_row,"FoRCy uses normalized maximum footing moment and contact-area proxy lambda=sqrt(1/A_c/A); measured displacement gate is max(rotation/0.01 rad, sliding/0.1%, settlement/0.1%).",base,0.15082288973458366,1.3590502684778558,-0.15082288973458366,2.5672776472211276,correct_robust,False,False
FoRCy,FoRCy_Mastersheet_others.csv,P2011SQF21,235,3.892494720807615,14.15151515151515,-0.0377420140941507,0.95,14.393939393939393,9.1,mixed,mixed,True,marginal,validated_proxy_row,"FoRCy uses normalized maximum footing moment and contact-area proxy lambda=sqrt(1/A_c/A); measured displacement gate is max(rotation/0.01 rad, sliding/0.1%, settlement/0.1%).",base,0.05129329438755058,1.3590502684778558,-0.05129329438755058,2.666807242568161,correct_marginal,False,False
FoRCy,FoRCy_Mastersheet_others.csv,P2011SQF21,236,3.892494720807615,14.15151515151515,0.0,1.0,15.151515151515149,11.599999999999998,both_detrimental,both_detrimental,True,marginal,validated_proxy_row,"FoRCy uses normalized maximum footing moment and contact-area proxy lambda=sqrt(1/A_c/A); measured displacement gate is max(rotation/0.01 rad, sliding/0.1%, settlement/0.1%).",base,0.0,1.3590502684778558,0.0,2.718100536955711,correct_marginal,False,False
FoRCy,FoRCy_Mastersheet_others.csv,P2011SQF21,237,3.892494720807615,14.15151515151515,0.0073215326054955,1.01,15.3030303030303,14.2,both_detrimental,both_detrimental,True,marginal,validated_proxy_row,"FoRCy uses normalized maximum footing moment and contact-area proxy lambda=sqrt(1/A_c/A); measured displacement gate is max(rotation/0.01 rad, sliding/0.1%, settlement/0.1%).",base,0.009950330853168092,1.3590502684778558,0.009950330853168092,2.7280508678088795,correct_marginal,False,False
FoRCy,FoRCy_Mastersheet_others.csv,P2011SQF21,238,3.892494720807615,14.15151515151515,0.0217496018558978,1.03,15.606060606060604,16.499999999999996,both_detrimental,both_detrimental,True,marginal,validated_proxy_row,"FoRCy uses normalized maximum footing moment and contact-area proxy lambda=sqrt(1/A_c/A); measured displacement gate is max(rotation/0.01 rad, sliding/0.1%, settlement/0.1%).",base,0.02955880224154443,1.3590502684778558,0.02955880224154443,2.7476593391972557,correct_marginal,False,False
FoRCy,FoRCy_Mastersheet_others.csv,P2011SQF21,239,3.892494720807615,14.15151515151515,0.028858912773851,1.04,15.757575757575756,18.6,both_detrimental,both_detrimental,True,marginal,validated_proxy_row,"FoRCy uses normalized maximum footing moment and contact-area proxy lambda=sqrt(1/A_c/A); measured displacement gate is max(rotation/0.01 rad, sliding/0.1%, settlement/0.1%).",base,0.03922071315328133,1.3590502684778558,0.03922071315328133,2.7573212501089928,correct_marginal,False,False
FoRCy,FoRCy_Mastersheet_others.csv,P2011SQF21,240,3.892494720807615,14.15151515151515,0.0634102345144097,1.09,16.515151515151512,21.1,both_detrimental,both_detrimental,True,marginal,validated_proxy_row,"FoRCy uses normalized maximum footing moment and contact-area proxy lambda=sqrt(1/A_c/A); measured displacement gate is max(rotation/0.01 rad, sliding/0.1%, settlement/0.1%).",base,0.08617769624105241,1.3590502684778558,0.08617769624105241,2.8042782331967637,correct_marginal,False,False
FoRCy,FoRCy_Mastersheet_others.csv,P2011SQF21,241,3.892494720807615,14.15151515151515,0.0566285463615155,1.08,16.363636363636363,23.3,both_detrimental,both_detrimental,True,marginal,validated_proxy_row,"FoRCy uses normalized maximum footing moment and contact-area proxy lambda=sqrt(1/A_c/A); measured displacement gate is max(rotation/0.01 rad, sliding/0.1%, settlement/0.1%).",base,0.0769610411361284,1.3590502684778558,0.0769610411361284,2.7950615780918397,correct_marginal,False,False
FoRCy,FoRCy_Mastersheet_others.csv,P2011SQF21,242,3.892494720807615,14.15151515151515,0.0634102345144097,1.09,16.515151515151512,25.4,both_detrimental,both_detrimental,True,marginal,validated_proxy_row,"FoRCy uses normalized maximum footing moment and contact-area proxy lambda=sqrt(1/A_c/A); measured displacement gate is max(rotation/0.01 rad, sliding/0.1%, settlement/0.1%).",base,0.08617769624105241,1.3590502684778558,0.08617769624105241,2.8042782331967637,correct_marginal,False,False
FoRCy,FoRCy_Mastersheet_others.csv,P2011SQF21,243,3.892494720807615,14.15151515151515,0.014570930712047,1.02,15.454545454545451,28.0,both_detrimental,both_detrimental,True,marginal,validated_proxy_row,"FoRCy uses normalized maximum footing moment and contact-area proxy lambda=sqrt(1/A_c/A); measured displacement gate is max(rotation/0.01 rad, sliding/0.1%, settlement/0.1%).",base,0.01980262729617973,1.3590502684778558,0.01980262729617973,2.737903164251891,correct_marginal,False,False
FoRCy,FoRCy_Mastersheet_others.csv,P2011SQF21,244,3.892494720807615,14.15151515151515,0.014570930712047,1.02,15.454545454545451,29.9,both_detrimental,both_detrimental,True,marginal,validated_proxy_row,"FoRCy uses normalized maximum footing moment and contact-area proxy lambda=sqrt(1/A_c/A); measured displacement gate is max(rotation/0.01 rad, sliding/0.1%, settlement/0.1%).",base,0.01980262729617973,1.3590502684778558,0.01980262729617973,2.737903164251891,correct_marginal,False,False
FoRCy,FoRCy_Mastersheet_others.csv,P2011SQF21,245,3.892494720807615,14.15151515151515,0.0497837718317755,1.07,16.21212121212121,30.4,both_detrimental,both_detrimental,True,marginal,validated_proxy_row,"FoRCy uses normalized maximum footing moment and contact-area proxy lambda=sqrt(1/A_c/A); measured displacement gate is max(rotation/0.01 rad, sliding/0.1%, settlement/0.1%).",base,0.06765864847381486,1.3590502684778558,0.06765864847381486,2.785759185429526,correct_marginal,False,False
FoRCy,FoRCy_Mastersheet_others.csv,P2011SQF21,246,3.892494720807615,14.15151515151515,0.1028379491302355,1.15,17.42424242424242,29.5,both_detrimental,both_detrimental,True,robust,validated_proxy_row,"FoRCy uses normalized maximum footing moment and contact-area proxy lambda=sqrt(1/A_c/A); measured displacement gate is max(rotation/0.01 rad, sliding/0.1%, settlement/0.1%).",base,0.13976194237515863,1.3590502684778558,0.13976194237515863,2.85786247933087,correct_robust,False,False
FoRCy,FoRCy_Mastersheet_others.csv,P2011SQF22,247,3.892494720807615,14.15151515151515,-0.0148653127747413,0.98,14.848484848484846,15.4,mixed,mixed,True,marginal,validated_proxy_row,"FoRCy uses normalized maximum footing moment and contact-area proxy lambda=sqrt(1/A_c/A); measured displacement gate is max(rotation/0.01 rad, sliding/0.1%, settlement/0.1%).",base,0.020202707317519466,1.3590502684778558,-0.020202707317519466,2.6978978296381917,correct_marginal,False,False
FoRCy,FoRCy_Mastersheet_others.csv,P2011SQF22,248,3.892494720807615,14.15151515151515,0.0359001909650312,1.05,15.909090909090908,24.6,both_detrimental,both_detrimental,True,marginal,validated_proxy_row,"FoRCy uses normalized maximum footing moment and contact-area proxy lambda=sqrt(1/A_c/A); measured displacement gate is max(rotation/0.01 rad, sliding/0.1%, settlement/0.1%).",base,0.04879016416943204,1.3590502684778558,0.04879016416943204,2.7668907011251433,correct_marginal,False,False
FoRCy,FoRCy_Mastersheet_others.csv,P2011SQF22,249,3.892494720807615,14.15151515151515,0.0566285463615155,1.08,16.363636363636363,30.6,both_detrimental,both_detrimental,True,marginal,validated_proxy_row,"FoRCy uses normalized maximum footing moment and contact-area proxy lambda=sqrt(1/A_c/A); measured displacement gate is max(rotation/0.01 rad, sliding/0.1%, settlement/0.1%).",base,0.0769610411361284,1.3590502684778558,0.0769610411361284,2.7950615780918397,correct_marginal,False,False
FoRCy,FoRCy_Mastersheet_others.csv,P2011SQF22,250,3.892494720807615,14.15151515151515,0.0428747261786257,1.06,16.06060606060606,35.3,both_detrimental,both_detrimental,True,marginal,validated_proxy_row,"FoRCy uses normalized maximum footing moment and contact-area proxy lambda=sqrt(1/A_c/A); measured displacement gate is max(rotation/0.01 rad, sliding/0.1%, settlement/0.1%).",base,0.058268908123975824,1.3590502684778558,0.058268908123975824,2.776369445079687,correct_marginal,False,False
FoRCy,FoRCy_Mastersheet_others.csv,P2011SQF22,251,3.892494720807615,14.15151515151515,0.0497837718317755,1.07,16.21212121212121,38.4,both_detrimental,both_detrimental,True,marginal,validated_proxy_row,"FoRCy uses normalized maximum footing moment and contact-area proxy lambda=sqrt(1/A_c/A); measured displacement gate is max(rotation/0.01 rad, sliding/0.1%, settlement/0.1%).",base,0.06765864847381486,1.3590502684778558,0.06765864847381486,2.785759185429526,correct_marginal,False,False
FoRCy,FoRCy_Mastersheet_others.csv,P2011SQF23,252,2.961744388795461,7.771929824561402,0.0,1.0,8.771929824561402,15.2,both_detrimental,both_detrimental,True,marginal,validated_proxy_row,"FoRCy uses normalized maximum footing moment and contact-area proxy lambda=sqrt(1/A_c/A); measured displacement gate is max(rotation/0.01 rad, sliding/0.1%, settlement/0.1%).",base,0.0,1.0857784152938206,0.0,2.1715568305876416,correct_marginal,False,False
FoRCy,FoRCy_Mastersheet_others.csv,P2011SQF24,253,2.961744388795461,7.771929824561402,-0.6569939849876517,0.49,4.298245614035087,4.199999999999999,mixed,mixed,True,robust,validated_proxy_row,"FoRCy uses normalized maximum footing moment and contact-area proxy lambda=sqrt(1/A_c/A); measured displacement gate is max(rotation/0.01 rad, sliding/0.1%, settlement/0.1%).",base,0.7133498878774648,1.0857784152938206,-0.7133498878774648,1.4582069427101767,correct_robust,False,False
FoRCy,FoRCy_Mastersheet_others.csv,P2011SQF24,254,2.961744388795461,7.771929824561402,-0.2055148160721404,0.8,7.017543859649122,9.4,mixed,mixed,True,robust,validated_proxy_row,"FoRCy uses normalized maximum footing moment and contact-area proxy lambda=sqrt(1/A_c/A); measured displacement gate is max(rotation/0.01 rad, sliding/0.1%, settlement/0.1%).",base,0.2231435513142097,1.0857784152938206,-0.2231435513142097,1.9484132792734319,correct_robust,False,False
FoRCy,FoRCy_Mastersheet_others.csv,P2011SQF24,255,2.961744388795461,7.771929824561402,-0.0668374797404654,0.93,8.157894736842104,14.6,mixed,mixed,True,marginal,validated_proxy_row,"FoRCy uses normalized maximum footing moment and contact-area proxy lambda=sqrt(1/A_c/A); measured displacement gate is max(rotation/0.01 rad, sliding/0.1%, settlement/0.1%).",base,0.07257069283483537,1.0857784152938206,-0.07257069283483537,2.098986137752806,correct_marginal,False,False
FoRCy,FoRCy_Mastersheet_others.csv,P2011SQF24,256,2.961744388795461,7.771929824561402,0.0091642371159823,1.01,8.859649122807017,19.9,both_detrimental,both_detrimental,True,marginal,validated_proxy_row,"FoRCy uses normalized maximum footing moment and contact-area proxy lambda=sqrt(1/A_c/A); measured displacement gate is max(rotation/0.01 rad, sliding/0.1%, settlement/0.1%).",base,0.009950330853168092,1.0857784152938206,0.009950330853168092,2.1815071614408095,correct_marginal,False,False
FoRCy,FoRCy_Mastersheet_others.csv,P2011SQF24,257,2.961744388795461,7.771929824561402,0.0361222074419925,1.04,9.12280701754386,24.5,both_detrimental,both_detrimental,True,marginal,validated_proxy_row,"FoRCy uses normalized maximum footing moment and contact-area proxy lambda=sqrt(1/A_c/A); measured displacement gate is max(rotation/0.01 rad, sliding/0.1%, settlement/0.1%).",base,0.03922071315328133,1.0857784152938206,0.03922071315328133,2.2107775437409227,correct_marginal,False,False
FoRCy,FoRCy_Mastersheet_others.csv,P2011SQF24,258,2.961744388795461,7.771929824561402,0.0708809827604669,1.08,9.473684210526317,28.9,both_detrimental,both_detrimental,True,marginal,validated_proxy_row,"FoRCy uses normalized maximum footing moment and contact-area proxy lambda=sqrt(1/A_c/A); measured displacement gate is max(rotation/0.01 rad, sliding/0.1%, settlement/0.1%).",base,0.0769610411361284,1.0857784152938206,0.0769610411361284,2.24851787172377,correct_marginal,False,False
FoRCy,FoRCy_Mastersheet_others.csv,P2011SQF24,259,2.961744388795461,7.771929824561402,0.0877805070185828,1.1,9.649122807017545,32.8,both_detrimental,both_detrimental,True,robust,validated_proxy_row,"FoRCy uses normalized maximum footing moment and contact-area proxy lambda=sqrt(1/A_c/A); measured displacement gate is max(rotation/0.01 rad, sliding/0.1%, settlement/0.1%).",base,0.09531017980432493,1.0857784152938206,0.09531017980432493,2.2668670103919664,correct_robust,False,False
FoRCy,FoRCy_Mastersheet_others.csv,P2011SQF24,260,2.961744388795461,7.771929824561402,0.062313495572212,1.07,9.3859649122807,36.9,both_detrimental,both_detrimental,True,marginal,validated_proxy_row,"FoRCy uses normalized maximum footing moment and contact-area proxy lambda=sqrt(1/A_c/A); measured displacement gate is max(rotation/0.01 rad, sliding/0.1%, settlement/0.1%).",base,0.06765864847381486,1.0857784152938206,0.06765864847381486,2.2392154790614565,correct_marginal,False,False
FoRCy,FoRCy_Mastersheet_others.csv,P2011SQF24,261,2.961744388795461,7.771929824561402,0.0708809827604669,1.08,9.473684210526317,40.4,both_detrimental,both_detrimental,True,marginal,validated_proxy_row,"FoRCy uses normalized maximum footing moment and contact-area proxy lambda=sqrt(1/A_c/A); measured displacement gate is max(rotation/0.01 rad, sliding/0.1%, settlement/0.1%).",base,0.0769610411361284,1.0857784152938206,0.0769610411361284,2.24851787172377,correct_marginal,False,False
FoRCy,FoRCy_Mastersheet_others.csv,P2011SQF24,262,2.961744388795461,7.771929824561402,0.0793695058100155,1.09,9.56140350877193,43.7,both_detrimental,both_detrimental,True,marginal,validated_proxy_row,"FoRCy uses normalized maximum footing moment and contact-area proxy lambda=sqrt(1/A_c/A); measured displacement gate is max(rotation/0.01 rad, sliding/0.1%, settlement/0.1%).",base,0.08617769624105241,1.0857784152938206,0.08617769624105241,2.257734526828694,correct_marginal,False,False
FoRCy,FoRCy_Mastersheet_others.csv,P2011SQF24,263,2.961744388795461,7.771929824561402,0.0877805070185828,1.1,9.649122807017545,46.2,both_detrimental,both_detrimental,True,robust,validated_proxy_row,"FoRCy uses normalized maximum footing moment and contact-area proxy lambda=sqrt(1/A_c/A); measured displacement gate is max(rotation/0.01 rad, sliding/0.1%, settlement/0.1%).",base,0.09531017980432493,1.0857784152938206,0.09531017980432493,2.2668670103919664,correct_robust,False,False
FoRCy,FoRCy_Mastersheet_others.csv,P2011SQF24,264,2.961744388795461,7.771929824561402,0.062313495572212,1.07,9.3859649122807,49.6,both_detrimental,both_detrimental,True,marginal,validated_proxy_row,"FoRCy uses normalized maximum footing moment and contact-area proxy lambda=sqrt(1/A_c/A); measured displacement gate is max(rotation/0.01 rad, sliding/0.1%, settlement/0.1%).",base,0.06765864847381486,1.0857784152938206,0.06765864847381486,2.2392154790614565,correct_marginal,False,False
FoRCy,FoRCy_Mastersheet_others.csv,P2011SQF24,265,2.961744388795461,7.771929824561402,0.0961153895254052,1.11,9.736842105263158,54.3,both_detrimental,both_detrimental,True,robust,validated_proxy_row,"FoRCy uses normalized maximum footing moment and contact-area proxy lambda=sqrt(1/A_c/A); measured displacement gate is max(rotation/0.01 rad, sliding/0.1%, settlement/0.1%).",base,0.10436001532424286,1.0857784152938206,0.10436001532424286,2.275916845911884,correct_robust,False,False
FoRCy,FoRCy_Mastersheet_others.csv,P2011SQF24,266,2.961744388795461,7.771929824561402,0.1125622235649029,1.13,9.912280701754383,57.1,both_detrimental,both_detrimental,True,robust,validated_proxy_row,"FoRCy uses normalized maximum footing moment and contact-area proxy lambda=sqrt(1/A_c/A); measured displacement gate is max(rotation/0.01 rad, sliding/0.1%, settlement/0.1%).",base,0.12221763272424911,1.0857784152938206,0.12221763272424911,2.2937744633118906,correct_robust,False,False
FoRCy,FoRCy_Mastersheet_others.csv,P2011SQF25,267,2.961744388795461,7.771929824561402,0.0272236045819215,1.03,9.035087719298245,22.6,both_detrimental,both_detrimental,True,marginal,validated_proxy_row,"FoRCy uses normalized maximum footing moment and contact-area proxy lambda=sqrt(1/A_c/A); measured displacement gate is max(rotation/0.01 rad, sliding/0.1%, settlement/0.1%).",base,0.02955880224154443,1.0857784152938206,0.02955880224154443,2.201115632829186,correct_marginal,False,False
FoRCy,FoRCy_Mastersheet_others.csv,P2011SQF25,268,2.961744388795461,7.771929824561402,0.0793695058100155,1.09,9.56140350877193,34.5,both_detrimental,both_detrimental,True,marginal,validated_proxy_row,"FoRCy uses normalized maximum footing moment and contact-area proxy lambda=sqrt(1/A_c/A); measured displacement gate is max(rotation/0.01 rad, sliding/0.1%, settlement/0.1%).",base,0.08617769624105241,1.0857784152938206,0.08617769624105241,2.257734526828694,correct_marginal,False,False
FoRCy,FoRCy_Mastersheet_others.csv,P2011SQF25,269,2.961744388795461,7.771929824561402,0.1366945621939901,1.16,10.175438596491226,41.5,both_detrimental,both_detrimental,True,robust,validated_proxy_row,"FoRCy uses normalized maximum footing moment and contact-area proxy lambda=sqrt(1/A_c/A); measured displacement gate is max(rotation/0.01 rad, sliding/0.1%, settlement/0.1%).",base,0.14842000511827322,1.0857784152938206,0.14842000511827322,2.3199768357059147,correct_robust,False,False
FoRCy,FoRCy_Mastersheet_others.csv,P2011SQF25,270,2.961744388795461,7.771929824561402,0.1043755187160683,1.12,9.824561403508772,46.6,both_detrimental,both_detrimental,True,robust,validated_proxy_row,"FoRCy uses normalized maximum footing moment and contact-area proxy lambda=sqrt(1/A_c/A); measured displacement gate is max(rotation/0.01 rad, sliding/0.1%, settlement/0.1%).",base,0.11332868530700327,1.0857784152938206,0.11332868530700327,2.284885515894645,correct_robust,False,False
FoRCy,FoRCy_Mastersheet_others.csv,P2011SQF25,271,2.961744388795461,7.771929824561402,0.0877805070185828,1.1,9.649122807017545,53.4,both_detrimental,both_detrimental,True,robust,validated_proxy_row,"FoRCy uses normalized maximum footing moment and contact-area proxy lambda=sqrt(1/A_c/A); measured displacement gate is max(rotation/0.01 rad, sliding/0.1%, settlement/0.1%).",base,0.09531017980432493,1.0857784152938206,0.09531017980432493,2.2668670103919664,correct_robust,False,False
FoRCy,FoRCy_Mastersheet_others.csv,P2011SQF26,272,1.6927284226638315,1.8653295128939829,0.1982742762144415,1.11,3.180515759312321,15.1,both_detrimental,both_detrimental,True,robust,validated_proxy_row,"FoRCy uses normalized maximum footing moment and contact-area proxy lambda=sqrt(1/A_c/A); measured displacement gate is max(rotation/0.01 rad, sliding/0.1%, settlement/0.1%).",base,0.10436001532424286,0.526341678389855,0.10436001532424286,1.1570433721039526,correct_robust,False,False
FoRCy,FoRCy_Mastersheet_others.csv,P2011SQF27,273,1.6927284226638315,1.8653295128939829,-0.9391168172866232,0.61,1.7478510028653296,4.199999999999999,mixed,mixed,True,robust,validated_proxy_row,"FoRCy uses normalized maximum footing moment and contact-area proxy lambda=sqrt(1/A_c/A); measured displacement gate is max(rotation/0.01 rad, sliding/0.1%, settlement/0.1%).",base,0.4942963218147801,0.526341678389855,-0.4942963218147801,0.5583870349649298,correct_robust,False,False
FoRCy,FoRCy_Mastersheet_others.csv,P2011SQF27,274,1.6927284226638315,1.8653295128939829,-0.1378775343363235,0.93,2.664756446991404,10.7,mixed,mixed,True,marginal,validated_proxy_row,"FoRCy uses normalized maximum footing moment and contact-area proxy lambda=sqrt(1/A_c/A); measured displacement gate is max(rotation/0.01 rad, sliding/0.1%, settlement/0.1%).",base,0.07257069283483537,0.526341678389855,-0.07257069283483537,0.9801126639448745,correct_marginal,False,False
FoRCy,FoRCy_Mastersheet_others.csv,P2011SQF27,275,1.6927284226638315,1.8653295128939829,0.1810804344734597,1.1,3.151862464183381,17.8,both_detrimental,both_detrimental,True,robust,validated_proxy_row,"FoRCy uses normalized maximum footing moment and contact-area proxy lambda=sqrt(1/A_c/A); measured displacement gate is max(rotation/0.01 rad, sliding/0.1%, settlement/0.1%).",base,0.09531017980432493,0.526341678389855,0.09531017980432493,1.1479935365840348,correct_robust,False,False
FoRCy,FoRCy_Mastersheet_others.csv,P2011SQF27,276,1.6927284226638315,1.8653295128939829,0.3463939191585569,1.2,3.438395415472779,25.2,both_detrimental,both_detrimental,True,robust,validated_proxy_row,"FoRCy uses normalized maximum footing moment and contact-area proxy lambda=sqrt(1/A_c/A); measured displacement gate is max(rotation/0.01 rad, sliding/0.1%, settlement/0.1%).",base,0.1823215567939546,0.526341678389855,0.1823215567939546,1.2350049135736645,correct_robust,False,False
FoRCy,FoRCy_Mastersheet_others.csv,P2011SQF27,277,1.6927284226638315,1.8653295128939829,0.4541097737152081,1.27,3.6389684813753584,32.8,both_detrimental,both_detrimental,True,robust,validated_proxy_row,"FoRCy uses normalized maximum footing moment and contact-area proxy lambda=sqrt(1/A_c/A); measured displacement gate is max(rotation/0.01 rad, sliding/0.1%, settlement/0.1%).",base,0.23901690047049992,0.526341678389855,0.23901690047049992,1.2917002572502099,correct_robust,False,False
FoRCy,FoRCy_Mastersheet_others.csv,P2011SQF27,278,1.6927284226638315,1.8653295128939829,0.5560449152689807,1.34,3.839541547277937,40.3,both_detrimental,both_detrimental,True,robust,validated_proxy_row,"FoRCy uses normalized maximum footing moment and contact-area proxy lambda=sqrt(1/A_c/A); measured displacement gate is max(rotation/0.01 rad, sliding/0.1%, settlement/0.1%).",base,0.29266961396282004,0.526341678389855,0.29266961396282004,1.3453529707425298,correct_robust,False,False
FoRCy,FoRCy_Mastersheet_others.csv,P2011SQF27,279,1.6927284226638315,1.8653295128939829,0.625646344689977,1.39,3.982808022922636,46.5,both_detrimental,both_detrimental,True,robust,validated_proxy_row,"FoRCy uses normalized maximum footing moment and contact-area proxy lambda=sqrt(1/A_c/A); measured displacement gate is max(rotation/0.01 rad, sliding/0.1%, settlement/0.1%).",base,0.3293037471426003,0.526341678389855,0.3293037471426003,1.3819871039223104,correct_robust,False,False
FoRCy,FoRCy_Mastersheet_others.csv,P2011SQF27,280,1.6927284226638315,1.8653295128939829,0.6662152856408265,1.42,4.068767908309456,52.4,both_detrimental,both_detrimental,True,robust,validated_proxy_row,"FoRCy uses normalized maximum footing moment and contact-area proxy lambda=sqrt(1/A_c/A); measured displacement gate is max(rotation/0.01 rad, sliding/0.1%, settlement/0.1%).",base,0.35065687161316933,0.526341678389855,0.35065687161316933,1.4033402283928795,correct_robust,False,False
FoRCy,FoRCy_Mastersheet_others.csv,P2011SQF27,281,1.6927284226638315,1.8653295128939829,0.6795480178692798,1.43,4.097421203438396,59.0,both_detrimental,both_detrimental,True,robust,validated_proxy_row,"FoRCy uses normalized maximum footing moment and contact-area proxy lambda=sqrt(1/A_c/A); measured displacement gate is max(rotation/0.01 rad, sliding/0.1%, settlement/0.1%).",base,0.3576744442718159,0.526341678389855,0.3576744442718159,1.4103578010515259,correct_robust,False,False
FoRCy,FoRCy_Mastersheet_others.csv,P2011SQF27,282,1.6927284226638315,1.8653295128939829,0.7319625570393945,1.47,4.212034383954155,65.39999999999999,both_detrimental,both_detrimental,True,robust,validated_proxy_row,"FoRCy uses normalized maximum footing moment and contact-area proxy lambda=sqrt(1/A_c/A); measured displacement gate is max(rotation/0.01 rad, sliding/0.1%, settlement/0.1%).",base,0.3852624007906449,0.526341678389855,0.3852624007906449,1.437945757570355,correct_robust,False,False
FoRCy,FoRCy_Mastersheet_others.csv,P2011SQF27,283,1.6927284226638315,1.8653295128939829,0.820346239245986,1.54,4.412607449856734,71.1,both_detrimental,both_detrimental,True,robust,validated_proxy_row,"FoRCy uses normalized maximum footing moment and contact-area proxy lambda=sqrt(1/A_c/A); measured displacement gate is max(rotation/0.01 rad, sliding/0.1%, settlement/0.1%).",base,0.43178241642553783,0.526341678389855,0.43178241642553783,1.4844657732052478,correct_robust,False,False
FoRCy,FoRCy_Mastersheet_others.csv,P2011SQF27,284,1.6927284226638315,1.8653295128939829,0.7319625570393945,1.47,4.212034383954155,76.3,both_detrimental,both_detrimental,True,robust,validated_proxy_row,"FoRCy uses normalized maximum footing moment and contact-area proxy lambda=sqrt(1/A_c/A); measured displacement gate is max(rotation/0.01 rad, sliding/0.1%, settlement/0.1%).",base,0.3852624007906449,0.526341678389855,0.3852624007906449,1.437945757570355,correct_robust,False,False
FoRCy,FoRCy_Mastersheet_others.csv,P2011SQF27,285,1.6927284226638315,1.8653295128939829,0.8079689541312618,1.53,4.383954154727794,83.9,both_detrimental,both_detrimental,True,robust,validated_proxy_row,"FoRCy uses normalized maximum footing moment and contact-area proxy lambda=sqrt(1/A_c/A); measured displacement gate is max(rotation/0.01 rad, sliding/0.1%, settlement/0.1%).",base,0.4252677354043441,0.526341678389855,0.4252677354043441,1.4779510921840542,correct_robust,False,False
FoRCy,FoRCy_Mastersheet_others.csv,P2011SQF27,286,1.6927284226638315,1.8653295128939829,0.8079689541312618,1.53,4.383954154727794,91.1,both_detrimental,both_detrimental,True,robust,validated_proxy_row,"FoRCy uses normalized maximum footing moment and contact-area proxy lambda=sqrt(1/A_c/A); measured displacement gate is max(rotation/0.01 rad, sliding/0.1%, settlement/0.1%).",base,0.4252677354043441,0.526341678389855,0.4252677354043441,1.4779510921840542,correct_robust,False,False
FoRCy,FoRCy_Mastersheet_others.csv,P2011SQF28,287,1.6927284226638315,1.8653295128939829,0.3777980481300185,1.22,3.495702005730659,39.4,both_detrimental,both_detrimental,True,robust,validated_proxy_row,"FoRCy uses normalized maximum footing moment and contact-area proxy lambda=sqrt(1/A_c/A); measured displacement gate is max(rotation/0.01 rad, sliding/0.1%, settlement/0.1%).",base,0.19885085874516517,0.526341678389855,0.19885085874516517,1.2515342155248752,correct_robust,False,False
FoRCy,FoRCy_Mastersheet_others.csv,P2011SQF28,288,1.6927284226638315,1.8653295128939829,0.7189938613220397,1.46,4.183381088825215,70.0,both_detrimental,both_detrimental,True,robust,validated_proxy_row,"FoRCy uses normalized maximum footing moment and contact-area proxy lambda=sqrt(1/A_c/A); measured displacement gate is max(rotation/0.01 rad, sliding/0.1%, settlement/0.1%).",base,0.37843643572024505,0.526341678389855,0.37843643572024505,1.431119792499955,correct_robust,False,False
FoRCy,FoRCy_Mastersheet_others.csv,P2011SQF28,289,1.6927284226638315,1.8653295128939829,0.8326434119217614,1.55,4.441260744985674,88.69999999999999,both_detrimental,both_detrimental,True,robust,validated_proxy_row,"FoRCy uses normalized maximum footing moment and contact-area proxy lambda=sqrt(1/A_c/A); measured displacement gate is max(rotation/0.01 rad, sliding/0.1%, settlement/0.1%).",base,0.4382549309311553,0.526341678389855,0.4382549309311553,1.4909382877108652,correct_robust,False,False
FoRCy,FoRCy_Mastersheet_others.csv,P2011SQF28,290,1.6927284226638315,1.8653295128939829,0.9165645987224396,1.62,4.641833810888253,101.5,both_detrimental,both_detrimental,True,robust,validated_proxy_row,"FoRCy uses normalized maximum footing moment and contact-area proxy lambda=sqrt(1/A_c/A); measured displacement gate is max(rotation/0.01 rad, sliding/0.1%, settlement/0.1%).",base,0.4824261492442928,0.526341678389855,0.4824261492442928,1.5351095060240028,correct_robust,False,False
FoRCy,FoRCy_Mastersheet_others.csv,P2011SQF28,291,1.6927284226638315,1.8653295128939829,1.1061552671141948,1.79,5.128939828080229,114.4,both_detrimental,both_detrimental,True,robust,validated_proxy_row,"FoRCy uses normalized maximum footing moment and contact-area proxy lambda=sqrt(1/A_c/A); measured displacement gate is max(rotation/0.01 rad, sliding/0.1%, settlement/0.1%).",base,0.5822156198526637,0.526341678389855,0.5822156198526637,1.6348989766323736,correct_robust,False,False
FoRCy,FoRCy_Mastersheet_others.csv,MAH03-1,292,2.3063280200722125,4.319148936170213,-0.9030065425670698,0.470197044,2.5010481063829784,0.2650999999999999,both_beneficial,mixed,False,robust,validated_proxy_row,"FoRCy uses normalized maximum footing moment and contact-area proxy lambda=sqrt(1/A_c/A); measured displacement gate is max(rotation/0.01 rad, sliding/0.1%, settlement/0.1%).",base,0.7546034295824455,0.8356566580760938,-0.7546034295824455,0.9167098865697421,false_conservative_mixed,False,False
FoRCy,FoRCy_Mastersheet_others.csv,MAH03-1,293,2.3063280200722125,4.319148936170213,-0.4906854253697706,0.66362069,3.529897287234042,0.5952999999999999,both_beneficial,mixed,False,robust,validated_proxy_row,"FoRCy uses normalized maximum footing moment and contact-area proxy lambda=sqrt(1/A_c/A); measured displacement gate is max(rotation/0.01 rad, sliding/0.1%, settlement/0.1%).",base,0.4100445427311491,0.8356566580760938,-0.4100445427311491,1.2612687734210386,false_conservative_mixed,False,False
FoRCy,FoRCy_Mastersheet_others.csv,MAH03-1,294,2.3063280200722125,4.319148936170213,-0.1964586636841871,0.848596059,4.513808824468084,1.4401,mixed,mixed,True,robust,validated_proxy_row,"FoRCy uses normalized maximum footing moment and contact-area proxy lambda=sqrt(1/A_c/A); measured displacement gate is max(rotation/0.01 rad, sliding/0.1%, settlement/0.1%).",base,0.16417199034442312,0.8356566580760938,-0.16417199034442312,1.5071413258077644,correct_robust,False,False
FoRCy,FoRCy_Mastersheet_others.csv,MAH03-1,295,2.3063280200722125,4.319148936170213,0.0103156870825885,1.008657635,5.365200186170212,3.1422,both_detrimental,both_detrimental,True,marginal,validated_proxy_row,"FoRCy uses normalized maximum footing moment and contact-area proxy lambda=sqrt(1/A_c/A); measured displacement gate is max(rotation/0.01 rad, sliding/0.1%, settlement/0.1%).",base,0.008620372593194684,0.8356566580760938,0.008620372593194684,1.6799336887453824,correct_marginal,False,False
FoRCy,FoRCy_Mastersheet_others.csv,MAH03-1,296,2.3063280200722125,4.319148936170213,0.1318735358972071,1.116502463,5.938842888297871,6.063199999999999,both_detrimental,both_detrimental,True,robust,validated_proxy_row,"FoRCy uses normalized maximum footing moment and contact-area proxy lambda=sqrt(1/A_c/A); measured displacement gate is max(rotation/0.01 rad, sliding/0.1%, settlement/0.1%).",base,0.11020099829653796,0.8356566580760938,0.11020099829653796,1.7815143144487255,correct_robust,False,False
FoRCy,FoRCy_Mastersheet_others.csv,MAH03-1,297,2.3063280200722125,4.319148936170213,0.1765030304966044,1.158928571,6.164513675531913,10.9078,both_detrimental,both_detrimental,True,robust,validated_proxy_row,"FoRCy uses normalized maximum footing moment and contact-area proxy lambda=sqrt(1/A_c/A); measured displacement gate is max(rotation/0.01 rad, sliding/0.1%, settlement/0.1%).",base,0.1474959326050953,0.8356566580760938,0.1474959326050953,1.818809248757283,correct_robust,False,False
FoRCy,FoRCy_Mastersheet_others.csv,MAH03-1,298,2.3063280200722125,4.319148936170213,0.1685672616070184,1.151268473,6.123768473404255,16.8326,both_detrimental,both_detrimental,True,robust,validated_proxy_row,"FoRCy uses normalized maximum footing moment and contact-area proxy lambda=sqrt(1/A_c/A); measured displacement gate is max(rotation/0.01 rad, sliding/0.1%, settlement/0.1%).",base,0.14086435449555967,0.8356566580760938,0.14086435449555967,1.8121776706477475,correct_robust,False,False
FoRCy,FoRCy_Mastersheet_others.csv,MAH03-2,299,2.3063280200722125,4.319148936170213,-1.5972909328114668,0.263214286,1.400075989361702,0.4932999999999999,both_beneficial,mixed,False,robust,validated_proxy_row,"FoRCy uses normalized maximum footing moment and contact-area proxy lambda=sqrt(1/A_c/A); measured displacement gate is max(rotation/0.01 rad, sliding/0.1%, settlement/0.1%).",base,0.3365265132637108,0.8356566580760938,-1.3347868028884768,0.3365265132637108,false_conservative_mixed,False,False
FoRCy,FoRCy_Mastersheet_others.csv,MAH03-2,300,2.3063280200722125,4.319148936170213,-0.8414016378852194,0.495036946,2.6331752446808503,0.8936,both_beneficial,mixed,False,robust,validated_proxy_row,"FoRCy uses normalized maximum footing moment and contact-area proxy lambda=sqrt(1/A_c/A); measured displacement gate is max(rotation/0.01 rad, sliding/0.1%, settlement/0.1%).",base,0.703122880814914,0.8356566580760938,-0.703122880814914,0.9681904353372736,false_conservative_mixed,False,False
FoRCy,FoRCy_Mastersheet_others.csv,MAH03-2,301,2.3063280200722125,4.319148936170213,-0.327245714493785,0.760738916,4.04648359574468,1.0897,mixed,mixed,True,robust,validated_proxy_row,"FoRCy uses normalized maximum footing moment and contact-area proxy lambda=sqrt(1/A_c/A); measured displacement gate is max(rotation/0.01 rad, sliding/0.1%, settlement/0.1%).",base,0.2734650601435999,0.8356566580760938,-0.2734650601435999,1.3978482560085876,correct_robust,False,False
FoRCy,FoRCy_Mastersheet_others.csv,MAH03-2,302,2.3063280200722125,4.319148936170213,0.0039724532445627,1.003325123,5.336835760638297,1.8219,both_detrimental,both_detrimental,True,marginal,validated_proxy_row,"FoRCy uses normalized maximum footing moment and contact-area proxy lambda=sqrt(1/A_c/A); measured displacement gate is max(rotation/0.01 rad, sliding/0.1%, settlement/0.1%).",base,0.00331960700271486,0.8356566580760938,0.00331960700271486,1.6746329231549026,correct_marginal,False,False
FoRCy,FoRCy_Mastersheet_others.csv,MAH03-2,303,2.3063280200722125,4.319148936170213,0.1732432321914823,1.155775862,6.14774394680851,6.086899999999999,both_detrimental,both_detrimental,True,robust,validated_proxy_row,"FoRCy uses normalized maximum footing moment and contact-area proxy lambda=sqrt(1/A_c/A); measured displacement gate is max(rotation/0.01 rad, sliding/0.1%, settlement/0.1%).",base,0.1447718604474349,0.8356566580760938,0.1447718604474349,1.8160851765996227,correct_robust,False,False
FoRCy,FoRCy_Mastersheet_others.csv,MAH03-2,304,2.3063280200722125,4.319148936170213,0.2533086622646941,1.235751232,6.573144851063828,14.6282,both_detrimental,both_detrimental,True,robust,validated_proxy_row,"FoRCy uses normalized maximum footing moment and contact-area proxy lambda=sqrt(1/A_c/A); measured displacement gate is max(rotation/0.01 rad, sliding/0.1%, settlement/0.1%).",base,0.21167907016984022,0.8356566580760938,0.21167907016984022,1.882992386322028,correct_robust,False,False
FoRCy,FoRCy_Mastersheet_others.csv,MAH03-2,305,2.3063280200722125,4.319148936170213,0.2660252388565794,1.248953202,6.64336809574468,24.0547,both_detrimental,both_detrimental,True,robust,validated_proxy_row,"FoRCy uses normalized maximum footing moment and contact-area proxy lambda=sqrt(1/A_c/A); measured displacement gate is max(rotation/0.01 rad, sliding/0.1%, settlement/0.1%).",base,0.22230576206678382,0.8356566580760938,0.22230576206678382,1.8936190782189715,correct_robust,False,False
FoRCy,FoRCy_Mastersheet_others.csv,SC_Al_30_1,306,2.0493901536017978,3.2000000016800003,-0.6676619353704605,0.619355625,2.6012936260405173,0.7065,both_beneficial,mixed,False,robust,validated_proxy_row,"FoRCy uses normalized maximum footing moment and contact-area proxy lambda=sqrt(1/A_c/A); measured displacement gate is max(rotation/0.01 rad, sliding/0.1%, settlement/0.1%).",base,0.4790756559209663,0.7175422628446614,-0.4790756559209663,0.9560088697683563,false_conservative_mixed,False,False
FoRCy,FoRCy_Mastersheet_others.csv,SC_Al_30_1,307,2.0493901536017978,3.2000000016800003,-0.3639570412493924,0.770161875,3.234679876293872,1.703,mixed,mixed,True,robust,validated_proxy_row,"FoRCy uses normalized maximum footing moment and contact-area proxy lambda=sqrt(1/A_c/A); measured displacement gate is max(rotation/0.01 rad, sliding/0.1%, settlement/0.1%).",base,0.2611545589563368,0.7175422628446614,-0.2611545589563368,1.1739299667329859,correct_robust,False,False
FoRCy,FoRCy_Mastersheet_others.csv,SC_Al_30_1,308,2.0493901536017978,3.2000000016800003,-0.1670496750748983,0.88704,3.725568001490228,2.701,mixed,mixed,True,robust,validated_proxy_row,"FoRCy uses normalized maximum footing moment and contact-area proxy lambda=sqrt(1/A_c/A); measured displacement gate is max(rotation/0.01 rad, sliding/0.1%, settlement/0.1%).",base,0.11986520186070797,0.7175422628446614,-0.11986520186070797,1.3152193238286147,correct_robust,False,False
FoRCy,FoRCy_Mastersheet_others.csv,SC_Al_30_1,309,2.0493901536017978,3.2000000016800003,-0.0220591329429978,0.98429625,4.134044251653618,4.526999999999999,mixed,mixed,True,marginal,validated_proxy_row,"FoRCy uses normalized maximum footing moment and contact-area proxy lambda=sqrt(1/A_c/A); measured displacement gate is max(rotation/0.01 rad, sliding/0.1%, settlement/0.1%).",base,0.015828360168309862,0.7175422628446614,-0.015828360168309862,1.419256165521013,correct_marginal,False,False
FoRCy,FoRCy_Mastersheet_others.csv,SC_Al_30_1,310,2.0493901536017978,3.2000000016800003,0.0539368213061073,1.039460625,4.365734626746295,7.318,both_detrimental,both_detrimental,True,marginal,validated_proxy_row,"FoRCy uses normalized maximum footing moment and contact-area proxy lambda=sqrt(1/A_c/A); measured displacement gate is max(rotation/0.01 rad, sliding/0.1%, settlement/0.1%).",base,0.038701948810632394,0.7175422628446614,0.038701948810632394,1.4737864744999551,correct_marginal,False,False
FoRCy,FoRCy_Mastersheet_others.csv,SC_Al_30_1,311,2.0493901536017978,3.2000000016800003,0.0329622776015537,1.02393375,4.3005217517202095,9.316,both_detrimental,both_detrimental,True,marginal,validated_proxy_row,"FoRCy uses normalized maximum footing moment and contact-area proxy lambda=sqrt(1/A_c/A); measured displacement gate is max(rotation/0.01 rad, sliding/0.1%, settlement/0.1%).",base,0.023651827258732765,0.7175422628446614,0.023651827258732765,1.4587363529480555,correct_marginal,False,False
FoRCy,FoRCy_Mastersheet_others.csv,SC_Al_60_1,312,1.5811388300841898,1.5,-1.5379674467033593,0.4943,1.2357500000000003,0.8699999999999999,both_beneficial,mixed,False,robust,validated_proxy_row,"FoRCy uses normalized maximum footing moment and contact-area proxy lambda=sqrt(1/A_c/A); measured displacement gate is max(rotation/0.01 rad, sliding/0.1%, settlement/0.1%).",base,0.2116780732049319,0.4581453659370776,-0.7046126586692234,0.2116780732049319,false_conservative_mixed,False,False
FoRCy,FoRCy_Mastersheet_others.csv,SC_Al_60_1,313,1.5811388300841898,1.5,-1.049290528486582,0.618333333,1.5458333325000004,1.5559999999999998,mixed,mixed,True,robust,validated_proxy_row,"FoRCy uses normalized maximum footing moment and contact-area proxy lambda=sqrt(1/A_c/A); measured displacement gate is max(rotation/0.01 rad, sliding/0.1%, settlement/0.1%).",base,0.43556313872636054,0.4581453659370776,-0.48072759314779473,0.43556313872636054,correct_robust,False,False
FoRCy,FoRCy_Mastersheet_others.csv,SC_Al_60_1,314,1.5811388300841898,1.5,-0.6098616938244592,0.756233333,1.8905833325000003,3.053,mixed,mixed,True,robust,validated_proxy_row,"FoRCy uses normalized maximum footing moment and contact-area proxy lambda=sqrt(1/A_c/A); measured displacement gate is max(rotation/0.01 rad, sliding/0.1%, settlement/0.1%).",base,0.27940530888821286,0.4581453659370776,-0.27940530888821286,0.6368854229859424,correct_robust,False,False
FoRCy,FoRCy_Mastersheet_others.csv,SC_Al_60_1,315,1.5811388300841898,1.5,-0.1909926690474457,0.916216667,2.2905416675000003,6.7090000000000005,mixed,mixed,True,marginal,validated_proxy_row,"FoRCy uses normalized maximum footing moment and contact-area proxy lambda=sqrt(1/A_c/A); measured displacement gate is max(rotation/0.01 rad, sliding/0.1%, settlement/0.1%).",base,0.08750240625204116,0.4581453659370776,-0.08750240625204116,0.828788325622114,correct_marginal,False,False
FoRCy,FoRCy_Mastersheet_others.csv,SC_Al_60_1,316,1.5811388300841898,1.5,0.0491714432003712,1.022783333,2.5569583325000007,15.0,both_detrimental,both_detrimental,True,marginal,validated_proxy_row,"FoRCy uses normalized maximum footing moment and contact-area proxy lambda=sqrt(1/A_c/A); measured displacement gate is max(rotation/0.01 rad, sliding/0.1%, settlement/0.1%).",base,0.0225276688386883,0.4581453659370776,0.0225276688386883,0.9388184007128436,correct_marginal,False,False
FoRCy,FoRCy_Mastersheet_others.csv,SC_Al_60_1,317,1.5811388300841898,1.5,-0.0540678814527529,0.975533333,2.4388333325,26.0,mixed,mixed,True,marginal,validated_proxy_row,"FoRCy uses normalized maximum footing moment and contact-area proxy lambda=sqrt(1/A_c/A); measured displacement gate is max(rotation/0.01 rad, sliding/0.1%, settlement/0.1%).",base,0.02477094933361405,0.4581453659370776,-0.02477094933361405,0.8915197825405409,correct_marginal,False,False
FoRCy,FoRCy_Mastersheet_others.csv,SC_St_30,318,1.4142135623730951,1.0,-2.333264407728091,0.44546,0.8909200000000003,1.4399999999999995,mixed,both_beneficial,False,marginal,validated_proxy_row,"FoRCy uses normalized maximum footing moment and contact-area proxy lambda=sqrt(1/A_c/A); measured displacement gate is max(rotation/0.01 rad, sliding/0.1%, settlement/0.1%).",base,0.11550064229885297,0.3465735902799727,-0.8086478228587985,-0.11550064229885297,false_safe,True,True
FoRCy,FoRCy_Mastersheet_others.csv,SC_St_30,319,1.4142135623730951,1.0,-1.6385839553697947,0.56672,1.1334400000000002,2.17,mixed,mixed,True,marginal,validated_proxy_row,"FoRCy uses normalized maximum footing moment and contact-area proxy lambda=sqrt(1/A_c/A); measured displacement gate is max(rotation/0.01 rad, sliding/0.1%, settlement/0.1%).",base,0.12525725617227718,0.3465735902799727,-0.5678899243876683,0.12525725617227718,correct_marginal,False,False
FoRCy,FoRCy_Mastersheet_others.csv,SC_St_30,320,1.4142135623730951,1.0,-0.920104221840566,0.72696,1.4539200000000003,3.954,mixed,mixed,True,robust,validated_proxy_row,"FoRCy uses normalized maximum footing moment and contact-area proxy lambda=sqrt(1/A_c/A); measured displacement gate is max(rotation/0.01 rad, sliding/0.1%, settlement/0.1%).",base,0.3188838235950454,0.3465735902799727,-0.3188838235950454,0.37426335696490004,correct_robust,False,False
FoRCy,FoRCy_Mastersheet_others.csv,SC_St_30,321,1.4142135623730951,1.0,-0.3019550831379893,0.90064,1.8012800000000004,9.82,mixed,mixed,True,marginal,validated_proxy_row,"FoRCy uses normalized maximum footing moment and contact-area proxy lambda=sqrt(1/A_c/A); measured displacement gate is max(rotation/0.01 rad, sliding/0.1%, settlement/0.1%).",base,0.1046496572664206,0.3465735902799727,-0.1046496572664206,0.588497523293525,correct_marginal,False,False
FoRCy,FoRCy_Mastersheet_others.csv,SC_St_30,322,1.4142135623730951,1.0,-0.0346004807887726,0.98808,1.9761600000000004,25.0,mixed,mixed,True,marginal,validated_proxy_row,"FoRCy uses normalized maximum footing moment and contact-area proxy lambda=sqrt(1/A_c/A); measured displacement gate is max(rotation/0.01 rad, sliding/0.1%, settlement/0.1%).",base,0.011991612852378156,0.3465735902799727,-0.011991612852378156,0.6811555677075674,correct_marginal,False,False
FoRCy,FoRCy_Mastersheet_others.csv,SC_St_30,323,1.4142135623730951,1.0,0.1287172830521547,1.04562,2.0912400000000004,45.99999999999999,both_detrimental,both_detrimental,True,marginal,validated_proxy_row,"FoRCy uses normalized maximum footing moment and contact-area proxy lambda=sqrt(1/A_c/A); measured displacement gate is max(rotation/0.01 rad, sliding/0.1%, settlement/0.1%).",base,0.044610010918468765,0.3465735902799727,0.044610010918468765,0.7377571914784143,correct_marginal,False,False
FoRCy,FoRCy_Mastersheet_others.csv,SC_St_60,324,1.0954451152294211,0.20000000048,-5.666273793532811,0.59658,0.7158960002863586,1.66,mixed,both_beneficial,False,robust,validated_proxy_row,"FoRCy uses normalized maximum footing moment and contact-area proxy lambda=sqrt(1/A_c/A); measured displacement gate is max(rotation/0.01 rad, sliding/0.1%, settlement/0.1%).",base,0.33422037356814543,0.09116077859697719,-0.5165419307620999,-0.33422037356814494,false_safe,True,True
FoRCy,FoRCy_Mastersheet_others.csv,SC_St_60,325,1.0954451152294211,0.20000000048,-1.2261971121915725,0.89424,1.0730880004292354,2.08,mixed,mixed,True,marginal,validated_proxy_row,"FoRCy uses normalized maximum footing moment and contact-area proxy lambda=sqrt(1/A_c/A); measured displacement gate is max(rotation/0.01 rad, sliding/0.1%, settlement/0.1%).",base,0.07054047373320553,0.09116077859697719,-0.111781083460749,0.07054047373320574,correct_marginal,False,False
FoRCy,FoRCy_Mastersheet_others.csv,SC_St_60,326,1.0954451152294211,0.20000000048,1.4084260440120473,1.137,1.3644000005457602,11.0,both_detrimental,both_detrimental,True,robust,validated_proxy_row,"FoRCy uses normalized maximum footing moment and contact-area proxy lambda=sqrt(1/A_c/A); measured displacement gate is max(rotation/0.01 rad, sliding/0.1%, settlement/0.1%).",base,0.128393214768399,0.09116077859697719,0.128393214768399,0.31071477196235375,correct_robust,False,False
FoRCy,FoRCy_Mastersheet_others.csv,SC_St_60,327,1.0954451152294211,0.20000000048,3.661632102688903,1.39626,1.6755120006702051,27.0,both_detrimental,both_detrimental,True,robust,validated_proxy_row,"FoRCy uses normalized maximum footing moment and contact-area proxy lambda=sqrt(1/A_c/A); measured displacement gate is max(rotation/0.01 rad, sliding/0.1%, settlement/0.1%).",base,0.3337972334168079,0.09116077859697719,0.3337972334168079,0.5161187906107627,correct_robust,False,False
FoRCy,FoRCy_Mastersheet_others.csv,SC_St_60,328,1.0954451152294211,0.20000000048,6.561297151712737,1.81872,2.182464000872986,60.99999999999999,both_detrimental,both_detrimental,True,robust,validated_proxy_row,"FoRCy uses normalized maximum footing moment and contact-area proxy lambda=sqrt(1/A_c/A); measured displacement gate is max(rotation/0.01 rad, sliding/0.1%, settlement/0.1%).",base,0.5981329569562632,0.09116077859697719,0.5981329569562632,0.7804545141502182,correct_robust,False,False
FoRCy,FoRCy_Mastersheet_others.csv,SC_St_60,329,1.0954451152294211,0.20000000048,6.3371843389154,1.78194,2.138328000855332,91.0,both_detrimental,both_detrimental,True,robust,validated_proxy_row,"FoRCy uses normalized maximum footing moment and contact-area proxy lambda=sqrt(1/A_c/A); measured displacement gate is max(rotation/0.01 rad, sliding/0.1%, settlement/0.1%).",base,0.5777026584480993,0.09116077859697719,0.5777026584480993,0.7600242156420541,correct_robust,False,False
FoRCy,FoRCy_Mastersheet_others.csv,Case 3,330,2.3173260470703947,4.3700000084309005,0.1224683861894526,1.108407323,5.952147333854873,14.22,both_detrimental,both_detrimental,True,robust,validated_proxy_row,"FoRCy uses normalized maximum footing moment and contact-area proxy lambda=sqrt(1/A_c/A); measured displacement gate is max(rotation/0.01 rad, sliding/0.1%, settlement/0.1%).",base,0.10292414080550372,0.8404139550453867,0.10292414080550372,1.7837520508962772,correct_robust,False,False
FoRCy,FoRCy_Mastersheet_others.csv,Case 4,331,2.3173260470703947,4.3700000084309005,-0.5606867050477513,0.62424714,3.352207147062966,0.397361,both_beneficial,mixed,False,robust,validated_proxy_row,"FoRCy uses normalized maximum footing moment and contact-area proxy lambda=sqrt(1/A_c/A); measured displacement gate is max(rotation/0.01 rad, sliding/0.1%, settlement/0.1%).",base,0.47120893133054687,0.8404139550453867,-0.47120893133054687,1.2096189787602267,false_conservative_mixed,False,False
FoRCy,FoRCy_Mastersheet_others.csv,Case 4,332,2.3173260470703947,4.3700000084309005,-0.0535020327970748,0.956032037,5.133892046750211,0.49033628,both_beneficial,mixed,False,marginal,validated_proxy_row,"FoRCy uses normalized maximum footing moment and contact-area proxy lambda=sqrt(1/A_c/A); measured displacement gate is max(rotation/0.01 rad, sliding/0.1%, settlement/0.1%).",base,0.04496385498595765,0.8404139550453867,-0.04496385498595765,1.6358640551048158,false_conservative_mixed,False,False
FoRCy,FoRCy_Mastersheet_others.csv,Case 4,333,2.3173260470703947,4.3700000084309005,-0.0071572816422004,0.994002975,5.3377959841303415,0.53725028,both_beneficial,mixed,False,marginal,validated_proxy_row,"FoRCy uses normalized maximum footing moment and contact-area proxy lambda=sqrt(1/A_c/A); measured displacement gate is max(rotation/0.01 rad, sliding/0.1%, settlement/0.1%).",base,0.006015079372295415,0.8404139550453867,-0.006015079372295415,1.6748128307184782,false_conservative_mixed,False,False
FoRCy,FoRCy_Mastersheet_others.csv,Case 4,334,2.3173260470703947,4.3700000084309005,0.0890235252376936,1.077686499,5.787176508715868,1.55967521,both_detrimental,both_detrimental,True,marginal,validated_proxy_row,"FoRCy uses normalized maximum footing moment and contact-area proxy lambda=sqrt(1/A_c/A); measured displacement gate is max(rotation/0.01 rad, sliding/0.1%, settlement/0.1%).",base,0.0748166129370929,0.8404139550453867,0.0748166129370929,1.7556445230278666,correct_marginal,False,False
FoRCy,FoRCy_Mastersheet_others.csv,Case 4,335,2.3173260470703947,4.3700000084309005,0.0957881247798717,1.083830664,5.820170674817669,3.87524728,both_detrimental,both_detrimental,True,marginal,validated_proxy_row,"FoRCy uses normalized maximum footing moment and contact-area proxy lambda=sqrt(1/A_c/A); measured displacement gate is max(rotation/0.01 rad, sliding/0.1%, settlement/0.1%).",base,0.080501676792633,0.8404139550453867,0.080501676792633,1.7613295868834067,correct_marginal,False,False
FoRCy,FoRCy_Mastersheet_others.csv,Case 4,336,2.3173260470703947,4.3700000084309005,0.1131981901813824,1.099805492,5.905955501312351,6.968603989999999,both_detrimental,both_detrimental,True,marginal,validated_proxy_row,"FoRCy uses normalized maximum footing moment and contact-area proxy lambda=sqrt(1/A_c/A); measured displacement gate is max(rotation/0.01 rad, sliding/0.1%, settlement/0.1%).",base,0.09513333871431552,0.8404139550453867,0.09513333871431552,1.775961248805089,correct_marginal,False,False
FoRCy,FoRCy_Mastersheet_others.csv,Case 4,337,2.3173260470703947,4.3700000084309005,0.0863068805533189,1.075228833,5.773978842275148,12.65248239,both_detrimental,both_detrimental,True,marginal,validated_proxy_row,"FoRCy uses normalized maximum footing moment and contact-area proxy lambda=sqrt(1/A_c/A); measured displacement gate is max(rotation/0.01 rad, sliding/0.1%, settlement/0.1%).",base,0.07253350683344459,0.8404139550453867,0.07253350683344459,1.7533614169242182,correct_marginal,False,False
FoRCy,FoRCy_Mastersheet_others.csv,Case 4,338,2.3173260470703947,4.3700000084309005,0.0234828574550915,1.01993135,5.477031358098941,15.079088039999998,both_detrimental,both_detrimental,True,marginal,validated_proxy_row,"FoRCy uses normalized maximum footing moment and contact-area proxy lambda=sqrt(1/A_c/A); measured displacement gate is max(rotation/0.01 rad, sliding/0.1%, settlement/0.1%).",base,0.01973532110960054,0.8404139550453867,0.01973532110960054,1.7005632312003742,correct_marginal,False,False
FoRCy,FoRCy_Mastersheet_others.csv,Case 4,339,2.3173260470703947,4.3700000084309005,0.0032412308138472,1.002727689,5.3846476983838985,18.45078218,both_detrimental,both_detrimental,True,marginal,validated_proxy_row,"FoRCy uses normalized maximum footing moment and contact-area proxy lambda=sqrt(1/A_c/A); measured displacement gate is max(rotation/0.01 rad, sliding/0.1%, settlement/0.1%).",base,0.0027239756074803148,0.8404139550453867,0.0027239756074803148,1.6835518856982539,correct_marginal,False,False
FoRCy,FoRCy_Mastersheet_others.csv,Case 4,340,2.3173260470703947,4.3700000084309005,-0.0114308398556213,0.990439359,5.318659366180297,24.10800678,mixed,mixed,True,marginal,validated_proxy_row,"FoRCy uses normalized maximum footing moment and contact-area proxy lambda=sqrt(1/A_c/A); measured displacement gate is max(rotation/0.01 rad, sliding/0.1%, settlement/0.1%).",base,0.00960663733255318,0.8404139550453867,-0.00960663733255318,1.6712212727582205,correct_marginal,False,False
FoRCy,FoRCy_Mastersheet_others.csv,Case 5,341,2.3173260470703947,4.3700000084309005,-0.7729538591476153,0.522254005,2.804504011253072,0.32702116,both_beneficial,mixed,False,robust,validated_proxy_row,"FoRCy uses normalized maximum footing moment and contact-area proxy lambda=sqrt(1/A_c/A); measured displacement gate is max(rotation/0.01 rad, sliding/0.1%, settlement/0.1%).",base,0.6496012098338422,0.8404139550453867,-0.6496012098338422,1.0312267002569315,false_conservative_mixed,False,False
FoRCy,FoRCy_Mastersheet_others.csv,Case 5,342,2.3173260470703947,4.3700000084309005,-0.3045767604070259,0.77416476,4.157264767726907,0.54062802,both_beneficial,mixed,False,robust,validated_proxy_row,"FoRCy uses normalized maximum footing moment and contact-area proxy lambda=sqrt(1/A_c/A); measured displacement gate is max(rotation/0.01 rad, sliding/0.1%, settlement/0.1%).",base,0.25597055982857986,0.8404139550453867,-0.25597055982857986,1.4248573502621937,false_conservative_mixed,False,False
FoRCy,FoRCy_Mastersheet_others.csv,Case 5,343,2.3173260470703947,4.3700000084309005,-0.0971154423410376,0.921624714,4.949124721950128,0.6598125,both_beneficial,mixed,False,marginal,validated_proxy_row,"FoRCy uses normalized maximum footing moment and contact-area proxy lambda=sqrt(1/A_c/A); measured displacement gate is max(rotation/0.01 rad, sliding/0.1%, settlement/0.1%).",base,0.08161717299381364,0.8404139550453867,-0.08161717299381364,1.5992107370969602,false_conservative_mixed,False,False
FoRCy,FoRCy_Mastersheet_others.csv,Case 5,344,2.3173260470703947,4.3700000084309005,0.0518149056275047,1.044508009,5.609008017136144,1.30782061,both_detrimental,both_detrimental,True,marginal,validated_proxy_row,"FoRCy uses normalized maximum footing moment and contact-area proxy lambda=sqrt(1/A_c/A); measured displacement gate is max(rotation/0.01 rad, sliding/0.1%, settlement/0.1%).",base,0.04354596976871472,0.8404139550453867,0.04354596976871472,1.7243738798594883,correct_marginal,False,False
FoRCy,FoRCy_Mastersheet_others.csv,Case 5,345,2.3173260470703947,4.3700000084309005,0.1237868238363664,1.109636156,5.958746167075233,1.83782124,both_detrimental,both_detrimental,True,robust,validated_proxy_row,"FoRCy uses normalized maximum footing moment and contact-area proxy lambda=sqrt(1/A_c/A); measured displacement gate is max(rotation/0.01 rad, sliding/0.1%, settlement/0.1%).",base,0.10403217420282726,0.8404139550453867,0.10403217420282726,1.7848600842936009,correct_robust,False,False
FoRCy,FoRCy_Mastersheet_others.csv,Case 5,346,2.3173260470703947,4.3700000084309005,0.1251038022270903,1.110864989,5.965345000295593,2.419943,both_detrimental,both_detrimental,True,robust,validated_proxy_row,"FoRCy uses normalized maximum footing moment and contact-area proxy lambda=sqrt(1/A_c/A); measured displacement gate is max(rotation/0.01 rad, sliding/0.1%, settlement/0.1%).",base,0.10513898122088486,0.8404139550453867,0.10513898122088486,1.7859668913116584,correct_robust,False,False
FoRCy,FoRCy_Mastersheet_others.csv,Case 5,347,2.3173260470703947,4.3700000084309005,0.1158541954246495,1.102263158,5.919153167753072,3.263425,both_detrimental,both_detrimental,True,robust,validated_proxy_row,"FoRCy uses normalized maximum footing moment and contact-area proxy lambda=sqrt(1/A_c/A); measured displacement gate is max(rotation/0.01 rad, sliding/0.1%, settlement/0.1%).",base,0.09736548258543087,0.8404139550453867,0.09736548258543087,1.7781933926762046,correct_robust,False,False
FoRCy,FoRCy_Mastersheet_others.csv,Case 5,348,2.3173260470703947,4.3700000084309005,0.0936276339897373,1.081864531,5.809612540591092,4.121373999999999,both_detrimental,both_detrimental,True,marginal,validated_proxy_row,"FoRCy uses normalized maximum footing moment and contact-area proxy lambda=sqrt(1/A_c/A); measured displacement gate is max(rotation/0.01 rad, sliding/0.1%, settlement/0.1%).",base,0.07868597018285708,0.8404139550453867,0.07868597018285708,1.7595138802736305,correct_marginal,False,False
FoRCy,FoRCy_Mastersheet_others.csv,Case 5,349,2.3173260470703947,4.3700000084309005,0.0671146937469957,1.058025172,5.681595182560106,4.962586,both_detrimental,both_detrimental,True,marginal,validated_proxy_row,"FoRCy uses normalized maximum footing moment and contact-area proxy lambda=sqrt(1/A_c/A); measured displacement gate is max(rotation/0.01 rad, sliding/0.1%, settlement/0.1%).",base,0.05640412521357256,0.8404139550453867,0.05640412521357256,1.7372320353043462,correct_marginal,False,False
FoRCy,FoRCy_Mastersheet_others.csv,Case 5,350,2.3173260470703947,4.3700000084309005,0.0263466130012614,1.022389016,5.490229024539661,6.655569999999999,both_detrimental,both_detrimental,True,marginal,validated_proxy_row,"FoRCy uses normalized maximum footing moment and contact-area proxy lambda=sqrt(1/A_c/A); measured displacement gate is max(rotation/0.01 rad, sliding/0.1%, settlement/0.1%).",base,0.02214206123444032,0.8404139550453867,0.02214206123444032,1.702969971325214,correct_marginal,False,False
FoRCy,FoRCy_Mastersheet_others.csv,Case 6,351,2.2315913596164507,3.9799999963148,0.0471132301614967,1.038542714,5.171942711892762,40.0,both_detrimental,both_detrimental,True,marginal,validated_proxy_row,"FoRCy uses normalized maximum footing moment and contact-area proxy lambda=sqrt(1/A_c/A); measured displacement gate is max(rotation/0.01 rad, sliding/0.1%, settlement/0.1%).",base,0.03781849396484418,0.8027149451482807,0.03781849396484418,1.6432483842614056,correct_marginal,False,False
FoRCy,FoRCy_Mastersheet_others.csv,Case 7,352,2.2315913596164507,3.9799999963148,-0.3529892699594957,0.753256281,3.751216276604099,0.96646122,both_beneficial,mixed,False,robust,validated_proxy_row,"FoRCy uses normalized maximum footing moment and contact-area proxy lambda=sqrt(1/A_c/A); measured displacement gate is max(rotation/0.01 rad, sliding/0.1%, settlement/0.1%).",base,0.28334976247346827,0.8027149451482807,-0.28334976247346827,1.3220801278230931,false_conservative_mixed,False,False
FoRCy,FoRCy_Mastersheet_others.csv,Case 7,353,2.2315913596164507,3.9799999963148,-0.0626483587082883,0.950954774,4.73575477101554,0.87838125,both_beneficial,mixed,False,marginal,validated_proxy_row,"FoRCy uses normalized maximum footing moment and contact-area proxy lambda=sqrt(1/A_c/A); measured displacement gate is max(rotation/0.01 rad, sliding/0.1%, settlement/0.1%).",base,0.050288773824153456,0.8027149451482807,-0.050288773824153456,1.5551411164724078,false_conservative_mixed,False,False
FoRCy,FoRCy_Mastersheet_others.csv,Case 7,354,2.2315913596164507,3.9799999963148,0.0913464766533617,1.076080402,5.358880397994428,1.3302563,both_detrimental,both_detrimental,True,marginal,validated_proxy_row,"FoRCy uses normalized maximum footing moment and contact-area proxy lambda=sqrt(1/A_c/A); measured displacement gate is max(rotation/0.01 rad, sliding/0.1%, settlement/0.1%).",base,0.073325181996292,0.8027149451482807,0.073325181996292,1.6787550722928533,correct_marginal,False,False
FoRCy,FoRCy_Mastersheet_others.csv,Case 7,355,2.2315913596164507,3.9799999963148,0.1340628522348812,1.11361809,5.545818084096093,2.8865065,both_detrimental,both_detrimental,True,robust,validated_proxy_row,"FoRCy uses normalized maximum footing moment and contact-area proxy lambda=sqrt(1/A_c/A); measured displacement gate is max(rotation/0.01 rad, sliding/0.1%, settlement/0.1%).",base,0.10761425507814473,0.8027149451482807,0.10761425507814473,1.713044145374706,correct_robust,False,False
FoRCy,FoRCy_Mastersheet_others.csv,Case 7,356,2.2315913596164507,3.9799999963148,0.1270443989383156,1.107361809,5.5146618047391485,5.5058815,both_detrimental,both_detrimental,True,robust,validated_proxy_row,"FoRCy uses normalized maximum footing moment and contact-area proxy lambda=sqrt(1/A_c/A); measured displacement gate is max(rotation/0.01 rad, sliding/0.1%, settlement/0.1%).",base,0.10198043772516628,0.8027149451482807,0.10198043772516628,1.7074103280217277,correct_robust,False,False
FoRCy,FoRCy_Mastersheet_others.csv,Case 7,357,2.2315913596164507,3.9799999963148,0.0182640758643098,1.014768844,5.0535488393803725,7.504631499999999,both_detrimental,both_detrimental,True,marginal,validated_proxy_row,"FoRCy uses normalized maximum footing moment and contact-area proxy lambda=sqrt(1/A_c/A); measured displacement gate is max(rotation/0.01 rad, sliding/0.1%, settlement/0.1%).",base,0.014660846655603512,0.8027149451482807,0.014660846655603512,1.6200907369521649,correct_marginal,False,False
FoRCy,FoRCy_Mastersheet_others.csv,Case 7,358,2.2315913596164507,3.9799999963148,0.0121044973588699,1.009763819,5.028623814898817,10.4108805,both_detrimental,both_detrimental,True,marginal,validated_proxy_row,"FoRCy uses normalized maximum footing moment and contact-area proxy lambda=sqrt(1/A_c/A); measured displacement gate is max(rotation/0.01 rad, sliding/0.1%, settlement/0.1%).",base,0.009716460933472795,0.8027149451482807,0.009716460933472795,1.6151463512300341,correct_marginal,False,False
FoRCy,FoRCy_Mastersheet_others.csv,Case 7,359,2.2315913596164507,3.9799999963148,-0.0239165679216023,0.980984925,4.885304922884873,12.7246315,mixed,mixed,True,marginal,validated_proxy_row,"FoRCy uses normalized maximum footing moment and contact-area proxy lambda=sqrt(1/A_c/A); measured displacement gate is max(rotation/0.01 rad, sliding/0.1%, settlement/0.1%).",base,0.019198186507324157,0.8027149451482807,-0.019198186507324157,1.586231703789237,correct_marginal,False,False
FoRCy,FoRCy_Mastersheet_others.csv,Case 7,360,2.2315913596164507,3.9799999963148,-0.0128429639006041,0.989743719,4.928923716972595,15.3890065,mixed,mixed,True,marginal,validated_proxy_row,"FoRCy uses normalized maximum footing moment and contact-area proxy lambda=sqrt(1/A_c/A); measured displacement gate is max(rotation/0.01 rad, sliding/0.1%, settlement/0.1%).",base,0.010309239063014834,0.8027149451482807,-0.010309239063014834,1.5951206512335465,correct_marginal,False,False
FoRCy,FoRCy_Mastersheet_others.csv,Case 8,361,2.2315913596164507,3.9799999963148,-0.4386430820689019,0.70320603,3.5019660268085446,1.12729406,mixed,mixed,True,robust,validated_proxy_row,"FoRCy uses normalized maximum footing moment and contact-area proxy lambda=sqrt(1/A_c/A); measured displacement gate is max(rotation/0.01 rad, sliding/0.1%, settlement/0.1%).",base,0.35210535756261135,0.8027149451482807,-0.35210535756261135,1.25332453273395,correct_robust,False,False
FoRCy,FoRCy_Mastersheet_others.csv,Case 8,362,2.2315913596164507,3.9799999963148,-0.1527024531374365,0.884638191,4.40549818791993,0.88219944,both_beneficial,mixed,False,robust,validated_proxy_row,"FoRCy uses normalized maximum footing moment and contact-area proxy lambda=sqrt(1/A_c/A); measured displacement gate is max(rotation/0.01 rad, sliding/0.1%, settlement/0.1%).",base,0.12257654129422525,0.8027149451482807,-0.12257654129422525,1.4828533490023361,false_conservative_mixed,False,False
FoRCy,FoRCy_Mastersheet_others.csv,Case 8,363,2.2315913596164507,3.9799999963148,0.0121044973588699,1.009763819,5.028623814898817,1.61640597,both_detrimental,both_detrimental,True,marginal,validated_proxy_row,"FoRCy uses normalized maximum footing moment and contact-area proxy lambda=sqrt(1/A_c/A); measured displacement gate is max(rotation/0.01 rad, sliding/0.1%, settlement/0.1%).",base,0.009716460933472795,0.8027149451482807,0.009716460933472795,1.6151463512300341,correct_marginal,False,False
FoRCy,FoRCy_Mastersheet_others.csv,Case 8,364,2.2315913596164507,3.9799999963148,0.1284512561921716,1.108613065,5.520893059614537,3.16254454,both_detrimental,both_detrimental,True,robust,validated_proxy_row,"FoRCy uses normalized maximum footing moment and contact-area proxy lambda=sqrt(1/A_c/A); measured displacement gate is max(rotation/0.01 rad, sliding/0.1%, settlement/0.1%).",base,0.10310974306852677,0.8027149451482807,0.10310974306852677,1.7085396333650882,correct_robust,False,False
FoRCy,FoRCy_Mastersheet_others.csv,Case 8,365,2.2315913596164507,3.9799999963148,0.0985683645020279,1.082336683,5.390036677351372,6.74747224,both_detrimental,both_detrimental,True,marginal,validated_proxy_row,"FoRCy uses normalized maximum footing moment and contact-area proxy lambda=sqrt(1/A_c/A); measured displacement gate is max(rotation/0.01 rad, sliding/0.1%, settlement/0.1%).",base,0.0791222993046011,0.8027149451482807,0.0791222993046011,1.6845521896011624,correct_marginal,False,False
FoRCy,FoRCy_Mastersheet_others.csv,Case 8,366,2.2315913596164507,3.9799999963148,-0.0081271022475212,0.993497487,4.947617481598762,6.13971535,mixed,mixed,True,marginal,validated_proxy_row,"FoRCy uses normalized maximum footing moment and contact-area proxy lambda=sqrt(1/A_c/A); measured displacement gate is max(rotation/0.01 rad, sliding/0.1%, settlement/0.1%).",base,0.006523746434833497,0.8027149451482807,-0.006523746434833497,1.5989061438617278,correct_marginal,False,False
FoRCy,FoRCy_Mastersheet_others.csv,Case 8,367,2.2315913596164507,3.9799999963148,-0.0528519336738125,0.958462312,4.773142310227874,7.05779996,mixed,mixed,True,marginal,validated_proxy_row,"FoRCy uses normalized maximum footing moment and contact-area proxy lambda=sqrt(1/A_c/A); measured displacement gate is max(rotation/0.01 rad, sliding/0.1%, settlement/0.1%).",base,0.042425037039955024,0.8027149451482807,-0.042425037039955024,1.5630048532566063,correct_marginal,False,False
FoRCy,FoRCy_Mastersheet_others.csv,Case 8,368,2.2315913596164507,3.9799999963148,-0.0774889719096829,0.939693467,4.679673462197041,6.868291899999999,mixed,mixed,True,marginal,validated_proxy_row,"FoRCy uses normalized maximum footing moment and contact-area proxy lambda=sqrt(1/A_c/A); measured displacement gate is max(rotation/0.01 rad, sliding/0.1%, settlement/0.1%).",base,0.06220155583607777,0.8027149451482807,-0.06220155583607777,1.5432283344604836,correct_marginal,False,False
FoRCy,FoRCy_Mastersheet_others.csv,Case 8,369,2.2315913596164507,3.9799999963148,-0.0659310284960078,0.948452261,4.723292256284763,8.5158661,mixed,mixed,True,marginal,validated_proxy_row,"FoRCy uses normalized maximum footing moment and contact-area proxy lambda=sqrt(1/A_c/A); measured displacement gate is max(rotation/0.01 rad, sliding/0.1%, settlement/0.1%).",base,0.05292382192274266,0.8027149451482807,-0.05292382192274266,1.5525060683738188,correct_marginal,False,False
FoRCy,FoRCy_Mastersheet_others.csv,Case 9,370,1.7860571094490791,2.1899999982136,0.1639312558893984,1.099748858,3.508198855055409,32.599999999999994,both_detrimental,both_detrimental,True,marginal,validated_proxy_row,"FoRCy uses normalized maximum footing moment and contact-area proxy lambda=sqrt(1/A_c/A); measured displacement gate is max(rotation/0.01 rad, sliding/0.1%, settlement/0.1%).",base,0.09508184282833079,0.5800104581183766,0.09508184282833079,1.255102759065084,correct_marginal,False,False
FoRCy,FoRCy_Mastersheet_others.csv,Case 10,371,1.7860571094490791,2.1899999982136,-0.0266250889838017,0.984675799,3.141115797050975,1.01248115,mixed,mixed,True,marginal,validated_proxy_row,"FoRCy uses normalized maximum footing moment and contact-area proxy lambda=sqrt(1/A_c/A); measured displacement gate is max(rotation/0.01 rad, sliding/0.1%, settlement/0.1%).",base,0.01544283005893737,0.5800104581183766,-0.01544283005893737,1.1445780861778159,correct_marginal,False,False
FoRCy,FoRCy_Mastersheet_others.csv,Case 10,372,1.7860571094490791,2.1899999982136,0.2000868542145638,1.123054795,3.582544794043775,1.6987311499999995,both_detrimental,both_detrimental,True,robust,validated_proxy_row,"FoRCy uses normalized maximum footing moment and contact-area proxy lambda=sqrt(1/A_c/A); measured displacement gate is max(rotation/0.01 rad, sliding/0.1%, settlement/0.1%).",base,0.11605246797645401,0.5800104581183766,0.11605246797645401,1.2760733842132073,correct_robust,False,False
FoRCy,FoRCy_Mastersheet_others.csv,Case 10,373,1.7860571094490791,2.1899999982136,0.3458123862841135,1.222105023,3.898515021186831,2.7074814000000003,both_detrimental,both_detrimental,True,robust,validated_proxy_row,"FoRCy uses normalized maximum footing moment and contact-area proxy lambda=sqrt(1/A_c/A); measured displacement gate is max(rotation/0.01 rad, sliding/0.1%, settlement/0.1%).",base,0.2005748005916577,0.5800104581183766,0.2005748005916577,1.3605957168284109,correct_robust,False,False
FoRCy,FoRCy_Mastersheet_others.csv,Case 10,374,1.7860571094490791,2.1899999982136,0.3743443562496898,1.242497717,3.9635677150104014,7.3424815,both_detrimental,both_detrimental,True,robust,validated_proxy_row,"FoRCy uses normalized maximum footing moment and contact-area proxy lambda=sqrt(1/A_c/A); measured displacement gate is max(rotation/0.01 rad, sliding/0.1%, settlement/0.1%).",base,0.2171236415624114,0.5800104581183766,0.2171236415624114,1.3771445577991643,correct_robust,False,False
FoRCy,FoRCy_Mastersheet_others.csv,Case 10,375,1.7860571094490791,2.1899999982136,0.351966254224768,1.226474886,3.9124548841490254,17.484356,both_detrimental,both_detrimental,True,robust,validated_proxy_row,"FoRCy uses normalized maximum footing moment and contact-area proxy lambda=sqrt(1/A_c/A); measured displacement gate is max(rotation/0.01 rad, sliding/0.1%, settlement/0.1%).",base,0.20414410835511673,0.5800104581183766,0.20414410835511673,1.36416502459187,correct_robust,False,False
FoRCy,FoRCy_Mastersheet_others.csv,Case 10,376,1.7860571094490791,2.1899999982136,0.1866171994921029,1.114315068,3.554665064929388,24.88873,both_detrimental,both_detrimental,True,robust,validated_proxy_row,"FoRCy uses normalized maximum footing moment and contact-area proxy lambda=sqrt(1/A_c/A); measured displacement gate is max(rotation/0.01 rad, sliding/0.1%, settlement/0.1%).",base,0.10823992737018308,0.5800104581183766,0.10823992737018308,1.2682608436069365,correct_robust,False,False
FoRCy,FoRCy_Mastersheet_others.csv,Case 10,377,1.7860571094490791,2.1899999982136,0.1616461570279906,1.098292237,3.5035522340680103,24.8081035,both_detrimental,both_detrimental,True,marginal,validated_proxy_row,"FoRCy uses normalized maximum footing moment and contact-area proxy lambda=sqrt(1/A_c/A); measured displacement gate is max(rotation/0.01 rad, sliding/0.1%, settlement/0.1%).",base,0.09375646159087987,0.5800104581183766,0.09375646159087987,1.253777377827633,correct_marginal,False,False
FoRCy,FoRCy_Mastersheet_others.csv,Case 10,378,1.7860571094490791,2.1899999982136,0.1662133301319801,1.101205479,3.512845476042807,42.7931,both_detrimental,both_detrimental,True,robust,validated_proxy_row,"FoRCy uses normalized maximum footing moment and contact-area proxy lambda=sqrt(1/A_c/A); measured displacement gate is max(rotation/0.01 rad, sliding/0.1%, settlement/0.1%).",base,0.09640546975523076,0.5800104581183766,0.09640546975523076,1.256426385991984,correct_robust,False,False
FoRCy,FoRCy_Mastersheet_others.csv,Case 11,379,1.7860571094490791,2.1899999982136,-0.0889489893517937,0.949716895,3.0295968933534256,1.56258802,mixed,mixed,True,marginal,validated_proxy_row,"FoRCy uses normalized maximum footing moment and contact-area proxy lambda=sqrt(1/A_c/A); measured displacement gate is max(rotation/0.01 rad, sliding/0.1%, settlement/0.1%).",base,0.051591344063100494,0.5800104581183766,-0.051591344063100494,1.1084295721736526,correct_marginal,False,False
FoRCy,FoRCy_Mastersheet_others.csv,Case 11,380,1.7860571094490791,2.1899999982136,0.1011449725708059,1.060420091,3.382740088395665,1.89643145,both_detrimental,both_detrimental,True,marginal,validated_proxy_row,"FoRCy uses normalized maximum footing moment and contact-area proxy lambda=sqrt(1/A_c/A); measured displacement gate is max(rotation/0.01 rad, sliding/0.1%, settlement/0.1%).",base,0.05866514187716382,0.5800104581183766,0.05866514187716382,1.218686058113917,correct_marginal,False,False
FoRCy,FoRCy_Mastersheet_others.csv,Case 11,381,1.7860571094490791,2.1899999982136,0.2442405306798969,1.152187215,3.675477213791733,2.852681,both_detrimental,both_detrimental,True,robust,validated_proxy_row,"FoRCy uses normalized maximum footing moment and contact-area proxy lambda=sqrt(1/A_c/A); measured displacement gate is max(rotation/0.01 rad, sliding/0.1%, settlement/0.1%).",base,0.14166206209072246,0.5800104581183766,0.14166206209072246,1.3016829783274757,correct_robust,False,False
FoRCy,FoRCy_Mastersheet_others.csv,Case 11,382,1.7860571094490791,2.1899999982136,0.2701999697149676,1.169666667,3.731236665640508,7.135181,both_detrimental,both_detrimental,True,robust,validated_proxy_row,"FoRCy uses normalized maximum footing moment and contact-area proxy lambda=sqrt(1/A_c/A); measured displacement gate is max(rotation/0.01 rad, sliding/0.1%, settlement/0.1%).",base,0.15671880821794984,0.5800104581183766,0.15671880821794984,1.3167397244547032,correct_robust,False,False
FoRCy,FoRCy_Mastersheet_others.csv,Case 11,383,1.7860571094490791,2.1899999982136,0.2744887949050776,1.172579909,3.740529907615304,14.623931,both_detrimental,both_detrimental,True,robust,validated_proxy_row,"FoRCy uses normalized maximum footing moment and contact-area proxy lambda=sqrt(1/A_c/A); measured displacement gate is max(rotation/0.01 rad, sliding/0.1%, settlement/0.1%).",base,0.15920637168125518,0.5800104581183766,0.15920637168125518,1.3192272879180085,correct_robust,False,False
FoRCy,FoRCy_Mastersheet_others.csv,Case 11,384,1.7860571094490791,2.1899999982136,0.2267145161070598,1.140534247,3.6383042458925496,21.8295525,both_detrimental,both_detrimental,True,robust,validated_proxy_row,"FoRCy uses normalized maximum footing moment and contact-area proxy lambda=sqrt(1/A_c/A); measured displacement gate is max(rotation/0.01 rad, sliding/0.1%, settlement/0.1%).",base,0.13149679034934186,0.5800104581183766,0.13149679034934186,1.2915177065860952,correct_robust,False,False
FoRCy,FoRCy_Mastersheet_others.csv,Case 11,385,1.7860571094490791,2.1899999982136,0.1524753543492115,1.092465753,3.484965750118419,30.64018,both_detrimental,both_detrimental,True,marginal,validated_proxy_row,"FoRCy uses normalized maximum footing moment and contact-area proxy lambda=sqrt(1/A_c/A); measured displacement gate is max(rotation/0.01 rad, sliding/0.1%, settlement/0.1%).",base,0.08843730012784802,0.5800104581183766,0.08843730012784802,1.2484582163646012,correct_marginal,False,False
FoRCy,FoRCy_Mastersheet_others.csv,SSG_02_03_a,386,1.8698939800169143,2.4965034965034967,-0.4934440449488068,0.7343,2.5674825174825173,2.7,mixed,mixed,True,robust,validated_proxy_row,"FoRCy uses normalized maximum footing moment and contact-area proxy lambda=sqrt(1/A_c/A); measured displacement gate is max(rotation/0.01 rad, sliding/0.1%, settlement/0.1%).",base,0.3088376145245723,0.6258817340811422,-0.3088376145245723,0.9429258536377122,correct_robust,False,False
FoRCy,FoRCy_Mastersheet_others.csv,SSG_02_03_b,387,1.8698939800169143,2.4965034965034967,-0.0559300699998971,0.9656,3.376223776223776,6.5,mixed,mixed,True,marginal,validated_proxy_row,"FoRCy uses normalized maximum footing moment and contact-area proxy lambda=sqrt(1/A_c/A); measured displacement gate is max(rotation/0.01 rad, sliding/0.1%, settlement/0.1%).",base,0.03500560919881529,0.6258817340811422,-0.03500560919881529,1.216757858963469,correct_marginal,False,False
FoRCy,FoRCy_Mastersheet_others.csv,SSG_02_03_c,388,1.8698939800169143,2.4965034965034967,0.1385693155547184,1.0906,3.813286713286713,10.8,both_detrimental,both_detrimental,True,marginal,validated_proxy_row,"FoRCy uses normalized maximum footing moment and contact-area proxy lambda=sqrt(1/A_c/A); measured displacement gate is max(rotation/0.01 rad, sliding/0.1%, settlement/0.1%).",base,0.08672800350982415,0.6258817340811422,0.08672800350982415,1.3384914716721086,correct_marginal,False,False
FoRCy,FoRCy_Mastersheet_others.csv,SSG_02_03_d,389,1.8698939800169143,2.4965034965034967,0.3781096147284613,1.267,4.430069930069929,17.5,both_detrimental,both_detrimental,True,robust,validated_proxy_row,"FoRCy uses normalized maximum footing moment and contact-area proxy lambda=sqrt(1/A_c/A); measured displacement gate is max(rotation/0.01 rad, sliding/0.1%, settlement/0.1%).",base,0.23665190133900194,0.6258817340811422,0.23665190133900194,1.4884153695012863,correct_robust,False,False
FoRCy,FoRCy_Mastersheet_others.csv,SSG_02_03_e,390,1.8698939800169143,2.4965034965034967,0.4718983837890845,1.3436,4.697902097902097,29.5,both_detrimental,both_detrimental,True,robust,validated_proxy_row,"FoRCy uses normalized maximum footing moment and contact-area proxy lambda=sqrt(1/A_c/A); measured displacement gate is max(rotation/0.01 rad, sliding/0.1%, settlement/0.1%).",base,0.29535257875600057,0.6258817340811422,0.29535257875600057,1.547116046918285,correct_robust,False,False
FoRCy,FoRCy_Mastersheet_others.csv,SSG_02_04_a,391,2.071676976162604,3.2918454935622314,-0.1544528480269132,0.8936,3.83519313304721,1.6,mixed,mixed,True,robust,validated_proxy_row,"FoRCy uses normalized maximum footing moment and contact-area proxy lambda=sqrt(1/A_c/A); measured displacement gate is max(rotation/0.01 rad, sliding/0.1%, settlement/0.1%).",base,0.11249703122714616,0.7283584127082182,-0.11249703122714616,1.3442197941892904,correct_robust,False,False
FoRCy,FoRCy_Mastersheet_others.csv,SSG_02_04_b,392,2.071676976162604,3.2918454935622314,0.2064928447909287,1.1623,4.988412017167383,4.199999999999999,both_detrimental,both_detrimental,True,robust,validated_proxy_row,"FoRCy uses normalized maximum footing moment and contact-area proxy lambda=sqrt(1/A_c/A); measured displacement gate is max(rotation/0.01 rad, sliding/0.1%, settlement/0.1%).",base,0.15040080066752531,0.7283584127082182,0.15040080066752531,1.607117626083962,correct_robust,False,False
FoRCy,FoRCy_Mastersheet_others.csv,SSG_02_04_c,393,2.071676976162604,3.2918454935622314,0.35099404140868,1.2913,5.542060085836909,7.3,both_detrimental,both_detrimental,True,robust,validated_proxy_row,"FoRCy uses normalized maximum footing moment and contact-area proxy lambda=sqrt(1/A_c/A); measured displacement gate is max(rotation/0.01 rad, sliding/0.1%, settlement/0.1%).",base,0.2556494628704688,0.7283584127082182,0.2556494628704688,1.7123662882869053,correct_robust,False,False
FoRCy,FoRCy_Mastersheet_others.csv,SSG_02_04_d,394,2.071676976162604,3.2918454935622314,0.3771121649255604,1.3161,5.648497854077253,10.8,both_detrimental,both_detrimental,True,robust,validated_proxy_row,"FoRCy uses normalized maximum footing moment and contact-area proxy lambda=sqrt(1/A_c/A); measured displacement gate is max(rotation/0.01 rad, sliding/0.1%, settlement/0.1%).",base,0.27467281785814096,0.7283584127082182,0.27467281785814096,1.7313896432745775,correct_robust,False,False
FoRCy,FoRCy_Mastersheet_others.csv,SSG_02_04_e,395,2.071676976162604,3.2918454935622314,0.4817245339424722,1.4203,6.095708154506437,15.3,both_detrimental,both_detrimental,True,robust,validated_proxy_row,"FoRCy uses normalized maximum footing moment and contact-area proxy lambda=sqrt(1/A_c/A); measured displacement gate is max(rotation/0.01 rad, sliding/0.1%, settlement/0.1%).",base,0.35086811690494524,0.7283584127082182,0.35086811690494524,1.8075849423213817,correct_robust,False,False
FoRCy,FoRCy_Mastersheet_others.csv,SSG_02_05_a,396,1.449427589131121,1.100840336134454,-1.555895574651682,0.5613,1.179201680672269,3.0,mixed,mixed,True,marginal,validated_proxy_row,"FoRCy uses normalized maximum footing moment and contact-area proxy lambda=sqrt(1/A_c/A); measured displacement gate is max(rotation/0.01 rad, sliding/0.1%, settlement/0.1%).",base,0.16483766771673364,0.37116871237535853,-0.5774997570339834,0.16483766771673364,correct_marginal,False,False
FoRCy,FoRCy_Mastersheet_others.csv,SSG_02_05_b,397,1.449427589131121,1.100840336134454,-0.1908882365610052,0.9316,1.9571428571428573,9.499999999999998,mixed,mixed,True,marginal,validated_proxy_row,"FoRCy uses normalized maximum footing moment and contact-area proxy lambda=sqrt(1/A_c/A); measured displacement gate is max(rotation/0.01 rad, sliding/0.1%, settlement/0.1%).",base,0.07085174097195114,0.37116871237535853,-0.07085174097195114,0.671485683778766,correct_marginal,False,False
FoRCy,FoRCy_Mastersheet_others.csv,SSG_02_05_c,398,1.449427589131121,1.100840336134454,0.4324230230152464,1.1741,2.4665966386554623,21.9,both_detrimental,both_detrimental,True,robust,validated_proxy_row,"FoRCy uses normalized maximum footing moment and contact-area proxy lambda=sqrt(1/A_c/A); measured displacement gate is max(rotation/0.01 rad, sliding/0.1%, settlement/0.1%).",base,0.16050189665402903,0.37116871237535853,0.16050189665402903,0.9028393214047462,correct_robust,False,False
FoRCy,FoRCy_Mastersheet_others.csv,SSG_02_05_d,399,1.449427589131121,1.100840336134454,0.5773778756176027,1.239,2.6029411764705888,40.0,both_detrimental,both_detrimental,True,robust,validated_proxy_row,"FoRCy uses normalized maximum footing moment and contact-area proxy lambda=sqrt(1/A_c/A); measured displacement gate is max(rotation/0.01 rad, sliding/0.1%, settlement/0.1%).",base,0.2143046026470055,0.37116871237535853,0.2143046026470055,0.9566420273977226,correct_robust,False,False
FoRCy,FoRCy_Mastersheet_others.csv,SSG_02_05_e,400,1.449427589131121,1.100840336134454,0.6471378051852835,1.2715,2.6712184873949583,48.6,both_detrimental,both_detrimental,True,robust,validated_proxy_row,"FoRCy uses normalized maximum footing moment and contact-area proxy lambda=sqrt(1/A_c/A); measured displacement gate is max(rotation/0.01 rad, sliding/0.1%, settlement/0.1%).",base,0.24019730588003732,0.37116871237535853,0.24019730588003732,0.9825347306307545,correct_robust,False,False
FoRCy,FoRCy_Mastersheet_others.csv,SSG_02_07_a,401,1.449427589131121,1.100840336134454,-1.5424892216055646,0.5641,1.1850840336134456,5.0,mixed,mixed,True,marginal,validated_proxy_row,"FoRCy uses normalized maximum footing moment and contact-area proxy lambda=sqrt(1/A_c/A); measured displacement gate is max(rotation/0.01 rad, sliding/0.1%, settlement/0.1%).",base,0.1698136865145106,0.37116871237535853,-0.5725237382362065,0.1698136865145106,correct_marginal,False,False
FoRCy,FoRCy_Mastersheet_others.csv,SSG_02_07_b,402,1.449427589131121,1.100840336134454,-0.3209360782204003,0.8877,1.8649159663865549,13.4,mixed,mixed,True,robust,validated_proxy_row,"FoRCy uses normalized maximum footing moment and contact-area proxy lambda=sqrt(1/A_c/A); measured displacement gate is max(rotation/0.01 rad, sliding/0.1%, settlement/0.1%).",base,0.11912143090786334,0.37116871237535853,-0.11912143090786334,0.6232159938428538,correct_robust,False,False
FoRCy,FoRCy_Mastersheet_others.csv,SSG_02_07_c,403,1.449427589131121,1.100840336134454,0.2135772177217886,1.0825,2.274159663865546,30.0,both_detrimental,both_detrimental,True,marginal,validated_proxy_row,"FoRCy uses normalized maximum footing moment and contact-area proxy lambda=sqrt(1/A_c/A); measured displacement gate is max(rotation/0.01 rad, sliding/0.1%, settlement/0.1%).",base,0.07927318089450788,0.37116871237535853,0.07927318089450788,0.8216106056452249,correct_marginal,False,False
FoRCy,FoRCy_Mastersheet_others.csv,SSG_02_07_d,404,1.449427589131121,1.100840336134454,0.3749051489335989,1.1493,2.414495798319328,60.99999999999999,both_detrimental,both_detrimental,True,robust,validated_proxy_row,"FoRCy uses normalized maximum footing moment and contact-area proxy lambda=sqrt(1/A_c/A); measured displacement gate is max(rotation/0.01 rad, sliding/0.1%, settlement/0.1%).",base,0.13915306139257594,0.37116871237535853,0.13915306139257594,0.8814904861432931,correct_robust,False,False
FoRCy,FoRCy_Mastersheet_others.csv,SSG_02_07_e,405,1.449427589131121,1.100840336134454,0.6831296638655966,1.2886,2.7071428571428573,102.1,both_detrimental,both_detrimental,True,robust,validated_proxy_row,"FoRCy uses normalized maximum footing moment and contact-area proxy lambda=sqrt(1/A_c/A); measured displacement gate is max(rotation/0.01 rad, sliding/0.1%, settlement/0.1%).",base,0.253556357722405,0.37116871237535853,0.253556357722405,0.9958937824731221,correct_robust,False,False
FoRCy,FoRCy_Mastersheet_others.csv,SSG_03_03_a,406,3.0015011259383213,8.00900900900901,-0.4138957347442547,0.6345,5.716216216216218,1.7,mixed,mixed,True,robust,validated_proxy_row,"FoRCy uses normalized maximum footing moment and contact-area proxy lambda=sqrt(1/A_c/A); measured displacement gate is max(rotation/0.01 rad, sliding/0.1%, settlement/0.1%).",base,0.45491799182769477,1.0991125388349015,-0.45491799182769477,1.7433070858421085,correct_robust,False,False
FoRCy,FoRCy_Mastersheet_others.csv,SSG_03_03_b,407,3.0015011259383213,8.00900900900901,-0.0406542606401399,0.9563,8.615315315315318,4.6,mixed,mixed,True,marginal,validated_proxy_row,"FoRCy uses normalized maximum footing moment and contact-area proxy lambda=sqrt(1/A_c/A); measured displacement gate is max(rotation/0.01 rad, sliding/0.1%, settlement/0.1%).",base,0.044683607626640025,1.0991125388349015,-0.044683607626640025,2.153541470043163,correct_marginal,False,False
FoRCy,FoRCy_Mastersheet_others.csv,SSG_03_03_c,408,3.0015011259383213,8.00900900900901,0.0933906523065891,1.1081,9.982882882882889,7.9,both_detrimental,both_detrimental,True,robust,validated_proxy_row,"FoRCy uses normalized maximum footing moment and contact-area proxy lambda=sqrt(1/A_c/A); measured displacement gate is max(rotation/0.01 rad, sliding/0.1%, settlement/0.1%).",base,0.10264683696014279,1.0991125388349015,0.10264683696014279,2.3008719146299463,correct_robust,False,False
FoRCy,FoRCy_Mastersheet_others.csv,SSG_03_03_d,409,3.0015011259383213,8.00900900900901,0.1601764492351078,1.1925,10.743243243243246,11.0,both_detrimental,both_detrimental,True,robust,validated_proxy_row,"FoRCy uses normalized maximum footing moment and contact-area proxy lambda=sqrt(1/A_c/A); measured displacement gate is max(rotation/0.01 rad, sliding/0.1%, settlement/0.1%).",base,0.17605194378035913,1.0991125388349015,0.17605194378035913,2.3742770214501623,correct_robust,False,False
FoRCy,FoRCy_Mastersheet_others.csv,SSG_03_03_e,410,3.0015011259383213,8.00900900900901,0.1856056578174352,1.2263,11.04774774774775,12.9,both_detrimental,both_detrimental,True,robust,validated_proxy_row,"FoRCy uses normalized maximum footing moment and contact-area proxy lambda=sqrt(1/A_c/A); measured displacement gate is max(rotation/0.01 rad, sliding/0.1%, settlement/0.1%).",base,0.20400150578584325,1.0991125388349015,0.20400150578584325,2.402226583455646,correct_robust,False,False
FoRCy,FoRCy_Mastersheet_others.csv,SSG_03_05_a,411,2.3249527748763854,4.405405405405405,-0.7222446983972982,0.5437,2.938918918918918,1.9,mixed,mixed,True,robust,validated_proxy_row,"FoRCy uses normalized maximum footing moment and contact-area proxy lambda=sqrt(1/A_c/A); measured displacement gate is max(rotation/0.01 rad, sliding/0.1%, settlement/0.1%).",base,0.6093576548302622,0.843699726951906,-0.6093576548302622,1.0780417990735498,correct_robust,False,False
FoRCy,FoRCy_Mastersheet_others.csv,SSG_03_05_b,412,2.3249527748763854,4.405405405405405,-0.2569501669265797,0.8051,4.351891891891891,5.999999999999999,mixed,mixed,True,robust,validated_proxy_row,"FoRCy uses normalized maximum footing moment and contact-area proxy lambda=sqrt(1/A_c/A); measured displacement gate is max(rotation/0.01 rad, sliding/0.1%, settlement/0.1%).",base,0.21678878567620194,0.843699726951906,-0.21678878567620194,1.47061066822761,correct_robust,False,False
FoRCy,FoRCy_Mastersheet_others.csv,SSG_03_05_c,413,2.3249527748763854,4.405405405405405,-0.0070137201364472,0.9941,5.373513513513513,11.4,mixed,mixed,True,marginal,validated_proxy_row,"FoRCy uses normalized maximum footing moment and contact-area proxy lambda=sqrt(1/A_c/A); measured displacement gate is max(rotation/0.01 rad, sliding/0.1%, settlement/0.1%).",base,0.005917473764037623,0.843699726951906,-0.005917473764037623,1.6814819801397745,correct_marginal,False,False
FoRCy,FoRCy_Mastersheet_others.csv,SSG_03_05_d,414,2.3249527748763854,4.405405405405405,0.116517388406986,1.1033,5.963783783783782,18.0,both_detrimental,both_detrimental,True,robust,validated_proxy_row,"FoRCy uses normalized maximum footing moment and contact-area proxy lambda=sqrt(1/A_c/A); measured displacement gate is max(rotation/0.01 rad, sliding/0.1%, settlement/0.1%).",base,0.0983056887841233,0.843699726951906,0.0983056887841233,1.7857051426879353,correct_robust,False,False
FoRCy,FoRCy_Mastersheet_others.csv,SSG_03_05_e,415,2.3249527748763854,4.405405405405405,0.1743820226442726,1.1585,6.262162162162161,25.3,both_detrimental,both_detrimental,True,robust,validated_proxy_row,"FoRCy uses normalized maximum footing moment and contact-area proxy lambda=sqrt(1/A_c/A); measured displacement gate is max(rotation/0.01 rad, sliding/0.1%, settlement/0.1%).",base,0.14712606489029392,0.843699726951906,0.14712606489029392,1.8345255187941059,correct_robust,False,False
FoRCy,FoRCy_Mastersheet_others.csv,SSG_03_06_a,416,3.4710506725031163,11.048192771084336,-0.0769333504191464,0.9087,10.948192771084337,4.1,mixed,mixed,True,marginal,validated_proxy_row,"FoRCy uses normalized maximum footing moment and contact-area proxy lambda=sqrt(1/A_c/A); measured displacement gate is max(rotation/0.01 rad, sliding/0.1%, settlement/0.1%).",base,0.0957402722808358,1.2444573355927695,-0.0957402722808358,2.393174398904703,correct_marginal,False,False
FoRCy,FoRCy_Mastersheet_others.csv,SSG_03_06_b,417,3.4710506725031163,11.048192771084336,0.0618430531404836,1.08,13.012048192771084,6.4,both_detrimental,both_detrimental,True,marginal,validated_proxy_row,"FoRCy uses normalized maximum footing moment and contact-area proxy lambda=sqrt(1/A_c/A); measured displacement gate is max(rotation/0.01 rad, sliding/0.1%, settlement/0.1%).",base,0.0769610411361284,1.2444573355927695,0.0769610411361284,2.5658757123216676,correct_marginal,False,False
FoRCy,FoRCy_Mastersheet_others.csv,SSG_03_06_c,418,3.4710506725031163,11.048192771084336,0.1391744927751161,1.1891,14.326506024096386,9.499999999999998,both_detrimental,both_detrimental,True,robust,validated_proxy_row,"FoRCy uses normalized maximum footing moment and contact-area proxy lambda=sqrt(1/A_c/A); measured displacement gate is max(rotation/0.01 rad, sliding/0.1%, settlement/0.1%).",base,0.17319671846139612,1.2444573355927695,0.17319671846139612,2.662111389646935,correct_robust,False,False
FoRCy,FoRCy_Mastersheet_others.csv,SSG_03_06_d,419,3.4710506725031163,11.048192771084336,0.1961044452405486,1.2764,15.378313253012047,11.1,both_detrimental,both_detrimental,True,robust,validated_proxy_row,"FoRCy uses normalized maximum footing moment and contact-area proxy lambda=sqrt(1/A_c/A); measured displacement gate is max(rotation/0.01 rad, sliding/0.1%, settlement/0.1%).",base,0.24404361542195138,1.2444573355927695,0.24404361542195138,2.7329582866074906,correct_robust,False,False
FoRCy,FoRCy_Mastersheet_others.csv,SSG_03_06_e,420,3.4710506725031163,11.048192771084336,0.236257192382256,1.3418,16.166265060240963,12.7,both_detrimental,both_detrimental,True,robust,validated_proxy_row,"FoRCy uses normalized maximum footing moment and contact-area proxy lambda=sqrt(1/A_c/A); measured displacement gate is max(rotation/0.01 rad, sliding/0.1%, settlement/0.1%).",base,0.2940119961466507,1.2444573355927695,0.2940119961466507,2.7829266673321897,correct_robust,False,False
FoRCy,FoRCy_Mastersheet_others.csv,SSG_04_04_a,421,1.673654817511446,1.801120448179272,-0.1436274175412668,0.9287,2.6014005602240897,13.1,mixed,mixed,True,marginal,validated_proxy_row,"FoRCy uses normalized maximum footing moment and contact-area proxy lambda=sqrt(1/A_c/A); measured displacement gate is max(rotation/0.01 rad, sliding/0.1%, settlement/0.1%).",base,0.07396952020017444,0.515009748601249,-0.07396952020017444,0.9560499770023236,correct_marginal,False,False
FoRCy,FoRCy_Mastersheet_others.csv,SSG_04_04_b,422,1.673654817511446,1.801120448179272,0.1625164557542584,1.0873,3.0456582633053224,29.7,both_detrimental,both_detrimental,True,marginal,validated_proxy_row,"FoRCy uses normalized maximum footing moment and contact-area proxy lambda=sqrt(1/A_c/A); measured displacement gate is max(rotation/0.01 rad, sliding/0.1%, settlement/0.1%).",base,0.08369755902156667,0.515009748601249,0.08369755902156667,1.1137170562240648,correct_marginal,False,False
FoRCy,FoRCy_Mastersheet_others.csv,SSG_04_04_c,423,1.673654817511446,1.801120448179272,0.3225326964820957,1.1807,3.307282913165267,58.8,both_detrimental,both_detrimental,True,robust,validated_proxy_row,"FoRCy uses normalized maximum footing moment and contact-area proxy lambda=sqrt(1/A_c/A); measured displacement gate is max(rotation/0.01 rad, sliding/0.1%, settlement/0.1%).",base,0.1661074829309271,0.515009748601249,0.1661074829309271,1.196126980133425,correct_robust,False,False
FoRCy,FoRCy_Mastersheet_others.csv,SSG_04_06_a,424,1.3411044519645503,0.7985611510791366,-0.1390899477572716,0.96,1.7266187050359714,20.0,mixed,mixed,True,marginal,validated_proxy_row,"FoRCy uses normalized maximum footing moment and contact-area proxy lambda=sqrt(1/A_c/A); measured displacement gate is max(rotation/0.01 rad, sliding/0.1%, settlement/0.1%).",base,0.040821994520255166,0.2934934923657774,-0.040821994520255166,0.5461649902112996,correct_marginal,False,False
FoRCy,FoRCy_Mastersheet_others.csv,SSG_04_06_b,425,1.3411044519645503,0.7985611510791366,0.2976885294206772,1.0913,1.962769784172662,54.4,both_detrimental,both_detrimental,True,marginal,validated_proxy_row,"FoRCy uses normalized maximum footing moment and contact-area proxy lambda=sqrt(1/A_c/A); measured displacement gate is max(rotation/0.01 rad, sliding/0.1%, settlement/0.1%).",base,0.08736964613690704,0.2934934923657774,0.08736964613690704,0.6743566308684618,correct_marginal,False,False
FoRCy,FoRCy_Mastersheet_others.csv,SSG_04_06_c,426,1.3411044519645503,0.7985611510791366,0.994140238010458,1.3388,2.407913669064748,109.8,both_detrimental,both_detrimental,True,robust,validated_proxy_row,"FoRCy uses normalized maximum footing moment and contact-area proxy lambda=sqrt(1/A_c/A); measured displacement gate is max(rotation/0.01 rad, sliding/0.1%, settlement/0.1%).",base,0.2917736903550345,0.2934934923657774,0.2917736903550345,0.878760675086589,correct_robust,False,False
FoRCy,FoRCy_Mastersheet_others.csv,SSG_04_07_a,427,2.0,3.0,-0.5792750805841527,0.6693,2.6772,7.6,mixed,mixed,True,robust,validated_proxy_row,"FoRCy uses normalized maximum footing moment and contact-area proxy lambda=sqrt(1/A_c/A); measured displacement gate is max(rotation/0.01 rad, sliding/0.1%, settlement/0.1%).",base,0.4015228888755405,0.6931471805599453,-0.4015228888755405,0.9847714722443501,correct_robust,False,False
FoRCy,FoRCy_Mastersheet_others.csv,SSG_04_07_b,428,2.0,3.0,-0.1202942337177117,0.92,3.68,14.2,mixed,mixed,True,marginal,validated_proxy_row,"FoRCy uses normalized maximum footing moment and contact-area proxy lambda=sqrt(1/A_c/A); measured displacement gate is max(rotation/0.01 rad, sliding/0.1%, settlement/0.1%).",base,0.08338160893905101,0.6931471805599453,-0.08338160893905101,1.3029127521808397,correct_marginal,False,False
FoRCy,FoRCy_Mastersheet_others.csv,SSG_04_07_c,429,2.0,3.0,0.0436244767470346,1.0307,4.1228,26.0,both_detrimental,both_detrimental,True,marginal,validated_proxy_row,"FoRCy uses normalized maximum footing moment and contact-area proxy lambda=sqrt(1/A_c/A); measured displacement gate is max(rotation/0.01 rad, sliding/0.1%, settlement/0.1%).",base,0.030238183060609946,0.6931471805599453,0.030238183060609946,1.4165325441805006,correct_marginal,False,False
FoRCy,FoRCy_Mastersheet_others.csv,TRISEE_HD_I,430,2.1320071635561044,3.545454545454546,-4.820806940272912,0.026,0.1181818181818182,0.0289999999999999,both_beneficial,both_beneficial,True,robust,validated_proxy_row,"FoRCy uses normalized maximum footing moment and contact-area proxy lambda=sqrt(1/A_c/A); measured displacement gate is max(rotation/0.01 rad, sliding/0.1%, settlement/0.1%).",base,2.1355310083308794,0.7570638663148878,-3.649658740960655,-2.1355310083308794,correct_robust,True,False
FoRCy,FoRCy_Mastersheet_others.csv,TRISEE_HD_I,431,2.1320071635561044,3.545454545454546,-3.905234012543665,0.052,0.2363636363636364,0.053,both_beneficial,both_beneficial,True,robust,validated_proxy_row,"FoRCy uses normalized maximum footing moment and contact-area proxy lambda=sqrt(1/A_c/A); measured displacement gate is max(rotation/0.01 rad, sliding/0.1%, settlement/0.1%).",base,1.442383827770934,0.7570638663148878,-2.9565115604007097,-1.442383827770934,correct_robust,True,False
FoRCy,FoRCy_Mastersheet_others.csv,TRISEE_HD_I,432,2.1320071635561044,3.545454545454546,-3.3696581831465737,0.078,0.3545454545454545,0.0829999999999999,both_beneficial,both_beneficial,True,robust,validated_proxy_row,"FoRCy uses normalized maximum footing moment and contact-area proxy lambda=sqrt(1/A_c/A); measured displacement gate is max(rotation/0.01 rad, sliding/0.1%, settlement/0.1%).",base,1.0369187196627696,0.7570638663148878,-2.551046452292545,-1.0369187196627698,correct_robust,True,False
FoRCy,FoRCy_Mastersheet_others.csv,TRISEE_HD_I,433,2.1320071635561044,3.545454545454546,-3.041467431542063,0.1,0.4545454545454546,0.12,both_beneficial,both_beneficial,True,robust,validated_proxy_row,"FoRCy uses normalized maximum footing moment and contact-area proxy lambda=sqrt(1/A_c/A); measured displacement gate is max(rotation/0.01 rad, sliding/0.1%, settlement/0.1%).",base,0.7884573603642699,0.7570638663148878,-2.3025850929940455,-0.78845736036427,correct_robust,True,False
FoRCy,FoRCy_Mastersheet_others.csv,TRISEE_HD_I,434,2.1320071635561044,3.545454545454546,-2.694912436460096,0.13,0.5909090909090909,0.16,both_beneficial,both_beneficial,True,robust,validated_proxy_row,"FoRCy uses normalized maximum footing moment and contact-area proxy lambda=sqrt(1/A_c/A); measured displacement gate is max(rotation/0.01 rad, sliding/0.1%, settlement/0.1%).",base,0.5260930958967789,0.7570638663148878,-2.0402208285265546,-0.5260930958967791,correct_robust,True,False
FoRCy,FoRCy_Mastersheet_others.csv,TRISEE_HD_II,435,1.7677669529663689,2.125,-1.216651439730918,0.5,1.5625000000000002,2.8000000000000003,mixed,mixed,True,robust,validated_proxy_row,"FoRCy uses normalized maximum footing moment and contact-area proxy lambda=sqrt(1/A_c/A); measured displacement gate is max(rotation/0.01 rad, sliding/0.1%, settlement/0.1%).",base,0.44628710262841964,0.5697171415941824,-0.6931471805599453,0.44628710262841964,correct_robust,False,False
FoRCy,FoRCy_Mastersheet_others.csv,TRISEE_HD_III,436,1.2309149097933274,0.5151515151515151,-2.621934675871768,0.58,0.8787878787878789,2.1,mixed,both_beneficial,False,marginal,validated_proxy_row,"FoRCy uses normalized maximum footing moment and contact-area proxy lambda=sqrt(1/A_c/A); measured displacement gate is max(rotation/0.01 rad, sliding/0.1%, settlement/0.1%).",base,0.12921173148000623,0.20775772198083298,-0.5447271754416722,-0.1292117314800061,false_safe,True,True
FoRCy,FoRCy_Mastersheet_others.csv,TRISEE_HD_III,437,1.2309149097933274,0.5151515151515151,-1.6485082031192708,0.71,1.075757575757576,3.6,mixed,mixed,True,marginal,validated_proxy_row,"FoRCy uses normalized maximum footing moment and contact-area proxy lambda=sqrt(1/A_c/A); measured displacement gate is max(rotation/0.01 rad, sliding/0.1%, settlement/0.1%).",base,0.07302513501489002,0.20775772198083298,-0.342490308946776,0.07302513501489002,correct_marginal,False,False
FoRCy,FoRCy_Mastersheet_others.csv,TRISEE_HD_III,438,1.2309149097933274,0.5151515151515151,-0.955203671044038,0.82,1.2424242424242424,5.999999999999999,mixed,mixed,True,robust,validated_proxy_row,"FoRCy uses normalized maximum footing moment and contact-area proxy lambda=sqrt(1/A_c/A); measured displacement gate is max(rotation/0.01 rad, sliding/0.1%, settlement/0.1%).",base,0.19845093872383832,0.20775772198083298,-0.19845093872383832,0.21706450523782758,correct_robust,False,False
FoRCy,FoRCy_Mastersheet_others.csv,TRISEE_HD_III,439,1.2309149097933274,0.5151515151515151,-0.5071316466761533,0.9,1.3636363636363638,8.2,mixed,mixed,True,marginal,validated_proxy_row,"FoRCy uses normalized maximum footing moment and contact-area proxy lambda=sqrt(1/A_c/A); measured displacement gate is max(rotation/0.01 rad, sliding/0.1%, settlement/0.1%).",base,0.10536051565782628,0.20775772198083298,-0.10536051565782628,0.3101549283038396,correct_marginal,False,False
FoRCy,FoRCy_Mastersheet_others.csv,TRISEE_HD_III,440,1.2309149097933274,0.5151515151515151,-0.2468899538294067,0.95,1.4393939393939394,10.0,mixed,mixed,True,marginal,validated_proxy_row,"FoRCy uses normalized maximum footing moment and contact-area proxy lambda=sqrt(1/A_c/A); measured displacement gate is max(rotation/0.01 rad, sliding/0.1%, settlement/0.1%).",base,0.05129329438755058,0.20775772198083298,-0.05129329438755058,0.3642221495741153,correct_marginal,False,False
FoRCy,FoRCy_Mastersheet_others.csv,TRISEE_HD_III,441,1.2309149097933274,0.5151515151515151,-0.0972416674812371,0.98,1.484848484848485,11.999999999999998,mixed,mixed,True,marginal,validated_proxy_row,"FoRCy uses normalized maximum footing moment and contact-area proxy lambda=sqrt(1/A_c/A); measured displacement gate is max(rotation/0.01 rad, sliding/0.1%, settlement/0.1%).",base,0.020202707317519466,0.20775772198083298,-0.020202707317519466,0.3953127366441465,correct_marginal,False,False
FoRCy,FoRCy_Mastersheet_others.csv,TRISEE_HD_III,442,1.2309149097933274,0.5151515151515151,0.0,1.0,1.5151515151515154,13.999999999999998,both_detrimental,both_detrimental,True,marginal,validated_proxy_row,"FoRCy uses normalized maximum footing moment and contact-area proxy lambda=sqrt(1/A_c/A); measured displacement gate is max(rotation/0.01 rad, sliding/0.1%, settlement/0.1%).",base,0.0,0.20775772198083298,0.0,0.41551544396166595,correct_marginal,False,False
FoRCy,FoRCy_Mastersheet_others.csv,TRISEE_HD_III,443,1.2309149097933274,0.5151515151515151,0.0,1.0,1.5151515151515154,16.0,both_detrimental,both_detrimental,True,marginal,validated_proxy_row,"FoRCy uses normalized maximum footing moment and contact-area proxy lambda=sqrt(1/A_c/A); measured displacement gate is max(rotation/0.01 rad, sliding/0.1%, settlement/0.1%).",base,0.0,0.20775772198083298,0.0,0.41551544396166595,correct_marginal,False,False
FoRCy,FoRCy_Mastersheet_others.csv,TRISEE_LD_I,444,2.5,5.25,-3.7911199509699767,0.031,0.19375,0.0239999999999999,both_beneficial,both_beneficial,True,robust,validated_proxy_row,"FoRCy uses normalized maximum footing moment and contact-area proxy lambda=sqrt(1/A_c/A); measured displacement gate is max(rotation/0.01 rad, sliding/0.1%, settlement/0.1%).",base,1.6411866107486806,0.9162907318741551,-3.473768074496991,-1.6411866107486806,correct_robust,True,False
FoRCy,FoRCy_Mastersheet_others.csv,TRISEE_LD_I,445,2.5,5.25,-3.126413824232624,0.057,0.35625,0.0479999999999999,both_beneficial,both_beneficial,True,robust,validated_proxy_row,"FoRCy uses normalized maximum footing moment and contact-area proxy lambda=sqrt(1/A_c/A); measured displacement gate is max(rotation/0.01 rad, sliding/0.1%, settlement/0.1%).",base,1.0321225473992768,0.9162907318741551,-2.864704011147587,-1.0321225473992768,correct_robust,True,False
FoRCy,FoRCy_Mastersheet_others.csv,TRISEE_LD_I,446,2.5,5.25,-2.6775431611214686,0.086,0.5375,0.0779999999999999,both_beneficial,both_beneficial,True,robust,validated_proxy_row,"FoRCy uses normalized maximum footing moment and contact-area proxy lambda=sqrt(1/A_c/A); measured displacement gate is max(rotation/0.01 rad, sliding/0.1%, settlement/0.1%).",base,0.6208265189803193,0.9162907318741551,-2.4534079827286295,-0.6208265189803193,correct_robust,True,False
FoRCy,FoRCy_Mastersheet_others.csv,TRISEE_LD_I,447,2.5,5.25,-2.3604114669970637,0.115,0.71875,0.1099999999999999,both_beneficial,both_beneficial,True,robust,validated_proxy_row,"FoRCy uses normalized maximum footing moment and contact-area proxy lambda=sqrt(1/A_c/A); measured displacement gate is max(rotation/0.01 rad, sliding/0.1%, settlement/0.1%).",base,0.33024168687057687,0.9162907318741551,-2.162823150618887,-0.33024168687057687,correct_robust,True,False
FoRCy,FoRCy_Mastersheet_others.csv,TRISEE_LD_I,448,2.5,5.25,-2.145730375719725,0.14,0.8750000000000001,0.2199999999999999,both_beneficial,both_beneficial,True,marginal,validated_proxy_row,"FoRCy uses normalized maximum footing moment and contact-area proxy lambda=sqrt(1/A_c/A); measured displacement gate is max(rotation/0.01 rad, sliding/0.1%, settlement/0.1%).",base,0.1335313926245225,0.9162907318741551,-1.9661128563728327,-0.1335313926245225,correct_marginal,True,False
FoRCy,FoRCy_Mastersheet_others.csv,TRISEE_LD_II,449,2.182178902359924,3.761904761904762,-1.0815638201932052,0.43,2.047619047619047,10.0,mixed,mixed,True,robust,validated_proxy_row,"FoRCy uses normalized maximum footing moment and contact-area proxy lambda=sqrt(1/A_c/A); measured displacement gate is max(rotation/0.01 rad, sliding/0.1%, settlement/0.1%).",base,0.7166776779701396,0.7803238741323343,-0.843970070294529,0.7166776779701391,correct_robust,False,False
FoRCy,FoRCy_Mastersheet_others.csv,TRISEE_LD_III,450,1.4586499149789456,1.127659574468085,-1.279130625048771,0.617,1.3127659574468085,7.02,mixed,mixed,True,robust,validated_proxy_row,"FoRCy uses normalized maximum footing moment and contact-area proxy lambda=sqrt(1/A_c/A); measured displacement gate is max(rotation/0.01 rad, sliding/0.1%, settlement/0.1%).",base,0.2721363292012835,0.3775112921390164,-0.48288625507674926,0.2721363292012835,correct_robust,False,False
FoRCy,FoRCy_Mastersheet_others.csv,TRISEE_LD_III,451,1.4586499149789456,1.127659574468085,-0.8665069059092657,0.721,1.5340425531914892,15.7,mixed,mixed,True,robust,validated_proxy_row,"FoRCy uses normalized maximum footing moment and contact-area proxy lambda=sqrt(1/A_c/A); measured displacement gate is max(rotation/0.01 rad, sliding/0.1%, settlement/0.1%).",base,0.327116141697188,0.3775112921390164,-0.327116141697188,0.4279064425808447,correct_robust,False,False
FoRCy,FoRCy_Mastersheet_others.csv,TRISEE_LD_III,452,1.4586499149789456,1.127659574468085,-0.5614570115841556,0.809,1.721276595744681,25.1,mixed,mixed,True,robust,validated_proxy_row,"FoRCy uses normalized maximum footing moment and contact-area proxy lambda=sqrt(1/A_c/A); measured displacement gate is max(rotation/0.01 rad, sliding/0.1%, settlement/0.1%).",base,0.2119563619236453,0.3775112921390164,-0.2119563619236453,0.5430662223543875,correct_robust,False,False
FoRCy,FoRCy_Mastersheet_others.csv,TRISEE_LD_III,453,1.4586499149789456,1.127659574468085,-0.3386213185453826,0.88,1.872340425531915,35.099999999999994,mixed,mixed,True,robust,validated_proxy_row,"FoRCy uses normalized maximum footing moment and contact-area proxy lambda=sqrt(1/A_c/A); measured displacement gate is max(rotation/0.01 rad, sliding/0.1%, settlement/0.1%).",base,0.12783337150988489,0.3775112921390164,-0.12783337150988489,0.6271892127681479,correct_robust,False,False
FoRCy,FoRCy_Mastersheet_others.csv,TRISEE_LD_III,454,1.4586499149789456,1.127659574468085,-0.1893877168546839,0.931,1.9808510638297876,45.3,mixed,mixed,True,marginal,validated_proxy_row,"FoRCy uses normalized maximum footing moment and contact-area proxy lambda=sqrt(1/A_c/A); measured displacement gate is max(rotation/0.01 rad, sliding/0.1%, settlement/0.1%).",base,0.07149600170506992,0.3775112921390164,-0.07149600170506992,0.683526582572963,correct_marginal,False,False
FoRCy,FoRCy_Mastersheet_others.csv,TRISEE_LD_III,455,1.4586499149789456,1.127659574468085,-0.0319793910424898,0.988,2.102127659574468,55.1,mixed,mixed,True,marginal,validated_proxy_row,"FoRCy uses normalized maximum footing moment and contact-area proxy lambda=sqrt(1/A_c/A); measured displacement gate is max(rotation/0.01 rad, sliding/0.1%, settlement/0.1%).",base,0.012072581234269249,0.3775112921390164,-0.012072581234269249,0.7429500030437634,correct_marginal,False,False
FoRCy,FoRCy_Mastersheet_others.csv,TRISEE_LD_III,456,1.4586499149789456,1.127659574468085,0.086003229078365,1.033,2.197872340425532,62.9,both_detrimental,both_detrimental,True,marginal,validated_proxy_row,"FoRCy uses normalized maximum footing moment and contact-area proxy lambda=sqrt(1/A_c/A); measured displacement gate is max(rotation/0.01 rad, sliding/0.1%, settlement/0.1%).",base,0.03246719013750141,0.3775112921390164,0.03246719013750141,0.7874897744155344,correct_marginal,False,False
