model,fold,test_id,event_no,solver_lambda,solver_RV,solver_Rdelta_total,solver_rotation_ratio,solver_energy_proxy,observed_class,predicted_class,correct
solver_backed_conservative,Analytical and Experimental Development of Bridges with Foundations Allowed to Uplift During Earthquakes,UCSD-1-AS-2,159,2.153200364879659,0.4644249630971474,2.153200364879659,2.258729061132403,17.459009838590227,both_beneficial,mixed,false
solver_backed_conservative,Analytical and Experimental Development of Bridges with Foundations Allowed to Uplift During Earthquakes,UCSD-1-AS-4,160,2.153200364879659,0.46442496309714737,2.1532003648796585,2.258729061132403,13.53049577286729,both_beneficial,mixed,false
solver_backed_conservative,Analytical and Experimental Development of Bridges with Foundations Allowed to Uplift During Earthquakes,UCSD-1-AS-6,161,2.153200364879659,0.4644249630971474,2.153200364879659,2.258729061132403,44.700439574901715,mixed,mixed,true
solver_backed_conservative,Analytical and Experimental Development of Bridges with Foundations Allowed to Uplift During Earthquakes,UCSD-1-AS-8,162,2.153200364879659,0.4644249630971474,2.153200364879659,2.258729061132403,33.00705435334976,both_detrimental,mixed,false
solver_backed_conservative,Analytical and Experimental Development of Bridges with Foundations Allowed to Uplift During Earthquakes,UCSD-1-AS-10,163,2.153200364879659,0.46442496309714737,2.1532003648796585,2.258729061132403,43.133340349342305,both_detrimental,mixed,false
solver_backed_conservative,Analytical and Experimental Development of Bridges with Foundations Allowed to Uplift During Earthquakes,UCSD-1-AS-12,164,2.153200364879659,0.4644249630971474,2.153200364879659,2.258729061132403,164.97692003686055,both_detrimental,mixed,false
solver_backed_conservative,Analytical and Experimental Development of Bridges with Foundations Allowed to Uplift During Earthquakes,UCSD-1-SS-2,165,2.1765292007304398,0.4594470865194005,2.1765292007304398,2.304422351824385,17.648169371202698,both_beneficial,mixed,false
solver_backed_conservative,Analytical and Experimental Development of Bridges with Foundations Allowed to Uplift During Earthquakes,UCSD-1-SS-4,166,2.1765292007304398,0.4594470865194004,2.1765292007304393,2.304422351824385,13.677091844470013,both_beneficial,mixed,false
solver_backed_conservative,Analytical and Experimental Development of Bridges with Foundations Allowed to Uplift During Earthquakes,UCSD-1-SS-6,167,2.1765292007304398,0.4594470865194005,2.1765292007304398,2.304422351824385,45.184746207163926,mixed,mixed,true
solver_backed_conservative,Analytical and Experimental Development of Bridges with Foundations Allowed to Uplift During Earthquakes,UCSD-1-SS-8,168,2.1765292007304398,0.4594470865194005,2.1765292007304398,2.304422351824385,33.36466907675713,both_detrimental,mixed,false
solver_backed_conservative,Analytical and Experimental Development of Bridges with Foundations Allowed to Uplift During Earthquakes,UCSD-1-SS-10,169,2.1765292007304398,0.4594470865194005,2.1765292007304398,2.304422351824385,43.60066825487232,both_detrimental,mixed,false
solver_backed_conservative,Analytical and Experimental Development of Bridges with Foundations Allowed to Uplift During Earthquakes,UCSD-1-SS-12,170,2.1765292007304398,0.4594470865194004,2.1765292007304393,2.304422351824385,166.76436144244585,both_detrimental,mixed,false
solver_backed_conservative,Analytical and Experimental Development of Bridges with Foundations Allowed to Uplift During Earthquakes,UCSD-2-AS-2,171,2.153200364879659,0.46442496309714737,2.1532003648796585,2.258729061132403,15.784681234859802,both_beneficial,mixed,false
solver_backed_conservative,Analytical and Experimental Development of Bridges with Foundations Allowed to Uplift During Earthquakes,UCSD-2-AS-4,172,2.153200364879659,0.46442496309714737,2.1532003648796585,2.258729061132403,12.70797323348326,mixed,mixed,true
solver_backed_conservative,Analytical and Experimental Development of Bridges with Foundations Allowed to Uplift During Earthquakes,UCSD-2-AS-6,173,2.153200364879659,0.4644249630971474,2.153200364879659,2.258729061132403,44.625938842276874,mixed,mixed,true
solver_backed_conservative,Analytical and Experimental Development of Bridges with Foundations Allowed to Uplift During Earthquakes,UCSD-2-AS-8,174,2.153200364879659,0.4644249630971475,2.153200364879659,2.258729061132403,32.62055488785386,both_detrimental,mixed,false
solver_backed_conservative,Analytical and Experimental Development of Bridges with Foundations Allowed to Uplift During Earthquakes,UCSD-2-AS-10,175,2.153200364879659,0.4644249630971474,2.153200364879659,2.258729061132403,42.48845684006084,both_detrimental,mixed,false
solver_backed_conservative,Analytical and Experimental Development of Bridges with Foundations Allowed to Uplift During Earthquakes,UCSD-2-AS-12,176,2.153200364879659,0.46442496309714737,2.1532003648796585,2.258729061132403,180.17980653312986,both_detrimental,mixed,false
solver_backed_conservative,Analytical and Experimental Development of Bridges with Foundations Allowed to Uplift During Earthquakes,UCSD-2-SS-2,177,2.1765292007304398,0.4594470865194005,2.1765292007304398,2.304422351824385,15.955700264714705,both_beneficial,mixed,false
solver_backed_conservative,Analytical and Experimental Development of Bridges with Foundations Allowed to Uplift During Earthquakes,UCSD-2-SS-4,178,2.1765292007304398,0.4594470865194005,2.1765292007304398,2.304422351824385,12.845657689790983,both_beneficial,mixed,false
solver_backed_conservative,Analytical and Experimental Development of Bridges with Foundations Allowed to Uplift During Earthquakes,UCSD-2-SS-6,179,2.1765292007304398,0.4594470865194005,2.1765292007304398,2.304422351824385,45.10943829681865,mixed,mixed,true
solver_backed_conservative,Analytical and Experimental Development of Bridges with Foundations Allowed to Uplift During Earthquakes,UCSD-2-SS-8,180,2.1765292007304398,0.4594470865194005,2.1765292007304398,2.304422351824385,32.97398208522601,both_detrimental,mixed,false
solver_backed_conservative,Analytical and Experimental Development of Bridges with Foundations Allowed to Uplift During Earthquakes,UCSD-2-SS-10,181,2.1765292007304398,0.4594470865194005,2.1765292007304398,2.304422351824385,42.948797759253544,both_detrimental,mixed,false
solver_backed_conservative,Analytical and Experimental Development of Bridges with Foundations Allowed to Uplift During Earthquakes,UCSD-2-SS-12,182,2.1765292007304398,0.4594470865194005,2.1765292007304398,2.304422351824385,182.1319635171232,both_detrimental,mixed,false
solver_backed_conservative,Analytical and Experimental Development of Bridges with Foundations Allowed to Uplift During Earthquakes,UCSD-3-AS-2,183,2.153200364879659,0.46442496309714737,2.1532003648796585,2.258729061132403,15.360931403051486,both_beneficial,mixed,false
solver_backed_conservative,Analytical and Experimental Development of Bridges with Foundations Allowed to Uplift During Earthquakes,UCSD-3-AS-4,184,2.153200364879659,0.46442496309714737,2.1532003648796585,2.258729061132403,11.842386686801635,both_detrimental,mixed,false
solver_backed_conservative,Analytical and Experimental Development of Bridges with Foundations Allowed to Uplift During Earthquakes,UCSD-3-AS-6,185,2.153200364879659,0.4644249630971474,2.153200364879659,2.258729061132403,44.66426580877174,both_detrimental,mixed,false
solver_backed_conservative,Analytical and Experimental Development of Bridges with Foundations Allowed to Uplift During Earthquakes,UCSD-3-AS-8,186,2.153200364879659,0.4644249630971474,2.153200364879659,2.258729061132403,32.760943551644004,both_detrimental,mixed,false
solver_backed_conservative,Analytical and Experimental Development of Bridges with Foundations Allowed to Uplift During Earthquakes,UCSD-3-AS-10,187,2.153200364879659,0.46442496309714737,2.1532003648796585,2.258729061132403,42.978740563143944,both_detrimental,mixed,false
solver_backed_conservative,Analytical and Experimental Development of Bridges with Foundations Allowed to Uplift During Earthquakes,UCSD-3-AS-12,188,2.153200364879659,0.46442496309714737,2.1532003648796585,2.258729061132403,178.4062153925785,both_detrimental,mixed,false
solver_backed_conservative,Analytical and Experimental Development of Bridges with Foundations Allowed to Uplift During Earthquakes,UCSD-3-AS-14,189,2.153200364879659,0.4644249630971474,2.153200364879659,2.258729061132403,43.987299614053576,both_detrimental,mixed,false
solver_backed_conservative,Analytical and Experimental Development of Bridges with Foundations Allowed to Uplift During Earthquakes,UCSD-3-AS-16,190,2.153200364879659,0.46442496309714737,2.1532003648796585,2.258729061132403,44.99370546459833,both_detrimental,mixed,false
solver_backed_conservative,Analytical and Experimental Development of Bridges with Foundations Allowed to Uplift During Earthquakes,UCSD-3-AS-18,191,2.153200364879659,0.4644249630971474,2.153200364879659,2.258729061132403,55.066807411578345,both_detrimental,mixed,false
solver_backed_conservative,Analytical and Experimental Development of Bridges with Foundations Allowed to Uplift During Earthquakes,UCSD-3-SS-2,192,2.1765292007304398,0.4594470865194004,2.1765292007304393,2.304422351824385,15.527359318010957,both_beneficial,mixed,false
solver_backed_conservative,Analytical and Experimental Development of Bridges with Foundations Allowed to Uplift During Earthquakes,UCSD-3-SS-4,193,2.1765292007304398,0.4594470865194004,2.1765292007304393,2.304422351824385,11.970692951097345,mixed,mixed,true
solver_backed_conservative,Analytical and Experimental Development of Bridges with Foundations Allowed to Uplift During Earthquakes,UCSD-3-SS-6,194,2.1765292007304398,0.4594470865194004,2.1765292007304393,2.304422351824385,45.14818051659165,both_detrimental,mixed,false
solver_backed_conservative,Analytical and Experimental Development of Bridges with Foundations Allowed to Uplift During Earthquakes,UCSD-3-SS-8,195,2.1765292007304398,0.4594470865194005,2.1765292007304398,2.304422351824385,33.11589178911364,both_detrimental,mixed,false
solver_backed_conservative,Analytical and Experimental Development of Bridges with Foundations Allowed to Uplift During Earthquakes,UCSD-3-SS-10,196,2.1765292007304398,0.4594470865194005,2.1765292007304398,2.304422351824385,43.44439345825987,both_detrimental,mixed,false
solver_backed_conservative,Analytical and Experimental Development of Bridges with Foundations Allowed to Uplift During Earthquakes,UCSD-3-SS-12,197,2.1765292007304398,0.4594470865194005,2.1765292007304398,2.304422351824385,180.33915641448155,both_detrimental,mixed,false
solver_backed_conservative,Analytical and Experimental Development of Bridges with Foundations Allowed to Uplift During Earthquakes,UCSD-3-SS-14,198,2.1765292007304398,0.4594470865194005,2.1765292007304398,2.304422351824385,44.463879735882,both_detrimental,mixed,false
solver_backed_conservative,Analytical and Experimental Development of Bridges with Foundations Allowed to Uplift During Earthquakes,UCSD-3-SS-16,199,2.1765292007304398,0.4594470865194005,2.1765292007304398,2.304422351824385,45.481189484303414,both_detrimental,mixed,false
solver_backed_conservative,Analytical and Experimental Development of Bridges with Foundations Allowed to Uplift During Earthquakes,UCSD-3-SS-18,200,2.1765292007304398,0.4594470865194005,2.1765292007304398,2.304422351824385,55.66342839116055,both_detrimental,mixed,false
solver_raw_class,Analytical and Experimental Development of Bridges with Foundations Allowed to Uplift During Earthquakes,UCSD-1-AS-2,159,2.153200364879659,0.4644249630971474,2.153200364879659,2.258729061132403,17.459009838590227,both_beneficial,mixed,false
solver_raw_class,Analytical and Experimental Development of Bridges with Foundations Allowed to Uplift During Earthquakes,UCSD-1-AS-4,160,2.153200364879659,0.46442496309714737,2.1532003648796585,2.258729061132403,13.53049577286729,both_beneficial,mixed,false
solver_raw_class,Analytical and Experimental Development of Bridges with Foundations Allowed to Uplift During Earthquakes,UCSD-1-AS-6,161,2.153200364879659,0.4644249630971474,2.153200364879659,2.258729061132403,44.700439574901715,mixed,mixed,true
solver_raw_class,Analytical and Experimental Development of Bridges with Foundations Allowed to Uplift During Earthquakes,UCSD-1-AS-8,162,2.153200364879659,0.4644249630971474,2.153200364879659,2.258729061132403,33.00705435334976,both_detrimental,mixed,false
solver_raw_class,Analytical and Experimental Development of Bridges with Foundations Allowed to Uplift During Earthquakes,UCSD-1-AS-10,163,2.153200364879659,0.46442496309714737,2.1532003648796585,2.258729061132403,43.133340349342305,both_detrimental,mixed,false
solver_raw_class,Analytical and Experimental Development of Bridges with Foundations Allowed to Uplift During Earthquakes,UCSD-1-AS-12,164,2.153200364879659,0.4644249630971474,2.153200364879659,2.258729061132403,164.97692003686055,both_detrimental,mixed,false
solver_raw_class,Analytical and Experimental Development of Bridges with Foundations Allowed to Uplift During Earthquakes,UCSD-1-SS-2,165,2.1765292007304398,0.4594470865194005,2.1765292007304398,2.304422351824385,17.648169371202698,both_beneficial,mixed,false
solver_raw_class,Analytical and Experimental Development of Bridges with Foundations Allowed to Uplift During Earthquakes,UCSD-1-SS-4,166,2.1765292007304398,0.4594470865194004,2.1765292007304393,2.304422351824385,13.677091844470013,both_beneficial,mixed,false
solver_raw_class,Analytical and Experimental Development of Bridges with Foundations Allowed to Uplift During Earthquakes,UCSD-1-SS-6,167,2.1765292007304398,0.4594470865194005,2.1765292007304398,2.304422351824385,45.184746207163926,mixed,mixed,true
solver_raw_class,Analytical and Experimental Development of Bridges with Foundations Allowed to Uplift During Earthquakes,UCSD-1-SS-8,168,2.1765292007304398,0.4594470865194005,2.1765292007304398,2.304422351824385,33.36466907675713,both_detrimental,mixed,false
solver_raw_class,Analytical and Experimental Development of Bridges with Foundations Allowed to Uplift During Earthquakes,UCSD-1-SS-10,169,2.1765292007304398,0.4594470865194005,2.1765292007304398,2.304422351824385,43.60066825487232,both_detrimental,mixed,false
solver_raw_class,Analytical and Experimental Development of Bridges with Foundations Allowed to Uplift During Earthquakes,UCSD-1-SS-12,170,2.1765292007304398,0.4594470865194004,2.1765292007304393,2.304422351824385,166.76436144244585,both_detrimental,mixed,false
solver_raw_class,Analytical and Experimental Development of Bridges with Foundations Allowed to Uplift During Earthquakes,UCSD-2-AS-2,171,2.153200364879659,0.46442496309714737,2.1532003648796585,2.258729061132403,15.784681234859802,both_beneficial,mixed,false
solver_raw_class,Analytical and Experimental Development of Bridges with Foundations Allowed to Uplift During Earthquakes,UCSD-2-AS-4,172,2.153200364879659,0.46442496309714737,2.1532003648796585,2.258729061132403,12.70797323348326,mixed,mixed,true
solver_raw_class,Analytical and Experimental Development of Bridges with Foundations Allowed to Uplift During Earthquakes,UCSD-2-AS-6,173,2.153200364879659,0.4644249630971474,2.153200364879659,2.258729061132403,44.625938842276874,mixed,mixed,true
solver_raw_class,Analytical and Experimental Development of Bridges with Foundations Allowed to Uplift During Earthquakes,UCSD-2-AS-8,174,2.153200364879659,0.4644249630971475,2.153200364879659,2.258729061132403,32.62055488785386,both_detrimental,mixed,false
solver_raw_class,Analytical and Experimental Development of Bridges with Foundations Allowed to Uplift During Earthquakes,UCSD-2-AS-10,175,2.153200364879659,0.4644249630971474,2.153200364879659,2.258729061132403,42.48845684006084,both_detrimental,mixed,false
solver_raw_class,Analytical and Experimental Development of Bridges with Foundations Allowed to Uplift During Earthquakes,UCSD-2-AS-12,176,2.153200364879659,0.46442496309714737,2.1532003648796585,2.258729061132403,180.17980653312986,both_detrimental,mixed,false
solver_raw_class,Analytical and Experimental Development of Bridges with Foundations Allowed to Uplift During Earthquakes,UCSD-2-SS-2,177,2.1765292007304398,0.4594470865194005,2.1765292007304398,2.304422351824385,15.955700264714705,both_beneficial,mixed,false
solver_raw_class,Analytical and Experimental Development of Bridges with Foundations Allowed to Uplift During Earthquakes,UCSD-2-SS-4,178,2.1765292007304398,0.4594470865194005,2.1765292007304398,2.304422351824385,12.845657689790983,both_beneficial,mixed,false
solver_raw_class,Analytical and Experimental Development of Bridges with Foundations Allowed to Uplift During Earthquakes,UCSD-2-SS-6,179,2.1765292007304398,0.4594470865194005,2.1765292007304398,2.304422351824385,45.10943829681865,mixed,mixed,true
solver_raw_class,Analytical and Experimental Development of Bridges with Foundations Allowed to Uplift During Earthquakes,UCSD-2-SS-8,180,2.1765292007304398,0.4594470865194005,2.1765292007304398,2.304422351824385,32.97398208522601,both_detrimental,mixed,false
solver_raw_class,Analytical and Experimental Development of Bridges with Foundations Allowed to Uplift During Earthquakes,UCSD-2-SS-10,181,2.1765292007304398,0.4594470865194005,2.1765292007304398,2.304422351824385,42.948797759253544,both_detrimental,mixed,false
solver_raw_class,Analytical and Experimental Development of Bridges with Foundations Allowed to Uplift During Earthquakes,UCSD-2-SS-12,182,2.1765292007304398,0.4594470865194005,2.1765292007304398,2.304422351824385,182.1319635171232,both_detrimental,mixed,false
solver_raw_class,Analytical and Experimental Development of Bridges with Foundations Allowed to Uplift During Earthquakes,UCSD-3-AS-2,183,2.153200364879659,0.46442496309714737,2.1532003648796585,2.258729061132403,15.360931403051486,both_beneficial,mixed,false
solver_raw_class,Analytical and Experimental Development of Bridges with Foundations Allowed to Uplift During Earthquakes,UCSD-3-AS-4,184,2.153200364879659,0.46442496309714737,2.1532003648796585,2.258729061132403,11.842386686801635,both_detrimental,mixed,false
solver_raw_class,Analytical and Experimental Development of Bridges with Foundations Allowed to Uplift During Earthquakes,UCSD-3-AS-6,185,2.153200364879659,0.4644249630971474,2.153200364879659,2.258729061132403,44.66426580877174,both_detrimental,mixed,false
solver_raw_class,Analytical and Experimental Development of Bridges with Foundations Allowed to Uplift During Earthquakes,UCSD-3-AS-8,186,2.153200364879659,0.4644249630971474,2.153200364879659,2.258729061132403,32.760943551644004,both_detrimental,mixed,false
solver_raw_class,Analytical and Experimental Development of Bridges with Foundations Allowed to Uplift During Earthquakes,UCSD-3-AS-10,187,2.153200364879659,0.46442496309714737,2.1532003648796585,2.258729061132403,42.978740563143944,both_detrimental,mixed,false
solver_raw_class,Analytical and Experimental Development of Bridges with Foundations Allowed to Uplift During Earthquakes,UCSD-3-AS-12,188,2.153200364879659,0.46442496309714737,2.1532003648796585,2.258729061132403,178.4062153925785,both_detrimental,mixed,false
solver_raw_class,Analytical and Experimental Development of Bridges with Foundations Allowed to Uplift During Earthquakes,UCSD-3-AS-14,189,2.153200364879659,0.4644249630971474,2.153200364879659,2.258729061132403,43.987299614053576,both_detrimental,mixed,false
solver_raw_class,Analytical and Experimental Development of Bridges with Foundations Allowed to Uplift During Earthquakes,UCSD-3-AS-16,190,2.153200364879659,0.46442496309714737,2.1532003648796585,2.258729061132403,44.99370546459833,both_detrimental,mixed,false
solver_raw_class,Analytical and Experimental Development of Bridges with Foundations Allowed to Uplift During Earthquakes,UCSD-3-AS-18,191,2.153200364879659,0.4644249630971474,2.153200364879659,2.258729061132403,55.066807411578345,both_detrimental,mixed,false
solver_raw_class,Analytical and Experimental Development of Bridges with Foundations Allowed to Uplift During Earthquakes,UCSD-3-SS-2,192,2.1765292007304398,0.4594470865194004,2.1765292007304393,2.304422351824385,15.527359318010957,both_beneficial,mixed,false
solver_raw_class,Analytical and Experimental Development of Bridges with Foundations Allowed to Uplift During Earthquakes,UCSD-3-SS-4,193,2.1765292007304398,0.4594470865194004,2.1765292007304393,2.304422351824385,11.970692951097345,mixed,mixed,true
solver_raw_class,Analytical and Experimental Development of Bridges with Foundations Allowed to Uplift During Earthquakes,UCSD-3-SS-6,194,2.1765292007304398,0.4594470865194004,2.1765292007304393,2.304422351824385,45.14818051659165,both_detrimental,mixed,false
solver_raw_class,Analytical and Experimental Development of Bridges with Foundations Allowed to Uplift During Earthquakes,UCSD-3-SS-8,195,2.1765292007304398,0.4594470865194005,2.1765292007304398,2.304422351824385,33.11589178911364,both_detrimental,mixed,false
solver_raw_class,Analytical and Experimental Development of Bridges with Foundations Allowed to Uplift During Earthquakes,UCSD-3-SS-10,196,2.1765292007304398,0.4594470865194005,2.1765292007304398,2.304422351824385,43.44439345825987,both_detrimental,mixed,false
solver_raw_class,Analytical and Experimental Development of Bridges with Foundations Allowed to Uplift During Earthquakes,UCSD-3-SS-12,197,2.1765292007304398,0.4594470865194005,2.1765292007304398,2.304422351824385,180.33915641448155,both_detrimental,mixed,false
solver_raw_class,Analytical and Experimental Development of Bridges with Foundations Allowed to Uplift During Earthquakes,UCSD-3-SS-14,198,2.1765292007304398,0.4594470865194005,2.1765292007304398,2.304422351824385,44.463879735882,both_detrimental,mixed,false
solver_raw_class,Analytical and Experimental Development of Bridges with Foundations Allowed to Uplift During Earthquakes,UCSD-3-SS-16,199,2.1765292007304398,0.4594470865194005,2.1765292007304398,2.304422351824385,45.481189484303414,both_detrimental,mixed,false
solver_raw_class,Analytical and Experimental Development of Bridges with Foundations Allowed to Uplift During Earthquakes,UCSD-3-SS-18,200,2.1765292007304398,0.4594470865194005,2.1765292007304398,2.304422351824385,55.66342839116055,both_detrimental,mixed,false
majority_class,Analytical and Experimental Development of Bridges with Foundations Allowed to Uplift During Earthquakes,UCSD-1-AS-2,159,2.153200364879659,0.4644249630971474,2.153200364879659,2.258729061132403,17.459009838590227,both_beneficial,mixed,false
majority_class,Analytical and Experimental Development of Bridges with Foundations Allowed to Uplift During Earthquakes,UCSD-1-AS-4,160,2.153200364879659,0.46442496309714737,2.1532003648796585,2.258729061132403,13.53049577286729,both_beneficial,mixed,false
majority_class,Analytical and Experimental Development of Bridges with Foundations Allowed to Uplift During Earthquakes,UCSD-1-AS-6,161,2.153200364879659,0.4644249630971474,2.153200364879659,2.258729061132403,44.700439574901715,mixed,mixed,true
majority_class,Analytical and Experimental Development of Bridges with Foundations Allowed to Uplift During Earthquakes,UCSD-1-AS-8,162,2.153200364879659,0.4644249630971474,2.153200364879659,2.258729061132403,33.00705435334976,both_detrimental,mixed,false
majority_class,Analytical and Experimental Development of Bridges with Foundations Allowed to Uplift During Earthquakes,UCSD-1-AS-10,163,2.153200364879659,0.46442496309714737,2.1532003648796585,2.258729061132403,43.133340349342305,both_detrimental,mixed,false
majority_class,Analytical and Experimental Development of Bridges with Foundations Allowed to Uplift During Earthquakes,UCSD-1-AS-12,164,2.153200364879659,0.4644249630971474,2.153200364879659,2.258729061132403,164.97692003686055,both_detrimental,mixed,false
majority_class,Analytical and Experimental Development of Bridges with Foundations Allowed to Uplift During Earthquakes,UCSD-1-SS-2,165,2.1765292007304398,0.4594470865194005,2.1765292007304398,2.304422351824385,17.648169371202698,both_beneficial,mixed,false
majority_class,Analytical and Experimental Development of Bridges with Foundations Allowed to Uplift During Earthquakes,UCSD-1-SS-4,166,2.1765292007304398,0.4594470865194004,2.1765292007304393,2.304422351824385,13.677091844470013,both_beneficial,mixed,false
majority_class,Analytical and Experimental Development of Bridges with Foundations Allowed to Uplift During Earthquakes,UCSD-1-SS-6,167,2.1765292007304398,0.4594470865194005,2.1765292007304398,2.304422351824385,45.184746207163926,mixed,mixed,true
majority_class,Analytical and Experimental Development of Bridges with Foundations Allowed to Uplift During Earthquakes,UCSD-1-SS-8,168,2.1765292007304398,0.4594470865194005,2.1765292007304398,2.304422351824385,33.36466907675713,both_detrimental,mixed,false
majority_class,Analytical and Experimental Development of Bridges with Foundations Allowed to Uplift During Earthquakes,UCSD-1-SS-10,169,2.1765292007304398,0.4594470865194005,2.1765292007304398,2.304422351824385,43.60066825487232,both_detrimental,mixed,false
majority_class,Analytical and Experimental Development of Bridges with Foundations Allowed to Uplift During Earthquakes,UCSD-1-SS-12,170,2.1765292007304398,0.4594470865194004,2.1765292007304393,2.304422351824385,166.76436144244585,both_detrimental,mixed,false
majority_class,Analytical and Experimental Development of Bridges with Foundations Allowed to Uplift During Earthquakes,UCSD-2-AS-2,171,2.153200364879659,0.46442496309714737,2.1532003648796585,2.258729061132403,15.784681234859802,both_beneficial,mixed,false
majority_class,Analytical and Experimental Development of Bridges with Foundations Allowed to Uplift During Earthquakes,UCSD-2-AS-4,172,2.153200364879659,0.46442496309714737,2.1532003648796585,2.258729061132403,12.70797323348326,mixed,mixed,true
majority_class,Analytical and Experimental Development of Bridges with Foundations Allowed to Uplift During Earthquakes,UCSD-2-AS-6,173,2.153200364879659,0.4644249630971474,2.153200364879659,2.258729061132403,44.625938842276874,mixed,mixed,true
majority_class,Analytical and Experimental Development of Bridges with Foundations Allowed to Uplift During Earthquakes,UCSD-2-AS-8,174,2.153200364879659,0.4644249630971475,2.153200364879659,2.258729061132403,32.62055488785386,both_detrimental,mixed,false
majority_class,Analytical and Experimental Development of Bridges with Foundations Allowed to Uplift During Earthquakes,UCSD-2-AS-10,175,2.153200364879659,0.4644249630971474,2.153200364879659,2.258729061132403,42.48845684006084,both_detrimental,mixed,false
majority_class,Analytical and Experimental Development of Bridges with Foundations Allowed to Uplift During Earthquakes,UCSD-2-AS-12,176,2.153200364879659,0.46442496309714737,2.1532003648796585,2.258729061132403,180.17980653312986,both_detrimental,mixed,false
majority_class,Analytical and Experimental Development of Bridges with Foundations Allowed to Uplift During Earthquakes,UCSD-2-SS-2,177,2.1765292007304398,0.4594470865194005,2.1765292007304398,2.304422351824385,15.955700264714705,both_beneficial,mixed,false
majority_class,Analytical and Experimental Development of Bridges with Foundations Allowed to Uplift During Earthquakes,UCSD-2-SS-4,178,2.1765292007304398,0.4594470865194005,2.1765292007304398,2.304422351824385,12.845657689790983,both_beneficial,mixed,false
majority_class,Analytical and Experimental Development of Bridges with Foundations Allowed to Uplift During Earthquakes,UCSD-2-SS-6,179,2.1765292007304398,0.4594470865194005,2.1765292007304398,2.304422351824385,45.10943829681865,mixed,mixed,true
majority_class,Analytical and Experimental Development of Bridges with Foundations Allowed to Uplift During Earthquakes,UCSD-2-SS-8,180,2.1765292007304398,0.4594470865194005,2.1765292007304398,2.304422351824385,32.97398208522601,both_detrimental,mixed,false
majority_class,Analytical and Experimental Development of Bridges with Foundations Allowed to Uplift During Earthquakes,UCSD-2-SS-10,181,2.1765292007304398,0.4594470865194005,2.1765292007304398,2.304422351824385,42.948797759253544,both_detrimental,mixed,false
majority_class,Analytical and Experimental Development of Bridges with Foundations Allowed to Uplift During Earthquakes,UCSD-2-SS-12,182,2.1765292007304398,0.4594470865194005,2.1765292007304398,2.304422351824385,182.1319635171232,both_detrimental,mixed,false
majority_class,Analytical and Experimental Development of Bridges with Foundations Allowed to Uplift During Earthquakes,UCSD-3-AS-2,183,2.153200364879659,0.46442496309714737,2.1532003648796585,2.258729061132403,15.360931403051486,both_beneficial,mixed,false
majority_class,Analytical and Experimental Development of Bridges with Foundations Allowed to Uplift During Earthquakes,UCSD-3-AS-4,184,2.153200364879659,0.46442496309714737,2.1532003648796585,2.258729061132403,11.842386686801635,both_detrimental,mixed,false
majority_class,Analytical and Experimental Development of Bridges with Foundations Allowed to Uplift During Earthquakes,UCSD-3-AS-6,185,2.153200364879659,0.4644249630971474,2.153200364879659,2.258729061132403,44.66426580877174,both_detrimental,mixed,false
majority_class,Analytical and Experimental Development of Bridges with Foundations Allowed to Uplift During Earthquakes,UCSD-3-AS-8,186,2.153200364879659,0.4644249630971474,2.153200364879659,2.258729061132403,32.760943551644004,both_detrimental,mixed,false
majority_class,Analytical and Experimental Development of Bridges with Foundations Allowed to Uplift During Earthquakes,UCSD-3-AS-10,187,2.153200364879659,0.46442496309714737,2.1532003648796585,2.258729061132403,42.978740563143944,both_detrimental,mixed,false
majority_class,Analytical and Experimental Development of Bridges with Foundations Allowed to Uplift During Earthquakes,UCSD-3-AS-12,188,2.153200364879659,0.46442496309714737,2.1532003648796585,2.258729061132403,178.4062153925785,both_detrimental,mixed,false
majority_class,Analytical and Experimental Development of Bridges with Foundations Allowed to Uplift During Earthquakes,UCSD-3-AS-14,189,2.153200364879659,0.4644249630971474,2.153200364879659,2.258729061132403,43.987299614053576,both_detrimental,mixed,false
majority_class,Analytical and Experimental Development of Bridges with Foundations Allowed to Uplift During Earthquakes,UCSD-3-AS-16,190,2.153200364879659,0.46442496309714737,2.1532003648796585,2.258729061132403,44.99370546459833,both_detrimental,mixed,false
majority_class,Analytical and Experimental Development of Bridges with Foundations Allowed to Uplift During Earthquakes,UCSD-3-AS-18,191,2.153200364879659,0.4644249630971474,2.153200364879659,2.258729061132403,55.066807411578345,both_detrimental,mixed,false
majority_class,Analytical and Experimental Development of Bridges with Foundations Allowed to Uplift During Earthquakes,UCSD-3-SS-2,192,2.1765292007304398,0.4594470865194004,2.1765292007304393,2.304422351824385,15.527359318010957,both_beneficial,mixed,false
majority_class,Analytical and Experimental Development of Bridges with Foundations Allowed to Uplift During Earthquakes,UCSD-3-SS-4,193,2.1765292007304398,0.4594470865194004,2.1765292007304393,2.304422351824385,11.970692951097345,mixed,mixed,true
majority_class,Analytical and Experimental Development of Bridges with Foundations Allowed to Uplift During Earthquakes,UCSD-3-SS-6,194,2.1765292007304398,0.4594470865194004,2.1765292007304393,2.304422351824385,45.14818051659165,both_detrimental,mixed,false
majority_class,Analytical and Experimental Development of Bridges with Foundations Allowed to Uplift During Earthquakes,UCSD-3-SS-8,195,2.1765292007304398,0.4594470865194005,2.1765292007304398,2.304422351824385,33.11589178911364,both_detrimental,mixed,false
majority_class,Analytical and Experimental Development of Bridges with Foundations Allowed to Uplift During Earthquakes,UCSD-3-SS-10,196,2.1765292007304398,0.4594470865194005,2.1765292007304398,2.304422351824385,43.44439345825987,both_detrimental,mixed,false
majority_class,Analytical and Experimental Development of Bridges with Foundations Allowed to Uplift During Earthquakes,UCSD-3-SS-12,197,2.1765292007304398,0.4594470865194005,2.1765292007304398,2.304422351824385,180.33915641448155,both_detrimental,mixed,false
majority_class,Analytical and Experimental Development of Bridges with Foundations Allowed to Uplift During Earthquakes,UCSD-3-SS-14,198,2.1765292007304398,0.4594470865194005,2.1765292007304398,2.304422351824385,44.463879735882,both_detrimental,mixed,false
majority_class,Analytical and Experimental Development of Bridges with Foundations Allowed to Uplift During Earthquakes,UCSD-3-SS-16,199,2.1765292007304398,0.4594470865194005,2.1765292007304398,2.304422351824385,45.481189484303414,both_detrimental,mixed,false
majority_class,Analytical and Experimental Development of Bridges with Foundations Allowed to Uplift During Earthquakes,UCSD-3-SS-18,200,2.1765292007304398,0.4594470865194005,2.1765292007304398,2.304422351824385,55.66342839116055,both_detrimental,mixed,false
always_mixed,Analytical and Experimental Development of Bridges with Foundations Allowed to Uplift During Earthquakes,UCSD-1-AS-2,159,2.153200364879659,0.4644249630971474,2.153200364879659,2.258729061132403,17.459009838590227,both_beneficial,mixed,false
always_mixed,Analytical and Experimental Development of Bridges with Foundations Allowed to Uplift During Earthquakes,UCSD-1-AS-4,160,2.153200364879659,0.46442496309714737,2.1532003648796585,2.258729061132403,13.53049577286729,both_beneficial,mixed,false
always_mixed,Analytical and Experimental Development of Bridges with Foundations Allowed to Uplift During Earthquakes,UCSD-1-AS-6,161,2.153200364879659,0.4644249630971474,2.153200364879659,2.258729061132403,44.700439574901715,mixed,mixed,true
always_mixed,Analytical and Experimental Development of Bridges with Foundations Allowed to Uplift During Earthquakes,UCSD-1-AS-8,162,2.153200364879659,0.4644249630971474,2.153200364879659,2.258729061132403,33.00705435334976,both_detrimental,mixed,false
always_mixed,Analytical and Experimental Development of Bridges with Foundations Allowed to Uplift During Earthquakes,UCSD-1-AS-10,163,2.153200364879659,0.46442496309714737,2.1532003648796585,2.258729061132403,43.133340349342305,both_detrimental,mixed,false
always_mixed,Analytical and Experimental Development of Bridges with Foundations Allowed to Uplift During Earthquakes,UCSD-1-AS-12,164,2.153200364879659,0.4644249630971474,2.153200364879659,2.258729061132403,164.97692003686055,both_detrimental,mixed,false
always_mixed,Analytical and Experimental Development of Bridges with Foundations Allowed to Uplift During Earthquakes,UCSD-1-SS-2,165,2.1765292007304398,0.4594470865194005,2.1765292007304398,2.304422351824385,17.648169371202698,both_beneficial,mixed,false
always_mixed,Analytical and Experimental Development of Bridges with Foundations Allowed to Uplift During Earthquakes,UCSD-1-SS-4,166,2.1765292007304398,0.4594470865194004,2.1765292007304393,2.304422351824385,13.677091844470013,both_beneficial,mixed,false
always_mixed,Analytical and Experimental Development of Bridges with Foundations Allowed to Uplift During Earthquakes,UCSD-1-SS-6,167,2.1765292007304398,0.4594470865194005,2.1765292007304398,2.304422351824385,45.184746207163926,mixed,mixed,true
always_mixed,Analytical and Experimental Development of Bridges with Foundations Allowed to Uplift During Earthquakes,UCSD-1-SS-8,168,2.1765292007304398,0.4594470865194005,2.1765292007304398,2.304422351824385,33.36466907675713,both_detrimental,mixed,false
always_mixed,Analytical and Experimental Development of Bridges with Foundations Allowed to Uplift During Earthquakes,UCSD-1-SS-10,169,2.1765292007304398,0.4594470865194005,2.1765292007304398,2.304422351824385,43.60066825487232,both_detrimental,mixed,false
always_mixed,Analytical and Experimental Development of Bridges with Foundations Allowed to Uplift During Earthquakes,UCSD-1-SS-12,170,2.1765292007304398,0.4594470865194004,2.1765292007304393,2.304422351824385,166.76436144244585,both_detrimental,mixed,false
always_mixed,Analytical and Experimental Development of Bridges with Foundations Allowed to Uplift During Earthquakes,UCSD-2-AS-2,171,2.153200364879659,0.46442496309714737,2.1532003648796585,2.258729061132403,15.784681234859802,both_beneficial,mixed,false
always_mixed,Analytical and Experimental Development of Bridges with Foundations Allowed to Uplift During Earthquakes,UCSD-2-AS-4,172,2.153200364879659,0.46442496309714737,2.1532003648796585,2.258729061132403,12.70797323348326,mixed,mixed,true
always_mixed,Analytical and Experimental Development of Bridges with Foundations Allowed to Uplift During Earthquakes,UCSD-2-AS-6,173,2.153200364879659,0.4644249630971474,2.153200364879659,2.258729061132403,44.625938842276874,mixed,mixed,true
always_mixed,Analytical and Experimental Development of Bridges with Foundations Allowed to Uplift During Earthquakes,UCSD-2-AS-8,174,2.153200364879659,0.4644249630971475,2.153200364879659,2.258729061132403,32.62055488785386,both_detrimental,mixed,false
always_mixed,Analytical and Experimental Development of Bridges with Foundations Allowed to Uplift During Earthquakes,UCSD-2-AS-10,175,2.153200364879659,0.4644249630971474,2.153200364879659,2.258729061132403,42.48845684006084,both_detrimental,mixed,false
always_mixed,Analytical and Experimental Development of Bridges with Foundations Allowed to Uplift During Earthquakes,UCSD-2-AS-12,176,2.153200364879659,0.46442496309714737,2.1532003648796585,2.258729061132403,180.17980653312986,both_detrimental,mixed,false
always_mixed,Analytical and Experimental Development of Bridges with Foundations Allowed to Uplift During Earthquakes,UCSD-2-SS-2,177,2.1765292007304398,0.4594470865194005,2.1765292007304398,2.304422351824385,15.955700264714705,both_beneficial,mixed,false
always_mixed,Analytical and Experimental Development of Bridges with Foundations Allowed to Uplift During Earthquakes,UCSD-2-SS-4,178,2.1765292007304398,0.4594470865194005,2.1765292007304398,2.304422351824385,12.845657689790983,both_beneficial,mixed,false
always_mixed,Analytical and Experimental Development of Bridges with Foundations Allowed to Uplift During Earthquakes,UCSD-2-SS-6,179,2.1765292007304398,0.4594470865194005,2.1765292007304398,2.304422351824385,45.10943829681865,mixed,mixed,true
always_mixed,Analytical and Experimental Development of Bridges with Foundations Allowed to Uplift During Earthquakes,UCSD-2-SS-8,180,2.1765292007304398,0.4594470865194005,2.1765292007304398,2.304422351824385,32.97398208522601,both_detrimental,mixed,false
always_mixed,Analytical and Experimental Development of Bridges with Foundations Allowed to Uplift During Earthquakes,UCSD-2-SS-10,181,2.1765292007304398,0.4594470865194005,2.1765292007304398,2.304422351824385,42.948797759253544,both_detrimental,mixed,false
always_mixed,Analytical and Experimental Development of Bridges with Foundations Allowed to Uplift During Earthquakes,UCSD-2-SS-12,182,2.1765292007304398,0.4594470865194005,2.1765292007304398,2.304422351824385,182.1319635171232,both_detrimental,mixed,false
always_mixed,Analytical and Experimental Development of Bridges with Foundations Allowed to Uplift During Earthquakes,UCSD-3-AS-2,183,2.153200364879659,0.46442496309714737,2.1532003648796585,2.258729061132403,15.360931403051486,both_beneficial,mixed,false
always_mixed,Analytical and Experimental Development of Bridges with Foundations Allowed to Uplift During Earthquakes,UCSD-3-AS-4,184,2.153200364879659,0.46442496309714737,2.1532003648796585,2.258729061132403,11.842386686801635,both_detrimental,mixed,false
always_mixed,Analytical and Experimental Development of Bridges with Foundations Allowed to Uplift During Earthquakes,UCSD-3-AS-6,185,2.153200364879659,0.4644249630971474,2.153200364879659,2.258729061132403,44.66426580877174,both_detrimental,mixed,false
always_mixed,Analytical and Experimental Development of Bridges with Foundations Allowed to Uplift During Earthquakes,UCSD-3-AS-8,186,2.153200364879659,0.4644249630971474,2.153200364879659,2.258729061132403,32.760943551644004,both_detrimental,mixed,false
always_mixed,Analytical and Experimental Development of Bridges with Foundations Allowed to Uplift During Earthquakes,UCSD-3-AS-10,187,2.153200364879659,0.46442496309714737,2.1532003648796585,2.258729061132403,42.978740563143944,both_detrimental,mixed,false
always_mixed,Analytical and Experimental Development of Bridges with Foundations Allowed to Uplift During Earthquakes,UCSD-3-AS-12,188,2.153200364879659,0.46442496309714737,2.1532003648796585,2.258729061132403,178.4062153925785,both_detrimental,mixed,false
always_mixed,Analytical and Experimental Development of Bridges with Foundations Allowed to Uplift During Earthquakes,UCSD-3-AS-14,189,2.153200364879659,0.4644249630971474,2.153200364879659,2.258729061132403,43.987299614053576,both_detrimental,mixed,false
always_mixed,Analytical and Experimental Development of Bridges with Foundations Allowed to Uplift During Earthquakes,UCSD-3-AS-16,190,2.153200364879659,0.46442496309714737,2.1532003648796585,2.258729061132403,44.99370546459833,both_detrimental,mixed,false
always_mixed,Analytical and Experimental Development of Bridges with Foundations Allowed to Uplift During Earthquakes,UCSD-3-AS-18,191,2.153200364879659,0.4644249630971474,2.153200364879659,2.258729061132403,55.066807411578345,both_detrimental,mixed,false
always_mixed,Analytical and Experimental Development of Bridges with Foundations Allowed to Uplift During Earthquakes,UCSD-3-SS-2,192,2.1765292007304398,0.4594470865194004,2.1765292007304393,2.304422351824385,15.527359318010957,both_beneficial,mixed,false
always_mixed,Analytical and Experimental Development of Bridges with Foundations Allowed to Uplift During Earthquakes,UCSD-3-SS-4,193,2.1765292007304398,0.4594470865194004,2.1765292007304393,2.304422351824385,11.970692951097345,mixed,mixed,true
always_mixed,Analytical and Experimental Development of Bridges with Foundations Allowed to Uplift During Earthquakes,UCSD-3-SS-6,194,2.1765292007304398,0.4594470865194004,2.1765292007304393,2.304422351824385,45.14818051659165,both_detrimental,mixed,false
always_mixed,Analytical and Experimental Development of Bridges with Foundations Allowed to Uplift During Earthquakes,UCSD-3-SS-8,195,2.1765292007304398,0.4594470865194005,2.1765292007304398,2.304422351824385,33.11589178911364,both_detrimental,mixed,false
always_mixed,Analytical and Experimental Development of Bridges with Foundations Allowed to Uplift During Earthquakes,UCSD-3-SS-10,196,2.1765292007304398,0.4594470865194005,2.1765292007304398,2.304422351824385,43.44439345825987,both_detrimental,mixed,false
always_mixed,Analytical and Experimental Development of Bridges with Foundations Allowed to Uplift During Earthquakes,UCSD-3-SS-12,197,2.1765292007304398,0.4594470865194005,2.1765292007304398,2.304422351824385,180.33915641448155,both_detrimental,mixed,false
always_mixed,Analytical and Experimental Development of Bridges with Foundations Allowed to Uplift During Earthquakes,UCSD-3-SS-14,198,2.1765292007304398,0.4594470865194005,2.1765292007304398,2.304422351824385,44.463879735882,both_detrimental,mixed,false
always_mixed,Analytical and Experimental Development of Bridges with Foundations Allowed to Uplift During Earthquakes,UCSD-3-SS-16,199,2.1765292007304398,0.4594470865194005,2.1765292007304398,2.304422351824385,45.481189484303414,both_detrimental,mixed,false
always_mixed,Analytical and Experimental Development of Bridges with Foundations Allowed to Uplift During Earthquakes,UCSD-3-SS-18,200,2.1765292007304398,0.4594470865194005,2.1765292007304398,2.304422351824385,55.66342839116055,both_detrimental,mixed,false
spectral_slope_only,Analytical and Experimental Development of Bridges with Foundations Allowed to Uplift During Earthquakes,UCSD-1-AS-2,159,2.153200364879659,0.4644249630971474,2.153200364879659,2.258729061132403,17.459009838590227,both_beneficial,both_beneficial,true
spectral_slope_only,Analytical and Experimental Development of Bridges with Foundations Allowed to Uplift During Earthquakes,UCSD-1-AS-4,160,2.153200364879659,0.46442496309714737,2.1532003648796585,2.258729061132403,13.53049577286729,both_beneficial,both_beneficial,true
spectral_slope_only,Analytical and Experimental Development of Bridges with Foundations Allowed to Uplift During Earthquakes,UCSD-1-AS-6,161,2.153200364879659,0.4644249630971474,2.153200364879659,2.258729061132403,44.700439574901715,mixed,both_beneficial,false
spectral_slope_only,Analytical and Experimental Development of Bridges with Foundations Allowed to Uplift During Earthquakes,UCSD-1-AS-8,162,2.153200364879659,0.4644249630971474,2.153200364879659,2.258729061132403,33.00705435334976,both_detrimental,both_beneficial,false
spectral_slope_only,Analytical and Experimental Development of Bridges with Foundations Allowed to Uplift During Earthquakes,UCSD-1-AS-10,163,2.153200364879659,0.46442496309714737,2.1532003648796585,2.258729061132403,43.133340349342305,both_detrimental,both_beneficial,false
spectral_slope_only,Analytical and Experimental Development of Bridges with Foundations Allowed to Uplift During Earthquakes,UCSD-1-AS-12,164,2.153200364879659,0.4644249630971474,2.153200364879659,2.258729061132403,164.97692003686055,both_detrimental,both_beneficial,false
spectral_slope_only,Analytical and Experimental Development of Bridges with Foundations Allowed to Uplift During Earthquakes,UCSD-1-SS-2,165,2.1765292007304398,0.4594470865194005,2.1765292007304398,2.304422351824385,17.648169371202698,both_beneficial,both_beneficial,true
spectral_slope_only,Analytical and Experimental Development of Bridges with Foundations Allowed to Uplift During Earthquakes,UCSD-1-SS-4,166,2.1765292007304398,0.4594470865194004,2.1765292007304393,2.304422351824385,13.677091844470013,both_beneficial,both_beneficial,true
spectral_slope_only,Analytical and Experimental Development of Bridges with Foundations Allowed to Uplift During Earthquakes,UCSD-1-SS-6,167,2.1765292007304398,0.4594470865194005,2.1765292007304398,2.304422351824385,45.184746207163926,mixed,both_beneficial,false
spectral_slope_only,Analytical and Experimental Development of Bridges with Foundations Allowed to Uplift During Earthquakes,UCSD-1-SS-8,168,2.1765292007304398,0.4594470865194005,2.1765292007304398,2.304422351824385,33.36466907675713,both_detrimental,both_beneficial,false
spectral_slope_only,Analytical and Experimental Development of Bridges with Foundations Allowed to Uplift During Earthquakes,UCSD-1-SS-10,169,2.1765292007304398,0.4594470865194005,2.1765292007304398,2.304422351824385,43.60066825487232,both_detrimental,both_beneficial,false
spectral_slope_only,Analytical and Experimental Development of Bridges with Foundations Allowed to Uplift During Earthquakes,UCSD-1-SS-12,170,2.1765292007304398,0.4594470865194004,2.1765292007304393,2.304422351824385,166.76436144244585,both_detrimental,both_beneficial,false
spectral_slope_only,Analytical and Experimental Development of Bridges with Foundations Allowed to Uplift During Earthquakes,UCSD-2-AS-2,171,2.153200364879659,0.46442496309714737,2.1532003648796585,2.258729061132403,15.784681234859802,both_beneficial,both_beneficial,true
spectral_slope_only,Analytical and Experimental Development of Bridges with Foundations Allowed to Uplift During Earthquakes,UCSD-2-AS-4,172,2.153200364879659,0.46442496309714737,2.1532003648796585,2.258729061132403,12.70797323348326,mixed,both_beneficial,false
spectral_slope_only,Analytical and Experimental Development of Bridges with Foundations Allowed to Uplift During Earthquakes,UCSD-2-AS-6,173,2.153200364879659,0.4644249630971474,2.153200364879659,2.258729061132403,44.625938842276874,mixed,both_beneficial,false
spectral_slope_only,Analytical and Experimental Development of Bridges with Foundations Allowed to Uplift During Earthquakes,UCSD-2-AS-8,174,2.153200364879659,0.4644249630971475,2.153200364879659,2.258729061132403,32.62055488785386,both_detrimental,both_beneficial,false
spectral_slope_only,Analytical and Experimental Development of Bridges with Foundations Allowed to Uplift During Earthquakes,UCSD-2-AS-10,175,2.153200364879659,0.4644249630971474,2.153200364879659,2.258729061132403,42.48845684006084,both_detrimental,both_beneficial,false
spectral_slope_only,Analytical and Experimental Development of Bridges with Foundations Allowed to Uplift During Earthquakes,UCSD-2-AS-12,176,2.153200364879659,0.46442496309714737,2.1532003648796585,2.258729061132403,180.17980653312986,both_detrimental,both_beneficial,false
spectral_slope_only,Analytical and Experimental Development of Bridges with Foundations Allowed to Uplift During Earthquakes,UCSD-2-SS-2,177,2.1765292007304398,0.4594470865194005,2.1765292007304398,2.304422351824385,15.955700264714705,both_beneficial,both_beneficial,true
spectral_slope_only,Analytical and Experimental Development of Bridges with Foundations Allowed to Uplift During Earthquakes,UCSD-2-SS-4,178,2.1765292007304398,0.4594470865194005,2.1765292007304398,2.304422351824385,12.845657689790983,both_beneficial,both_beneficial,true
spectral_slope_only,Analytical and Experimental Development of Bridges with Foundations Allowed to Uplift During Earthquakes,UCSD-2-SS-6,179,2.1765292007304398,0.4594470865194005,2.1765292007304398,2.304422351824385,45.10943829681865,mixed,both_beneficial,false
spectral_slope_only,Analytical and Experimental Development of Bridges with Foundations Allowed to Uplift During Earthquakes,UCSD-2-SS-8,180,2.1765292007304398,0.4594470865194005,2.1765292007304398,2.304422351824385,32.97398208522601,both_detrimental,both_beneficial,false
spectral_slope_only,Analytical and Experimental Development of Bridges with Foundations Allowed to Uplift During Earthquakes,UCSD-2-SS-10,181,2.1765292007304398,0.4594470865194005,2.1765292007304398,2.304422351824385,42.948797759253544,both_detrimental,both_beneficial,false
spectral_slope_only,Analytical and Experimental Development of Bridges with Foundations Allowed to Uplift During Earthquakes,UCSD-2-SS-12,182,2.1765292007304398,0.4594470865194005,2.1765292007304398,2.304422351824385,182.1319635171232,both_detrimental,both_beneficial,false
spectral_slope_only,Analytical and Experimental Development of Bridges with Foundations Allowed to Uplift During Earthquakes,UCSD-3-AS-2,183,2.153200364879659,0.46442496309714737,2.1532003648796585,2.258729061132403,15.360931403051486,both_beneficial,both_beneficial,true
spectral_slope_only,Analytical and Experimental Development of Bridges with Foundations Allowed to Uplift During Earthquakes,UCSD-3-AS-4,184,2.153200364879659,0.46442496309714737,2.1532003648796585,2.258729061132403,11.842386686801635,both_detrimental,both_beneficial,false
spectral_slope_only,Analytical and Experimental Development of Bridges with Foundations Allowed to Uplift During Earthquakes,UCSD-3-AS-6,185,2.153200364879659,0.4644249630971474,2.153200364879659,2.258729061132403,44.66426580877174,both_detrimental,both_beneficial,false
spectral_slope_only,Analytical and Experimental Development of Bridges with Foundations Allowed to Uplift During Earthquakes,UCSD-3-AS-8,186,2.153200364879659,0.4644249630971474,2.153200364879659,2.258729061132403,32.760943551644004,both_detrimental,both_beneficial,false
spectral_slope_only,Analytical and Experimental Development of Bridges with Foundations Allowed to Uplift During Earthquakes,UCSD-3-AS-10,187,2.153200364879659,0.46442496309714737,2.1532003648796585,2.258729061132403,42.978740563143944,both_detrimental,both_beneficial,false
spectral_slope_only,Analytical and Experimental Development of Bridges with Foundations Allowed to Uplift During Earthquakes,UCSD-3-AS-12,188,2.153200364879659,0.46442496309714737,2.1532003648796585,2.258729061132403,178.4062153925785,both_detrimental,both_beneficial,false
spectral_slope_only,Analytical and Experimental Development of Bridges with Foundations Allowed to Uplift During Earthquakes,UCSD-3-AS-14,189,2.153200364879659,0.4644249630971474,2.153200364879659,2.258729061132403,43.987299614053576,both_detrimental,both_beneficial,false
spectral_slope_only,Analytical and Experimental Development of Bridges with Foundations Allowed to Uplift During Earthquakes,UCSD-3-AS-16,190,2.153200364879659,0.46442496309714737,2.1532003648796585,2.258729061132403,44.99370546459833,both_detrimental,both_beneficial,false
spectral_slope_only,Analytical and Experimental Development of Bridges with Foundations Allowed to Uplift During Earthquakes,UCSD-3-AS-18,191,2.153200364879659,0.4644249630971474,2.153200364879659,2.258729061132403,55.066807411578345,both_detrimental,both_beneficial,false
spectral_slope_only,Analytical and Experimental Development of Bridges with Foundations Allowed to Uplift During Earthquakes,UCSD-3-SS-2,192,2.1765292007304398,0.4594470865194004,2.1765292007304393,2.304422351824385,15.527359318010957,both_beneficial,both_beneficial,true
spectral_slope_only,Analytical and Experimental Development of Bridges with Foundations Allowed to Uplift During Earthquakes,UCSD-3-SS-4,193,2.1765292007304398,0.4594470865194004,2.1765292007304393,2.304422351824385,11.970692951097345,mixed,both_beneficial,false
spectral_slope_only,Analytical and Experimental Development of Bridges with Foundations Allowed to Uplift During Earthquakes,UCSD-3-SS-6,194,2.1765292007304398,0.4594470865194004,2.1765292007304393,2.304422351824385,45.14818051659165,both_detrimental,both_beneficial,false
spectral_slope_only,Analytical and Experimental Development of Bridges with Foundations Allowed to Uplift During Earthquakes,UCSD-3-SS-8,195,2.1765292007304398,0.4594470865194005,2.1765292007304398,2.304422351824385,33.11589178911364,both_detrimental,both_beneficial,false
spectral_slope_only,Analytical and Experimental Development of Bridges with Foundations Allowed to Uplift During Earthquakes,UCSD-3-SS-10,196,2.1765292007304398,0.4594470865194005,2.1765292007304398,2.304422351824385,43.44439345825987,both_detrimental,both_beneficial,false
spectral_slope_only,Analytical and Experimental Development of Bridges with Foundations Allowed to Uplift During Earthquakes,UCSD-3-SS-12,197,2.1765292007304398,0.4594470865194005,2.1765292007304398,2.304422351824385,180.33915641448155,both_detrimental,both_beneficial,false
spectral_slope_only,Analytical and Experimental Development of Bridges with Foundations Allowed to Uplift During Earthquakes,UCSD-3-SS-14,198,2.1765292007304398,0.4594470865194005,2.1765292007304398,2.304422351824385,44.463879735882,both_detrimental,both_beneficial,false
spectral_slope_only,Analytical and Experimental Development of Bridges with Foundations Allowed to Uplift During Earthquakes,UCSD-3-SS-16,199,2.1765292007304398,0.4594470865194005,2.1765292007304398,2.304422351824385,45.481189484303414,both_detrimental,both_beneficial,false
spectral_slope_only,Analytical and Experimental Development of Bridges with Foundations Allowed to Uplift During Earthquakes,UCSD-3-SS-18,200,2.1765292007304398,0.4594470865194005,2.1765292007304398,2.304422351824385,55.66342839116055,both_detrimental,both_beneficial,false
flexibility_only,Analytical and Experimental Development of Bridges with Foundations Allowed to Uplift During Earthquakes,UCSD-1-AS-2,159,2.153200364879659,0.4644249630971474,2.153200364879659,2.258729061132403,17.459009838590227,both_beneficial,mixed,false
flexibility_only,Analytical and Experimental Development of Bridges with Foundations Allowed to Uplift During Earthquakes,UCSD-1-AS-4,160,2.153200364879659,0.46442496309714737,2.1532003648796585,2.258729061132403,13.53049577286729,both_beneficial,mixed,false
flexibility_only,Analytical and Experimental Development of Bridges with Foundations Allowed to Uplift During Earthquakes,UCSD-1-AS-6,161,2.153200364879659,0.4644249630971474,2.153200364879659,2.258729061132403,44.700439574901715,mixed,mixed,true
flexibility_only,Analytical and Experimental Development of Bridges with Foundations Allowed to Uplift During Earthquakes,UCSD-1-AS-8,162,2.153200364879659,0.4644249630971474,2.153200364879659,2.258729061132403,33.00705435334976,both_detrimental,mixed,false
flexibility_only,Analytical and Experimental Development of Bridges with Foundations Allowed to Uplift During Earthquakes,UCSD-1-AS-10,163,2.153200364879659,0.46442496309714737,2.1532003648796585,2.258729061132403,43.133340349342305,both_detrimental,mixed,false
flexibility_only,Analytical and Experimental Development of Bridges with Foundations Allowed to Uplift During Earthquakes,UCSD-1-AS-12,164,2.153200364879659,0.4644249630971474,2.153200364879659,2.258729061132403,164.97692003686055,both_detrimental,mixed,false
flexibility_only,Analytical and Experimental Development of Bridges with Foundations Allowed to Uplift During Earthquakes,UCSD-1-SS-2,165,2.1765292007304398,0.4594470865194005,2.1765292007304398,2.304422351824385,17.648169371202698,both_beneficial,mixed,false
flexibility_only,Analytical and Experimental Development of Bridges with Foundations Allowed to Uplift During Earthquakes,UCSD-1-SS-4,166,2.1765292007304398,0.4594470865194004,2.1765292007304393,2.304422351824385,13.677091844470013,both_beneficial,mixed,false
flexibility_only,Analytical and Experimental Development of Bridges with Foundations Allowed to Uplift During Earthquakes,UCSD-1-SS-6,167,2.1765292007304398,0.4594470865194005,2.1765292007304398,2.304422351824385,45.184746207163926,mixed,mixed,true
flexibility_only,Analytical and Experimental Development of Bridges with Foundations Allowed to Uplift During Earthquakes,UCSD-1-SS-8,168,2.1765292007304398,0.4594470865194005,2.1765292007304398,2.304422351824385,33.36466907675713,both_detrimental,mixed,false
flexibility_only,Analytical and Experimental Development of Bridges with Foundations Allowed to Uplift During Earthquakes,UCSD-1-SS-10,169,2.1765292007304398,0.4594470865194005,2.1765292007304398,2.304422351824385,43.60066825487232,both_detrimental,mixed,false
flexibility_only,Analytical and Experimental Development of Bridges with Foundations Allowed to Uplift During Earthquakes,UCSD-1-SS-12,170,2.1765292007304398,0.4594470865194004,2.1765292007304393,2.304422351824385,166.76436144244585,both_detrimental,mixed,false
flexibility_only,Analytical and Experimental Development of Bridges with Foundations Allowed to Uplift During Earthquakes,UCSD-2-AS-2,171,2.153200364879659,0.46442496309714737,2.1532003648796585,2.258729061132403,15.784681234859802,both_beneficial,mixed,false
flexibility_only,Analytical and Experimental Development of Bridges with Foundations Allowed to Uplift During Earthquakes,UCSD-2-AS-4,172,2.153200364879659,0.46442496309714737,2.1532003648796585,2.258729061132403,12.70797323348326,mixed,mixed,true
flexibility_only,Analytical and Experimental Development of Bridges with Foundations Allowed to Uplift During Earthquakes,UCSD-2-AS-6,173,2.153200364879659,0.4644249630971474,2.153200364879659,2.258729061132403,44.625938842276874,mixed,mixed,true
flexibility_only,Analytical and Experimental Development of Bridges with Foundations Allowed to Uplift During Earthquakes,UCSD-2-AS-8,174,2.153200364879659,0.4644249630971475,2.153200364879659,2.258729061132403,32.62055488785386,both_detrimental,mixed,false
flexibility_only,Analytical and Experimental Development of Bridges with Foundations Allowed to Uplift During Earthquakes,UCSD-2-AS-10,175,2.153200364879659,0.4644249630971474,2.153200364879659,2.258729061132403,42.48845684006084,both_detrimental,mixed,false
flexibility_only,Analytical and Experimental Development of Bridges with Foundations Allowed to Uplift During Earthquakes,UCSD-2-AS-12,176,2.153200364879659,0.46442496309714737,2.1532003648796585,2.258729061132403,180.17980653312986,both_detrimental,mixed,false
flexibility_only,Analytical and Experimental Development of Bridges with Foundations Allowed to Uplift During Earthquakes,UCSD-2-SS-2,177,2.1765292007304398,0.4594470865194005,2.1765292007304398,2.304422351824385,15.955700264714705,both_beneficial,mixed,false
flexibility_only,Analytical and Experimental Development of Bridges with Foundations Allowed to Uplift During Earthquakes,UCSD-2-SS-4,178,2.1765292007304398,0.4594470865194005,2.1765292007304398,2.304422351824385,12.845657689790983,both_beneficial,mixed,false
flexibility_only,Analytical and Experimental Development of Bridges with Foundations Allowed to Uplift During Earthquakes,UCSD-2-SS-6,179,2.1765292007304398,0.4594470865194005,2.1765292007304398,2.304422351824385,45.10943829681865,mixed,mixed,true
flexibility_only,Analytical and Experimental Development of Bridges with Foundations Allowed to Uplift During Earthquakes,UCSD-2-SS-8,180,2.1765292007304398,0.4594470865194005,2.1765292007304398,2.304422351824385,32.97398208522601,both_detrimental,mixed,false
flexibility_only,Analytical and Experimental Development of Bridges with Foundations Allowed to Uplift During Earthquakes,UCSD-2-SS-10,181,2.1765292007304398,0.4594470865194005,2.1765292007304398,2.304422351824385,42.948797759253544,both_detrimental,mixed,false
flexibility_only,Analytical and Experimental Development of Bridges with Foundations Allowed to Uplift During Earthquakes,UCSD-2-SS-12,182,2.1765292007304398,0.4594470865194005,2.1765292007304398,2.304422351824385,182.1319635171232,both_detrimental,mixed,false
flexibility_only,Analytical and Experimental Development of Bridges with Foundations Allowed to Uplift During Earthquakes,UCSD-3-AS-2,183,2.153200364879659,0.46442496309714737,2.1532003648796585,2.258729061132403,15.360931403051486,both_beneficial,mixed,false
flexibility_only,Analytical and Experimental Development of Bridges with Foundations Allowed to Uplift During Earthquakes,UCSD-3-AS-4,184,2.153200364879659,0.46442496309714737,2.1532003648796585,2.258729061132403,11.842386686801635,both_detrimental,mixed,false
flexibility_only,Analytical and Experimental Development of Bridges with Foundations Allowed to Uplift During Earthquakes,UCSD-3-AS-6,185,2.153200364879659,0.4644249630971474,2.153200364879659,2.258729061132403,44.66426580877174,both_detrimental,mixed,false
flexibility_only,Analytical and Experimental Development of Bridges with Foundations Allowed to Uplift During Earthquakes,UCSD-3-AS-8,186,2.153200364879659,0.4644249630971474,2.153200364879659,2.258729061132403,32.760943551644004,both_detrimental,mixed,false
flexibility_only,Analytical and Experimental Development of Bridges with Foundations Allowed to Uplift During Earthquakes,UCSD-3-AS-10,187,2.153200364879659,0.46442496309714737,2.1532003648796585,2.258729061132403,42.978740563143944,both_detrimental,mixed,false
flexibility_only,Analytical and Experimental Development of Bridges with Foundations Allowed to Uplift During Earthquakes,UCSD-3-AS-12,188,2.153200364879659,0.46442496309714737,2.1532003648796585,2.258729061132403,178.4062153925785,both_detrimental,mixed,false
flexibility_only,Analytical and Experimental Development of Bridges with Foundations Allowed to Uplift During Earthquakes,UCSD-3-AS-14,189,2.153200364879659,0.4644249630971474,2.153200364879659,2.258729061132403,43.987299614053576,both_detrimental,mixed,false
flexibility_only,Analytical and Experimental Development of Bridges with Foundations Allowed to Uplift During Earthquakes,UCSD-3-AS-16,190,2.153200364879659,0.46442496309714737,2.1532003648796585,2.258729061132403,44.99370546459833,both_detrimental,mixed,false
flexibility_only,Analytical and Experimental Development of Bridges with Foundations Allowed to Uplift During Earthquakes,UCSD-3-AS-18,191,2.153200364879659,0.4644249630971474,2.153200364879659,2.258729061132403,55.066807411578345,both_detrimental,mixed,false
flexibility_only,Analytical and Experimental Development of Bridges with Foundations Allowed to Uplift During Earthquakes,UCSD-3-SS-2,192,2.1765292007304398,0.4594470865194004,2.1765292007304393,2.304422351824385,15.527359318010957,both_beneficial,mixed,false
flexibility_only,Analytical and Experimental Development of Bridges with Foundations Allowed to Uplift During Earthquakes,UCSD-3-SS-4,193,2.1765292007304398,0.4594470865194004,2.1765292007304393,2.304422351824385,11.970692951097345,mixed,mixed,true
flexibility_only,Analytical and Experimental Development of Bridges with Foundations Allowed to Uplift During Earthquakes,UCSD-3-SS-6,194,2.1765292007304398,0.4594470865194004,2.1765292007304393,2.304422351824385,45.14818051659165,both_detrimental,mixed,false
flexibility_only,Analytical and Experimental Development of Bridges with Foundations Allowed to Uplift During Earthquakes,UCSD-3-SS-8,195,2.1765292007304398,0.4594470865194005,2.1765292007304398,2.304422351824385,33.11589178911364,both_detrimental,mixed,false
flexibility_only,Analytical and Experimental Development of Bridges with Foundations Allowed to Uplift During Earthquakes,UCSD-3-SS-10,196,2.1765292007304398,0.4594470865194005,2.1765292007304398,2.304422351824385,43.44439345825987,both_detrimental,mixed,false
flexibility_only,Analytical and Experimental Development of Bridges with Foundations Allowed to Uplift During Earthquakes,UCSD-3-SS-12,197,2.1765292007304398,0.4594470865194005,2.1765292007304398,2.304422351824385,180.33915641448155,both_detrimental,mixed,false
flexibility_only,Analytical and Experimental Development of Bridges with Foundations Allowed to Uplift During Earthquakes,UCSD-3-SS-14,198,2.1765292007304398,0.4594470865194005,2.1765292007304398,2.304422351824385,44.463879735882,both_detrimental,mixed,false
flexibility_only,Analytical and Experimental Development of Bridges with Foundations Allowed to Uplift During Earthquakes,UCSD-3-SS-16,199,2.1765292007304398,0.4594470865194005,2.1765292007304398,2.304422351824385,45.481189484303414,both_detrimental,mixed,false
flexibility_only,Analytical and Experimental Development of Bridges with Foundations Allowed to Uplift During Earthquakes,UCSD-3-SS-18,200,2.1765292007304398,0.4594470865194005,2.1765292007304398,2.304422351824385,55.66342839116055,both_detrimental,mixed,false
solver_backed_conservative,Innovative Economical Foundations with Improved Performance that is Less Sensitive to Site Conditions,LJD01-1-MD-1,16,1.2630771589230902,0.6540691153446223,1.0434782608695652,0.5115623497494525,0.5981933424659756,both_beneficial,both_beneficial,true
solver_backed_conservative,Innovative Economical Foundations with Improved Performance that is Less Sensitive to Site Conditions,LJD01-1-MD-2,17,1.2630771589230902,0.6540691153446223,1.0434782608695652,0.5115623497494525,0.5901096486488677,both_beneficial,both_beneficial,true
solver_backed_conservative,Innovative Economical Foundations with Improved Performance that is Less Sensitive to Site Conditions,LJD01-1-MD-4,19,1.2630771589230902,0.6540691153446223,1.0434782608695652,0.5115623497494525,3.5997699029308072,both_beneficial,both_beneficial,true
solver_backed_conservative,Innovative Economical Foundations with Improved Performance that is Less Sensitive to Site Conditions,LJD01-1-MD-5,20,1.2630771589230902,0.6540691153446223,1.0434782608695652,0.5115623497494525,0.9946732626519336,both_beneficial,both_beneficial,true
solver_backed_conservative,Innovative Economical Foundations with Improved Performance that is Less Sensitive to Site Conditions,LJD01-1-MD-6,21,1.2630771589230902,0.6540691153446224,1.0434782608695654,0.5115623497494525,0.9791374135971794,both_beneficial,both_beneficial,true
solver_backed_conservative,Innovative Economical Foundations with Improved Performance that is Less Sensitive to Site Conditions,LJD01-1-MD-7,22,1.2630771589230902,0.6540691153446222,1.043478260869565,0.5115623497494525,14.031524158476609,both_beneficial,both_beneficial,true
solver_backed_conservative,Innovative Economical Foundations with Improved Performance that is Less Sensitive to Site Conditions,LJD01-1-MD-8,23,1.2630771589230902,0.6540691153446223,1.0434782608695652,0.5115623497494525,28.3146532870107,mixed,mixed,true
solver_backed_conservative,Innovative Economical Foundations with Improved Performance that is Less Sensitive to Site Conditions,LJD01-1-MD-9,24,1.2630771589230902,0.6540691153446223,1.0434782608695652,0.5115623497494525,61.090495099337744,mixed,mixed,true
solver_backed_conservative,Innovative Economical Foundations with Improved Performance that is Less Sensitive to Site Conditions,LJD01-1-SD-1,25,1.1292713855488725,0.8182514021588462,1.0434782608695656,0.3661129831211356,0.534822928195946,both_beneficial,both_beneficial,true
solver_backed_conservative,Innovative Economical Foundations with Improved Performance that is Less Sensitive to Site Conditions,LJD01-1-SD-2,26,1.1292713855488725,0.8182514021588462,1.0434782608695656,0.3661129831211356,0.5275955913284333,both_beneficial,both_beneficial,true
solver_backed_conservative,Innovative Economical Foundations with Improved Performance that is Less Sensitive to Site Conditions,LJD01-1-SD-5,29,1.1292713855488725,0.8182514021588461,1.0434782608695654,0.3661129831211356,0.8893012161197371,both_beneficial,both_beneficial,true
solver_backed_conservative,Innovative Economical Foundations with Improved Performance that is Less Sensitive to Site Conditions,LJD01-1-SD-6,30,1.1292713855488725,0.8182514021588461,1.0434782608695654,0.3661129831211356,0.8754111780774858,both_beneficial,both_beneficial,true
solver_backed_conservative,Innovative Economical Foundations with Improved Performance that is Less Sensitive to Site Conditions,LJD01-1-SD-8,32,1.1292713855488725,0.818251402158846,1.0434782608695652,0.3661129831211356,25.315102504126187,mixed,mixed,true
solver_backed_conservative,Innovative Economical Foundations with Improved Performance that is Less Sensitive to Site Conditions,LJD01-1-SD-9,33,1.1292713855488725,0.8182514021588461,1.0434782608695654,0.3661129831211356,54.61879154201098,mixed,mixed,true
solver_backed_conservative,Innovative Economical Foundations with Improved Performance that is Less Sensitive to Site Conditions,LJD01-3-MD-3,34,1.2630771589230902,0.6540691153446224,1.0434782608695654,0.5115623497494525,0.9753481821204103,both_beneficial,both_beneficial,true
solver_backed_conservative,Innovative Economical Foundations with Improved Performance that is Less Sensitive to Site Conditions,LJD01-3-MD-4,35,1.2630771589230902,0.6540691153446223,1.0434782608695652,0.5115623497494525,3.7683907036470394,both_beneficial,both_beneficial,true
solver_backed_conservative,Innovative Economical Foundations with Improved Performance that is Less Sensitive to Site Conditions,LJD01-3-MD-5,36,1.2630771589230902,0.6540691153446222,1.043478260869565,0.5115623497494525,16.363290901564525,both_beneficial,both_beneficial,true
solver_backed_conservative,Innovative Economical Foundations with Improved Performance that is Less Sensitive to Site Conditions,LJD01-3-MD-6,37,1.2630771589230902,0.6540691153446223,1.0434782608695652,0.5115623497494525,29.09927681813372,mixed,mixed,true
solver_backed_conservative,Innovative Economical Foundations with Improved Performance that is Less Sensitive to Site Conditions,LJD01-3-MD-7,38,1.2630771589230902,0.6540691153446222,1.043478260869565,0.5115623497494525,59.76224315901424,mixed,mixed,true
solver_backed_conservative,Innovative Economical Foundations with Improved Performance that is Less Sensitive to Site Conditions,LJD01-3-SD-3,39,1.1292713855488725,0.8182514021588462,1.0434782608695656,0.3661129831211356,0.8720233639208393,both_beneficial,both_beneficial,true
solver_backed_conservative,Innovative Economical Foundations with Improved Performance that is Less Sensitive to Site Conditions,LJD01-3-SD-4,40,1.1292713855488725,0.8182514021588461,1.0434782608695654,0.3661129831211356,3.3691811787850607,both_beneficial,both_beneficial,true
solver_backed_conservative,Innovative Economical Foundations with Improved Performance that is Less Sensitive to Site Conditions,LJD01-3-SD-5,41,1.1292713855488725,0.8182514021588461,1.0434782608695654,0.3661129831211356,14.629823726924196,both_beneficial,both_beneficial,true
solver_backed_conservative,Innovative Economical Foundations with Improved Performance that is Less Sensitive to Site Conditions,LJD01-3-SD-6,42,1.1292713855488725,0.8182514021588461,1.0434782608695654,0.3661129831211356,26.016605888829144,mixed,mixed,true
solver_backed_conservative,Innovative Economical Foundations with Improved Performance that is Less Sensitive to Site Conditions,LJD01-3-SD-7,43,1.1292713855488725,0.818251402158846,1.0434782608695652,0.3661129831211356,53.4312497529678,mixed,mixed,true
solver_backed_conservative,Innovative Economical Foundations with Improved Performance that is Less Sensitive to Site Conditions,LJD03-1-SF-2,44,1.0878890452674759,0.9192113886523537,1.0878890452674757,0.22682853597754943,1.0308836592954602,both_beneficial,both_beneficial,true
solver_backed_conservative,Innovative Economical Foundations with Improved Performance that is Less Sensitive to Site Conditions,LJD03-1-SF-3,45,1.0878890452674759,0.919211388652354,1.0878890452674759,0.22682853597754943,3.279006371340699,both_beneficial,both_beneficial,true
solver_backed_conservative,Innovative Economical Foundations with Improved Performance that is Less Sensitive to Site Conditions,LJD03-1-SF-4,46,1.0878890452674759,0.9192113886523539,1.0878890452674759,0.22682853597754943,0.30188921006172453,both_beneficial,both_beneficial,true
solver_backed_conservative,Innovative Economical Foundations with Improved Performance that is Less Sensitive to Site Conditions,LJD03-1-SF-5,47,1.0878890452674759,0.9192113886523539,1.0878890452674759,0.22682853597754943,0.4944455710740677,both_beneficial,both_beneficial,true
solver_backed_conservative,Innovative Economical Foundations with Improved Performance that is Less Sensitive to Site Conditions,LJD03-1-SF-7,48,1.0878890452674759,0.9192113886523537,1.0878890452674757,0.22682853597754943,0.9154586315925811,both_beneficial,both_beneficial,true
solver_backed_conservative,Innovative Economical Foundations with Improved Performance that is Less Sensitive to Site Conditions,LJD03-1-SF-8,49,1.0878890452674759,0.9192113886523539,1.0878890452674759,0.22682853597754943,21.01344722057751,mixed,mixed,true
solver_backed_conservative,Innovative Economical Foundations with Improved Performance that is Less Sensitive to Site Conditions,LJD03-1-SF-9,50,1.0878890452674759,0.9192113886523539,1.0878890452674759,0.22682853597754943,6.996214450115137,mixed,both_beneficial,false
solver_backed_conservative,Innovative Economical Foundations with Improved Performance that is Less Sensitive to Site Conditions,LJD03-1-SF-11,51,1.0878890452674759,0.9192113886523539,1.0878890452674759,0.22682853597754943,42.203567622106455,mixed,mixed,true
solver_backed_conservative,Innovative Economical Foundations with Improved Performance that is Less Sensitive to Site Conditions,LJD03-1-SF-12,52,1.0878890452674759,0.9192113886523539,1.0878890452674759,0.22682853597754943,76.56954740648791,mixed,mixed,true
solver_backed_conservative,Innovative Economical Foundations with Improved Performance that is Less Sensitive to Site Conditions,LJD03-1-SF-13,53,1.0878890452674759,0.9192113886523537,1.0878890452674757,0.22682853597754943,9.566461108464075,mixed,both_beneficial,false
solver_backed_conservative,Innovative Economical Foundations with Improved Performance that is Less Sensitive to Site Conditions,LJD03-1-SF-14,54,1.0878890452674759,0.9192113886523539,1.0878890452674759,0.22682853597754943,23.678449014769246,mixed,mixed,true
solver_backed_conservative,Innovative Economical Foundations with Improved Performance that is Less Sensitive to Site Conditions,LJD03-1-SF-15,55,1.0878890452674759,0.9192113886523539,1.0878890452674759,0.22682853597754943,17.320281489703483,mixed,mixed,true
solver_backed_conservative,Innovative Economical Foundations with Improved Performance that is Less Sensitive to Site Conditions,LJD03-1-SF-16,56,1.0878890452674759,0.919211388652354,1.0878890452674759,0.22682853597754943,31.702392245948563,both_detrimental,mixed,false
solver_backed_conservative,Innovative Economical Foundations with Improved Performance that is Less Sensitive to Site Conditions,LJD03-1-SF-17,57,1.0878890452674759,0.919211388652354,1.0878890452674759,0.22682853597754943,31.444127386602073,both_detrimental,mixed,false
solver_backed_conservative,Innovative Economical Foundations with Improved Performance that is Less Sensitive to Site Conditions,LJD03-1-SF-18,58,1.0878890452674759,0.9192113886523539,1.0878890452674759,0.22682853597754943,30.724706360966685,both_detrimental,mixed,false
solver_backed_conservative,Innovative Economical Foundations with Improved Performance that is Less Sensitive to Site Conditions,LJD03-1-SF-19,59,1.0878890452674759,0.9192113886523539,1.0878890452674759,0.22682853597754943,30.312613990619372,both_detrimental,mixed,false
solver_backed_conservative,Innovative Economical Foundations with Improved Performance that is Less Sensitive to Site Conditions,LJD03-1-SF-20,60,1.0878890452674759,0.9192113886523539,1.0878890452674759,0.22682853597754943,9.00837402824186,mixed,both_beneficial,false
solver_backed_conservative,Innovative Economical Foundations with Improved Performance that is Less Sensitive to Site Conditions,LJD03-1-ISF-2,61,,,,,,both_beneficial,both_beneficial,true
solver_backed_conservative,Innovative Economical Foundations with Improved Performance that is Less Sensitive to Site Conditions,LJD03-1-ISF-3,62,,,,,,both_beneficial,both_beneficial,true
solver_backed_conservative,Innovative Economical Foundations with Improved Performance that is Less Sensitive to Site Conditions,LJD03-1-ISF-4,63,,,,,,both_beneficial,both_beneficial,true
solver_backed_conservative,Innovative Economical Foundations with Improved Performance that is Less Sensitive to Site Conditions,LJD03-1-ISF-5,64,,,,,,both_beneficial,both_beneficial,true
solver_backed_conservative,Innovative Economical Foundations with Improved Performance that is Less Sensitive to Site Conditions,LJD03-1-ISF-7,65,,,,,,both_beneficial,both_beneficial,true
solver_backed_conservative,Innovative Economical Foundations with Improved Performance that is Less Sensitive to Site Conditions,LJD03-1-ISF-8,66,,,,,,mixed,mixed,true
solver_backed_conservative,Innovative Economical Foundations with Improved Performance that is Less Sensitive to Site Conditions,LJD03-1-ISF-9,67,,,,,,mixed,both_beneficial,false
solver_backed_conservative,Innovative Economical Foundations with Improved Performance that is Less Sensitive to Site Conditions,LJD03-1-ISF-11,68,,,,,,both_detrimental,mixed,false
solver_backed_conservative,Innovative Economical Foundations with Improved Performance that is Less Sensitive to Site Conditions,LJD03-1-ISF-12,69,,,,,,both_detrimental,mixed,false
solver_backed_conservative,Innovative Economical Foundations with Improved Performance that is Less Sensitive to Site Conditions,LJD03-1-ISF-13,70,,,,,,both_detrimental,mixed,false
solver_backed_conservative,Innovative Economical Foundations with Improved Performance that is Less Sensitive to Site Conditions,LJD03-1-ISF-14,71,,,,,,both_detrimental,mixed,false
solver_backed_conservative,Innovative Economical Foundations with Improved Performance that is Less Sensitive to Site Conditions,LJD03-1-ISF-15,72,,,,,,both_detrimental,mixed,false
solver_backed_conservative,Innovative Economical Foundations with Improved Performance that is Less Sensitive to Site Conditions,LJD03-1-ISF-16,73,,,,,,both_detrimental,mixed,false
solver_backed_conservative,Innovative Economical Foundations with Improved Performance that is Less Sensitive to Site Conditions,LJD03-1-ISF-17,74,,,,,,both_detrimental,mixed,false
solver_backed_conservative,Innovative Economical Foundations with Improved Performance that is Less Sensitive to Site Conditions,LJD03-1-ISF-18,75,,,,,,both_detrimental,mixed,false
solver_backed_conservative,Innovative Economical Foundations with Improved Performance that is Less Sensitive to Site Conditions,LJD03-1-ISF-19,76,,,,,,both_detrimental,mixed,false
solver_backed_conservative,Innovative Economical Foundations with Improved Performance that is Less Sensitive to Site Conditions,LJD03-1-ISF-20,77,,,,,,both_detrimental,mixed,false
solver_raw_class,Innovative Economical Foundations with Improved Performance that is Less Sensitive to Site Conditions,LJD01-1-MD-1,16,1.2630771589230902,0.6540691153446223,1.0434782608695652,0.5115623497494525,0.5981933424659756,both_beneficial,mixed,false
solver_raw_class,Innovative Economical Foundations with Improved Performance that is Less Sensitive to Site Conditions,LJD01-1-MD-2,17,1.2630771589230902,0.6540691153446223,1.0434782608695652,0.5115623497494525,0.5901096486488677,both_beneficial,mixed,false
solver_raw_class,Innovative Economical Foundations with Improved Performance that is Less Sensitive to Site Conditions,LJD01-1-MD-4,19,1.2630771589230902,0.6540691153446223,1.0434782608695652,0.5115623497494525,3.5997699029308072,both_beneficial,mixed,false
solver_raw_class,Innovative Economical Foundations with Improved Performance that is Less Sensitive to Site Conditions,LJD01-1-MD-5,20,1.2630771589230902,0.6540691153446223,1.0434782608695652,0.5115623497494525,0.9946732626519336,both_beneficial,mixed,false
solver_raw_class,Innovative Economical Foundations with Improved Performance that is Less Sensitive to Site Conditions,LJD01-1-MD-6,21,1.2630771589230902,0.6540691153446224,1.0434782608695654,0.5115623497494525,0.9791374135971794,both_beneficial,mixed,false
solver_raw_class,Innovative Economical Foundations with Improved Performance that is Less Sensitive to Site Conditions,LJD01-1-MD-7,22,1.2630771589230902,0.6540691153446222,1.043478260869565,0.5115623497494525,14.031524158476609,both_beneficial,mixed,false
solver_raw_class,Innovative Economical Foundations with Improved Performance that is Less Sensitive to Site Conditions,LJD01-1-MD-8,23,1.2630771589230902,0.6540691153446223,1.0434782608695652,0.5115623497494525,28.3146532870107,mixed,mixed,true
solver_raw_class,Innovative Economical Foundations with Improved Performance that is Less Sensitive to Site Conditions,LJD01-1-MD-9,24,1.2630771589230902,0.6540691153446223,1.0434782608695652,0.5115623497494525,61.090495099337744,mixed,mixed,true
solver_raw_class,Innovative Economical Foundations with Improved Performance that is Less Sensitive to Site Conditions,LJD01-1-SD-1,25,1.1292713855488725,0.8182514021588462,1.0434782608695656,0.3661129831211356,0.534822928195946,both_beneficial,mixed,false
solver_raw_class,Innovative Economical Foundations with Improved Performance that is Less Sensitive to Site Conditions,LJD01-1-SD-2,26,1.1292713855488725,0.8182514021588462,1.0434782608695656,0.3661129831211356,0.5275955913284333,both_beneficial,mixed,false
solver_raw_class,Innovative Economical Foundations with Improved Performance that is Less Sensitive to Site Conditions,LJD01-1-SD-5,29,1.1292713855488725,0.8182514021588461,1.0434782608695654,0.3661129831211356,0.8893012161197371,both_beneficial,mixed,false
solver_raw_class,Innovative Economical Foundations with Improved Performance that is Less Sensitive to Site Conditions,LJD01-1-SD-6,30,1.1292713855488725,0.8182514021588461,1.0434782608695654,0.3661129831211356,0.8754111780774858,both_beneficial,mixed,false
solver_raw_class,Innovative Economical Foundations with Improved Performance that is Less Sensitive to Site Conditions,LJD01-1-SD-8,32,1.1292713855488725,0.818251402158846,1.0434782608695652,0.3661129831211356,25.315102504126187,mixed,mixed,true
solver_raw_class,Innovative Economical Foundations with Improved Performance that is Less Sensitive to Site Conditions,LJD01-1-SD-9,33,1.1292713855488725,0.8182514021588461,1.0434782608695654,0.3661129831211356,54.61879154201098,mixed,mixed,true
solver_raw_class,Innovative Economical Foundations with Improved Performance that is Less Sensitive to Site Conditions,LJD01-3-MD-3,34,1.2630771589230902,0.6540691153446224,1.0434782608695654,0.5115623497494525,0.9753481821204103,both_beneficial,mixed,false
solver_raw_class,Innovative Economical Foundations with Improved Performance that is Less Sensitive to Site Conditions,LJD01-3-MD-4,35,1.2630771589230902,0.6540691153446223,1.0434782608695652,0.5115623497494525,3.7683907036470394,both_beneficial,mixed,false
solver_raw_class,Innovative Economical Foundations with Improved Performance that is Less Sensitive to Site Conditions,LJD01-3-MD-5,36,1.2630771589230902,0.6540691153446222,1.043478260869565,0.5115623497494525,16.363290901564525,both_beneficial,mixed,false
solver_raw_class,Innovative Economical Foundations with Improved Performance that is Less Sensitive to Site Conditions,LJD01-3-MD-6,37,1.2630771589230902,0.6540691153446223,1.0434782608695652,0.5115623497494525,29.09927681813372,mixed,mixed,true
solver_raw_class,Innovative Economical Foundations with Improved Performance that is Less Sensitive to Site Conditions,LJD01-3-MD-7,38,1.2630771589230902,0.6540691153446222,1.043478260869565,0.5115623497494525,59.76224315901424,mixed,mixed,true
solver_raw_class,Innovative Economical Foundations with Improved Performance that is Less Sensitive to Site Conditions,LJD01-3-SD-3,39,1.1292713855488725,0.8182514021588462,1.0434782608695656,0.3661129831211356,0.8720233639208393,both_beneficial,mixed,false
solver_raw_class,Innovative Economical Foundations with Improved Performance that is Less Sensitive to Site Conditions,LJD01-3-SD-4,40,1.1292713855488725,0.8182514021588461,1.0434782608695654,0.3661129831211356,3.3691811787850607,both_beneficial,mixed,false
solver_raw_class,Innovative Economical Foundations with Improved Performance that is Less Sensitive to Site Conditions,LJD01-3-SD-5,41,1.1292713855488725,0.8182514021588461,1.0434782608695654,0.3661129831211356,14.629823726924196,both_beneficial,mixed,false
solver_raw_class,Innovative Economical Foundations with Improved Performance that is Less Sensitive to Site Conditions,LJD01-3-SD-6,42,1.1292713855488725,0.8182514021588461,1.0434782608695654,0.3661129831211356,26.016605888829144,mixed,mixed,true
solver_raw_class,Innovative Economical Foundations with Improved Performance that is Less Sensitive to Site Conditions,LJD01-3-SD-7,43,1.1292713855488725,0.818251402158846,1.0434782608695652,0.3661129831211356,53.4312497529678,mixed,mixed,true
solver_raw_class,Innovative Economical Foundations with Improved Performance that is Less Sensitive to Site Conditions,LJD03-1-SF-2,44,1.0878890452674759,0.9192113886523537,1.0878890452674757,0.22682853597754943,1.0308836592954602,both_beneficial,mixed,false
solver_raw_class,Innovative Economical Foundations with Improved Performance that is Less Sensitive to Site Conditions,LJD03-1-SF-3,45,1.0878890452674759,0.919211388652354,1.0878890452674759,0.22682853597754943,3.279006371340699,both_beneficial,mixed,false
solver_raw_class,Innovative Economical Foundations with Improved Performance that is Less Sensitive to Site Conditions,LJD03-1-SF-4,46,1.0878890452674759,0.9192113886523539,1.0878890452674759,0.22682853597754943,0.30188921006172453,both_beneficial,mixed,false
solver_raw_class,Innovative Economical Foundations with Improved Performance that is Less Sensitive to Site Conditions,LJD03-1-SF-5,47,1.0878890452674759,0.9192113886523539,1.0878890452674759,0.22682853597754943,0.4944455710740677,both_beneficial,mixed,false
solver_raw_class,Innovative Economical Foundations with Improved Performance that is Less Sensitive to Site Conditions,LJD03-1-SF-7,48,1.0878890452674759,0.9192113886523537,1.0878890452674757,0.22682853597754943,0.9154586315925811,both_beneficial,mixed,false
solver_raw_class,Innovative Economical Foundations with Improved Performance that is Less Sensitive to Site Conditions,LJD03-1-SF-8,49,1.0878890452674759,0.9192113886523539,1.0878890452674759,0.22682853597754943,21.01344722057751,mixed,mixed,true
solver_raw_class,Innovative Economical Foundations with Improved Performance that is Less Sensitive to Site Conditions,LJD03-1-SF-9,50,1.0878890452674759,0.9192113886523539,1.0878890452674759,0.22682853597754943,6.996214450115137,mixed,mixed,true
solver_raw_class,Innovative Economical Foundations with Improved Performance that is Less Sensitive to Site Conditions,LJD03-1-SF-11,51,1.0878890452674759,0.9192113886523539,1.0878890452674759,0.22682853597754943,42.203567622106455,mixed,mixed,true
solver_raw_class,Innovative Economical Foundations with Improved Performance that is Less Sensitive to Site Conditions,LJD03-1-SF-12,52,1.0878890452674759,0.9192113886523539,1.0878890452674759,0.22682853597754943,76.56954740648791,mixed,mixed,true
solver_raw_class,Innovative Economical Foundations with Improved Performance that is Less Sensitive to Site Conditions,LJD03-1-SF-13,53,1.0878890452674759,0.9192113886523537,1.0878890452674757,0.22682853597754943,9.566461108464075,mixed,mixed,true
solver_raw_class,Innovative Economical Foundations with Improved Performance that is Less Sensitive to Site Conditions,LJD03-1-SF-14,54,1.0878890452674759,0.9192113886523539,1.0878890452674759,0.22682853597754943,23.678449014769246,mixed,mixed,true
solver_raw_class,Innovative Economical Foundations with Improved Performance that is Less Sensitive to Site Conditions,LJD03-1-SF-15,55,1.0878890452674759,0.9192113886523539,1.0878890452674759,0.22682853597754943,17.320281489703483,mixed,mixed,true
solver_raw_class,Innovative Economical Foundations with Improved Performance that is Less Sensitive to Site Conditions,LJD03-1-SF-16,56,1.0878890452674759,0.919211388652354,1.0878890452674759,0.22682853597754943,31.702392245948563,both_detrimental,mixed,false
solver_raw_class,Innovative Economical Foundations with Improved Performance that is Less Sensitive to Site Conditions,LJD03-1-SF-17,57,1.0878890452674759,0.919211388652354,1.0878890452674759,0.22682853597754943,31.444127386602073,both_detrimental,mixed,false
solver_raw_class,Innovative Economical Foundations with Improved Performance that is Less Sensitive to Site Conditions,LJD03-1-SF-18,58,1.0878890452674759,0.9192113886523539,1.0878890452674759,0.22682853597754943,30.724706360966685,both_detrimental,mixed,false
solver_raw_class,Innovative Economical Foundations with Improved Performance that is Less Sensitive to Site Conditions,LJD03-1-SF-19,59,1.0878890452674759,0.9192113886523539,1.0878890452674759,0.22682853597754943,30.312613990619372,both_detrimental,mixed,false
solver_raw_class,Innovative Economical Foundations with Improved Performance that is Less Sensitive to Site Conditions,LJD03-1-SF-20,60,1.0878890452674759,0.9192113886523539,1.0878890452674759,0.22682853597754943,9.00837402824186,mixed,mixed,true
solver_raw_class,Innovative Economical Foundations with Improved Performance that is Less Sensitive to Site Conditions,LJD03-1-ISF-2,61,,,,,,both_beneficial,mixed,false
solver_raw_class,Innovative Economical Foundations with Improved Performance that is Less Sensitive to Site Conditions,LJD03-1-ISF-3,62,,,,,,both_beneficial,mixed,false
solver_raw_class,Innovative Economical Foundations with Improved Performance that is Less Sensitive to Site Conditions,LJD03-1-ISF-4,63,,,,,,both_beneficial,mixed,false
solver_raw_class,Innovative Economical Foundations with Improved Performance that is Less Sensitive to Site Conditions,LJD03-1-ISF-5,64,,,,,,both_beneficial,mixed,false
solver_raw_class,Innovative Economical Foundations with Improved Performance that is Less Sensitive to Site Conditions,LJD03-1-ISF-7,65,,,,,,both_beneficial,mixed,false
solver_raw_class,Innovative Economical Foundations with Improved Performance that is Less Sensitive to Site Conditions,LJD03-1-ISF-8,66,,,,,,mixed,mixed,true
solver_raw_class,Innovative Economical Foundations with Improved Performance that is Less Sensitive to Site Conditions,LJD03-1-ISF-9,67,,,,,,mixed,mixed,true
solver_raw_class,Innovative Economical Foundations with Improved Performance that is Less Sensitive to Site Conditions,LJD03-1-ISF-11,68,,,,,,both_detrimental,mixed,false
solver_raw_class,Innovative Economical Foundations with Improved Performance that is Less Sensitive to Site Conditions,LJD03-1-ISF-12,69,,,,,,both_detrimental,mixed,false
solver_raw_class,Innovative Economical Foundations with Improved Performance that is Less Sensitive to Site Conditions,LJD03-1-ISF-13,70,,,,,,both_detrimental,mixed,false
solver_raw_class,Innovative Economical Foundations with Improved Performance that is Less Sensitive to Site Conditions,LJD03-1-ISF-14,71,,,,,,both_detrimental,mixed,false
solver_raw_class,Innovative Economical Foundations with Improved Performance that is Less Sensitive to Site Conditions,LJD03-1-ISF-15,72,,,,,,both_detrimental,mixed,false
solver_raw_class,Innovative Economical Foundations with Improved Performance that is Less Sensitive to Site Conditions,LJD03-1-ISF-16,73,,,,,,both_detrimental,mixed,false
solver_raw_class,Innovative Economical Foundations with Improved Performance that is Less Sensitive to Site Conditions,LJD03-1-ISF-17,74,,,,,,both_detrimental,mixed,false
solver_raw_class,Innovative Economical Foundations with Improved Performance that is Less Sensitive to Site Conditions,LJD03-1-ISF-18,75,,,,,,both_detrimental,mixed,false
solver_raw_class,Innovative Economical Foundations with Improved Performance that is Less Sensitive to Site Conditions,LJD03-1-ISF-19,76,,,,,,both_detrimental,mixed,false
solver_raw_class,Innovative Economical Foundations with Improved Performance that is Less Sensitive to Site Conditions,LJD03-1-ISF-20,77,,,,,,both_detrimental,mixed,false
majority_class,Innovative Economical Foundations with Improved Performance that is Less Sensitive to Site Conditions,LJD01-1-MD-1,16,1.2630771589230902,0.6540691153446223,1.0434782608695652,0.5115623497494525,0.5981933424659756,both_beneficial,mixed,false
majority_class,Innovative Economical Foundations with Improved Performance that is Less Sensitive to Site Conditions,LJD01-1-MD-2,17,1.2630771589230902,0.6540691153446223,1.0434782608695652,0.5115623497494525,0.5901096486488677,both_beneficial,mixed,false
majority_class,Innovative Economical Foundations with Improved Performance that is Less Sensitive to Site Conditions,LJD01-1-MD-4,19,1.2630771589230902,0.6540691153446223,1.0434782608695652,0.5115623497494525,3.5997699029308072,both_beneficial,mixed,false
majority_class,Innovative Economical Foundations with Improved Performance that is Less Sensitive to Site Conditions,LJD01-1-MD-5,20,1.2630771589230902,0.6540691153446223,1.0434782608695652,0.5115623497494525,0.9946732626519336,both_beneficial,mixed,false
majority_class,Innovative Economical Foundations with Improved Performance that is Less Sensitive to Site Conditions,LJD01-1-MD-6,21,1.2630771589230902,0.6540691153446224,1.0434782608695654,0.5115623497494525,0.9791374135971794,both_beneficial,mixed,false
majority_class,Innovative Economical Foundations with Improved Performance that is Less Sensitive to Site Conditions,LJD01-1-MD-7,22,1.2630771589230902,0.6540691153446222,1.043478260869565,0.5115623497494525,14.031524158476609,both_beneficial,mixed,false
majority_class,Innovative Economical Foundations with Improved Performance that is Less Sensitive to Site Conditions,LJD01-1-MD-8,23,1.2630771589230902,0.6540691153446223,1.0434782608695652,0.5115623497494525,28.3146532870107,mixed,mixed,true
majority_class,Innovative Economical Foundations with Improved Performance that is Less Sensitive to Site Conditions,LJD01-1-MD-9,24,1.2630771589230902,0.6540691153446223,1.0434782608695652,0.5115623497494525,61.090495099337744,mixed,mixed,true
majority_class,Innovative Economical Foundations with Improved Performance that is Less Sensitive to Site Conditions,LJD01-1-SD-1,25,1.1292713855488725,0.8182514021588462,1.0434782608695656,0.3661129831211356,0.534822928195946,both_beneficial,mixed,false
majority_class,Innovative Economical Foundations with Improved Performance that is Less Sensitive to Site Conditions,LJD01-1-SD-2,26,1.1292713855488725,0.8182514021588462,1.0434782608695656,0.3661129831211356,0.5275955913284333,both_beneficial,mixed,false
majority_class,Innovative Economical Foundations with Improved Performance that is Less Sensitive to Site Conditions,LJD01-1-SD-5,29,1.1292713855488725,0.8182514021588461,1.0434782608695654,0.3661129831211356,0.8893012161197371,both_beneficial,mixed,false
majority_class,Innovative Economical Foundations with Improved Performance that is Less Sensitive to Site Conditions,LJD01-1-SD-6,30,1.1292713855488725,0.8182514021588461,1.0434782608695654,0.3661129831211356,0.8754111780774858,both_beneficial,mixed,false
majority_class,Innovative Economical Foundations with Improved Performance that is Less Sensitive to Site Conditions,LJD01-1-SD-8,32,1.1292713855488725,0.818251402158846,1.0434782608695652,0.3661129831211356,25.315102504126187,mixed,mixed,true
majority_class,Innovative Economical Foundations with Improved Performance that is Less Sensitive to Site Conditions,LJD01-1-SD-9,33,1.1292713855488725,0.8182514021588461,1.0434782608695654,0.3661129831211356,54.61879154201098,mixed,mixed,true
majority_class,Innovative Economical Foundations with Improved Performance that is Less Sensitive to Site Conditions,LJD01-3-MD-3,34,1.2630771589230902,0.6540691153446224,1.0434782608695654,0.5115623497494525,0.9753481821204103,both_beneficial,mixed,false
majority_class,Innovative Economical Foundations with Improved Performance that is Less Sensitive to Site Conditions,LJD01-3-MD-4,35,1.2630771589230902,0.6540691153446223,1.0434782608695652,0.5115623497494525,3.7683907036470394,both_beneficial,mixed,false
majority_class,Innovative Economical Foundations with Improved Performance that is Less Sensitive to Site Conditions,LJD01-3-MD-5,36,1.2630771589230902,0.6540691153446222,1.043478260869565,0.5115623497494525,16.363290901564525,both_beneficial,mixed,false
majority_class,Innovative Economical Foundations with Improved Performance that is Less Sensitive to Site Conditions,LJD01-3-MD-6,37,1.2630771589230902,0.6540691153446223,1.0434782608695652,0.5115623497494525,29.09927681813372,mixed,mixed,true
majority_class,Innovative Economical Foundations with Improved Performance that is Less Sensitive to Site Conditions,LJD01-3-MD-7,38,1.2630771589230902,0.6540691153446222,1.043478260869565,0.5115623497494525,59.76224315901424,mixed,mixed,true
majority_class,Innovative Economical Foundations with Improved Performance that is Less Sensitive to Site Conditions,LJD01-3-SD-3,39,1.1292713855488725,0.8182514021588462,1.0434782608695656,0.3661129831211356,0.8720233639208393,both_beneficial,mixed,false
majority_class,Innovative Economical Foundations with Improved Performance that is Less Sensitive to Site Conditions,LJD01-3-SD-4,40,1.1292713855488725,0.8182514021588461,1.0434782608695654,0.3661129831211356,3.3691811787850607,both_beneficial,mixed,false
majority_class,Innovative Economical Foundations with Improved Performance that is Less Sensitive to Site Conditions,LJD01-3-SD-5,41,1.1292713855488725,0.8182514021588461,1.0434782608695654,0.3661129831211356,14.629823726924196,both_beneficial,mixed,false
majority_class,Innovative Economical Foundations with Improved Performance that is Less Sensitive to Site Conditions,LJD01-3-SD-6,42,1.1292713855488725,0.8182514021588461,1.0434782608695654,0.3661129831211356,26.016605888829144,mixed,mixed,true
majority_class,Innovative Economical Foundations with Improved Performance that is Less Sensitive to Site Conditions,LJD01-3-SD-7,43,1.1292713855488725,0.818251402158846,1.0434782608695652,0.3661129831211356,53.4312497529678,mixed,mixed,true
majority_class,Innovative Economical Foundations with Improved Performance that is Less Sensitive to Site Conditions,LJD03-1-SF-2,44,1.0878890452674759,0.9192113886523537,1.0878890452674757,0.22682853597754943,1.0308836592954602,both_beneficial,mixed,false
majority_class,Innovative Economical Foundations with Improved Performance that is Less Sensitive to Site Conditions,LJD03-1-SF-3,45,1.0878890452674759,0.919211388652354,1.0878890452674759,0.22682853597754943,3.279006371340699,both_beneficial,mixed,false
majority_class,Innovative Economical Foundations with Improved Performance that is Less Sensitive to Site Conditions,LJD03-1-SF-4,46,1.0878890452674759,0.9192113886523539,1.0878890452674759,0.22682853597754943,0.30188921006172453,both_beneficial,mixed,false
majority_class,Innovative Economical Foundations with Improved Performance that is Less Sensitive to Site Conditions,LJD03-1-SF-5,47,1.0878890452674759,0.9192113886523539,1.0878890452674759,0.22682853597754943,0.4944455710740677,both_beneficial,mixed,false
majority_class,Innovative Economical Foundations with Improved Performance that is Less Sensitive to Site Conditions,LJD03-1-SF-7,48,1.0878890452674759,0.9192113886523537,1.0878890452674757,0.22682853597754943,0.9154586315925811,both_beneficial,mixed,false
majority_class,Innovative Economical Foundations with Improved Performance that is Less Sensitive to Site Conditions,LJD03-1-SF-8,49,1.0878890452674759,0.9192113886523539,1.0878890452674759,0.22682853597754943,21.01344722057751,mixed,mixed,true
majority_class,Innovative Economical Foundations with Improved Performance that is Less Sensitive to Site Conditions,LJD03-1-SF-9,50,1.0878890452674759,0.9192113886523539,1.0878890452674759,0.22682853597754943,6.996214450115137,mixed,mixed,true
majority_class,Innovative Economical Foundations with Improved Performance that is Less Sensitive to Site Conditions,LJD03-1-SF-11,51,1.0878890452674759,0.9192113886523539,1.0878890452674759,0.22682853597754943,42.203567622106455,mixed,mixed,true
majority_class,Innovative Economical Foundations with Improved Performance that is Less Sensitive to Site Conditions,LJD03-1-SF-12,52,1.0878890452674759,0.9192113886523539,1.0878890452674759,0.22682853597754943,76.56954740648791,mixed,mixed,true
majority_class,Innovative Economical Foundations with Improved Performance that is Less Sensitive to Site Conditions,LJD03-1-SF-13,53,1.0878890452674759,0.9192113886523537,1.0878890452674757,0.22682853597754943,9.566461108464075,mixed,mixed,true
majority_class,Innovative Economical Foundations with Improved Performance that is Less Sensitive to Site Conditions,LJD03-1-SF-14,54,1.0878890452674759,0.9192113886523539,1.0878890452674759,0.22682853597754943,23.678449014769246,mixed,mixed,true
majority_class,Innovative Economical Foundations with Improved Performance that is Less Sensitive to Site Conditions,LJD03-1-SF-15,55,1.0878890452674759,0.9192113886523539,1.0878890452674759,0.22682853597754943,17.320281489703483,mixed,mixed,true
majority_class,Innovative Economical Foundations with Improved Performance that is Less Sensitive to Site Conditions,LJD03-1-SF-16,56,1.0878890452674759,0.919211388652354,1.0878890452674759,0.22682853597754943,31.702392245948563,both_detrimental,mixed,false
majority_class,Innovative Economical Foundations with Improved Performance that is Less Sensitive to Site Conditions,LJD03-1-SF-17,57,1.0878890452674759,0.919211388652354,1.0878890452674759,0.22682853597754943,31.444127386602073,both_detrimental,mixed,false
majority_class,Innovative Economical Foundations with Improved Performance that is Less Sensitive to Site Conditions,LJD03-1-SF-18,58,1.0878890452674759,0.9192113886523539,1.0878890452674759,0.22682853597754943,30.724706360966685,both_detrimental,mixed,false
majority_class,Innovative Economical Foundations with Improved Performance that is Less Sensitive to Site Conditions,LJD03-1-SF-19,59,1.0878890452674759,0.9192113886523539,1.0878890452674759,0.22682853597754943,30.312613990619372,both_detrimental,mixed,false
majority_class,Innovative Economical Foundations with Improved Performance that is Less Sensitive to Site Conditions,LJD03-1-SF-20,60,1.0878890452674759,0.9192113886523539,1.0878890452674759,0.22682853597754943,9.00837402824186,mixed,mixed,true
majority_class,Innovative Economical Foundations with Improved Performance that is Less Sensitive to Site Conditions,LJD03-1-ISF-2,61,,,,,,both_beneficial,mixed,false
majority_class,Innovative Economical Foundations with Improved Performance that is Less Sensitive to Site Conditions,LJD03-1-ISF-3,62,,,,,,both_beneficial,mixed,false
majority_class,Innovative Economical Foundations with Improved Performance that is Less Sensitive to Site Conditions,LJD03-1-ISF-4,63,,,,,,both_beneficial,mixed,false
majority_class,Innovative Economical Foundations with Improved Performance that is Less Sensitive to Site Conditions,LJD03-1-ISF-5,64,,,,,,both_beneficial,mixed,false
majority_class,Innovative Economical Foundations with Improved Performance that is Less Sensitive to Site Conditions,LJD03-1-ISF-7,65,,,,,,both_beneficial,mixed,false
majority_class,Innovative Economical Foundations with Improved Performance that is Less Sensitive to Site Conditions,LJD03-1-ISF-8,66,,,,,,mixed,mixed,true
majority_class,Innovative Economical Foundations with Improved Performance that is Less Sensitive to Site Conditions,LJD03-1-ISF-9,67,,,,,,mixed,mixed,true
majority_class,Innovative Economical Foundations with Improved Performance that is Less Sensitive to Site Conditions,LJD03-1-ISF-11,68,,,,,,both_detrimental,mixed,false
majority_class,Innovative Economical Foundations with Improved Performance that is Less Sensitive to Site Conditions,LJD03-1-ISF-12,69,,,,,,both_detrimental,mixed,false
majority_class,Innovative Economical Foundations with Improved Performance that is Less Sensitive to Site Conditions,LJD03-1-ISF-13,70,,,,,,both_detrimental,mixed,false
majority_class,Innovative Economical Foundations with Improved Performance that is Less Sensitive to Site Conditions,LJD03-1-ISF-14,71,,,,,,both_detrimental,mixed,false
majority_class,Innovative Economical Foundations with Improved Performance that is Less Sensitive to Site Conditions,LJD03-1-ISF-15,72,,,,,,both_detrimental,mixed,false
majority_class,Innovative Economical Foundations with Improved Performance that is Less Sensitive to Site Conditions,LJD03-1-ISF-16,73,,,,,,both_detrimental,mixed,false
majority_class,Innovative Economical Foundations with Improved Performance that is Less Sensitive to Site Conditions,LJD03-1-ISF-17,74,,,,,,both_detrimental,mixed,false
majority_class,Innovative Economical Foundations with Improved Performance that is Less Sensitive to Site Conditions,LJD03-1-ISF-18,75,,,,,,both_detrimental,mixed,false
majority_class,Innovative Economical Foundations with Improved Performance that is Less Sensitive to Site Conditions,LJD03-1-ISF-19,76,,,,,,both_detrimental,mixed,false
majority_class,Innovative Economical Foundations with Improved Performance that is Less Sensitive to Site Conditions,LJD03-1-ISF-20,77,,,,,,both_detrimental,mixed,false
always_mixed,Innovative Economical Foundations with Improved Performance that is Less Sensitive to Site Conditions,LJD01-1-MD-1,16,1.2630771589230902,0.6540691153446223,1.0434782608695652,0.5115623497494525,0.5981933424659756,both_beneficial,mixed,false
always_mixed,Innovative Economical Foundations with Improved Performance that is Less Sensitive to Site Conditions,LJD01-1-MD-2,17,1.2630771589230902,0.6540691153446223,1.0434782608695652,0.5115623497494525,0.5901096486488677,both_beneficial,mixed,false
always_mixed,Innovative Economical Foundations with Improved Performance that is Less Sensitive to Site Conditions,LJD01-1-MD-4,19,1.2630771589230902,0.6540691153446223,1.0434782608695652,0.5115623497494525,3.5997699029308072,both_beneficial,mixed,false
always_mixed,Innovative Economical Foundations with Improved Performance that is Less Sensitive to Site Conditions,LJD01-1-MD-5,20,1.2630771589230902,0.6540691153446223,1.0434782608695652,0.5115623497494525,0.9946732626519336,both_beneficial,mixed,false
always_mixed,Innovative Economical Foundations with Improved Performance that is Less Sensitive to Site Conditions,LJD01-1-MD-6,21,1.2630771589230902,0.6540691153446224,1.0434782608695654,0.5115623497494525,0.9791374135971794,both_beneficial,mixed,false
always_mixed,Innovative Economical Foundations with Improved Performance that is Less Sensitive to Site Conditions,LJD01-1-MD-7,22,1.2630771589230902,0.6540691153446222,1.043478260869565,0.5115623497494525,14.031524158476609,both_beneficial,mixed,false
always_mixed,Innovative Economical Foundations with Improved Performance that is Less Sensitive to Site Conditions,LJD01-1-MD-8,23,1.2630771589230902,0.6540691153446223,1.0434782608695652,0.5115623497494525,28.3146532870107,mixed,mixed,true
always_mixed,Innovative Economical Foundations with Improved Performance that is Less Sensitive to Site Conditions,LJD01-1-MD-9,24,1.2630771589230902,0.6540691153446223,1.0434782608695652,0.5115623497494525,61.090495099337744,mixed,mixed,true
always_mixed,Innovative Economical Foundations with Improved Performance that is Less Sensitive to Site Conditions,LJD01-1-SD-1,25,1.1292713855488725,0.8182514021588462,1.0434782608695656,0.3661129831211356,0.534822928195946,both_beneficial,mixed,false
always_mixed,Innovative Economical Foundations with Improved Performance that is Less Sensitive to Site Conditions,LJD01-1-SD-2,26,1.1292713855488725,0.8182514021588462,1.0434782608695656,0.3661129831211356,0.5275955913284333,both_beneficial,mixed,false
always_mixed,Innovative Economical Foundations with Improved Performance that is Less Sensitive to Site Conditions,LJD01-1-SD-5,29,1.1292713855488725,0.8182514021588461,1.0434782608695654,0.3661129831211356,0.8893012161197371,both_beneficial,mixed,false
always_mixed,Innovative Economical Foundations with Improved Performance that is Less Sensitive to Site Conditions,LJD01-1-SD-6,30,1.1292713855488725,0.8182514021588461,1.0434782608695654,0.3661129831211356,0.8754111780774858,both_beneficial,mixed,false
always_mixed,Innovative Economical Foundations with Improved Performance that is Less Sensitive to Site Conditions,LJD01-1-SD-8,32,1.1292713855488725,0.818251402158846,1.0434782608695652,0.3661129831211356,25.315102504126187,mixed,mixed,true
always_mixed,Innovative Economical Foundations with Improved Performance that is Less Sensitive to Site Conditions,LJD01-1-SD-9,33,1.1292713855488725,0.8182514021588461,1.0434782608695654,0.3661129831211356,54.61879154201098,mixed,mixed,true
always_mixed,Innovative Economical Foundations with Improved Performance that is Less Sensitive to Site Conditions,LJD01-3-MD-3,34,1.2630771589230902,0.6540691153446224,1.0434782608695654,0.5115623497494525,0.9753481821204103,both_beneficial,mixed,false
always_mixed,Innovative Economical Foundations with Improved Performance that is Less Sensitive to Site Conditions,LJD01-3-MD-4,35,1.2630771589230902,0.6540691153446223,1.0434782608695652,0.5115623497494525,3.7683907036470394,both_beneficial,mixed,false
always_mixed,Innovative Economical Foundations with Improved Performance that is Less Sensitive to Site Conditions,LJD01-3-MD-5,36,1.2630771589230902,0.6540691153446222,1.043478260869565,0.5115623497494525,16.363290901564525,both_beneficial,mixed,false
always_mixed,Innovative Economical Foundations with Improved Performance that is Less Sensitive to Site Conditions,LJD01-3-MD-6,37,1.2630771589230902,0.6540691153446223,1.0434782608695652,0.5115623497494525,29.09927681813372,mixed,mixed,true
always_mixed,Innovative Economical Foundations with Improved Performance that is Less Sensitive to Site Conditions,LJD01-3-MD-7,38,1.2630771589230902,0.6540691153446222,1.043478260869565,0.5115623497494525,59.76224315901424,mixed,mixed,true
always_mixed,Innovative Economical Foundations with Improved Performance that is Less Sensitive to Site Conditions,LJD01-3-SD-3,39,1.1292713855488725,0.8182514021588462,1.0434782608695656,0.3661129831211356,0.8720233639208393,both_beneficial,mixed,false
always_mixed,Innovative Economical Foundations with Improved Performance that is Less Sensitive to Site Conditions,LJD01-3-SD-4,40,1.1292713855488725,0.8182514021588461,1.0434782608695654,0.3661129831211356,3.3691811787850607,both_beneficial,mixed,false
always_mixed,Innovative Economical Foundations with Improved Performance that is Less Sensitive to Site Conditions,LJD01-3-SD-5,41,1.1292713855488725,0.8182514021588461,1.0434782608695654,0.3661129831211356,14.629823726924196,both_beneficial,mixed,false
always_mixed,Innovative Economical Foundations with Improved Performance that is Less Sensitive to Site Conditions,LJD01-3-SD-6,42,1.1292713855488725,0.8182514021588461,1.0434782608695654,0.3661129831211356,26.016605888829144,mixed,mixed,true
always_mixed,Innovative Economical Foundations with Improved Performance that is Less Sensitive to Site Conditions,LJD01-3-SD-7,43,1.1292713855488725,0.818251402158846,1.0434782608695652,0.3661129831211356,53.4312497529678,mixed,mixed,true
always_mixed,Innovative Economical Foundations with Improved Performance that is Less Sensitive to Site Conditions,LJD03-1-SF-2,44,1.0878890452674759,0.9192113886523537,1.0878890452674757,0.22682853597754943,1.0308836592954602,both_beneficial,mixed,false
always_mixed,Innovative Economical Foundations with Improved Performance that is Less Sensitive to Site Conditions,LJD03-1-SF-3,45,1.0878890452674759,0.919211388652354,1.0878890452674759,0.22682853597754943,3.279006371340699,both_beneficial,mixed,false
always_mixed,Innovative Economical Foundations with Improved Performance that is Less Sensitive to Site Conditions,LJD03-1-SF-4,46,1.0878890452674759,0.9192113886523539,1.0878890452674759,0.22682853597754943,0.30188921006172453,both_beneficial,mixed,false
always_mixed,Innovative Economical Foundations with Improved Performance that is Less Sensitive to Site Conditions,LJD03-1-SF-5,47,1.0878890452674759,0.9192113886523539,1.0878890452674759,0.22682853597754943,0.4944455710740677,both_beneficial,mixed,false
always_mixed,Innovative Economical Foundations with Improved Performance that is Less Sensitive to Site Conditions,LJD03-1-SF-7,48,1.0878890452674759,0.9192113886523537,1.0878890452674757,0.22682853597754943,0.9154586315925811,both_beneficial,mixed,false
always_mixed,Innovative Economical Foundations with Improved Performance that is Less Sensitive to Site Conditions,LJD03-1-SF-8,49,1.0878890452674759,0.9192113886523539,1.0878890452674759,0.22682853597754943,21.01344722057751,mixed,mixed,true
always_mixed,Innovative Economical Foundations with Improved Performance that is Less Sensitive to Site Conditions,LJD03-1-SF-9,50,1.0878890452674759,0.9192113886523539,1.0878890452674759,0.22682853597754943,6.996214450115137,mixed,mixed,true
always_mixed,Innovative Economical Foundations with Improved Performance that is Less Sensitive to Site Conditions,LJD03-1-SF-11,51,1.0878890452674759,0.9192113886523539,1.0878890452674759,0.22682853597754943,42.203567622106455,mixed,mixed,true
always_mixed,Innovative Economical Foundations with Improved Performance that is Less Sensitive to Site Conditions,LJD03-1-SF-12,52,1.0878890452674759,0.9192113886523539,1.0878890452674759,0.22682853597754943,76.56954740648791,mixed,mixed,true
always_mixed,Innovative Economical Foundations with Improved Performance that is Less Sensitive to Site Conditions,LJD03-1-SF-13,53,1.0878890452674759,0.9192113886523537,1.0878890452674757,0.22682853597754943,9.566461108464075,mixed,mixed,true
always_mixed,Innovative Economical Foundations with Improved Performance that is Less Sensitive to Site Conditions,LJD03-1-SF-14,54,1.0878890452674759,0.9192113886523539,1.0878890452674759,0.22682853597754943,23.678449014769246,mixed,mixed,true
always_mixed,Innovative Economical Foundations with Improved Performance that is Less Sensitive to Site Conditions,LJD03-1-SF-15,55,1.0878890452674759,0.9192113886523539,1.0878890452674759,0.22682853597754943,17.320281489703483,mixed,mixed,true
always_mixed,Innovative Economical Foundations with Improved Performance that is Less Sensitive to Site Conditions,LJD03-1-SF-16,56,1.0878890452674759,0.919211388652354,1.0878890452674759,0.22682853597754943,31.702392245948563,both_detrimental,mixed,false
always_mixed,Innovative Economical Foundations with Improved Performance that is Less Sensitive to Site Conditions,LJD03-1-SF-17,57,1.0878890452674759,0.919211388652354,1.0878890452674759,0.22682853597754943,31.444127386602073,both_detrimental,mixed,false
always_mixed,Innovative Economical Foundations with Improved Performance that is Less Sensitive to Site Conditions,LJD03-1-SF-18,58,1.0878890452674759,0.9192113886523539,1.0878890452674759,0.22682853597754943,30.724706360966685,both_detrimental,mixed,false
always_mixed,Innovative Economical Foundations with Improved Performance that is Less Sensitive to Site Conditions,LJD03-1-SF-19,59,1.0878890452674759,0.9192113886523539,1.0878890452674759,0.22682853597754943,30.312613990619372,both_detrimental,mixed,false
always_mixed,Innovative Economical Foundations with Improved Performance that is Less Sensitive to Site Conditions,LJD03-1-SF-20,60,1.0878890452674759,0.9192113886523539,1.0878890452674759,0.22682853597754943,9.00837402824186,mixed,mixed,true
always_mixed,Innovative Economical Foundations with Improved Performance that is Less Sensitive to Site Conditions,LJD03-1-ISF-2,61,,,,,,both_beneficial,mixed,false
always_mixed,Innovative Economical Foundations with Improved Performance that is Less Sensitive to Site Conditions,LJD03-1-ISF-3,62,,,,,,both_beneficial,mixed,false
always_mixed,Innovative Economical Foundations with Improved Performance that is Less Sensitive to Site Conditions,LJD03-1-ISF-4,63,,,,,,both_beneficial,mixed,false
always_mixed,Innovative Economical Foundations with Improved Performance that is Less Sensitive to Site Conditions,LJD03-1-ISF-5,64,,,,,,both_beneficial,mixed,false
always_mixed,Innovative Economical Foundations with Improved Performance that is Less Sensitive to Site Conditions,LJD03-1-ISF-7,65,,,,,,both_beneficial,mixed,false
always_mixed,Innovative Economical Foundations with Improved Performance that is Less Sensitive to Site Conditions,LJD03-1-ISF-8,66,,,,,,mixed,mixed,true
always_mixed,Innovative Economical Foundations with Improved Performance that is Less Sensitive to Site Conditions,LJD03-1-ISF-9,67,,,,,,mixed,mixed,true
always_mixed,Innovative Economical Foundations with Improved Performance that is Less Sensitive to Site Conditions,LJD03-1-ISF-11,68,,,,,,both_detrimental,mixed,false
always_mixed,Innovative Economical Foundations with Improved Performance that is Less Sensitive to Site Conditions,LJD03-1-ISF-12,69,,,,,,both_detrimental,mixed,false
always_mixed,Innovative Economical Foundations with Improved Performance that is Less Sensitive to Site Conditions,LJD03-1-ISF-13,70,,,,,,both_detrimental,mixed,false
always_mixed,Innovative Economical Foundations with Improved Performance that is Less Sensitive to Site Conditions,LJD03-1-ISF-14,71,,,,,,both_detrimental,mixed,false
always_mixed,Innovative Economical Foundations with Improved Performance that is Less Sensitive to Site Conditions,LJD03-1-ISF-15,72,,,,,,both_detrimental,mixed,false
always_mixed,Innovative Economical Foundations with Improved Performance that is Less Sensitive to Site Conditions,LJD03-1-ISF-16,73,,,,,,both_detrimental,mixed,false
always_mixed,Innovative Economical Foundations with Improved Performance that is Less Sensitive to Site Conditions,LJD03-1-ISF-17,74,,,,,,both_detrimental,mixed,false
always_mixed,Innovative Economical Foundations with Improved Performance that is Less Sensitive to Site Conditions,LJD03-1-ISF-18,75,,,,,,both_detrimental,mixed,false
always_mixed,Innovative Economical Foundations with Improved Performance that is Less Sensitive to Site Conditions,LJD03-1-ISF-19,76,,,,,,both_detrimental,mixed,false
always_mixed,Innovative Economical Foundations with Improved Performance that is Less Sensitive to Site Conditions,LJD03-1-ISF-20,77,,,,,,both_detrimental,mixed,false
spectral_slope_only,Innovative Economical Foundations with Improved Performance that is Less Sensitive to Site Conditions,LJD01-1-MD-1,16,1.2630771589230902,0.6540691153446223,1.0434782608695652,0.5115623497494525,0.5981933424659756,both_beneficial,both_beneficial,true
spectral_slope_only,Innovative Economical Foundations with Improved Performance that is Less Sensitive to Site Conditions,LJD01-1-MD-2,17,1.2630771589230902,0.6540691153446223,1.0434782608695652,0.5115623497494525,0.5901096486488677,both_beneficial,both_beneficial,true
spectral_slope_only,Innovative Economical Foundations with Improved Performance that is Less Sensitive to Site Conditions,LJD01-1-MD-4,19,1.2630771589230902,0.6540691153446223,1.0434782608695652,0.5115623497494525,3.5997699029308072,both_beneficial,both_beneficial,true
spectral_slope_only,Innovative Economical Foundations with Improved Performance that is Less Sensitive to Site Conditions,LJD01-1-MD-5,20,1.2630771589230902,0.6540691153446223,1.0434782608695652,0.5115623497494525,0.9946732626519336,both_beneficial,both_beneficial,true
spectral_slope_only,Innovative Economical Foundations with Improved Performance that is Less Sensitive to Site Conditions,LJD01-1-MD-6,21,1.2630771589230902,0.6540691153446224,1.0434782608695654,0.5115623497494525,0.9791374135971794,both_beneficial,both_beneficial,true
spectral_slope_only,Innovative Economical Foundations with Improved Performance that is Less Sensitive to Site Conditions,LJD01-1-MD-7,22,1.2630771589230902,0.6540691153446222,1.043478260869565,0.5115623497494525,14.031524158476609,both_beneficial,both_beneficial,true
spectral_slope_only,Innovative Economical Foundations with Improved Performance that is Less Sensitive to Site Conditions,LJD01-1-MD-8,23,1.2630771589230902,0.6540691153446223,1.0434782608695652,0.5115623497494525,28.3146532870107,mixed,both_beneficial,false
spectral_slope_only,Innovative Economical Foundations with Improved Performance that is Less Sensitive to Site Conditions,LJD01-1-MD-9,24,1.2630771589230902,0.6540691153446223,1.0434782608695652,0.5115623497494525,61.090495099337744,mixed,both_beneficial,false
spectral_slope_only,Innovative Economical Foundations with Improved Performance that is Less Sensitive to Site Conditions,LJD01-1-SD-1,25,1.1292713855488725,0.8182514021588462,1.0434782608695656,0.3661129831211356,0.534822928195946,both_beneficial,both_beneficial,true
spectral_slope_only,Innovative Economical Foundations with Improved Performance that is Less Sensitive to Site Conditions,LJD01-1-SD-2,26,1.1292713855488725,0.8182514021588462,1.0434782608695656,0.3661129831211356,0.5275955913284333,both_beneficial,both_beneficial,true
spectral_slope_only,Innovative Economical Foundations with Improved Performance that is Less Sensitive to Site Conditions,LJD01-1-SD-5,29,1.1292713855488725,0.8182514021588461,1.0434782608695654,0.3661129831211356,0.8893012161197371,both_beneficial,both_beneficial,true
spectral_slope_only,Innovative Economical Foundations with Improved Performance that is Less Sensitive to Site Conditions,LJD01-1-SD-6,30,1.1292713855488725,0.8182514021588461,1.0434782608695654,0.3661129831211356,0.8754111780774858,both_beneficial,both_beneficial,true
spectral_slope_only,Innovative Economical Foundations with Improved Performance that is Less Sensitive to Site Conditions,LJD01-1-SD-8,32,1.1292713855488725,0.818251402158846,1.0434782608695652,0.3661129831211356,25.315102504126187,mixed,both_beneficial,false
spectral_slope_only,Innovative Economical Foundations with Improved Performance that is Less Sensitive to Site Conditions,LJD01-1-SD-9,33,1.1292713855488725,0.8182514021588461,1.0434782608695654,0.3661129831211356,54.61879154201098,mixed,both_beneficial,false
spectral_slope_only,Innovative Economical Foundations with Improved Performance that is Less Sensitive to Site Conditions,LJD01-3-MD-3,34,1.2630771589230902,0.6540691153446224,1.0434782608695654,0.5115623497494525,0.9753481821204103,both_beneficial,both_beneficial,true
spectral_slope_only,Innovative Economical Foundations with Improved Performance that is Less Sensitive to Site Conditions,LJD01-3-MD-4,35,1.2630771589230902,0.6540691153446223,1.0434782608695652,0.5115623497494525,3.7683907036470394,both_beneficial,both_beneficial,true
spectral_slope_only,Innovative Economical Foundations with Improved Performance that is Less Sensitive to Site Conditions,LJD01-3-MD-5,36,1.2630771589230902,0.6540691153446222,1.043478260869565,0.5115623497494525,16.363290901564525,both_beneficial,both_beneficial,true
spectral_slope_only,Innovative Economical Foundations with Improved Performance that is Less Sensitive to Site Conditions,LJD01-3-MD-6,37,1.2630771589230902,0.6540691153446223,1.0434782608695652,0.5115623497494525,29.09927681813372,mixed,both_beneficial,false
spectral_slope_only,Innovative Economical Foundations with Improved Performance that is Less Sensitive to Site Conditions,LJD01-3-MD-7,38,1.2630771589230902,0.6540691153446222,1.043478260869565,0.5115623497494525,59.76224315901424,mixed,both_beneficial,false
spectral_slope_only,Innovative Economical Foundations with Improved Performance that is Less Sensitive to Site Conditions,LJD01-3-SD-3,39,1.1292713855488725,0.8182514021588462,1.0434782608695656,0.3661129831211356,0.8720233639208393,both_beneficial,both_beneficial,true
spectral_slope_only,Innovative Economical Foundations with Improved Performance that is Less Sensitive to Site Conditions,LJD01-3-SD-4,40,1.1292713855488725,0.8182514021588461,1.0434782608695654,0.3661129831211356,3.3691811787850607,both_beneficial,both_beneficial,true
spectral_slope_only,Innovative Economical Foundations with Improved Performance that is Less Sensitive to Site Conditions,LJD01-3-SD-5,41,1.1292713855488725,0.8182514021588461,1.0434782608695654,0.3661129831211356,14.629823726924196,both_beneficial,both_beneficial,true
spectral_slope_only,Innovative Economical Foundations with Improved Performance that is Less Sensitive to Site Conditions,LJD01-3-SD-6,42,1.1292713855488725,0.8182514021588461,1.0434782608695654,0.3661129831211356,26.016605888829144,mixed,both_beneficial,false
spectral_slope_only,Innovative Economical Foundations with Improved Performance that is Less Sensitive to Site Conditions,LJD01-3-SD-7,43,1.1292713855488725,0.818251402158846,1.0434782608695652,0.3661129831211356,53.4312497529678,mixed,both_beneficial,false
spectral_slope_only,Innovative Economical Foundations with Improved Performance that is Less Sensitive to Site Conditions,LJD03-1-SF-2,44,1.0878890452674759,0.9192113886523537,1.0878890452674757,0.22682853597754943,1.0308836592954602,both_beneficial,both_beneficial,true
spectral_slope_only,Innovative Economical Foundations with Improved Performance that is Less Sensitive to Site Conditions,LJD03-1-SF-3,45,1.0878890452674759,0.919211388652354,1.0878890452674759,0.22682853597754943,3.279006371340699,both_beneficial,both_beneficial,true
spectral_slope_only,Innovative Economical Foundations with Improved Performance that is Less Sensitive to Site Conditions,LJD03-1-SF-4,46,1.0878890452674759,0.9192113886523539,1.0878890452674759,0.22682853597754943,0.30188921006172453,both_beneficial,both_beneficial,true
spectral_slope_only,Innovative Economical Foundations with Improved Performance that is Less Sensitive to Site Conditions,LJD03-1-SF-5,47,1.0878890452674759,0.9192113886523539,1.0878890452674759,0.22682853597754943,0.4944455710740677,both_beneficial,both_beneficial,true
spectral_slope_only,Innovative Economical Foundations with Improved Performance that is Less Sensitive to Site Conditions,LJD03-1-SF-7,48,1.0878890452674759,0.9192113886523537,1.0878890452674757,0.22682853597754943,0.9154586315925811,both_beneficial,both_beneficial,true
spectral_slope_only,Innovative Economical Foundations with Improved Performance that is Less Sensitive to Site Conditions,LJD03-1-SF-8,49,1.0878890452674759,0.9192113886523539,1.0878890452674759,0.22682853597754943,21.01344722057751,mixed,both_beneficial,false
spectral_slope_only,Innovative Economical Foundations with Improved Performance that is Less Sensitive to Site Conditions,LJD03-1-SF-9,50,1.0878890452674759,0.9192113886523539,1.0878890452674759,0.22682853597754943,6.996214450115137,mixed,both_beneficial,false
spectral_slope_only,Innovative Economical Foundations with Improved Performance that is Less Sensitive to Site Conditions,LJD03-1-SF-11,51,1.0878890452674759,0.9192113886523539,1.0878890452674759,0.22682853597754943,42.203567622106455,mixed,both_beneficial,false
spectral_slope_only,Innovative Economical Foundations with Improved Performance that is Less Sensitive to Site Conditions,LJD03-1-SF-12,52,1.0878890452674759,0.9192113886523539,1.0878890452674759,0.22682853597754943,76.56954740648791,mixed,both_beneficial,false
spectral_slope_only,Innovative Economical Foundations with Improved Performance that is Less Sensitive to Site Conditions,LJD03-1-SF-13,53,1.0878890452674759,0.9192113886523537,1.0878890452674757,0.22682853597754943,9.566461108464075,mixed,both_beneficial,false
spectral_slope_only,Innovative Economical Foundations with Improved Performance that is Less Sensitive to Site Conditions,LJD03-1-SF-14,54,1.0878890452674759,0.9192113886523539,1.0878890452674759,0.22682853597754943,23.678449014769246,mixed,both_beneficial,false
spectral_slope_only,Innovative Economical Foundations with Improved Performance that is Less Sensitive to Site Conditions,LJD03-1-SF-15,55,1.0878890452674759,0.9192113886523539,1.0878890452674759,0.22682853597754943,17.320281489703483,mixed,mixed,true
spectral_slope_only,Innovative Economical Foundations with Improved Performance that is Less Sensitive to Site Conditions,LJD03-1-SF-16,56,1.0878890452674759,0.919211388652354,1.0878890452674759,0.22682853597754943,31.702392245948563,both_detrimental,mixed,false
spectral_slope_only,Innovative Economical Foundations with Improved Performance that is Less Sensitive to Site Conditions,LJD03-1-SF-17,57,1.0878890452674759,0.919211388652354,1.0878890452674759,0.22682853597754943,31.444127386602073,both_detrimental,mixed,false
spectral_slope_only,Innovative Economical Foundations with Improved Performance that is Less Sensitive to Site Conditions,LJD03-1-SF-18,58,1.0878890452674759,0.9192113886523539,1.0878890452674759,0.22682853597754943,30.724706360966685,both_detrimental,mixed,false
spectral_slope_only,Innovative Economical Foundations with Improved Performance that is Less Sensitive to Site Conditions,LJD03-1-SF-19,59,1.0878890452674759,0.9192113886523539,1.0878890452674759,0.22682853597754943,30.312613990619372,both_detrimental,mixed,false
spectral_slope_only,Innovative Economical Foundations with Improved Performance that is Less Sensitive to Site Conditions,LJD03-1-SF-20,60,1.0878890452674759,0.9192113886523539,1.0878890452674759,0.22682853597754943,9.00837402824186,mixed,both_beneficial,false
spectral_slope_only,Innovative Economical Foundations with Improved Performance that is Less Sensitive to Site Conditions,LJD03-1-ISF-2,61,,,,,,both_beneficial,mixed,false
spectral_slope_only,Innovative Economical Foundations with Improved Performance that is Less Sensitive to Site Conditions,LJD03-1-ISF-3,62,,,,,,both_beneficial,mixed,false
spectral_slope_only,Innovative Economical Foundations with Improved Performance that is Less Sensitive to Site Conditions,LJD03-1-ISF-4,63,,,,,,both_beneficial,mixed,false
spectral_slope_only,Innovative Economical Foundations with Improved Performance that is Less Sensitive to Site Conditions,LJD03-1-ISF-5,64,,,,,,both_beneficial,mixed,false
spectral_slope_only,Innovative Economical Foundations with Improved Performance that is Less Sensitive to Site Conditions,LJD03-1-ISF-7,65,,,,,,both_beneficial,mixed,false
spectral_slope_only,Innovative Economical Foundations with Improved Performance that is Less Sensitive to Site Conditions,LJD03-1-ISF-8,66,,,,,,mixed,mixed,true
spectral_slope_only,Innovative Economical Foundations with Improved Performance that is Less Sensitive to Site Conditions,LJD03-1-ISF-9,67,,,,,,mixed,mixed,true
spectral_slope_only,Innovative Economical Foundations with Improved Performance that is Less Sensitive to Site Conditions,LJD03-1-ISF-11,68,,,,,,both_detrimental,mixed,false
spectral_slope_only,Innovative Economical Foundations with Improved Performance that is Less Sensitive to Site Conditions,LJD03-1-ISF-12,69,,,,,,both_detrimental,mixed,false
spectral_slope_only,Innovative Economical Foundations with Improved Performance that is Less Sensitive to Site Conditions,LJD03-1-ISF-13,70,,,,,,both_detrimental,mixed,false
spectral_slope_only,Innovative Economical Foundations with Improved Performance that is Less Sensitive to Site Conditions,LJD03-1-ISF-14,71,,,,,,both_detrimental,mixed,false
spectral_slope_only,Innovative Economical Foundations with Improved Performance that is Less Sensitive to Site Conditions,LJD03-1-ISF-15,72,,,,,,both_detrimental,mixed,false
spectral_slope_only,Innovative Economical Foundations with Improved Performance that is Less Sensitive to Site Conditions,LJD03-1-ISF-16,73,,,,,,both_detrimental,mixed,false
spectral_slope_only,Innovative Economical Foundations with Improved Performance that is Less Sensitive to Site Conditions,LJD03-1-ISF-17,74,,,,,,both_detrimental,mixed,false
spectral_slope_only,Innovative Economical Foundations with Improved Performance that is Less Sensitive to Site Conditions,LJD03-1-ISF-18,75,,,,,,both_detrimental,mixed,false
spectral_slope_only,Innovative Economical Foundations with Improved Performance that is Less Sensitive to Site Conditions,LJD03-1-ISF-19,76,,,,,,both_detrimental,mixed,false
spectral_slope_only,Innovative Economical Foundations with Improved Performance that is Less Sensitive to Site Conditions,LJD03-1-ISF-20,77,,,,,,both_detrimental,mixed,false
flexibility_only,Innovative Economical Foundations with Improved Performance that is Less Sensitive to Site Conditions,LJD01-1-MD-1,16,1.2630771589230902,0.6540691153446223,1.0434782608695652,0.5115623497494525,0.5981933424659756,both_beneficial,both_detrimental,false
flexibility_only,Innovative Economical Foundations with Improved Performance that is Less Sensitive to Site Conditions,LJD01-1-MD-2,17,1.2630771589230902,0.6540691153446223,1.0434782608695652,0.5115623497494525,0.5901096486488677,both_beneficial,both_detrimental,false
flexibility_only,Innovative Economical Foundations with Improved Performance that is Less Sensitive to Site Conditions,LJD01-1-MD-4,19,1.2630771589230902,0.6540691153446223,1.0434782608695652,0.5115623497494525,3.5997699029308072,both_beneficial,both_detrimental,false
flexibility_only,Innovative Economical Foundations with Improved Performance that is Less Sensitive to Site Conditions,LJD01-1-MD-5,20,1.2630771589230902,0.6540691153446223,1.0434782608695652,0.5115623497494525,0.9946732626519336,both_beneficial,both_detrimental,false
flexibility_only,Innovative Economical Foundations with Improved Performance that is Less Sensitive to Site Conditions,LJD01-1-MD-6,21,1.2630771589230902,0.6540691153446224,1.0434782608695654,0.5115623497494525,0.9791374135971794,both_beneficial,both_detrimental,false
flexibility_only,Innovative Economical Foundations with Improved Performance that is Less Sensitive to Site Conditions,LJD01-1-MD-7,22,1.2630771589230902,0.6540691153446222,1.043478260869565,0.5115623497494525,14.031524158476609,both_beneficial,both_detrimental,false
flexibility_only,Innovative Economical Foundations with Improved Performance that is Less Sensitive to Site Conditions,LJD01-1-MD-8,23,1.2630771589230902,0.6540691153446223,1.0434782608695652,0.5115623497494525,28.3146532870107,mixed,both_detrimental,false
flexibility_only,Innovative Economical Foundations with Improved Performance that is Less Sensitive to Site Conditions,LJD01-1-MD-9,24,1.2630771589230902,0.6540691153446223,1.0434782608695652,0.5115623497494525,61.090495099337744,mixed,both_detrimental,false
flexibility_only,Innovative Economical Foundations with Improved Performance that is Less Sensitive to Site Conditions,LJD01-1-SD-1,25,1.1292713855488725,0.8182514021588462,1.0434782608695656,0.3661129831211356,0.534822928195946,both_beneficial,both_detrimental,false
flexibility_only,Innovative Economical Foundations with Improved Performance that is Less Sensitive to Site Conditions,LJD01-1-SD-2,26,1.1292713855488725,0.8182514021588462,1.0434782608695656,0.3661129831211356,0.5275955913284333,both_beneficial,both_detrimental,false
flexibility_only,Innovative Economical Foundations with Improved Performance that is Less Sensitive to Site Conditions,LJD01-1-SD-5,29,1.1292713855488725,0.8182514021588461,1.0434782608695654,0.3661129831211356,0.8893012161197371,both_beneficial,both_detrimental,false
flexibility_only,Innovative Economical Foundations with Improved Performance that is Less Sensitive to Site Conditions,LJD01-1-SD-6,30,1.1292713855488725,0.8182514021588461,1.0434782608695654,0.3661129831211356,0.8754111780774858,both_beneficial,both_detrimental,false
flexibility_only,Innovative Economical Foundations with Improved Performance that is Less Sensitive to Site Conditions,LJD01-1-SD-8,32,1.1292713855488725,0.818251402158846,1.0434782608695652,0.3661129831211356,25.315102504126187,mixed,both_detrimental,false
flexibility_only,Innovative Economical Foundations with Improved Performance that is Less Sensitive to Site Conditions,LJD01-1-SD-9,33,1.1292713855488725,0.8182514021588461,1.0434782608695654,0.3661129831211356,54.61879154201098,mixed,both_detrimental,false
flexibility_only,Innovative Economical Foundations with Improved Performance that is Less Sensitive to Site Conditions,LJD01-3-MD-3,34,1.2630771589230902,0.6540691153446224,1.0434782608695654,0.5115623497494525,0.9753481821204103,both_beneficial,both_detrimental,false
flexibility_only,Innovative Economical Foundations with Improved Performance that is Less Sensitive to Site Conditions,LJD01-3-MD-4,35,1.2630771589230902,0.6540691153446223,1.0434782608695652,0.5115623497494525,3.7683907036470394,both_beneficial,both_detrimental,false
flexibility_only,Innovative Economical Foundations with Improved Performance that is Less Sensitive to Site Conditions,LJD01-3-MD-5,36,1.2630771589230902,0.6540691153446222,1.043478260869565,0.5115623497494525,16.363290901564525,both_beneficial,both_detrimental,false
flexibility_only,Innovative Economical Foundations with Improved Performance that is Less Sensitive to Site Conditions,LJD01-3-MD-6,37,1.2630771589230902,0.6540691153446223,1.0434782608695652,0.5115623497494525,29.09927681813372,mixed,both_detrimental,false
flexibility_only,Innovative Economical Foundations with Improved Performance that is Less Sensitive to Site Conditions,LJD01-3-MD-7,38,1.2630771589230902,0.6540691153446222,1.043478260869565,0.5115623497494525,59.76224315901424,mixed,both_detrimental,false
flexibility_only,Innovative Economical Foundations with Improved Performance that is Less Sensitive to Site Conditions,LJD01-3-SD-3,39,1.1292713855488725,0.8182514021588462,1.0434782608695656,0.3661129831211356,0.8720233639208393,both_beneficial,both_detrimental,false
flexibility_only,Innovative Economical Foundations with Improved Performance that is Less Sensitive to Site Conditions,LJD01-3-SD-4,40,1.1292713855488725,0.8182514021588461,1.0434782608695654,0.3661129831211356,3.3691811787850607,both_beneficial,both_detrimental,false
flexibility_only,Innovative Economical Foundations with Improved Performance that is Less Sensitive to Site Conditions,LJD01-3-SD-5,41,1.1292713855488725,0.8182514021588461,1.0434782608695654,0.3661129831211356,14.629823726924196,both_beneficial,both_detrimental,false
flexibility_only,Innovative Economical Foundations with Improved Performance that is Less Sensitive to Site Conditions,LJD01-3-SD-6,42,1.1292713855488725,0.8182514021588461,1.0434782608695654,0.3661129831211356,26.016605888829144,mixed,both_detrimental,false
flexibility_only,Innovative Economical Foundations with Improved Performance that is Less Sensitive to Site Conditions,LJD01-3-SD-7,43,1.1292713855488725,0.818251402158846,1.0434782608695652,0.3661129831211356,53.4312497529678,mixed,both_detrimental,false
flexibility_only,Innovative Economical Foundations with Improved Performance that is Less Sensitive to Site Conditions,LJD03-1-SF-2,44,1.0878890452674759,0.9192113886523537,1.0878890452674757,0.22682853597754943,1.0308836592954602,both_beneficial,mixed,false
flexibility_only,Innovative Economical Foundations with Improved Performance that is Less Sensitive to Site Conditions,LJD03-1-SF-3,45,1.0878890452674759,0.919211388652354,1.0878890452674759,0.22682853597754943,3.279006371340699,both_beneficial,mixed,false
flexibility_only,Innovative Economical Foundations with Improved Performance that is Less Sensitive to Site Conditions,LJD03-1-SF-4,46,1.0878890452674759,0.9192113886523539,1.0878890452674759,0.22682853597754943,0.30188921006172453,both_beneficial,mixed,false
flexibility_only,Innovative Economical Foundations with Improved Performance that is Less Sensitive to Site Conditions,LJD03-1-SF-5,47,1.0878890452674759,0.9192113886523539,1.0878890452674759,0.22682853597754943,0.4944455710740677,both_beneficial,mixed,false
flexibility_only,Innovative Economical Foundations with Improved Performance that is Less Sensitive to Site Conditions,LJD03-1-SF-7,48,1.0878890452674759,0.9192113886523537,1.0878890452674757,0.22682853597754943,0.9154586315925811,both_beneficial,mixed,false
flexibility_only,Innovative Economical Foundations with Improved Performance that is Less Sensitive to Site Conditions,LJD03-1-SF-8,49,1.0878890452674759,0.9192113886523539,1.0878890452674759,0.22682853597754943,21.01344722057751,mixed,mixed,true
flexibility_only,Innovative Economical Foundations with Improved Performance that is Less Sensitive to Site Conditions,LJD03-1-SF-9,50,1.0878890452674759,0.9192113886523539,1.0878890452674759,0.22682853597754943,6.996214450115137,mixed,mixed,true
flexibility_only,Innovative Economical Foundations with Improved Performance that is Less Sensitive to Site Conditions,LJD03-1-SF-11,51,1.0878890452674759,0.9192113886523539,1.0878890452674759,0.22682853597754943,42.203567622106455,mixed,mixed,true
flexibility_only,Innovative Economical Foundations with Improved Performance that is Less Sensitive to Site Conditions,LJD03-1-SF-12,52,1.0878890452674759,0.9192113886523539,1.0878890452674759,0.22682853597754943,76.56954740648791,mixed,mixed,true
flexibility_only,Innovative Economical Foundations with Improved Performance that is Less Sensitive to Site Conditions,LJD03-1-SF-13,53,1.0878890452674759,0.9192113886523537,1.0878890452674757,0.22682853597754943,9.566461108464075,mixed,mixed,true
flexibility_only,Innovative Economical Foundations with Improved Performance that is Less Sensitive to Site Conditions,LJD03-1-SF-14,54,1.0878890452674759,0.9192113886523539,1.0878890452674759,0.22682853597754943,23.678449014769246,mixed,mixed,true
flexibility_only,Innovative Economical Foundations with Improved Performance that is Less Sensitive to Site Conditions,LJD03-1-SF-15,55,1.0878890452674759,0.9192113886523539,1.0878890452674759,0.22682853597754943,17.320281489703483,mixed,mixed,true
flexibility_only,Innovative Economical Foundations with Improved Performance that is Less Sensitive to Site Conditions,LJD03-1-SF-16,56,1.0878890452674759,0.919211388652354,1.0878890452674759,0.22682853597754943,31.702392245948563,both_detrimental,mixed,false
flexibility_only,Innovative Economical Foundations with Improved Performance that is Less Sensitive to Site Conditions,LJD03-1-SF-17,57,1.0878890452674759,0.919211388652354,1.0878890452674759,0.22682853597754943,31.444127386602073,both_detrimental,mixed,false
flexibility_only,Innovative Economical Foundations with Improved Performance that is Less Sensitive to Site Conditions,LJD03-1-SF-18,58,1.0878890452674759,0.9192113886523539,1.0878890452674759,0.22682853597754943,30.724706360966685,both_detrimental,mixed,false
flexibility_only,Innovative Economical Foundations with Improved Performance that is Less Sensitive to Site Conditions,LJD03-1-SF-19,59,1.0878890452674759,0.9192113886523539,1.0878890452674759,0.22682853597754943,30.312613990619372,both_detrimental,mixed,false
flexibility_only,Innovative Economical Foundations with Improved Performance that is Less Sensitive to Site Conditions,LJD03-1-SF-20,60,1.0878890452674759,0.9192113886523539,1.0878890452674759,0.22682853597754943,9.00837402824186,mixed,mixed,true
flexibility_only,Innovative Economical Foundations with Improved Performance that is Less Sensitive to Site Conditions,LJD03-1-ISF-2,61,,,,,,both_beneficial,mixed,false
flexibility_only,Innovative Economical Foundations with Improved Performance that is Less Sensitive to Site Conditions,LJD03-1-ISF-3,62,,,,,,both_beneficial,mixed,false
flexibility_only,Innovative Economical Foundations with Improved Performance that is Less Sensitive to Site Conditions,LJD03-1-ISF-4,63,,,,,,both_beneficial,mixed,false
flexibility_only,Innovative Economical Foundations with Improved Performance that is Less Sensitive to Site Conditions,LJD03-1-ISF-5,64,,,,,,both_beneficial,mixed,false
flexibility_only,Innovative Economical Foundations with Improved Performance that is Less Sensitive to Site Conditions,LJD03-1-ISF-7,65,,,,,,both_beneficial,mixed,false
flexibility_only,Innovative Economical Foundations with Improved Performance that is Less Sensitive to Site Conditions,LJD03-1-ISF-8,66,,,,,,mixed,mixed,true
flexibility_only,Innovative Economical Foundations with Improved Performance that is Less Sensitive to Site Conditions,LJD03-1-ISF-9,67,,,,,,mixed,mixed,true
flexibility_only,Innovative Economical Foundations with Improved Performance that is Less Sensitive to Site Conditions,LJD03-1-ISF-11,68,,,,,,both_detrimental,mixed,false
flexibility_only,Innovative Economical Foundations with Improved Performance that is Less Sensitive to Site Conditions,LJD03-1-ISF-12,69,,,,,,both_detrimental,mixed,false
flexibility_only,Innovative Economical Foundations with Improved Performance that is Less Sensitive to Site Conditions,LJD03-1-ISF-13,70,,,,,,both_detrimental,mixed,false
flexibility_only,Innovative Economical Foundations with Improved Performance that is Less Sensitive to Site Conditions,LJD03-1-ISF-14,71,,,,,,both_detrimental,mixed,false
flexibility_only,Innovative Economical Foundations with Improved Performance that is Less Sensitive to Site Conditions,LJD03-1-ISF-15,72,,,,,,both_detrimental,mixed,false
flexibility_only,Innovative Economical Foundations with Improved Performance that is Less Sensitive to Site Conditions,LJD03-1-ISF-16,73,,,,,,both_detrimental,mixed,false
flexibility_only,Innovative Economical Foundations with Improved Performance that is Less Sensitive to Site Conditions,LJD03-1-ISF-17,74,,,,,,both_detrimental,mixed,false
flexibility_only,Innovative Economical Foundations with Improved Performance that is Less Sensitive to Site Conditions,LJD03-1-ISF-18,75,,,,,,both_detrimental,mixed,false
flexibility_only,Innovative Economical Foundations with Improved Performance that is Less Sensitive to Site Conditions,LJD03-1-ISF-19,76,,,,,,both_detrimental,mixed,false
flexibility_only,Innovative Economical Foundations with Improved Performance that is Less Sensitive to Site Conditions,LJD03-1-ISF-20,77,,,,,,both_detrimental,mixed,false
solver_backed_conservative,NEESR-CR: Design of Soil and Structure Compatible Yielding to Improve System Performance,MAH01-1-SDm-4,78,1.1606801396454376,0.9093021711379138,1.2249922318157653,0.25766725096295395,1.3950214598398514,both_beneficial,both_beneficial,true
solver_backed_conservative,NEESR-CR: Design of Soil and Structure Compatible Yielding to Improve System Performance,MAH01-1-SDm-5,79,1.1606801396454376,0.9093021711379137,1.2249922318157653,0.25766725096295395,5.7337598898484625,mixed,both_beneficial,false
solver_backed_conservative,NEESR-CR: Design of Soil and Structure Compatible Yielding to Improve System Performance,MAH01-1-SDm-6,80,1.1606801396454376,0.9093021711379138,1.2249922318157653,0.25766725096295395,1.584676594657916,both_beneficial,both_beneficial,true
solver_backed_conservative,NEESR-CR: Design of Soil and Structure Compatible Yielding to Improve System Performance,MAH01-1-SDm-8,81,1.1606801396454376,0.9093021711379138,1.2249922318157653,0.25766725096295395,1.347549642128353,both_beneficial,both_beneficial,true
solver_backed_conservative,NEESR-CR: Design of Soil and Structure Compatible Yielding to Improve System Performance,MAH01-1-SDm-9,82,1.1606801396454376,0.9093021711379137,1.2249922318157653,0.25766725096295395,24.12404029444663,mixed,mixed,true
solver_backed_conservative,NEESR-CR: Design of Soil and Structure Compatible Yielding to Improve System Performance,MAH01-1-SDm-10,83,1.1606801396454376,0.9093021711379137,1.2249922318157653,0.25766725096295395,18.846891971534692,mixed,mixed,true
solver_backed_conservative,NEESR-CR: Design of Soil and Structure Compatible Yielding to Improve System Performance,MAH01-1-SDm-11,84,1.0221117199049268,0.9783666310890324,1.0221117199049266,0.03545843372141411,40.05246985619446,mixed,mixed,true
solver_backed_conservative,NEESR-CR: Design of Soil and Structure Compatible Yielding to Improve System Performance,MAH01-1-SDm-12,85,1.0221117199049268,0.9783666310890325,1.0221117199049268,0.03545843372141411,41.27041818163317,mixed,mixed,true
solver_backed_conservative,NEESR-CR: Design of Soil and Structure Compatible Yielding to Improve System Performance,MAH01-1-SDm-14,86,1.9327040290391047,1.0,3.7353448638639883,1.4956875420627083,17.2093764857729,mixed,mixed,true
solver_backed_conservative,NEESR-CR: Design of Soil and Structure Compatible Yielding to Improve System Performance,MAH01-1-SDm-15,87,1.9327040290391047,1.0,3.7353448638639883,1.4956875420627083,15.307015909989708,mixed,mixed,true
solver_backed_conservative,NEESR-CR: Design of Soil and Structure Compatible Yielding to Improve System Performance,MAH01-1-SDm-16,88,1.9327040290391047,1.0,3.7353448638639883,1.4956875420627083,80.94628322582739,both_detrimental,mixed,false
solver_backed_conservative,NEESR-CR: Design of Soil and Structure Compatible Yielding to Improve System Performance,MAH01-1-SDm-17,89,1.9327040290391047,1.0,3.7353448638639883,1.4956875420627083,70.73696746283123,both_detrimental,mixed,false
solver_backed_conservative,NEESR-CR: Design of Soil and Structure Compatible Yielding to Improve System Performance,MAH01-1-SDm-18,90,1.1606801396454376,0.9093021711379138,1.2249922318157653,0.25766725096295395,0.027856323351490502,mixed,both_beneficial,false
solver_backed_conservative,NEESR-CR: Design of Soil and Structure Compatible Yielding to Improve System Performance,MAH01-1-SDm-20,91,1.1606801396454376,0.9093021711379137,1.2249922318157653,0.25766725096295395,8.368735942871533,mixed,both_beneficial,false
solver_backed_conservative,NEESR-CR: Design of Soil and Structure Compatible Yielding to Improve System Performance,MAH01-1-SDm-21,92,1.1606801396454376,0.9093021711379138,1.2249922318157653,0.25766725096295395,21.600721670857453,mixed,mixed,true
solver_backed_conservative,NEESR-CR: Design of Soil and Structure Compatible Yielding to Improve System Performance,MAH01-1-SDm-22,93,1.1606801396454376,0.9093021711379138,1.2249922318157653,0.25766725096295395,18.390280404598172,mixed,mixed,true
solver_backed_conservative,NEESR-CR: Design of Soil and Structure Compatible Yielding to Improve System Performance,MAH01-1-LDm-4,94,1.2430740431175944,0.9870641832029644,1.5252442246841649,0.3034628226234236,1.4940506924230366,both_beneficial,both_beneficial,true
solver_backed_conservative,NEESR-CR: Design of Soil and Structure Compatible Yielding to Improve System Performance,MAH01-1-LDm-5,95,1.2430740431175944,0.9870641832029644,1.5252442246841649,0.3034628226234236,6.140785773000917,mixed,both_beneficial,false
solver_backed_conservative,NEESR-CR: Design of Soil and Structure Compatible Yielding to Improve System Performance,MAH01-1-LDm-6,96,1.2430740431175944,0.9870641832029643,1.5252442246841647,0.3034628226234236,1.6971689910684515,both_beneficial,both_beneficial,true
solver_backed_conservative,NEESR-CR: Design of Soil and Structure Compatible Yielding to Improve System Performance,MAH01-1-LDm-8,97,1.2430740431175944,0.9870641832029644,1.5252442246841649,0.3034628226234236,1.4432089640595271,both_beneficial,both_beneficial,true
solver_backed_conservative,NEESR-CR: Design of Soil and Structure Compatible Yielding to Improve System Performance,MAH01-1-LDm-9,98,1.2430740431175944,0.9870641832029644,1.5252442246841649,0.3034628226234236,25.836548141773328,mixed,mixed,true
solver_backed_conservative,NEESR-CR: Design of Soil and Structure Compatible Yielding to Improve System Performance,MAH01-1-LDm-10,99,1.2430740431175944,0.9870641832029643,1.5252442246841647,0.3034628226234236,20.18478769733488,mixed,mixed,true
solver_backed_conservative,NEESR-CR: Design of Soil and Structure Compatible Yielding to Improve System Performance,MAH01-1-LDm-11,100,1.0372427346247095,0.9640944849440816,1.0372427346247095,0.046518150539765,40.64539379900387,mixed,mixed,true
solver_backed_conservative,NEESR-CR: Design of Soil and Structure Compatible Yielding to Improve System Performance,MAH01-1-LDm-12,101,1.0372427346247095,0.9640944849440818,1.0372427346247097,0.046518150539765,41.88137224158267,mixed,mixed,true
solver_backed_conservative,NEESR-CR: Design of Soil and Structure Compatible Yielding to Improve System Performance,MAH01-1-LDm-14,102,2.248768488393155,1.0,5.056959714390035,1.5595415553909968,20.023709251199172,both_detrimental,mixed,false
solver_backed_conservative,NEESR-CR: Design of Soil and Structure Compatible Yielding to Improve System Performance,MAH01-1-LDm-15,103,2.248768488393155,1.0,5.056959714390035,1.5595415553909968,17.810246428073786,both_detrimental,mixed,false
solver_backed_conservative,NEESR-CR: Design of Soil and Structure Compatible Yielding to Improve System Performance,MAH01-1-LDm-16,104,2.248768488393155,1.0,5.056959714390035,1.5595415553909968,94.18382133827747,both_detrimental,mixed,false
solver_backed_conservative,NEESR-CR: Design of Soil and Structure Compatible Yielding to Improve System Performance,MAH01-1-LDm-17,105,2.248768488393155,1.0,5.056959714390035,1.5595415553909968,82.30492667518948,both_detrimental,mixed,false
solver_backed_conservative,NEESR-CR: Design of Soil and Structure Compatible Yielding to Improve System Performance,MAH01-1-LDm-18,106,1.2430740431175944,0.9870641832029644,1.5252442246841649,0.3034628226234236,0.029833777034822265,mixed,both_beneficial,false
solver_backed_conservative,NEESR-CR: Design of Soil and Structure Compatible Yielding to Improve System Performance,MAH01-1-LDm-20,107,1.2430740431175944,0.9870641832029644,1.5252442246841649,0.3034628226234236,8.96281246568648,mixed,both_beneficial,false
solver_backed_conservative,NEESR-CR: Design of Soil and Structure Compatible Yielding to Improve System Performance,MAH01-1-LDm-21,108,1.2430740431175944,0.9870641832029644,1.5252442246841649,0.3034628226234236,23.13410517203568,both_detrimental,mixed,false
solver_backed_conservative,NEESR-CR: Design of Soil and Structure Compatible Yielding to Improve System Performance,MAH01-1-LDm-22,109,1.2430740431175944,0.9870641832029643,1.5252442246841647,0.3034628226234236,19.695762368772414,mixed,mixed,true
solver_raw_class,NEESR-CR: Design of Soil and Structure Compatible Yielding to Improve System Performance,MAH01-1-SDm-4,78,1.1606801396454376,0.9093021711379138,1.2249922318157653,0.25766725096295395,1.3950214598398514,both_beneficial,mixed,false
solver_raw_class,NEESR-CR: Design of Soil and Structure Compatible Yielding to Improve System Performance,MAH01-1-SDm-5,79,1.1606801396454376,0.9093021711379137,1.2249922318157653,0.25766725096295395,5.7337598898484625,mixed,mixed,true
solver_raw_class,NEESR-CR: Design of Soil and Structure Compatible Yielding to Improve System Performance,MAH01-1-SDm-6,80,1.1606801396454376,0.9093021711379138,1.2249922318157653,0.25766725096295395,1.584676594657916,both_beneficial,mixed,false
solver_raw_class,NEESR-CR: Design of Soil and Structure Compatible Yielding to Improve System Performance,MAH01-1-SDm-8,81,1.1606801396454376,0.9093021711379138,1.2249922318157653,0.25766725096295395,1.347549642128353,both_beneficial,mixed,false
solver_raw_class,NEESR-CR: Design of Soil and Structure Compatible Yielding to Improve System Performance,MAH01-1-SDm-9,82,1.1606801396454376,0.9093021711379137,1.2249922318157653,0.25766725096295395,24.12404029444663,mixed,mixed,true
solver_raw_class,NEESR-CR: Design of Soil and Structure Compatible Yielding to Improve System Performance,MAH01-1-SDm-10,83,1.1606801396454376,0.9093021711379137,1.2249922318157653,0.25766725096295395,18.846891971534692,mixed,mixed,true
solver_raw_class,NEESR-CR: Design of Soil and Structure Compatible Yielding to Improve System Performance,MAH01-1-SDm-11,84,1.0221117199049268,0.9783666310890324,1.0221117199049266,0.03545843372141411,40.05246985619446,mixed,mixed,true
solver_raw_class,NEESR-CR: Design of Soil and Structure Compatible Yielding to Improve System Performance,MAH01-1-SDm-12,85,1.0221117199049268,0.9783666310890325,1.0221117199049268,0.03545843372141411,41.27041818163317,mixed,mixed,true
solver_raw_class,NEESR-CR: Design of Soil and Structure Compatible Yielding to Improve System Performance,MAH01-1-SDm-14,86,1.9327040290391047,1.0,3.7353448638639883,1.4956875420627083,17.2093764857729,mixed,both_detrimental,false
solver_raw_class,NEESR-CR: Design of Soil and Structure Compatible Yielding to Improve System Performance,MAH01-1-SDm-15,87,1.9327040290391047,1.0,3.7353448638639883,1.4956875420627083,15.307015909989708,mixed,both_detrimental,false
solver_raw_class,NEESR-CR: Design of Soil and Structure Compatible Yielding to Improve System Performance,MAH01-1-SDm-16,88,1.9327040290391047,1.0,3.7353448638639883,1.4956875420627083,80.94628322582739,both_detrimental,both_detrimental,true
solver_raw_class,NEESR-CR: Design of Soil and Structure Compatible Yielding to Improve System Performance,MAH01-1-SDm-17,89,1.9327040290391047,1.0,3.7353448638639883,1.4956875420627083,70.73696746283123,both_detrimental,both_detrimental,true
solver_raw_class,NEESR-CR: Design of Soil and Structure Compatible Yielding to Improve System Performance,MAH01-1-SDm-18,90,1.1606801396454376,0.9093021711379138,1.2249922318157653,0.25766725096295395,0.027856323351490502,mixed,mixed,true
solver_raw_class,NEESR-CR: Design of Soil and Structure Compatible Yielding to Improve System Performance,MAH01-1-SDm-20,91,1.1606801396454376,0.9093021711379137,1.2249922318157653,0.25766725096295395,8.368735942871533,mixed,mixed,true
solver_raw_class,NEESR-CR: Design of Soil and Structure Compatible Yielding to Improve System Performance,MAH01-1-SDm-21,92,1.1606801396454376,0.9093021711379138,1.2249922318157653,0.25766725096295395,21.600721670857453,mixed,mixed,true
solver_raw_class,NEESR-CR: Design of Soil and Structure Compatible Yielding to Improve System Performance,MAH01-1-SDm-22,93,1.1606801396454376,0.9093021711379138,1.2249922318157653,0.25766725096295395,18.390280404598172,mixed,mixed,true
solver_raw_class,NEESR-CR: Design of Soil and Structure Compatible Yielding to Improve System Performance,MAH01-1-LDm-4,94,1.2430740431175944,0.9870641832029644,1.5252442246841649,0.3034628226234236,1.4940506924230366,both_beneficial,mixed,false
solver_raw_class,NEESR-CR: Design of Soil and Structure Compatible Yielding to Improve System Performance,MAH01-1-LDm-5,95,1.2430740431175944,0.9870641832029644,1.5252442246841649,0.3034628226234236,6.140785773000917,mixed,mixed,true
solver_raw_class,NEESR-CR: Design of Soil and Structure Compatible Yielding to Improve System Performance,MAH01-1-LDm-6,96,1.2430740431175944,0.9870641832029643,1.5252442246841647,0.3034628226234236,1.6971689910684515,both_beneficial,mixed,false
solver_raw_class,NEESR-CR: Design of Soil and Structure Compatible Yielding to Improve System Performance,MAH01-1-LDm-8,97,1.2430740431175944,0.9870641832029644,1.5252442246841649,0.3034628226234236,1.4432089640595271,both_beneficial,mixed,false
solver_raw_class,NEESR-CR: Design of Soil and Structure Compatible Yielding to Improve System Performance,MAH01-1-LDm-9,98,1.2430740431175944,0.9870641832029644,1.5252442246841649,0.3034628226234236,25.836548141773328,mixed,mixed,true
solver_raw_class,NEESR-CR: Design of Soil and Structure Compatible Yielding to Improve System Performance,MAH01-1-LDm-10,99,1.2430740431175944,0.9870641832029643,1.5252442246841647,0.3034628226234236,20.18478769733488,mixed,mixed,true
solver_raw_class,NEESR-CR: Design of Soil and Structure Compatible Yielding to Improve System Performance,MAH01-1-LDm-11,100,1.0372427346247095,0.9640944849440816,1.0372427346247095,0.046518150539765,40.64539379900387,mixed,mixed,true
solver_raw_class,NEESR-CR: Design of Soil and Structure Compatible Yielding to Improve System Performance,MAH01-1-LDm-12,101,1.0372427346247095,0.9640944849440818,1.0372427346247097,0.046518150539765,41.88137224158267,mixed,mixed,true
solver_raw_class,NEESR-CR: Design of Soil and Structure Compatible Yielding to Improve System Performance,MAH01-1-LDm-14,102,2.248768488393155,1.0,5.056959714390035,1.5595415553909968,20.023709251199172,both_detrimental,both_detrimental,true
solver_raw_class,NEESR-CR: Design of Soil and Structure Compatible Yielding to Improve System Performance,MAH01-1-LDm-15,103,2.248768488393155,1.0,5.056959714390035,1.5595415553909968,17.810246428073786,both_detrimental,both_detrimental,true
solver_raw_class,NEESR-CR: Design of Soil and Structure Compatible Yielding to Improve System Performance,MAH01-1-LDm-16,104,2.248768488393155,1.0,5.056959714390035,1.5595415553909968,94.18382133827747,both_detrimental,both_detrimental,true
solver_raw_class,NEESR-CR: Design of Soil and Structure Compatible Yielding to Improve System Performance,MAH01-1-LDm-17,105,2.248768488393155,1.0,5.056959714390035,1.5595415553909968,82.30492667518948,both_detrimental,both_detrimental,true
solver_raw_class,NEESR-CR: Design of Soil and Structure Compatible Yielding to Improve System Performance,MAH01-1-LDm-18,106,1.2430740431175944,0.9870641832029644,1.5252442246841649,0.3034628226234236,0.029833777034822265,mixed,mixed,true
solver_raw_class,NEESR-CR: Design of Soil and Structure Compatible Yielding to Improve System Performance,MAH01-1-LDm-20,107,1.2430740431175944,0.9870641832029644,1.5252442246841649,0.3034628226234236,8.96281246568648,mixed,mixed,true
solver_raw_class,NEESR-CR: Design of Soil and Structure Compatible Yielding to Improve System Performance,MAH01-1-LDm-21,108,1.2430740431175944,0.9870641832029644,1.5252442246841649,0.3034628226234236,23.13410517203568,both_detrimental,mixed,false
solver_raw_class,NEESR-CR: Design of Soil and Structure Compatible Yielding to Improve System Performance,MAH01-1-LDm-22,109,1.2430740431175944,0.9870641832029643,1.5252442246841647,0.3034628226234236,19.695762368772414,mixed,mixed,true
majority_class,NEESR-CR: Design of Soil and Structure Compatible Yielding to Improve System Performance,MAH01-1-SDm-4,78,1.1606801396454376,0.9093021711379138,1.2249922318157653,0.25766725096295395,1.3950214598398514,both_beneficial,both_detrimental,false
majority_class,NEESR-CR: Design of Soil and Structure Compatible Yielding to Improve System Performance,MAH01-1-SDm-5,79,1.1606801396454376,0.9093021711379137,1.2249922318157653,0.25766725096295395,5.7337598898484625,mixed,both_detrimental,false
majority_class,NEESR-CR: Design of Soil and Structure Compatible Yielding to Improve System Performance,MAH01-1-SDm-6,80,1.1606801396454376,0.9093021711379138,1.2249922318157653,0.25766725096295395,1.584676594657916,both_beneficial,both_detrimental,false
majority_class,NEESR-CR: Design of Soil and Structure Compatible Yielding to Improve System Performance,MAH01-1-SDm-8,81,1.1606801396454376,0.9093021711379138,1.2249922318157653,0.25766725096295395,1.347549642128353,both_beneficial,both_detrimental,false
majority_class,NEESR-CR: Design of Soil and Structure Compatible Yielding to Improve System Performance,MAH01-1-SDm-9,82,1.1606801396454376,0.9093021711379137,1.2249922318157653,0.25766725096295395,24.12404029444663,mixed,both_detrimental,false
majority_class,NEESR-CR: Design of Soil and Structure Compatible Yielding to Improve System Performance,MAH01-1-SDm-10,83,1.1606801396454376,0.9093021711379137,1.2249922318157653,0.25766725096295395,18.846891971534692,mixed,both_detrimental,false
majority_class,NEESR-CR: Design of Soil and Structure Compatible Yielding to Improve System Performance,MAH01-1-SDm-11,84,1.0221117199049268,0.9783666310890324,1.0221117199049266,0.03545843372141411,40.05246985619446,mixed,both_detrimental,false
majority_class,NEESR-CR: Design of Soil and Structure Compatible Yielding to Improve System Performance,MAH01-1-SDm-12,85,1.0221117199049268,0.9783666310890325,1.0221117199049268,0.03545843372141411,41.27041818163317,mixed,both_detrimental,false
majority_class,NEESR-CR: Design of Soil and Structure Compatible Yielding to Improve System Performance,MAH01-1-SDm-14,86,1.9327040290391047,1.0,3.7353448638639883,1.4956875420627083,17.2093764857729,mixed,both_detrimental,false
majority_class,NEESR-CR: Design of Soil and Structure Compatible Yielding to Improve System Performance,MAH01-1-SDm-15,87,1.9327040290391047,1.0,3.7353448638639883,1.4956875420627083,15.307015909989708,mixed,both_detrimental,false
majority_class,NEESR-CR: Design of Soil and Structure Compatible Yielding to Improve System Performance,MAH01-1-SDm-16,88,1.9327040290391047,1.0,3.7353448638639883,1.4956875420627083,80.94628322582739,both_detrimental,both_detrimental,true
majority_class,NEESR-CR: Design of Soil and Structure Compatible Yielding to Improve System Performance,MAH01-1-SDm-17,89,1.9327040290391047,1.0,3.7353448638639883,1.4956875420627083,70.73696746283123,both_detrimental,both_detrimental,true
majority_class,NEESR-CR: Design of Soil and Structure Compatible Yielding to Improve System Performance,MAH01-1-SDm-18,90,1.1606801396454376,0.9093021711379138,1.2249922318157653,0.25766725096295395,0.027856323351490502,mixed,both_detrimental,false
majority_class,NEESR-CR: Design of Soil and Structure Compatible Yielding to Improve System Performance,MAH01-1-SDm-20,91,1.1606801396454376,0.9093021711379137,1.2249922318157653,0.25766725096295395,8.368735942871533,mixed,both_detrimental,false
majority_class,NEESR-CR: Design of Soil and Structure Compatible Yielding to Improve System Performance,MAH01-1-SDm-21,92,1.1606801396454376,0.9093021711379138,1.2249922318157653,0.25766725096295395,21.600721670857453,mixed,both_detrimental,false
majority_class,NEESR-CR: Design of Soil and Structure Compatible Yielding to Improve System Performance,MAH01-1-SDm-22,93,1.1606801396454376,0.9093021711379138,1.2249922318157653,0.25766725096295395,18.390280404598172,mixed,both_detrimental,false
majority_class,NEESR-CR: Design of Soil and Structure Compatible Yielding to Improve System Performance,MAH01-1-LDm-4,94,1.2430740431175944,0.9870641832029644,1.5252442246841649,0.3034628226234236,1.4940506924230366,both_beneficial,both_detrimental,false
majority_class,NEESR-CR: Design of Soil and Structure Compatible Yielding to Improve System Performance,MAH01-1-LDm-5,95,1.2430740431175944,0.9870641832029644,1.5252442246841649,0.3034628226234236,6.140785773000917,mixed,both_detrimental,false
majority_class,NEESR-CR: Design of Soil and Structure Compatible Yielding to Improve System Performance,MAH01-1-LDm-6,96,1.2430740431175944,0.9870641832029643,1.5252442246841647,0.3034628226234236,1.6971689910684515,both_beneficial,both_detrimental,false
majority_class,NEESR-CR: Design of Soil and Structure Compatible Yielding to Improve System Performance,MAH01-1-LDm-8,97,1.2430740431175944,0.9870641832029644,1.5252442246841649,0.3034628226234236,1.4432089640595271,both_beneficial,both_detrimental,false
majority_class,NEESR-CR: Design of Soil and Structure Compatible Yielding to Improve System Performance,MAH01-1-LDm-9,98,1.2430740431175944,0.9870641832029644,1.5252442246841649,0.3034628226234236,25.836548141773328,mixed,both_detrimental,false
majority_class,NEESR-CR: Design of Soil and Structure Compatible Yielding to Improve System Performance,MAH01-1-LDm-10,99,1.2430740431175944,0.9870641832029643,1.5252442246841647,0.3034628226234236,20.18478769733488,mixed,both_detrimental,false
majority_class,NEESR-CR: Design of Soil and Structure Compatible Yielding to Improve System Performance,MAH01-1-LDm-11,100,1.0372427346247095,0.9640944849440816,1.0372427346247095,0.046518150539765,40.64539379900387,mixed,both_detrimental,false
majority_class,NEESR-CR: Design of Soil and Structure Compatible Yielding to Improve System Performance,MAH01-1-LDm-12,101,1.0372427346247095,0.9640944849440818,1.0372427346247097,0.046518150539765,41.88137224158267,mixed,both_detrimental,false
majority_class,NEESR-CR: Design of Soil and Structure Compatible Yielding to Improve System Performance,MAH01-1-LDm-14,102,2.248768488393155,1.0,5.056959714390035,1.5595415553909968,20.023709251199172,both_detrimental,both_detrimental,true
majority_class,NEESR-CR: Design of Soil and Structure Compatible Yielding to Improve System Performance,MAH01-1-LDm-15,103,2.248768488393155,1.0,5.056959714390035,1.5595415553909968,17.810246428073786,both_detrimental,both_detrimental,true
majority_class,NEESR-CR: Design of Soil and Structure Compatible Yielding to Improve System Performance,MAH01-1-LDm-16,104,2.248768488393155,1.0,5.056959714390035,1.5595415553909968,94.18382133827747,both_detrimental,both_detrimental,true
majority_class,NEESR-CR: Design of Soil and Structure Compatible Yielding to Improve System Performance,MAH01-1-LDm-17,105,2.248768488393155,1.0,5.056959714390035,1.5595415553909968,82.30492667518948,both_detrimental,both_detrimental,true
majority_class,NEESR-CR: Design of Soil and Structure Compatible Yielding to Improve System Performance,MAH01-1-LDm-18,106,1.2430740431175944,0.9870641832029644,1.5252442246841649,0.3034628226234236,0.029833777034822265,mixed,both_detrimental,false
majority_class,NEESR-CR: Design of Soil and Structure Compatible Yielding to Improve System Performance,MAH01-1-LDm-20,107,1.2430740431175944,0.9870641832029644,1.5252442246841649,0.3034628226234236,8.96281246568648,mixed,both_detrimental,false
majority_class,NEESR-CR: Design of Soil and Structure Compatible Yielding to Improve System Performance,MAH01-1-LDm-21,108,1.2430740431175944,0.9870641832029644,1.5252442246841649,0.3034628226234236,23.13410517203568,both_detrimental,both_detrimental,true
majority_class,NEESR-CR: Design of Soil and Structure Compatible Yielding to Improve System Performance,MAH01-1-LDm-22,109,1.2430740431175944,0.9870641832029643,1.5252442246841647,0.3034628226234236,19.695762368772414,mixed,both_detrimental,false
always_mixed,NEESR-CR: Design of Soil and Structure Compatible Yielding to Improve System Performance,MAH01-1-SDm-4,78,1.1606801396454376,0.9093021711379138,1.2249922318157653,0.25766725096295395,1.3950214598398514,both_beneficial,mixed,false
always_mixed,NEESR-CR: Design of Soil and Structure Compatible Yielding to Improve System Performance,MAH01-1-SDm-5,79,1.1606801396454376,0.9093021711379137,1.2249922318157653,0.25766725096295395,5.7337598898484625,mixed,mixed,true
always_mixed,NEESR-CR: Design of Soil and Structure Compatible Yielding to Improve System Performance,MAH01-1-SDm-6,80,1.1606801396454376,0.9093021711379138,1.2249922318157653,0.25766725096295395,1.584676594657916,both_beneficial,mixed,false
always_mixed,NEESR-CR: Design of Soil and Structure Compatible Yielding to Improve System Performance,MAH01-1-SDm-8,81,1.1606801396454376,0.9093021711379138,1.2249922318157653,0.25766725096295395,1.347549642128353,both_beneficial,mixed,false
always_mixed,NEESR-CR: Design of Soil and Structure Compatible Yielding to Improve System Performance,MAH01-1-SDm-9,82,1.1606801396454376,0.9093021711379137,1.2249922318157653,0.25766725096295395,24.12404029444663,mixed,mixed,true
always_mixed,NEESR-CR: Design of Soil and Structure Compatible Yielding to Improve System Performance,MAH01-1-SDm-10,83,1.1606801396454376,0.9093021711379137,1.2249922318157653,0.25766725096295395,18.846891971534692,mixed,mixed,true
always_mixed,NEESR-CR: Design of Soil and Structure Compatible Yielding to Improve System Performance,MAH01-1-SDm-11,84,1.0221117199049268,0.9783666310890324,1.0221117199049266,0.03545843372141411,40.05246985619446,mixed,mixed,true
always_mixed,NEESR-CR: Design of Soil and Structure Compatible Yielding to Improve System Performance,MAH01-1-SDm-12,85,1.0221117199049268,0.9783666310890325,1.0221117199049268,0.03545843372141411,41.27041818163317,mixed,mixed,true
always_mixed,NEESR-CR: Design of Soil and Structure Compatible Yielding to Improve System Performance,MAH01-1-SDm-14,86,1.9327040290391047,1.0,3.7353448638639883,1.4956875420627083,17.2093764857729,mixed,mixed,true
always_mixed,NEESR-CR: Design of Soil and Structure Compatible Yielding to Improve System Performance,MAH01-1-SDm-15,87,1.9327040290391047,1.0,3.7353448638639883,1.4956875420627083,15.307015909989708,mixed,mixed,true
always_mixed,NEESR-CR: Design of Soil and Structure Compatible Yielding to Improve System Performance,MAH01-1-SDm-16,88,1.9327040290391047,1.0,3.7353448638639883,1.4956875420627083,80.94628322582739,both_detrimental,mixed,false
always_mixed,NEESR-CR: Design of Soil and Structure Compatible Yielding to Improve System Performance,MAH01-1-SDm-17,89,1.9327040290391047,1.0,3.7353448638639883,1.4956875420627083,70.73696746283123,both_detrimental,mixed,false
always_mixed,NEESR-CR: Design of Soil and Structure Compatible Yielding to Improve System Performance,MAH01-1-SDm-18,90,1.1606801396454376,0.9093021711379138,1.2249922318157653,0.25766725096295395,0.027856323351490502,mixed,mixed,true
always_mixed,NEESR-CR: Design of Soil and Structure Compatible Yielding to Improve System Performance,MAH01-1-SDm-20,91,1.1606801396454376,0.9093021711379137,1.2249922318157653,0.25766725096295395,8.368735942871533,mixed,mixed,true
always_mixed,NEESR-CR: Design of Soil and Structure Compatible Yielding to Improve System Performance,MAH01-1-SDm-21,92,1.1606801396454376,0.9093021711379138,1.2249922318157653,0.25766725096295395,21.600721670857453,mixed,mixed,true
always_mixed,NEESR-CR: Design of Soil and Structure Compatible Yielding to Improve System Performance,MAH01-1-SDm-22,93,1.1606801396454376,0.9093021711379138,1.2249922318157653,0.25766725096295395,18.390280404598172,mixed,mixed,true
always_mixed,NEESR-CR: Design of Soil and Structure Compatible Yielding to Improve System Performance,MAH01-1-LDm-4,94,1.2430740431175944,0.9870641832029644,1.5252442246841649,0.3034628226234236,1.4940506924230366,both_beneficial,mixed,false
always_mixed,NEESR-CR: Design of Soil and Structure Compatible Yielding to Improve System Performance,MAH01-1-LDm-5,95,1.2430740431175944,0.9870641832029644,1.5252442246841649,0.3034628226234236,6.140785773000917,mixed,mixed,true
always_mixed,NEESR-CR: Design of Soil and Structure Compatible Yielding to Improve System Performance,MAH01-1-LDm-6,96,1.2430740431175944,0.9870641832029643,1.5252442246841647,0.3034628226234236,1.6971689910684515,both_beneficial,mixed,false
always_mixed,NEESR-CR: Design of Soil and Structure Compatible Yielding to Improve System Performance,MAH01-1-LDm-8,97,1.2430740431175944,0.9870641832029644,1.5252442246841649,0.3034628226234236,1.4432089640595271,both_beneficial,mixed,false
always_mixed,NEESR-CR: Design of Soil and Structure Compatible Yielding to Improve System Performance,MAH01-1-LDm-9,98,1.2430740431175944,0.9870641832029644,1.5252442246841649,0.3034628226234236,25.836548141773328,mixed,mixed,true
always_mixed,NEESR-CR: Design of Soil and Structure Compatible Yielding to Improve System Performance,MAH01-1-LDm-10,99,1.2430740431175944,0.9870641832029643,1.5252442246841647,0.3034628226234236,20.18478769733488,mixed,mixed,true
always_mixed,NEESR-CR: Design of Soil and Structure Compatible Yielding to Improve System Performance,MAH01-1-LDm-11,100,1.0372427346247095,0.9640944849440816,1.0372427346247095,0.046518150539765,40.64539379900387,mixed,mixed,true
always_mixed,NEESR-CR: Design of Soil and Structure Compatible Yielding to Improve System Performance,MAH01-1-LDm-12,101,1.0372427346247095,0.9640944849440818,1.0372427346247097,0.046518150539765,41.88137224158267,mixed,mixed,true
always_mixed,NEESR-CR: Design of Soil and Structure Compatible Yielding to Improve System Performance,MAH01-1-LDm-14,102,2.248768488393155,1.0,5.056959714390035,1.5595415553909968,20.023709251199172,both_detrimental,mixed,false
always_mixed,NEESR-CR: Design of Soil and Structure Compatible Yielding to Improve System Performance,MAH01-1-LDm-15,103,2.248768488393155,1.0,5.056959714390035,1.5595415553909968,17.810246428073786,both_detrimental,mixed,false
always_mixed,NEESR-CR: Design of Soil and Structure Compatible Yielding to Improve System Performance,MAH01-1-LDm-16,104,2.248768488393155,1.0,5.056959714390035,1.5595415553909968,94.18382133827747,both_detrimental,mixed,false
always_mixed,NEESR-CR: Design of Soil and Structure Compatible Yielding to Improve System Performance,MAH01-1-LDm-17,105,2.248768488393155,1.0,5.056959714390035,1.5595415553909968,82.30492667518948,both_detrimental,mixed,false
always_mixed,NEESR-CR: Design of Soil and Structure Compatible Yielding to Improve System Performance,MAH01-1-LDm-18,106,1.2430740431175944,0.9870641832029644,1.5252442246841649,0.3034628226234236,0.029833777034822265,mixed,mixed,true
always_mixed,NEESR-CR: Design of Soil and Structure Compatible Yielding to Improve System Performance,MAH01-1-LDm-20,107,1.2430740431175944,0.9870641832029644,1.5252442246841649,0.3034628226234236,8.96281246568648,mixed,mixed,true
always_mixed,NEESR-CR: Design of Soil and Structure Compatible Yielding to Improve System Performance,MAH01-1-LDm-21,108,1.2430740431175944,0.9870641832029644,1.5252442246841649,0.3034628226234236,23.13410517203568,both_detrimental,mixed,false
always_mixed,NEESR-CR: Design of Soil and Structure Compatible Yielding to Improve System Performance,MAH01-1-LDm-22,109,1.2430740431175944,0.9870641832029643,1.5252442246841647,0.3034628226234236,19.695762368772414,mixed,mixed,true
spectral_slope_only,NEESR-CR: Design of Soil and Structure Compatible Yielding to Improve System Performance,MAH01-1-SDm-4,78,1.1606801396454376,0.9093021711379138,1.2249922318157653,0.25766725096295395,1.3950214598398514,both_beneficial,both_beneficial,true
spectral_slope_only,NEESR-CR: Design of Soil and Structure Compatible Yielding to Improve System Performance,MAH01-1-SDm-5,79,1.1606801396454376,0.9093021711379137,1.2249922318157653,0.25766725096295395,5.7337598898484625,mixed,both_beneficial,false
spectral_slope_only,NEESR-CR: Design of Soil and Structure Compatible Yielding to Improve System Performance,MAH01-1-SDm-6,80,1.1606801396454376,0.9093021711379138,1.2249922318157653,0.25766725096295395,1.584676594657916,both_beneficial,both_beneficial,true
spectral_slope_only,NEESR-CR: Design of Soil and Structure Compatible Yielding to Improve System Performance,MAH01-1-SDm-8,81,1.1606801396454376,0.9093021711379138,1.2249922318157653,0.25766725096295395,1.347549642128353,both_beneficial,both_beneficial,true
spectral_slope_only,NEESR-CR: Design of Soil and Structure Compatible Yielding to Improve System Performance,MAH01-1-SDm-9,82,1.1606801396454376,0.9093021711379137,1.2249922318157653,0.25766725096295395,24.12404029444663,mixed,both_beneficial,false
spectral_slope_only,NEESR-CR: Design of Soil and Structure Compatible Yielding to Improve System Performance,MAH01-1-SDm-10,83,1.1606801396454376,0.9093021711379137,1.2249922318157653,0.25766725096295395,18.846891971534692,mixed,both_beneficial,false
spectral_slope_only,NEESR-CR: Design of Soil and Structure Compatible Yielding to Improve System Performance,MAH01-1-SDm-11,84,1.0221117199049268,0.9783666310890324,1.0221117199049266,0.03545843372141411,40.05246985619446,mixed,both_beneficial,false
spectral_slope_only,NEESR-CR: Design of Soil and Structure Compatible Yielding to Improve System Performance,MAH01-1-SDm-12,85,1.0221117199049268,0.9783666310890325,1.0221117199049268,0.03545843372141411,41.27041818163317,mixed,both_beneficial,false
spectral_slope_only,NEESR-CR: Design of Soil and Structure Compatible Yielding to Improve System Performance,MAH01-1-SDm-14,86,1.9327040290391047,1.0,3.7353448638639883,1.4956875420627083,17.2093764857729,mixed,both_beneficial,false
spectral_slope_only,NEESR-CR: Design of Soil and Structure Compatible Yielding to Improve System Performance,MAH01-1-SDm-15,87,1.9327040290391047,1.0,3.7353448638639883,1.4956875420627083,15.307015909989708,mixed,both_beneficial,false
spectral_slope_only,NEESR-CR: Design of Soil and Structure Compatible Yielding to Improve System Performance,MAH01-1-SDm-16,88,1.9327040290391047,1.0,3.7353448638639883,1.4956875420627083,80.94628322582739,both_detrimental,both_beneficial,false
spectral_slope_only,NEESR-CR: Design of Soil and Structure Compatible Yielding to Improve System Performance,MAH01-1-SDm-17,89,1.9327040290391047,1.0,3.7353448638639883,1.4956875420627083,70.73696746283123,both_detrimental,both_beneficial,false
spectral_slope_only,NEESR-CR: Design of Soil and Structure Compatible Yielding to Improve System Performance,MAH01-1-SDm-18,90,1.1606801396454376,0.9093021711379138,1.2249922318157653,0.25766725096295395,0.027856323351490502,mixed,both_beneficial,false
spectral_slope_only,NEESR-CR: Design of Soil and Structure Compatible Yielding to Improve System Performance,MAH01-1-SDm-20,91,1.1606801396454376,0.9093021711379137,1.2249922318157653,0.25766725096295395,8.368735942871533,mixed,both_beneficial,false
spectral_slope_only,NEESR-CR: Design of Soil and Structure Compatible Yielding to Improve System Performance,MAH01-1-SDm-21,92,1.1606801396454376,0.9093021711379138,1.2249922318157653,0.25766725096295395,21.600721670857453,mixed,both_beneficial,false
spectral_slope_only,NEESR-CR: Design of Soil and Structure Compatible Yielding to Improve System Performance,MAH01-1-SDm-22,93,1.1606801396454376,0.9093021711379138,1.2249922318157653,0.25766725096295395,18.390280404598172,mixed,both_beneficial,false
spectral_slope_only,NEESR-CR: Design of Soil and Structure Compatible Yielding to Improve System Performance,MAH01-1-LDm-4,94,1.2430740431175944,0.9870641832029644,1.5252442246841649,0.3034628226234236,1.4940506924230366,both_beneficial,both_beneficial,true
spectral_slope_only,NEESR-CR: Design of Soil and Structure Compatible Yielding to Improve System Performance,MAH01-1-LDm-5,95,1.2430740431175944,0.9870641832029644,1.5252442246841649,0.3034628226234236,6.140785773000917,mixed,both_beneficial,false
spectral_slope_only,NEESR-CR: Design of Soil and Structure Compatible Yielding to Improve System Performance,MAH01-1-LDm-6,96,1.2430740431175944,0.9870641832029643,1.5252442246841647,0.3034628226234236,1.6971689910684515,both_beneficial,both_beneficial,true
spectral_slope_only,NEESR-CR: Design of Soil and Structure Compatible Yielding to Improve System Performance,MAH01-1-LDm-8,97,1.2430740431175944,0.9870641832029644,1.5252442246841649,0.3034628226234236,1.4432089640595271,both_beneficial,both_beneficial,true
spectral_slope_only,NEESR-CR: Design of Soil and Structure Compatible Yielding to Improve System Performance,MAH01-1-LDm-9,98,1.2430740431175944,0.9870641832029644,1.5252442246841649,0.3034628226234236,25.836548141773328,mixed,both_beneficial,false
spectral_slope_only,NEESR-CR: Design of Soil and Structure Compatible Yielding to Improve System Performance,MAH01-1-LDm-10,99,1.2430740431175944,0.9870641832029643,1.5252442246841647,0.3034628226234236,20.18478769733488,mixed,both_beneficial,false
spectral_slope_only,NEESR-CR: Design of Soil and Structure Compatible Yielding to Improve System Performance,MAH01-1-LDm-11,100,1.0372427346247095,0.9640944849440816,1.0372427346247095,0.046518150539765,40.64539379900387,mixed,both_beneficial,false
spectral_slope_only,NEESR-CR: Design of Soil and Structure Compatible Yielding to Improve System Performance,MAH01-1-LDm-12,101,1.0372427346247095,0.9640944849440818,1.0372427346247097,0.046518150539765,41.88137224158267,mixed,both_beneficial,false
spectral_slope_only,NEESR-CR: Design of Soil and Structure Compatible Yielding to Improve System Performance,MAH01-1-LDm-14,102,2.248768488393155,1.0,5.056959714390035,1.5595415553909968,20.023709251199172,both_detrimental,both_beneficial,false
spectral_slope_only,NEESR-CR: Design of Soil and Structure Compatible Yielding to Improve System Performance,MAH01-1-LDm-15,103,2.248768488393155,1.0,5.056959714390035,1.5595415553909968,17.810246428073786,both_detrimental,both_beneficial,false
spectral_slope_only,NEESR-CR: Design of Soil and Structure Compatible Yielding to Improve System Performance,MAH01-1-LDm-16,104,2.248768488393155,1.0,5.056959714390035,1.5595415553909968,94.18382133827747,both_detrimental,both_beneficial,false
spectral_slope_only,NEESR-CR: Design of Soil and Structure Compatible Yielding to Improve System Performance,MAH01-1-LDm-17,105,2.248768488393155,1.0,5.056959714390035,1.5595415553909968,82.30492667518948,both_detrimental,both_beneficial,false
spectral_slope_only,NEESR-CR: Design of Soil and Structure Compatible Yielding to Improve System Performance,MAH01-1-LDm-18,106,1.2430740431175944,0.9870641832029644,1.5252442246841649,0.3034628226234236,0.029833777034822265,mixed,both_beneficial,false
spectral_slope_only,NEESR-CR: Design of Soil and Structure Compatible Yielding to Improve System Performance,MAH01-1-LDm-20,107,1.2430740431175944,0.9870641832029644,1.5252442246841649,0.3034628226234236,8.96281246568648,mixed,both_beneficial,false
spectral_slope_only,NEESR-CR: Design of Soil and Structure Compatible Yielding to Improve System Performance,MAH01-1-LDm-21,108,1.2430740431175944,0.9870641832029644,1.5252442246841649,0.3034628226234236,23.13410517203568,both_detrimental,both_beneficial,false
spectral_slope_only,NEESR-CR: Design of Soil and Structure Compatible Yielding to Improve System Performance,MAH01-1-LDm-22,109,1.2430740431175944,0.9870641832029643,1.5252442246841647,0.3034628226234236,19.695762368772414,mixed,both_beneficial,false
flexibility_only,NEESR-CR: Design of Soil and Structure Compatible Yielding to Improve System Performance,MAH01-1-SDm-4,78,1.1606801396454376,0.9093021711379138,1.2249922318157653,0.25766725096295395,1.3950214598398514,both_beneficial,mixed,false
flexibility_only,NEESR-CR: Design of Soil and Structure Compatible Yielding to Improve System Performance,MAH01-1-SDm-5,79,1.1606801396454376,0.9093021711379137,1.2249922318157653,0.25766725096295395,5.7337598898484625,mixed,mixed,true
flexibility_only,NEESR-CR: Design of Soil and Structure Compatible Yielding to Improve System Performance,MAH01-1-SDm-6,80,1.1606801396454376,0.9093021711379138,1.2249922318157653,0.25766725096295395,1.584676594657916,both_beneficial,mixed,false
flexibility_only,NEESR-CR: Design of Soil and Structure Compatible Yielding to Improve System Performance,MAH01-1-SDm-8,81,1.1606801396454376,0.9093021711379138,1.2249922318157653,0.25766725096295395,1.347549642128353,both_beneficial,mixed,false
flexibility_only,NEESR-CR: Design of Soil and Structure Compatible Yielding to Improve System Performance,MAH01-1-SDm-9,82,1.1606801396454376,0.9093021711379137,1.2249922318157653,0.25766725096295395,24.12404029444663,mixed,mixed,true
flexibility_only,NEESR-CR: Design of Soil and Structure Compatible Yielding to Improve System Performance,MAH01-1-SDm-10,83,1.1606801396454376,0.9093021711379137,1.2249922318157653,0.25766725096295395,18.846891971534692,mixed,mixed,true
flexibility_only,NEESR-CR: Design of Soil and Structure Compatible Yielding to Improve System Performance,MAH01-1-SDm-11,84,1.0221117199049268,0.9783666310890324,1.0221117199049266,0.03545843372141411,40.05246985619446,mixed,mixed,true
flexibility_only,NEESR-CR: Design of Soil and Structure Compatible Yielding to Improve System Performance,MAH01-1-SDm-12,85,1.0221117199049268,0.9783666310890325,1.0221117199049268,0.03545843372141411,41.27041818163317,mixed,mixed,true
flexibility_only,NEESR-CR: Design of Soil and Structure Compatible Yielding to Improve System Performance,MAH01-1-SDm-14,86,1.9327040290391047,1.0,3.7353448638639883,1.4956875420627083,17.2093764857729,mixed,mixed,true
flexibility_only,NEESR-CR: Design of Soil and Structure Compatible Yielding to Improve System Performance,MAH01-1-SDm-15,87,1.9327040290391047,1.0,3.7353448638639883,1.4956875420627083,15.307015909989708,mixed,mixed,true
flexibility_only,NEESR-CR: Design of Soil and Structure Compatible Yielding to Improve System Performance,MAH01-1-SDm-16,88,1.9327040290391047,1.0,3.7353448638639883,1.4956875420627083,80.94628322582739,both_detrimental,mixed,false
flexibility_only,NEESR-CR: Design of Soil and Structure Compatible Yielding to Improve System Performance,MAH01-1-SDm-17,89,1.9327040290391047,1.0,3.7353448638639883,1.4956875420627083,70.73696746283123,both_detrimental,mixed,false
flexibility_only,NEESR-CR: Design of Soil and Structure Compatible Yielding to Improve System Performance,MAH01-1-SDm-18,90,1.1606801396454376,0.9093021711379138,1.2249922318157653,0.25766725096295395,0.027856323351490502,mixed,mixed,true
flexibility_only,NEESR-CR: Design of Soil and Structure Compatible Yielding to Improve System Performance,MAH01-1-SDm-20,91,1.1606801396454376,0.9093021711379137,1.2249922318157653,0.25766725096295395,8.368735942871533,mixed,mixed,true
flexibility_only,NEESR-CR: Design of Soil and Structure Compatible Yielding to Improve System Performance,MAH01-1-SDm-21,92,1.1606801396454376,0.9093021711379138,1.2249922318157653,0.25766725096295395,21.600721670857453,mixed,mixed,true
flexibility_only,NEESR-CR: Design of Soil and Structure Compatible Yielding to Improve System Performance,MAH01-1-SDm-22,93,1.1606801396454376,0.9093021711379138,1.2249922318157653,0.25766725096295395,18.390280404598172,mixed,mixed,true
flexibility_only,NEESR-CR: Design of Soil and Structure Compatible Yielding to Improve System Performance,MAH01-1-LDm-4,94,1.2430740431175944,0.9870641832029644,1.5252442246841649,0.3034628226234236,1.4940506924230366,both_beneficial,mixed,false
flexibility_only,NEESR-CR: Design of Soil and Structure Compatible Yielding to Improve System Performance,MAH01-1-LDm-5,95,1.2430740431175944,0.9870641832029644,1.5252442246841649,0.3034628226234236,6.140785773000917,mixed,mixed,true
flexibility_only,NEESR-CR: Design of Soil and Structure Compatible Yielding to Improve System Performance,MAH01-1-LDm-6,96,1.2430740431175944,0.9870641832029643,1.5252442246841647,0.3034628226234236,1.6971689910684515,both_beneficial,mixed,false
flexibility_only,NEESR-CR: Design of Soil and Structure Compatible Yielding to Improve System Performance,MAH01-1-LDm-8,97,1.2430740431175944,0.9870641832029644,1.5252442246841649,0.3034628226234236,1.4432089640595271,both_beneficial,mixed,false
flexibility_only,NEESR-CR: Design of Soil and Structure Compatible Yielding to Improve System Performance,MAH01-1-LDm-9,98,1.2430740431175944,0.9870641832029644,1.5252442246841649,0.3034628226234236,25.836548141773328,mixed,mixed,true
flexibility_only,NEESR-CR: Design of Soil and Structure Compatible Yielding to Improve System Performance,MAH01-1-LDm-10,99,1.2430740431175944,0.9870641832029643,1.5252442246841647,0.3034628226234236,20.18478769733488,mixed,mixed,true
flexibility_only,NEESR-CR: Design of Soil and Structure Compatible Yielding to Improve System Performance,MAH01-1-LDm-11,100,1.0372427346247095,0.9640944849440816,1.0372427346247095,0.046518150539765,40.64539379900387,mixed,mixed,true
flexibility_only,NEESR-CR: Design of Soil and Structure Compatible Yielding to Improve System Performance,MAH01-1-LDm-12,101,1.0372427346247095,0.9640944849440818,1.0372427346247097,0.046518150539765,41.88137224158267,mixed,mixed,true
flexibility_only,NEESR-CR: Design of Soil and Structure Compatible Yielding to Improve System Performance,MAH01-1-LDm-14,102,2.248768488393155,1.0,5.056959714390035,1.5595415553909968,20.023709251199172,both_detrimental,both_detrimental,true
flexibility_only,NEESR-CR: Design of Soil and Structure Compatible Yielding to Improve System Performance,MAH01-1-LDm-15,103,2.248768488393155,1.0,5.056959714390035,1.5595415553909968,17.810246428073786,both_detrimental,both_detrimental,true
flexibility_only,NEESR-CR: Design of Soil and Structure Compatible Yielding to Improve System Performance,MAH01-1-LDm-16,104,2.248768488393155,1.0,5.056959714390035,1.5595415553909968,94.18382133827747,both_detrimental,both_detrimental,true
flexibility_only,NEESR-CR: Design of Soil and Structure Compatible Yielding to Improve System Performance,MAH01-1-LDm-17,105,2.248768488393155,1.0,5.056959714390035,1.5595415553909968,82.30492667518948,both_detrimental,both_detrimental,true
flexibility_only,NEESR-CR: Design of Soil and Structure Compatible Yielding to Improve System Performance,MAH01-1-LDm-18,106,1.2430740431175944,0.9870641832029644,1.5252442246841649,0.3034628226234236,0.029833777034822265,mixed,mixed,true
flexibility_only,NEESR-CR: Design of Soil and Structure Compatible Yielding to Improve System Performance,MAH01-1-LDm-20,107,1.2430740431175944,0.9870641832029644,1.5252442246841649,0.3034628226234236,8.96281246568648,mixed,mixed,true
flexibility_only,NEESR-CR: Design of Soil and Structure Compatible Yielding to Improve System Performance,MAH01-1-LDm-21,108,1.2430740431175944,0.9870641832029644,1.5252442246841649,0.3034628226234236,23.13410517203568,both_detrimental,mixed,false
flexibility_only,NEESR-CR: Design of Soil and Structure Compatible Yielding to Improve System Performance,MAH01-1-LDm-22,109,1.2430740431175944,0.9870641832029643,1.5252442246841647,0.3034628226234236,19.695762368772414,mixed,mixed,true
solver_backed_conservative,Performance of Shallow Foundations,SSG03-1-SHW-3,1,4.110960958218899,1.0,16.900000000000052,4.78609378187523,4.841067624398575,both_beneficial,mixed,false
solver_backed_conservative,Performance of Shallow Foundations,SSG03-1-SHW-4,2,4.110960958218899,1.0,16.900000000000052,4.78609378187523,76.5460930420359,mixed,mixed,true
solver_backed_conservative,Performance of Shallow Foundations,SSG03-1-SHW-5,3,4.110960958218899,1.0,16.900000000000052,4.78609378187523,227.51250121461268,mixed,mixed,true
solver_backed_conservative,Performance of Shallow Foundations,SSG03-1-DSW-3,4,5.000000000000012,1.0,25.000000000000124,6.153846153846173,5.888000000000014,both_beneficial,mixed,false
solver_backed_conservative,Performance of Shallow Foundations,SSG03-1-DSW-4,5,5.000000000000012,1.0,25.000000000000124,6.153846153846173,93.10000000000024,mixed,mixed,true
solver_backed_conservative,Performance of Shallow Foundations,SSG03-1-DSW-5,6,5.000000000000012,1.0,25.000000000000124,6.153846153846173,276.71450000000067,mixed,mixed,true
solver_backed_conservative,Performance of Shallow Foundations,SSG04-1-SHW-3,7,2.073644135332772,1.0,4.299999999999999,1.6517602082042644,2.643896272549284,both_beneficial,mixed,false
solver_backed_conservative,Performance of Shallow Foundations,SSG04-1-SHW-4,8,2.073644135332772,1.0,4.299999999999999,1.6517602082042644,41.113934906829336,mixed,mixed,true
solver_backed_conservative,Performance of Shallow Foundations,SSG04-1-DSW-3,9,2.645751311064592,1.0,7.000000000000008,2.5319250939455262,3.43947670438397,both_beneficial,mixed,false
solver_backed_conservative,Performance of Shallow Foundations,SSG04-1-DSW-4,10,2.645751311064592,1.0,7.000000000000008,2.5319250939455262,46.37896218243788,mixed,mixed,true
solver_backed_conservative,Performance of Shallow Foundations,SSG04-1-DSW-5,11,2.645751311064592,1.0,7.000000000000008,2.5319250939455262,91.50013419159563,mixed,mixed,true
solver_raw_class,Performance of Shallow Foundations,SSG03-1-SHW-3,1,4.110960958218899,1.0,16.900000000000052,4.78609378187523,4.841067624398575,both_beneficial,both_detrimental,false
solver_raw_class,Performance of Shallow Foundations,SSG03-1-SHW-4,2,4.110960958218899,1.0,16.900000000000052,4.78609378187523,76.5460930420359,mixed,both_detrimental,false
solver_raw_class,Performance of Shallow Foundations,SSG03-1-SHW-5,3,4.110960958218899,1.0,16.900000000000052,4.78609378187523,227.51250121461268,mixed,both_detrimental,false
solver_raw_class,Performance of Shallow Foundations,SSG03-1-DSW-3,4,5.000000000000012,1.0,25.000000000000124,6.153846153846173,5.888000000000014,both_beneficial,both_detrimental,false
solver_raw_class,Performance of Shallow Foundations,SSG03-1-DSW-4,5,5.000000000000012,1.0,25.000000000000124,6.153846153846173,93.10000000000024,mixed,both_detrimental,false
solver_raw_class,Performance of Shallow Foundations,SSG03-1-DSW-5,6,5.000000000000012,1.0,25.000000000000124,6.153846153846173,276.71450000000067,mixed,both_detrimental,false
solver_raw_class,Performance of Shallow Foundations,SSG04-1-SHW-3,7,2.073644135332772,1.0,4.299999999999999,1.6517602082042644,2.643896272549284,both_beneficial,both_detrimental,false
solver_raw_class,Performance of Shallow Foundations,SSG04-1-SHW-4,8,2.073644135332772,1.0,4.299999999999999,1.6517602082042644,41.113934906829336,mixed,both_detrimental,false
solver_raw_class,Performance of Shallow Foundations,SSG04-1-DSW-3,9,2.645751311064592,1.0,7.000000000000008,2.5319250939455262,3.43947670438397,both_beneficial,both_detrimental,false
solver_raw_class,Performance of Shallow Foundations,SSG04-1-DSW-4,10,2.645751311064592,1.0,7.000000000000008,2.5319250939455262,46.37896218243788,mixed,both_detrimental,false
solver_raw_class,Performance of Shallow Foundations,SSG04-1-DSW-5,11,2.645751311064592,1.0,7.000000000000008,2.5319250939455262,91.50013419159563,mixed,both_detrimental,false
majority_class,Performance of Shallow Foundations,SSG03-1-SHW-3,1,4.110960958218899,1.0,16.900000000000052,4.78609378187523,4.841067624398575,both_beneficial,mixed,false
majority_class,Performance of Shallow Foundations,SSG03-1-SHW-4,2,4.110960958218899,1.0,16.900000000000052,4.78609378187523,76.5460930420359,mixed,mixed,true
majority_class,Performance of Shallow Foundations,SSG03-1-SHW-5,3,4.110960958218899,1.0,16.900000000000052,4.78609378187523,227.51250121461268,mixed,mixed,true
majority_class,Performance of Shallow Foundations,SSG03-1-DSW-3,4,5.000000000000012,1.0,25.000000000000124,6.153846153846173,5.888000000000014,both_beneficial,mixed,false
majority_class,Performance of Shallow Foundations,SSG03-1-DSW-4,5,5.000000000000012,1.0,25.000000000000124,6.153846153846173,93.10000000000024,mixed,mixed,true
majority_class,Performance of Shallow Foundations,SSG03-1-DSW-5,6,5.000000000000012,1.0,25.000000000000124,6.153846153846173,276.71450000000067,mixed,mixed,true
majority_class,Performance of Shallow Foundations,SSG04-1-SHW-3,7,2.073644135332772,1.0,4.299999999999999,1.6517602082042644,2.643896272549284,both_beneficial,mixed,false
majority_class,Performance of Shallow Foundations,SSG04-1-SHW-4,8,2.073644135332772,1.0,4.299999999999999,1.6517602082042644,41.113934906829336,mixed,mixed,true
majority_class,Performance of Shallow Foundations,SSG04-1-DSW-3,9,2.645751311064592,1.0,7.000000000000008,2.5319250939455262,3.43947670438397,both_beneficial,mixed,false
majority_class,Performance of Shallow Foundations,SSG04-1-DSW-4,10,2.645751311064592,1.0,7.000000000000008,2.5319250939455262,46.37896218243788,mixed,mixed,true
majority_class,Performance of Shallow Foundations,SSG04-1-DSW-5,11,2.645751311064592,1.0,7.000000000000008,2.5319250939455262,91.50013419159563,mixed,mixed,true
always_mixed,Performance of Shallow Foundations,SSG03-1-SHW-3,1,4.110960958218899,1.0,16.900000000000052,4.78609378187523,4.841067624398575,both_beneficial,mixed,false
always_mixed,Performance of Shallow Foundations,SSG03-1-SHW-4,2,4.110960958218899,1.0,16.900000000000052,4.78609378187523,76.5460930420359,mixed,mixed,true
always_mixed,Performance of Shallow Foundations,SSG03-1-SHW-5,3,4.110960958218899,1.0,16.900000000000052,4.78609378187523,227.51250121461268,mixed,mixed,true
always_mixed,Performance of Shallow Foundations,SSG03-1-DSW-3,4,5.000000000000012,1.0,25.000000000000124,6.153846153846173,5.888000000000014,both_beneficial,mixed,false
always_mixed,Performance of Shallow Foundations,SSG03-1-DSW-4,5,5.000000000000012,1.0,25.000000000000124,6.153846153846173,93.10000000000024,mixed,mixed,true
always_mixed,Performance of Shallow Foundations,SSG03-1-DSW-5,6,5.000000000000012,1.0,25.000000000000124,6.153846153846173,276.71450000000067,mixed,mixed,true
always_mixed,Performance of Shallow Foundations,SSG04-1-SHW-3,7,2.073644135332772,1.0,4.299999999999999,1.6517602082042644,2.643896272549284,both_beneficial,mixed,false
always_mixed,Performance of Shallow Foundations,SSG04-1-SHW-4,8,2.073644135332772,1.0,4.299999999999999,1.6517602082042644,41.113934906829336,mixed,mixed,true
always_mixed,Performance of Shallow Foundations,SSG04-1-DSW-3,9,2.645751311064592,1.0,7.000000000000008,2.5319250939455262,3.43947670438397,both_beneficial,mixed,false
always_mixed,Performance of Shallow Foundations,SSG04-1-DSW-4,10,2.645751311064592,1.0,7.000000000000008,2.5319250939455262,46.37896218243788,mixed,mixed,true
always_mixed,Performance of Shallow Foundations,SSG04-1-DSW-5,11,2.645751311064592,1.0,7.000000000000008,2.5319250939455262,91.50013419159563,mixed,mixed,true
spectral_slope_only,Performance of Shallow Foundations,SSG03-1-SHW-3,1,4.110960958218899,1.0,16.900000000000052,4.78609378187523,4.841067624398575,both_beneficial,mixed,false
spectral_slope_only,Performance of Shallow Foundations,SSG03-1-SHW-4,2,4.110960958218899,1.0,16.900000000000052,4.78609378187523,76.5460930420359,mixed,mixed,true
spectral_slope_only,Performance of Shallow Foundations,SSG03-1-SHW-5,3,4.110960958218899,1.0,16.900000000000052,4.78609378187523,227.51250121461268,mixed,mixed,true
spectral_slope_only,Performance of Shallow Foundations,SSG03-1-DSW-3,4,5.000000000000012,1.0,25.000000000000124,6.153846153846173,5.888000000000014,both_beneficial,mixed,false
spectral_slope_only,Performance of Shallow Foundations,SSG03-1-DSW-4,5,5.000000000000012,1.0,25.000000000000124,6.153846153846173,93.10000000000024,mixed,mixed,true
spectral_slope_only,Performance of Shallow Foundations,SSG03-1-DSW-5,6,5.000000000000012,1.0,25.000000000000124,6.153846153846173,276.71450000000067,mixed,mixed,true
spectral_slope_only,Performance of Shallow Foundations,SSG04-1-SHW-3,7,2.073644135332772,1.0,4.299999999999999,1.6517602082042644,2.643896272549284,both_beneficial,mixed,false
spectral_slope_only,Performance of Shallow Foundations,SSG04-1-SHW-4,8,2.073644135332772,1.0,4.299999999999999,1.6517602082042644,41.113934906829336,mixed,mixed,true
spectral_slope_only,Performance of Shallow Foundations,SSG04-1-DSW-3,9,2.645751311064592,1.0,7.000000000000008,2.5319250939455262,3.43947670438397,both_beneficial,mixed,false
spectral_slope_only,Performance of Shallow Foundations,SSG04-1-DSW-4,10,2.645751311064592,1.0,7.000000000000008,2.5319250939455262,46.37896218243788,mixed,mixed,true
spectral_slope_only,Performance of Shallow Foundations,SSG04-1-DSW-5,11,2.645751311064592,1.0,7.000000000000008,2.5319250939455262,91.50013419159563,mixed,mixed,true
flexibility_only,Performance of Shallow Foundations,SSG03-1-SHW-3,1,4.110960958218899,1.0,16.900000000000052,4.78609378187523,4.841067624398575,both_beneficial,mixed,false
flexibility_only,Performance of Shallow Foundations,SSG03-1-SHW-4,2,4.110960958218899,1.0,16.900000000000052,4.78609378187523,76.5460930420359,mixed,mixed,true
flexibility_only,Performance of Shallow Foundations,SSG03-1-SHW-5,3,4.110960958218899,1.0,16.900000000000052,4.78609378187523,227.51250121461268,mixed,mixed,true
flexibility_only,Performance of Shallow Foundations,SSG03-1-DSW-3,4,5.000000000000012,1.0,25.000000000000124,6.153846153846173,5.888000000000014,both_beneficial,mixed,false
flexibility_only,Performance of Shallow Foundations,SSG03-1-DSW-4,5,5.000000000000012,1.0,25.000000000000124,6.153846153846173,93.10000000000024,mixed,mixed,true
flexibility_only,Performance of Shallow Foundations,SSG03-1-DSW-5,6,5.000000000000012,1.0,25.000000000000124,6.153846153846173,276.71450000000067,mixed,mixed,true
flexibility_only,Performance of Shallow Foundations,SSG04-1-SHW-3,7,2.073644135332772,1.0,4.299999999999999,1.6517602082042644,2.643896272549284,both_beneficial,both_beneficial,true
flexibility_only,Performance of Shallow Foundations,SSG04-1-SHW-4,8,2.073644135332772,1.0,4.299999999999999,1.6517602082042644,41.113934906829336,mixed,both_beneficial,false
flexibility_only,Performance of Shallow Foundations,SSG04-1-DSW-3,9,2.645751311064592,1.0,7.000000000000008,2.5319250939455262,3.43947670438397,both_beneficial,mixed,false
flexibility_only,Performance of Shallow Foundations,SSG04-1-DSW-4,10,2.645751311064592,1.0,7.000000000000008,2.5319250939455262,46.37896218243788,mixed,mixed,true
flexibility_only,Performance of Shallow Foundations,SSG04-1-DSW-5,11,2.645751311064592,1.0,7.000000000000008,2.5319250939455262,91.50013419159563,mixed,mixed,true
solver_backed_conservative,Soil-Foundation-Structure Systems Beyond Conventional Seismic Failure Thresholds: Application to New or Existing Structures and Monuments,S2011SQF1-1-LS-2,111,6.557438524301982,1.0,42.99999999999975,27.787192621509906,20.16379559030238,both_detrimental,mixed,false
solver_backed_conservative,Soil-Foundation-Structure Systems Beyond Conventional Seismic Failure Thresholds: Application to New or Existing Structures and Monuments,S2011SQF1-1-LS-3,112,6.557438524301982,1.0,42.99999999999975,27.787192621509906,5.5830031595907075,both_detrimental,mixed,false
solver_backed_conservative,Soil-Foundation-Structure Systems Beyond Conventional Seismic Failure Thresholds: Application to New or Existing Structures and Monuments,S2011SQF1-1-LS-4,113,6.557438524301982,1.0,42.99999999999975,27.787192621509906,27.536913892642286,both_detrimental,mixed,false
solver_backed_conservative,Soil-Foundation-Structure Systems Beyond Conventional Seismic Failure Thresholds: Application to New or Existing Structures and Monuments,S2011SQF1-1-LS-5,114,6.557438524301982,1.0,42.99999999999975,27.787192621509906,149.9455368671808,both_detrimental,mixed,false
solver_backed_conservative,Soil-Foundation-Structure Systems Beyond Conventional Seismic Failure Thresholds: Application to New or Existing Structures and Monuments,S2011SQF1-1-LS-6,115,6.557438524301982,1.0,42.99999999999975,27.787192621509906,21.75836791625689,both_detrimental,mixed,false
solver_backed_conservative,Soil-Foundation-Structure Systems Beyond Conventional Seismic Failure Thresholds: Application to New or Existing Structures and Monuments,S2011SQF1-2-LS-1,116,6.557438524301982,1.0,42.99999999999975,27.787192621509906,17.4077697529235,both_beneficial,mixed,false
solver_backed_conservative,Soil-Foundation-Structure Systems Beyond Conventional Seismic Failure Thresholds: Application to New or Existing Structures and Monuments,S2011SQF1-2-LS-2,117,6.557438524301982,1.0,42.99999999999975,27.787192621509906,12.727594729358687,both_detrimental,mixed,false
solver_backed_conservative,Soil-Foundation-Structure Systems Beyond Conventional Seismic Failure Thresholds: Application to New or Existing Structures and Monuments,S2011SQF1-2-LS-3,118,6.557438524301982,1.0,42.99999999999975,27.787192621509906,20.516389059754097,both_detrimental,mixed,false
solver_backed_conservative,Soil-Foundation-Structure Systems Beyond Conventional Seismic Failure Thresholds: Application to New or Existing Structures and Monuments,S2011SQF1-2-LS-4,119,6.557438524301982,1.0,42.99999999999975,27.787192621509906,46.26731899591749,both_detrimental,mixed,false
solver_backed_conservative,Soil-Foundation-Structure Systems Beyond Conventional Seismic Failure Thresholds: Application to New or Existing Structures and Monuments,S2011SQF1-2-LS-5,120,6.557438524301982,1.0,42.99999999999975,27.787192621509906,195.8502950870896,both_detrimental,mixed,false
solver_backed_conservative,Soil-Foundation-Structure Systems Beyond Conventional Seismic Failure Thresholds: Application to New or Existing Structures and Monuments,S2011SQF1-3-LS-1,121,4.494441010848845,1.0,20.199999999999985,17.47220505424422,3.973130798000487,mixed,mixed,true
solver_backed_conservative,Soil-Foundation-Structure Systems Beyond Conventional Seismic Failure Thresholds: Application to New or Existing Structures and Monuments,S2011SQF1-4-LS-1,122,4.494441010848845,1.0,20.199999999999985,17.47220505424422,13.810293616085788,mixed,mixed,true
solver_backed_conservative,Soil-Foundation-Structure Systems Beyond Conventional Seismic Failure Thresholds: Application to New or Existing Structures and Monuments,S2011SQF1-4-LS-2,123,4.494441010848845,1.0,20.199999999999985,17.47220505424422,9.668306669307709,mixed,mixed,true
solver_backed_conservative,Soil-Foundation-Structure Systems Beyond Conventional Seismic Failure Thresholds: Application to New or Existing Structures and Monuments,S2011SQF1-5-LS-1,124,5.779273310719977,1.0,33.40000000000024,23.896366553599883,5.067844766170348,mixed,mixed,true
solver_backed_conservative,Soil-Foundation-Structure Systems Beyond Conventional Seismic Failure Thresholds: Application to New or Existing Structures and Monuments,S2011SQF1-5-LS-2,125,5.779273310719977,1.0,33.40000000000024,23.896366553599883,20.117765980082453,both_detrimental,mixed,false
solver_backed_conservative,Soil-Foundation-Structure Systems Beyond Conventional Seismic Failure Thresholds: Application to New or Existing Structures and Monuments,S2011SQF1-5-LS-3,126,5.779273310719977,1.0,33.40000000000024,23.896366553599883,5.139970097088133,both_detrimental,mixed,false
solver_backed_conservative,Soil-Foundation-Structure Systems Beyond Conventional Seismic Failure Thresholds: Application to New or Existing Structures and Monuments,S2011SQF1-5-LS-4,127,5.779273310719977,1.0,33.40000000000024,23.896366553599883,24.24260672014262,both_detrimental,mixed,false
solver_backed_conservative,Soil-Foundation-Structure Systems Beyond Conventional Seismic Failure Thresholds: Application to New or Existing Structures and Monuments,S2011SQF1-5-LS-5,128,5.779273310719977,1.0,33.40000000000024,23.896366553599883,147.1460777642413,both_detrimental,mixed,false
solver_backed_conservative,Soil-Foundation-Structure Systems Beyond Conventional Seismic Failure Thresholds: Application to New or Existing Structures and Monuments,S2011SQF1-5-LS-6,129,5.779273310719977,1.0,33.40000000000024,23.896366553599883,18.366530581468087,both_detrimental,mixed,false
solver_backed_conservative,Soil-Foundation-Structure Systems Beyond Conventional Seismic Failure Thresholds: Application to New or Existing Structures and Monuments,S2011SQF1-6-LS-1,130,5.779273310719977,1.0,33.40000000000024,23.896366553599883,17.438957215097528,mixed,mixed,true
solver_backed_conservative,Soil-Foundation-Structure Systems Beyond Conventional Seismic Failure Thresholds: Application to New or Existing Structures and Monuments,S2011SQF1-6-LS-2,131,5.779273310719977,1.0,33.40000000000024,23.896366553599883,11.990836265081809,both_detrimental,mixed,false
solver_backed_conservative,Soil-Foundation-Structure Systems Beyond Conventional Seismic Failure Thresholds: Application to New or Existing Structures and Monuments,S2011SQF1-6-LS-3,132,5.779273310719977,1.0,33.40000000000024,23.896366553599883,24.22821632959893,both_detrimental,mixed,false
solver_backed_conservative,Soil-Foundation-Structure Systems Beyond Conventional Seismic Failure Thresholds: Application to New or Existing Structures and Monuments,S2011SQF1-6-LS-4,133,5.779273310719977,1.0,33.40000000000024,23.896366553599883,45.08757866091296,both_detrimental,mixed,false
solver_backed_conservative,Soil-Foundation-Structure Systems Beyond Conventional Seismic Failure Thresholds: Application to New or Existing Structures and Monuments,S2011SQF1-6-LS-5,134,5.779273310719977,1.0,33.40000000000024,23.896366553599883,184.08187583491755,both_detrimental,mixed,false
solver_backed_conservative,Soil-Foundation-Structure Systems Beyond Conventional Seismic Failure Thresholds: Application to New or Existing Structures and Monuments,S2011SQF1-8-LS-1,135,5.118593556827876,1.0,26.199999999999847,20.59296778413938,4.450617097661838,mixed,mixed,true
solver_backed_conservative,Soil-Foundation-Structure Systems Beyond Conventional Seismic Failure Thresholds: Application to New or Existing Structures and Monuments,S2011SQF1-8-LS-2,136,5.118593556827876,1.0,26.199999999999847,20.59296778413938,21.908706513805814,both_detrimental,mixed,false
solver_backed_conservative,Soil-Foundation-Structure Systems Beyond Conventional Seismic Failure Thresholds: Application to New or Existing Structures and Monuments,S2011SQF1-8-LS-3,137,5.118593556827876,1.0,26.199999999999847,20.59296778413938,4.372916847469191,mixed,mixed,true
solver_backed_conservative,Soil-Foundation-Structure Systems Beyond Conventional Seismic Failure Thresholds: Application to New or Existing Structures and Monuments,S2011SQF1-9-LS-1,138,5.118593556827876,1.0,26.199999999999847,20.59296778413938,15.430716880155588,mixed,mixed,true
solver_backed_conservative,Soil-Foundation-Structure Systems Beyond Conventional Seismic Failure Thresholds: Application to New or Existing Structures and Monuments,S2011SQF1-9-LS-2,139,5.118593556827876,1.0,26.199999999999847,20.59296778413938,11.559626944997802,mixed,mixed,true
solver_backed_conservative,Soil-Foundation-Structure Systems Beyond Conventional Seismic Failure Thresholds: Application to New or Existing Structures and Monuments,S2011SQF1-9-LS-3,140,5.118593556827876,1.0,26.199999999999847,20.59296778413938,25.044664042331977,mixed,mixed,true
solver_backed_conservative,Soil-Foundation-Structure Systems Beyond Conventional Seismic Failure Thresholds: Application to New or Existing Structures and Monuments,S2011SQF1-14-HS-1,141,4.494441010848845,1.0,20.199999999999985,17.47220505424422,0.4150166829417823,both_beneficial,mixed,false
solver_backed_conservative,Soil-Foundation-Structure Systems Beyond Conventional Seismic Failure Thresholds: Application to New or Existing Structures and Monuments,S2011SQF1-14-HS-2,142,4.494441010848845,1.0,20.199999999999985,17.47220505424422,2.051487599401955,mixed,mixed,true
solver_backed_conservative,Soil-Foundation-Structure Systems Beyond Conventional Seismic Failure Thresholds: Application to New or Existing Structures and Monuments,S2011SQF1-14-HS-3,143,4.494441010848845,1.0,20.199999999999985,17.47220505424422,4.163110819529067,mixed,mixed,true
solver_backed_conservative,Soil-Foundation-Structure Systems Beyond Conventional Seismic Failure Thresholds: Application to New or Existing Structures and Monuments,S2011SQF1-14-HS-4,144,4.494441010848845,1.0,20.199999999999985,17.47220505424422,6.456489234134907,mixed,mixed,true
solver_backed_conservative,Soil-Foundation-Structure Systems Beyond Conventional Seismic Failure Thresholds: Application to New or Existing Structures and Monuments,S2011SQF1-14-HS-5,145,4.494441010848845,1.0,20.199999999999985,17.47220505424422,9.074815733825117,mixed,mixed,true
solver_backed_conservative,Soil-Foundation-Structure Systems Beyond Conventional Seismic Failure Thresholds: Application to New or Existing Structures and Monuments,S2011SQF1-14-HS-6,146,4.494441010848845,1.0,20.199999999999985,17.47220505424422,11.82433496662201,mixed,mixed,true
solver_backed_conservative,Soil-Foundation-Structure Systems Beyond Conventional Seismic Failure Thresholds: Application to New or Existing Structures and Monuments,S2011SQF1-15-HS-1,147,3.2557641192199402,1.0,10.599999999999993,11.2788205960997,0.3210183421550861,both_beneficial,mixed,false
solver_backed_conservative,Soil-Foundation-Structure Systems Beyond Conventional Seismic Failure Thresholds: Application to New or Existing Structures and Monuments,S2011SQF1-15-HS-2,148,3.2557641192199402,1.0,10.599999999999993,11.2788205960997,1.5094048033115564,mixed,mixed,true
solver_backed_conservative,Soil-Foundation-Structure Systems Beyond Conventional Seismic Failure Thresholds: Application to New or Existing Structures and Monuments,S2011SQF1-16-HS-1,149,4.0743097574926725,1.0,16.6,15.371548787463363,0.3696213811997353,both_beneficial,mixed,false
solver_backed_conservative,Soil-Foundation-Structure Systems Beyond Conventional Seismic Failure Thresholds: Application to New or Existing Structures and Monuments,S2011SQF1-16-HS-2,150,4.0743097574926725,1.0,16.6,15.371548787463363,1.849329198925924,mixed,mixed,true
solver_backed_conservative,Soil-Foundation-Structure Systems Beyond Conventional Seismic Failure Thresholds: Application to New or Existing Structures and Monuments,S2011SQF1-16-HS-3,151,4.0743097574926725,1.0,16.6,15.371548787463363,3.737934743914077,mixed,mixed,true
solver_backed_conservative,Soil-Foundation-Structure Systems Beyond Conventional Seismic Failure Thresholds: Application to New or Existing Structures and Monuments,S2011SQF1-16-HS-4,152,4.0743097574926725,1.0,16.6,15.371548787463363,5.658482877400973,mixed,mixed,true
solver_backed_conservative,Soil-Foundation-Structure Systems Beyond Conventional Seismic Failure Thresholds: Application to New or Existing Structures and Monuments,S2011SQF1-16-HS-5,153,4.0743097574926725,1.0,16.6,15.371548787463363,8.037064913825194,mixed,mixed,true
solver_backed_conservative,Soil-Foundation-Structure Systems Beyond Conventional Seismic Failure Thresholds: Application to New or Existing Structures and Monuments,S2011SQF1-16-HS-6,154,4.0743097574926725,1.0,16.6,15.371548787463363,10.741102813677932,mixed,mixed,true
solver_backed_conservative,Soil-Foundation-Structure Systems Beyond Conventional Seismic Failure Thresholds: Application to New or Existing Structures and Monuments,S2011SQF1-17-HS-1,155,3.6055512754639856,1.0,12.999999999999973,13.027756377319927,0.3121686294296719,both_beneficial,mixed,false
solver_backed_conservative,Soil-Foundation-Structure Systems Beyond Conventional Seismic Failure Thresholds: Application to New or Existing Structures and Monuments,S2011SQF1-17-HS-2,156,3.6055512754639856,1.0,12.999999999999973,13.027756377319927,1.6245171826730531,mixed,mixed,true
solver_backed_conservative,Soil-Foundation-Structure Systems Beyond Conventional Seismic Failure Thresholds: Application to New or Existing Structures and Monuments,S2011SQF1-17-HS-3,157,3.6055512754639856,1.0,12.999999999999973,13.027756377319927,3.294320089365934,mixed,mixed,true
solver_backed_conservative,Soil-Foundation-Structure Systems Beyond Conventional Seismic Failure Thresholds: Application to New or Existing Structures and Monuments,S2011SQF1-17-HS-4,158,3.6055512754639856,1.0,12.999999999999973,13.027756377319927,5.120784198977725,mixed,mixed,true
solver_raw_class,Soil-Foundation-Structure Systems Beyond Conventional Seismic Failure Thresholds: Application to New or Existing Structures and Monuments,S2011SQF1-1-LS-2,111,6.557438524301982,1.0,42.99999999999975,27.787192621509906,20.16379559030238,both_detrimental,both_detrimental,true
solver_raw_class,Soil-Foundation-Structure Systems Beyond Conventional Seismic Failure Thresholds: Application to New or Existing Structures and Monuments,S2011SQF1-1-LS-3,112,6.557438524301982,1.0,42.99999999999975,27.787192621509906,5.5830031595907075,both_detrimental,both_detrimental,true
solver_raw_class,Soil-Foundation-Structure Systems Beyond Conventional Seismic Failure Thresholds: Application to New or Existing Structures and Monuments,S2011SQF1-1-LS-4,113,6.557438524301982,1.0,42.99999999999975,27.787192621509906,27.536913892642286,both_detrimental,both_detrimental,true
solver_raw_class,Soil-Foundation-Structure Systems Beyond Conventional Seismic Failure Thresholds: Application to New or Existing Structures and Monuments,S2011SQF1-1-LS-5,114,6.557438524301982,1.0,42.99999999999975,27.787192621509906,149.9455368671808,both_detrimental,both_detrimental,true
solver_raw_class,Soil-Foundation-Structure Systems Beyond Conventional Seismic Failure Thresholds: Application to New or Existing Structures and Monuments,S2011SQF1-1-LS-6,115,6.557438524301982,1.0,42.99999999999975,27.787192621509906,21.75836791625689,both_detrimental,both_detrimental,true
solver_raw_class,Soil-Foundation-Structure Systems Beyond Conventional Seismic Failure Thresholds: Application to New or Existing Structures and Monuments,S2011SQF1-2-LS-1,116,6.557438524301982,1.0,42.99999999999975,27.787192621509906,17.4077697529235,both_beneficial,both_detrimental,false
solver_raw_class,Soil-Foundation-Structure Systems Beyond Conventional Seismic Failure Thresholds: Application to New or Existing Structures and Monuments,S2011SQF1-2-LS-2,117,6.557438524301982,1.0,42.99999999999975,27.787192621509906,12.727594729358687,both_detrimental,both_detrimental,true
solver_raw_class,Soil-Foundation-Structure Systems Beyond Conventional Seismic Failure Thresholds: Application to New or Existing Structures and Monuments,S2011SQF1-2-LS-3,118,6.557438524301982,1.0,42.99999999999975,27.787192621509906,20.516389059754097,both_detrimental,both_detrimental,true
solver_raw_class,Soil-Foundation-Structure Systems Beyond Conventional Seismic Failure Thresholds: Application to New or Existing Structures and Monuments,S2011SQF1-2-LS-4,119,6.557438524301982,1.0,42.99999999999975,27.787192621509906,46.26731899591749,both_detrimental,both_detrimental,true
solver_raw_class,Soil-Foundation-Structure Systems Beyond Conventional Seismic Failure Thresholds: Application to New or Existing Structures and Monuments,S2011SQF1-2-LS-5,120,6.557438524301982,1.0,42.99999999999975,27.787192621509906,195.8502950870896,both_detrimental,both_detrimental,true
solver_raw_class,Soil-Foundation-Structure Systems Beyond Conventional Seismic Failure Thresholds: Application to New or Existing Structures and Monuments,S2011SQF1-3-LS-1,121,4.494441010848845,1.0,20.199999999999985,17.47220505424422,3.973130798000487,mixed,both_detrimental,false
solver_raw_class,Soil-Foundation-Structure Systems Beyond Conventional Seismic Failure Thresholds: Application to New or Existing Structures and Monuments,S2011SQF1-4-LS-1,122,4.494441010848845,1.0,20.199999999999985,17.47220505424422,13.810293616085788,mixed,both_detrimental,false
solver_raw_class,Soil-Foundation-Structure Systems Beyond Conventional Seismic Failure Thresholds: Application to New or Existing Structures and Monuments,S2011SQF1-4-LS-2,123,4.494441010848845,1.0,20.199999999999985,17.47220505424422,9.668306669307709,mixed,both_detrimental,false
solver_raw_class,Soil-Foundation-Structure Systems Beyond Conventional Seismic Failure Thresholds: Application to New or Existing Structures and Monuments,S2011SQF1-5-LS-1,124,5.779273310719977,1.0,33.40000000000024,23.896366553599883,5.067844766170348,mixed,both_detrimental,false
solver_raw_class,Soil-Foundation-Structure Systems Beyond Conventional Seismic Failure Thresholds: Application to New or Existing Structures and Monuments,S2011SQF1-5-LS-2,125,5.779273310719977,1.0,33.40000000000024,23.896366553599883,20.117765980082453,both_detrimental,both_detrimental,true
solver_raw_class,Soil-Foundation-Structure Systems Beyond Conventional Seismic Failure Thresholds: Application to New or Existing Structures and Monuments,S2011SQF1-5-LS-3,126,5.779273310719977,1.0,33.40000000000024,23.896366553599883,5.139970097088133,both_detrimental,both_detrimental,true
solver_raw_class,Soil-Foundation-Structure Systems Beyond Conventional Seismic Failure Thresholds: Application to New or Existing Structures and Monuments,S2011SQF1-5-LS-4,127,5.779273310719977,1.0,33.40000000000024,23.896366553599883,24.24260672014262,both_detrimental,both_detrimental,true
solver_raw_class,Soil-Foundation-Structure Systems Beyond Conventional Seismic Failure Thresholds: Application to New or Existing Structures and Monuments,S2011SQF1-5-LS-5,128,5.779273310719977,1.0,33.40000000000024,23.896366553599883,147.1460777642413,both_detrimental,both_detrimental,true
solver_raw_class,Soil-Foundation-Structure Systems Beyond Conventional Seismic Failure Thresholds: Application to New or Existing Structures and Monuments,S2011SQF1-5-LS-6,129,5.779273310719977,1.0,33.40000000000024,23.896366553599883,18.366530581468087,both_detrimental,both_detrimental,true
solver_raw_class,Soil-Foundation-Structure Systems Beyond Conventional Seismic Failure Thresholds: Application to New or Existing Structures and Monuments,S2011SQF1-6-LS-1,130,5.779273310719977,1.0,33.40000000000024,23.896366553599883,17.438957215097528,mixed,both_detrimental,false
solver_raw_class,Soil-Foundation-Structure Systems Beyond Conventional Seismic Failure Thresholds: Application to New or Existing Structures and Monuments,S2011SQF1-6-LS-2,131,5.779273310719977,1.0,33.40000000000024,23.896366553599883,11.990836265081809,both_detrimental,both_detrimental,true
solver_raw_class,Soil-Foundation-Structure Systems Beyond Conventional Seismic Failure Thresholds: Application to New or Existing Structures and Monuments,S2011SQF1-6-LS-3,132,5.779273310719977,1.0,33.40000000000024,23.896366553599883,24.22821632959893,both_detrimental,both_detrimental,true
solver_raw_class,Soil-Foundation-Structure Systems Beyond Conventional Seismic Failure Thresholds: Application to New or Existing Structures and Monuments,S2011SQF1-6-LS-4,133,5.779273310719977,1.0,33.40000000000024,23.896366553599883,45.08757866091296,both_detrimental,both_detrimental,true
solver_raw_class,Soil-Foundation-Structure Systems Beyond Conventional Seismic Failure Thresholds: Application to New or Existing Structures and Monuments,S2011SQF1-6-LS-5,134,5.779273310719977,1.0,33.40000000000024,23.896366553599883,184.08187583491755,both_detrimental,both_detrimental,true
solver_raw_class,Soil-Foundation-Structure Systems Beyond Conventional Seismic Failure Thresholds: Application to New or Existing Structures and Monuments,S2011SQF1-8-LS-1,135,5.118593556827876,1.0,26.199999999999847,20.59296778413938,4.450617097661838,mixed,both_detrimental,false
solver_raw_class,Soil-Foundation-Structure Systems Beyond Conventional Seismic Failure Thresholds: Application to New or Existing Structures and Monuments,S2011SQF1-8-LS-2,136,5.118593556827876,1.0,26.199999999999847,20.59296778413938,21.908706513805814,both_detrimental,both_detrimental,true
solver_raw_class,Soil-Foundation-Structure Systems Beyond Conventional Seismic Failure Thresholds: Application to New or Existing Structures and Monuments,S2011SQF1-8-LS-3,137,5.118593556827876,1.0,26.199999999999847,20.59296778413938,4.372916847469191,mixed,both_detrimental,false
solver_raw_class,Soil-Foundation-Structure Systems Beyond Conventional Seismic Failure Thresholds: Application to New or Existing Structures and Monuments,S2011SQF1-9-LS-1,138,5.118593556827876,1.0,26.199999999999847,20.59296778413938,15.430716880155588,mixed,both_detrimental,false
solver_raw_class,Soil-Foundation-Structure Systems Beyond Conventional Seismic Failure Thresholds: Application to New or Existing Structures and Monuments,S2011SQF1-9-LS-2,139,5.118593556827876,1.0,26.199999999999847,20.59296778413938,11.559626944997802,mixed,both_detrimental,false
solver_raw_class,Soil-Foundation-Structure Systems Beyond Conventional Seismic Failure Thresholds: Application to New or Existing Structures and Monuments,S2011SQF1-9-LS-3,140,5.118593556827876,1.0,26.199999999999847,20.59296778413938,25.044664042331977,mixed,both_detrimental,false
solver_raw_class,Soil-Foundation-Structure Systems Beyond Conventional Seismic Failure Thresholds: Application to New or Existing Structures and Monuments,S2011SQF1-14-HS-1,141,4.494441010848845,1.0,20.199999999999985,17.47220505424422,0.4150166829417823,both_beneficial,both_detrimental,false
solver_raw_class,Soil-Foundation-Structure Systems Beyond Conventional Seismic Failure Thresholds: Application to New or Existing Structures and Monuments,S2011SQF1-14-HS-2,142,4.494441010848845,1.0,20.199999999999985,17.47220505424422,2.051487599401955,mixed,both_detrimental,false
solver_raw_class,Soil-Foundation-Structure Systems Beyond Conventional Seismic Failure Thresholds: Application to New or Existing Structures and Monuments,S2011SQF1-14-HS-3,143,4.494441010848845,1.0,20.199999999999985,17.47220505424422,4.163110819529067,mixed,both_detrimental,false
solver_raw_class,Soil-Foundation-Structure Systems Beyond Conventional Seismic Failure Thresholds: Application to New or Existing Structures and Monuments,S2011SQF1-14-HS-4,144,4.494441010848845,1.0,20.199999999999985,17.47220505424422,6.456489234134907,mixed,both_detrimental,false
solver_raw_class,Soil-Foundation-Structure Systems Beyond Conventional Seismic Failure Thresholds: Application to New or Existing Structures and Monuments,S2011SQF1-14-HS-5,145,4.494441010848845,1.0,20.199999999999985,17.47220505424422,9.074815733825117,mixed,both_detrimental,false
solver_raw_class,Soil-Foundation-Structure Systems Beyond Conventional Seismic Failure Thresholds: Application to New or Existing Structures and Monuments,S2011SQF1-14-HS-6,146,4.494441010848845,1.0,20.199999999999985,17.47220505424422,11.82433496662201,mixed,both_detrimental,false
solver_raw_class,Soil-Foundation-Structure Systems Beyond Conventional Seismic Failure Thresholds: Application to New or Existing Structures and Monuments,S2011SQF1-15-HS-1,147,3.2557641192199402,1.0,10.599999999999993,11.2788205960997,0.3210183421550861,both_beneficial,both_detrimental,false
solver_raw_class,Soil-Foundation-Structure Systems Beyond Conventional Seismic Failure Thresholds: Application to New or Existing Structures and Monuments,S2011SQF1-15-HS-2,148,3.2557641192199402,1.0,10.599999999999993,11.2788205960997,1.5094048033115564,mixed,both_detrimental,false
solver_raw_class,Soil-Foundation-Structure Systems Beyond Conventional Seismic Failure Thresholds: Application to New or Existing Structures and Monuments,S2011SQF1-16-HS-1,149,4.0743097574926725,1.0,16.6,15.371548787463363,0.3696213811997353,both_beneficial,both_detrimental,false
solver_raw_class,Soil-Foundation-Structure Systems Beyond Conventional Seismic Failure Thresholds: Application to New or Existing Structures and Monuments,S2011SQF1-16-HS-2,150,4.0743097574926725,1.0,16.6,15.371548787463363,1.849329198925924,mixed,both_detrimental,false
solver_raw_class,Soil-Foundation-Structure Systems Beyond Conventional Seismic Failure Thresholds: Application to New or Existing Structures and Monuments,S2011SQF1-16-HS-3,151,4.0743097574926725,1.0,16.6,15.371548787463363,3.737934743914077,mixed,both_detrimental,false
solver_raw_class,Soil-Foundation-Structure Systems Beyond Conventional Seismic Failure Thresholds: Application to New or Existing Structures and Monuments,S2011SQF1-16-HS-4,152,4.0743097574926725,1.0,16.6,15.371548787463363,5.658482877400973,mixed,both_detrimental,false
solver_raw_class,Soil-Foundation-Structure Systems Beyond Conventional Seismic Failure Thresholds: Application to New or Existing Structures and Monuments,S2011SQF1-16-HS-5,153,4.0743097574926725,1.0,16.6,15.371548787463363,8.037064913825194,mixed,both_detrimental,false
solver_raw_class,Soil-Foundation-Structure Systems Beyond Conventional Seismic Failure Thresholds: Application to New or Existing Structures and Monuments,S2011SQF1-16-HS-6,154,4.0743097574926725,1.0,16.6,15.371548787463363,10.741102813677932,mixed,both_detrimental,false
solver_raw_class,Soil-Foundation-Structure Systems Beyond Conventional Seismic Failure Thresholds: Application to New or Existing Structures and Monuments,S2011SQF1-17-HS-1,155,3.6055512754639856,1.0,12.999999999999973,13.027756377319927,0.3121686294296719,both_beneficial,both_detrimental,false
solver_raw_class,Soil-Foundation-Structure Systems Beyond Conventional Seismic Failure Thresholds: Application to New or Existing Structures and Monuments,S2011SQF1-17-HS-2,156,3.6055512754639856,1.0,12.999999999999973,13.027756377319927,1.6245171826730531,mixed,both_detrimental,false
solver_raw_class,Soil-Foundation-Structure Systems Beyond Conventional Seismic Failure Thresholds: Application to New or Existing Structures and Monuments,S2011SQF1-17-HS-3,157,3.6055512754639856,1.0,12.999999999999973,13.027756377319927,3.294320089365934,mixed,both_detrimental,false
solver_raw_class,Soil-Foundation-Structure Systems Beyond Conventional Seismic Failure Thresholds: Application to New or Existing Structures and Monuments,S2011SQF1-17-HS-4,158,3.6055512754639856,1.0,12.999999999999973,13.027756377319927,5.120784198977725,mixed,both_detrimental,false
majority_class,Soil-Foundation-Structure Systems Beyond Conventional Seismic Failure Thresholds: Application to New or Existing Structures and Monuments,S2011SQF1-1-LS-2,111,6.557438524301982,1.0,42.99999999999975,27.787192621509906,20.16379559030238,both_detrimental,mixed,false
majority_class,Soil-Foundation-Structure Systems Beyond Conventional Seismic Failure Thresholds: Application to New or Existing Structures and Monuments,S2011SQF1-1-LS-3,112,6.557438524301982,1.0,42.99999999999975,27.787192621509906,5.5830031595907075,both_detrimental,mixed,false
majority_class,Soil-Foundation-Structure Systems Beyond Conventional Seismic Failure Thresholds: Application to New or Existing Structures and Monuments,S2011SQF1-1-LS-4,113,6.557438524301982,1.0,42.99999999999975,27.787192621509906,27.536913892642286,both_detrimental,mixed,false
majority_class,Soil-Foundation-Structure Systems Beyond Conventional Seismic Failure Thresholds: Application to New or Existing Structures and Monuments,S2011SQF1-1-LS-5,114,6.557438524301982,1.0,42.99999999999975,27.787192621509906,149.9455368671808,both_detrimental,mixed,false
majority_class,Soil-Foundation-Structure Systems Beyond Conventional Seismic Failure Thresholds: Application to New or Existing Structures and Monuments,S2011SQF1-1-LS-6,115,6.557438524301982,1.0,42.99999999999975,27.787192621509906,21.75836791625689,both_detrimental,mixed,false
majority_class,Soil-Foundation-Structure Systems Beyond Conventional Seismic Failure Thresholds: Application to New or Existing Structures and Monuments,S2011SQF1-2-LS-1,116,6.557438524301982,1.0,42.99999999999975,27.787192621509906,17.4077697529235,both_beneficial,mixed,false
majority_class,Soil-Foundation-Structure Systems Beyond Conventional Seismic Failure Thresholds: Application to New or Existing Structures and Monuments,S2011SQF1-2-LS-2,117,6.557438524301982,1.0,42.99999999999975,27.787192621509906,12.727594729358687,both_detrimental,mixed,false
majority_class,Soil-Foundation-Structure Systems Beyond Conventional Seismic Failure Thresholds: Application to New or Existing Structures and Monuments,S2011SQF1-2-LS-3,118,6.557438524301982,1.0,42.99999999999975,27.787192621509906,20.516389059754097,both_detrimental,mixed,false
majority_class,Soil-Foundation-Structure Systems Beyond Conventional Seismic Failure Thresholds: Application to New or Existing Structures and Monuments,S2011SQF1-2-LS-4,119,6.557438524301982,1.0,42.99999999999975,27.787192621509906,46.26731899591749,both_detrimental,mixed,false
majority_class,Soil-Foundation-Structure Systems Beyond Conventional Seismic Failure Thresholds: Application to New or Existing Structures and Monuments,S2011SQF1-2-LS-5,120,6.557438524301982,1.0,42.99999999999975,27.787192621509906,195.8502950870896,both_detrimental,mixed,false
majority_class,Soil-Foundation-Structure Systems Beyond Conventional Seismic Failure Thresholds: Application to New or Existing Structures and Monuments,S2011SQF1-3-LS-1,121,4.494441010848845,1.0,20.199999999999985,17.47220505424422,3.973130798000487,mixed,mixed,true
majority_class,Soil-Foundation-Structure Systems Beyond Conventional Seismic Failure Thresholds: Application to New or Existing Structures and Monuments,S2011SQF1-4-LS-1,122,4.494441010848845,1.0,20.199999999999985,17.47220505424422,13.810293616085788,mixed,mixed,true
majority_class,Soil-Foundation-Structure Systems Beyond Conventional Seismic Failure Thresholds: Application to New or Existing Structures and Monuments,S2011SQF1-4-LS-2,123,4.494441010848845,1.0,20.199999999999985,17.47220505424422,9.668306669307709,mixed,mixed,true
majority_class,Soil-Foundation-Structure Systems Beyond Conventional Seismic Failure Thresholds: Application to New or Existing Structures and Monuments,S2011SQF1-5-LS-1,124,5.779273310719977,1.0,33.40000000000024,23.896366553599883,5.067844766170348,mixed,mixed,true
majority_class,Soil-Foundation-Structure Systems Beyond Conventional Seismic Failure Thresholds: Application to New or Existing Structures and Monuments,S2011SQF1-5-LS-2,125,5.779273310719977,1.0,33.40000000000024,23.896366553599883,20.117765980082453,both_detrimental,mixed,false
majority_class,Soil-Foundation-Structure Systems Beyond Conventional Seismic Failure Thresholds: Application to New or Existing Structures and Monuments,S2011SQF1-5-LS-3,126,5.779273310719977,1.0,33.40000000000024,23.896366553599883,5.139970097088133,both_detrimental,mixed,false
majority_class,Soil-Foundation-Structure Systems Beyond Conventional Seismic Failure Thresholds: Application to New or Existing Structures and Monuments,S2011SQF1-5-LS-4,127,5.779273310719977,1.0,33.40000000000024,23.896366553599883,24.24260672014262,both_detrimental,mixed,false
majority_class,Soil-Foundation-Structure Systems Beyond Conventional Seismic Failure Thresholds: Application to New or Existing Structures and Monuments,S2011SQF1-5-LS-5,128,5.779273310719977,1.0,33.40000000000024,23.896366553599883,147.1460777642413,both_detrimental,mixed,false
majority_class,Soil-Foundation-Structure Systems Beyond Conventional Seismic Failure Thresholds: Application to New or Existing Structures and Monuments,S2011SQF1-5-LS-6,129,5.779273310719977,1.0,33.40000000000024,23.896366553599883,18.366530581468087,both_detrimental,mixed,false
majority_class,Soil-Foundation-Structure Systems Beyond Conventional Seismic Failure Thresholds: Application to New or Existing Structures and Monuments,S2011SQF1-6-LS-1,130,5.779273310719977,1.0,33.40000000000024,23.896366553599883,17.438957215097528,mixed,mixed,true
majority_class,Soil-Foundation-Structure Systems Beyond Conventional Seismic Failure Thresholds: Application to New or Existing Structures and Monuments,S2011SQF1-6-LS-2,131,5.779273310719977,1.0,33.40000000000024,23.896366553599883,11.990836265081809,both_detrimental,mixed,false
majority_class,Soil-Foundation-Structure Systems Beyond Conventional Seismic Failure Thresholds: Application to New or Existing Structures and Monuments,S2011SQF1-6-LS-3,132,5.779273310719977,1.0,33.40000000000024,23.896366553599883,24.22821632959893,both_detrimental,mixed,false
majority_class,Soil-Foundation-Structure Systems Beyond Conventional Seismic Failure Thresholds: Application to New or Existing Structures and Monuments,S2011SQF1-6-LS-4,133,5.779273310719977,1.0,33.40000000000024,23.896366553599883,45.08757866091296,both_detrimental,mixed,false
majority_class,Soil-Foundation-Structure Systems Beyond Conventional Seismic Failure Thresholds: Application to New or Existing Structures and Monuments,S2011SQF1-6-LS-5,134,5.779273310719977,1.0,33.40000000000024,23.896366553599883,184.08187583491755,both_detrimental,mixed,false
majority_class,Soil-Foundation-Structure Systems Beyond Conventional Seismic Failure Thresholds: Application to New or Existing Structures and Monuments,S2011SQF1-8-LS-1,135,5.118593556827876,1.0,26.199999999999847,20.59296778413938,4.450617097661838,mixed,mixed,true
majority_class,Soil-Foundation-Structure Systems Beyond Conventional Seismic Failure Thresholds: Application to New or Existing Structures and Monuments,S2011SQF1-8-LS-2,136,5.118593556827876,1.0,26.199999999999847,20.59296778413938,21.908706513805814,both_detrimental,mixed,false
majority_class,Soil-Foundation-Structure Systems Beyond Conventional Seismic Failure Thresholds: Application to New or Existing Structures and Monuments,S2011SQF1-8-LS-3,137,5.118593556827876,1.0,26.199999999999847,20.59296778413938,4.372916847469191,mixed,mixed,true
majority_class,Soil-Foundation-Structure Systems Beyond Conventional Seismic Failure Thresholds: Application to New or Existing Structures and Monuments,S2011SQF1-9-LS-1,138,5.118593556827876,1.0,26.199999999999847,20.59296778413938,15.430716880155588,mixed,mixed,true
majority_class,Soil-Foundation-Structure Systems Beyond Conventional Seismic Failure Thresholds: Application to New or Existing Structures and Monuments,S2011SQF1-9-LS-2,139,5.118593556827876,1.0,26.199999999999847,20.59296778413938,11.559626944997802,mixed,mixed,true
majority_class,Soil-Foundation-Structure Systems Beyond Conventional Seismic Failure Thresholds: Application to New or Existing Structures and Monuments,S2011SQF1-9-LS-3,140,5.118593556827876,1.0,26.199999999999847,20.59296778413938,25.044664042331977,mixed,mixed,true
majority_class,Soil-Foundation-Structure Systems Beyond Conventional Seismic Failure Thresholds: Application to New or Existing Structures and Monuments,S2011SQF1-14-HS-1,141,4.494441010848845,1.0,20.199999999999985,17.47220505424422,0.4150166829417823,both_beneficial,mixed,false
majority_class,Soil-Foundation-Structure Systems Beyond Conventional Seismic Failure Thresholds: Application to New or Existing Structures and Monuments,S2011SQF1-14-HS-2,142,4.494441010848845,1.0,20.199999999999985,17.47220505424422,2.051487599401955,mixed,mixed,true
majority_class,Soil-Foundation-Structure Systems Beyond Conventional Seismic Failure Thresholds: Application to New or Existing Structures and Monuments,S2011SQF1-14-HS-3,143,4.494441010848845,1.0,20.199999999999985,17.47220505424422,4.163110819529067,mixed,mixed,true
majority_class,Soil-Foundation-Structure Systems Beyond Conventional Seismic Failure Thresholds: Application to New or Existing Structures and Monuments,S2011SQF1-14-HS-4,144,4.494441010848845,1.0,20.199999999999985,17.47220505424422,6.456489234134907,mixed,mixed,true
majority_class,Soil-Foundation-Structure Systems Beyond Conventional Seismic Failure Thresholds: Application to New or Existing Structures and Monuments,S2011SQF1-14-HS-5,145,4.494441010848845,1.0,20.199999999999985,17.47220505424422,9.074815733825117,mixed,mixed,true
majority_class,Soil-Foundation-Structure Systems Beyond Conventional Seismic Failure Thresholds: Application to New or Existing Structures and Monuments,S2011SQF1-14-HS-6,146,4.494441010848845,1.0,20.199999999999985,17.47220505424422,11.82433496662201,mixed,mixed,true
majority_class,Soil-Foundation-Structure Systems Beyond Conventional Seismic Failure Thresholds: Application to New or Existing Structures and Monuments,S2011SQF1-15-HS-1,147,3.2557641192199402,1.0,10.599999999999993,11.2788205960997,0.3210183421550861,both_beneficial,mixed,false
majority_class,Soil-Foundation-Structure Systems Beyond Conventional Seismic Failure Thresholds: Application to New or Existing Structures and Monuments,S2011SQF1-15-HS-2,148,3.2557641192199402,1.0,10.599999999999993,11.2788205960997,1.5094048033115564,mixed,mixed,true
majority_class,Soil-Foundation-Structure Systems Beyond Conventional Seismic Failure Thresholds: Application to New or Existing Structures and Monuments,S2011SQF1-16-HS-1,149,4.0743097574926725,1.0,16.6,15.371548787463363,0.3696213811997353,both_beneficial,mixed,false
majority_class,Soil-Foundation-Structure Systems Beyond Conventional Seismic Failure Thresholds: Application to New or Existing Structures and Monuments,S2011SQF1-16-HS-2,150,4.0743097574926725,1.0,16.6,15.371548787463363,1.849329198925924,mixed,mixed,true
majority_class,Soil-Foundation-Structure Systems Beyond Conventional Seismic Failure Thresholds: Application to New or Existing Structures and Monuments,S2011SQF1-16-HS-3,151,4.0743097574926725,1.0,16.6,15.371548787463363,3.737934743914077,mixed,mixed,true
majority_class,Soil-Foundation-Structure Systems Beyond Conventional Seismic Failure Thresholds: Application to New or Existing Structures and Monuments,S2011SQF1-16-HS-4,152,4.0743097574926725,1.0,16.6,15.371548787463363,5.658482877400973,mixed,mixed,true
majority_class,Soil-Foundation-Structure Systems Beyond Conventional Seismic Failure Thresholds: Application to New or Existing Structures and Monuments,S2011SQF1-16-HS-5,153,4.0743097574926725,1.0,16.6,15.371548787463363,8.037064913825194,mixed,mixed,true
majority_class,Soil-Foundation-Structure Systems Beyond Conventional Seismic Failure Thresholds: Application to New or Existing Structures and Monuments,S2011SQF1-16-HS-6,154,4.0743097574926725,1.0,16.6,15.371548787463363,10.741102813677932,mixed,mixed,true
majority_class,Soil-Foundation-Structure Systems Beyond Conventional Seismic Failure Thresholds: Application to New or Existing Structures and Monuments,S2011SQF1-17-HS-1,155,3.6055512754639856,1.0,12.999999999999973,13.027756377319927,0.3121686294296719,both_beneficial,mixed,false
majority_class,Soil-Foundation-Structure Systems Beyond Conventional Seismic Failure Thresholds: Application to New or Existing Structures and Monuments,S2011SQF1-17-HS-2,156,3.6055512754639856,1.0,12.999999999999973,13.027756377319927,1.6245171826730531,mixed,mixed,true
majority_class,Soil-Foundation-Structure Systems Beyond Conventional Seismic Failure Thresholds: Application to New or Existing Structures and Monuments,S2011SQF1-17-HS-3,157,3.6055512754639856,1.0,12.999999999999973,13.027756377319927,3.294320089365934,mixed,mixed,true
majority_class,Soil-Foundation-Structure Systems Beyond Conventional Seismic Failure Thresholds: Application to New or Existing Structures and Monuments,S2011SQF1-17-HS-4,158,3.6055512754639856,1.0,12.999999999999973,13.027756377319927,5.120784198977725,mixed,mixed,true
always_mixed,Soil-Foundation-Structure Systems Beyond Conventional Seismic Failure Thresholds: Application to New or Existing Structures and Monuments,S2011SQF1-1-LS-2,111,6.557438524301982,1.0,42.99999999999975,27.787192621509906,20.16379559030238,both_detrimental,mixed,false
always_mixed,Soil-Foundation-Structure Systems Beyond Conventional Seismic Failure Thresholds: Application to New or Existing Structures and Monuments,S2011SQF1-1-LS-3,112,6.557438524301982,1.0,42.99999999999975,27.787192621509906,5.5830031595907075,both_detrimental,mixed,false
always_mixed,Soil-Foundation-Structure Systems Beyond Conventional Seismic Failure Thresholds: Application to New or Existing Structures and Monuments,S2011SQF1-1-LS-4,113,6.557438524301982,1.0,42.99999999999975,27.787192621509906,27.536913892642286,both_detrimental,mixed,false
always_mixed,Soil-Foundation-Structure Systems Beyond Conventional Seismic Failure Thresholds: Application to New or Existing Structures and Monuments,S2011SQF1-1-LS-5,114,6.557438524301982,1.0,42.99999999999975,27.787192621509906,149.9455368671808,both_detrimental,mixed,false
always_mixed,Soil-Foundation-Structure Systems Beyond Conventional Seismic Failure Thresholds: Application to New or Existing Structures and Monuments,S2011SQF1-1-LS-6,115,6.557438524301982,1.0,42.99999999999975,27.787192621509906,21.75836791625689,both_detrimental,mixed,false
always_mixed,Soil-Foundation-Structure Systems Beyond Conventional Seismic Failure Thresholds: Application to New or Existing Structures and Monuments,S2011SQF1-2-LS-1,116,6.557438524301982,1.0,42.99999999999975,27.787192621509906,17.4077697529235,both_beneficial,mixed,false
always_mixed,Soil-Foundation-Structure Systems Beyond Conventional Seismic Failure Thresholds: Application to New or Existing Structures and Monuments,S2011SQF1-2-LS-2,117,6.557438524301982,1.0,42.99999999999975,27.787192621509906,12.727594729358687,both_detrimental,mixed,false
always_mixed,Soil-Foundation-Structure Systems Beyond Conventional Seismic Failure Thresholds: Application to New or Existing Structures and Monuments,S2011SQF1-2-LS-3,118,6.557438524301982,1.0,42.99999999999975,27.787192621509906,20.516389059754097,both_detrimental,mixed,false
always_mixed,Soil-Foundation-Structure Systems Beyond Conventional Seismic Failure Thresholds: Application to New or Existing Structures and Monuments,S2011SQF1-2-LS-4,119,6.557438524301982,1.0,42.99999999999975,27.787192621509906,46.26731899591749,both_detrimental,mixed,false
always_mixed,Soil-Foundation-Structure Systems Beyond Conventional Seismic Failure Thresholds: Application to New or Existing Structures and Monuments,S2011SQF1-2-LS-5,120,6.557438524301982,1.0,42.99999999999975,27.787192621509906,195.8502950870896,both_detrimental,mixed,false
always_mixed,Soil-Foundation-Structure Systems Beyond Conventional Seismic Failure Thresholds: Application to New or Existing Structures and Monuments,S2011SQF1-3-LS-1,121,4.494441010848845,1.0,20.199999999999985,17.47220505424422,3.973130798000487,mixed,mixed,true
always_mixed,Soil-Foundation-Structure Systems Beyond Conventional Seismic Failure Thresholds: Application to New or Existing Structures and Monuments,S2011SQF1-4-LS-1,122,4.494441010848845,1.0,20.199999999999985,17.47220505424422,13.810293616085788,mixed,mixed,true
always_mixed,Soil-Foundation-Structure Systems Beyond Conventional Seismic Failure Thresholds: Application to New or Existing Structures and Monuments,S2011SQF1-4-LS-2,123,4.494441010848845,1.0,20.199999999999985,17.47220505424422,9.668306669307709,mixed,mixed,true
always_mixed,Soil-Foundation-Structure Systems Beyond Conventional Seismic Failure Thresholds: Application to New or Existing Structures and Monuments,S2011SQF1-5-LS-1,124,5.779273310719977,1.0,33.40000000000024,23.896366553599883,5.067844766170348,mixed,mixed,true
always_mixed,Soil-Foundation-Structure Systems Beyond Conventional Seismic Failure Thresholds: Application to New or Existing Structures and Monuments,S2011SQF1-5-LS-2,125,5.779273310719977,1.0,33.40000000000024,23.896366553599883,20.117765980082453,both_detrimental,mixed,false
always_mixed,Soil-Foundation-Structure Systems Beyond Conventional Seismic Failure Thresholds: Application to New or Existing Structures and Monuments,S2011SQF1-5-LS-3,126,5.779273310719977,1.0,33.40000000000024,23.896366553599883,5.139970097088133,both_detrimental,mixed,false
always_mixed,Soil-Foundation-Structure Systems Beyond Conventional Seismic Failure Thresholds: Application to New or Existing Structures and Monuments,S2011SQF1-5-LS-4,127,5.779273310719977,1.0,33.40000000000024,23.896366553599883,24.24260672014262,both_detrimental,mixed,false
always_mixed,Soil-Foundation-Structure Systems Beyond Conventional Seismic Failure Thresholds: Application to New or Existing Structures and Monuments,S2011SQF1-5-LS-5,128,5.779273310719977,1.0,33.40000000000024,23.896366553599883,147.1460777642413,both_detrimental,mixed,false
always_mixed,Soil-Foundation-Structure Systems Beyond Conventional Seismic Failure Thresholds: Application to New or Existing Structures and Monuments,S2011SQF1-5-LS-6,129,5.779273310719977,1.0,33.40000000000024,23.896366553599883,18.366530581468087,both_detrimental,mixed,false
always_mixed,Soil-Foundation-Structure Systems Beyond Conventional Seismic Failure Thresholds: Application to New or Existing Structures and Monuments,S2011SQF1-6-LS-1,130,5.779273310719977,1.0,33.40000000000024,23.896366553599883,17.438957215097528,mixed,mixed,true
always_mixed,Soil-Foundation-Structure Systems Beyond Conventional Seismic Failure Thresholds: Application to New or Existing Structures and Monuments,S2011SQF1-6-LS-2,131,5.779273310719977,1.0,33.40000000000024,23.896366553599883,11.990836265081809,both_detrimental,mixed,false
always_mixed,Soil-Foundation-Structure Systems Beyond Conventional Seismic Failure Thresholds: Application to New or Existing Structures and Monuments,S2011SQF1-6-LS-3,132,5.779273310719977,1.0,33.40000000000024,23.896366553599883,24.22821632959893,both_detrimental,mixed,false
always_mixed,Soil-Foundation-Structure Systems Beyond Conventional Seismic Failure Thresholds: Application to New or Existing Structures and Monuments,S2011SQF1-6-LS-4,133,5.779273310719977,1.0,33.40000000000024,23.896366553599883,45.08757866091296,both_detrimental,mixed,false
always_mixed,Soil-Foundation-Structure Systems Beyond Conventional Seismic Failure Thresholds: Application to New or Existing Structures and Monuments,S2011SQF1-6-LS-5,134,5.779273310719977,1.0,33.40000000000024,23.896366553599883,184.08187583491755,both_detrimental,mixed,false
always_mixed,Soil-Foundation-Structure Systems Beyond Conventional Seismic Failure Thresholds: Application to New or Existing Structures and Monuments,S2011SQF1-8-LS-1,135,5.118593556827876,1.0,26.199999999999847,20.59296778413938,4.450617097661838,mixed,mixed,true
always_mixed,Soil-Foundation-Structure Systems Beyond Conventional Seismic Failure Thresholds: Application to New or Existing Structures and Monuments,S2011SQF1-8-LS-2,136,5.118593556827876,1.0,26.199999999999847,20.59296778413938,21.908706513805814,both_detrimental,mixed,false
always_mixed,Soil-Foundation-Structure Systems Beyond Conventional Seismic Failure Thresholds: Application to New or Existing Structures and Monuments,S2011SQF1-8-LS-3,137,5.118593556827876,1.0,26.199999999999847,20.59296778413938,4.372916847469191,mixed,mixed,true
always_mixed,Soil-Foundation-Structure Systems Beyond Conventional Seismic Failure Thresholds: Application to New or Existing Structures and Monuments,S2011SQF1-9-LS-1,138,5.118593556827876,1.0,26.199999999999847,20.59296778413938,15.430716880155588,mixed,mixed,true
always_mixed,Soil-Foundation-Structure Systems Beyond Conventional Seismic Failure Thresholds: Application to New or Existing Structures and Monuments,S2011SQF1-9-LS-2,139,5.118593556827876,1.0,26.199999999999847,20.59296778413938,11.559626944997802,mixed,mixed,true
always_mixed,Soil-Foundation-Structure Systems Beyond Conventional Seismic Failure Thresholds: Application to New or Existing Structures and Monuments,S2011SQF1-9-LS-3,140,5.118593556827876,1.0,26.199999999999847,20.59296778413938,25.044664042331977,mixed,mixed,true
always_mixed,Soil-Foundation-Structure Systems Beyond Conventional Seismic Failure Thresholds: Application to New or Existing Structures and Monuments,S2011SQF1-14-HS-1,141,4.494441010848845,1.0,20.199999999999985,17.47220505424422,0.4150166829417823,both_beneficial,mixed,false
always_mixed,Soil-Foundation-Structure Systems Beyond Conventional Seismic Failure Thresholds: Application to New or Existing Structures and Monuments,S2011SQF1-14-HS-2,142,4.494441010848845,1.0,20.199999999999985,17.47220505424422,2.051487599401955,mixed,mixed,true
always_mixed,Soil-Foundation-Structure Systems Beyond Conventional Seismic Failure Thresholds: Application to New or Existing Structures and Monuments,S2011SQF1-14-HS-3,143,4.494441010848845,1.0,20.199999999999985,17.47220505424422,4.163110819529067,mixed,mixed,true
always_mixed,Soil-Foundation-Structure Systems Beyond Conventional Seismic Failure Thresholds: Application to New or Existing Structures and Monuments,S2011SQF1-14-HS-4,144,4.494441010848845,1.0,20.199999999999985,17.47220505424422,6.456489234134907,mixed,mixed,true
always_mixed,Soil-Foundation-Structure Systems Beyond Conventional Seismic Failure Thresholds: Application to New or Existing Structures and Monuments,S2011SQF1-14-HS-5,145,4.494441010848845,1.0,20.199999999999985,17.47220505424422,9.074815733825117,mixed,mixed,true
always_mixed,Soil-Foundation-Structure Systems Beyond Conventional Seismic Failure Thresholds: Application to New or Existing Structures and Monuments,S2011SQF1-14-HS-6,146,4.494441010848845,1.0,20.199999999999985,17.47220505424422,11.82433496662201,mixed,mixed,true
always_mixed,Soil-Foundation-Structure Systems Beyond Conventional Seismic Failure Thresholds: Application to New or Existing Structures and Monuments,S2011SQF1-15-HS-1,147,3.2557641192199402,1.0,10.599999999999993,11.2788205960997,0.3210183421550861,both_beneficial,mixed,false
always_mixed,Soil-Foundation-Structure Systems Beyond Conventional Seismic Failure Thresholds: Application to New or Existing Structures and Monuments,S2011SQF1-15-HS-2,148,3.2557641192199402,1.0,10.599999999999993,11.2788205960997,1.5094048033115564,mixed,mixed,true
always_mixed,Soil-Foundation-Structure Systems Beyond Conventional Seismic Failure Thresholds: Application to New or Existing Structures and Monuments,S2011SQF1-16-HS-1,149,4.0743097574926725,1.0,16.6,15.371548787463363,0.3696213811997353,both_beneficial,mixed,false
always_mixed,Soil-Foundation-Structure Systems Beyond Conventional Seismic Failure Thresholds: Application to New or Existing Structures and Monuments,S2011SQF1-16-HS-2,150,4.0743097574926725,1.0,16.6,15.371548787463363,1.849329198925924,mixed,mixed,true
always_mixed,Soil-Foundation-Structure Systems Beyond Conventional Seismic Failure Thresholds: Application to New or Existing Structures and Monuments,S2011SQF1-16-HS-3,151,4.0743097574926725,1.0,16.6,15.371548787463363,3.737934743914077,mixed,mixed,true
always_mixed,Soil-Foundation-Structure Systems Beyond Conventional Seismic Failure Thresholds: Application to New or Existing Structures and Monuments,S2011SQF1-16-HS-4,152,4.0743097574926725,1.0,16.6,15.371548787463363,5.658482877400973,mixed,mixed,true
always_mixed,Soil-Foundation-Structure Systems Beyond Conventional Seismic Failure Thresholds: Application to New or Existing Structures and Monuments,S2011SQF1-16-HS-5,153,4.0743097574926725,1.0,16.6,15.371548787463363,8.037064913825194,mixed,mixed,true
always_mixed,Soil-Foundation-Structure Systems Beyond Conventional Seismic Failure Thresholds: Application to New or Existing Structures and Monuments,S2011SQF1-16-HS-6,154,4.0743097574926725,1.0,16.6,15.371548787463363,10.741102813677932,mixed,mixed,true
always_mixed,Soil-Foundation-Structure Systems Beyond Conventional Seismic Failure Thresholds: Application to New or Existing Structures and Monuments,S2011SQF1-17-HS-1,155,3.6055512754639856,1.0,12.999999999999973,13.027756377319927,0.3121686294296719,both_beneficial,mixed,false
always_mixed,Soil-Foundation-Structure Systems Beyond Conventional Seismic Failure Thresholds: Application to New or Existing Structures and Monuments,S2011SQF1-17-HS-2,156,3.6055512754639856,1.0,12.999999999999973,13.027756377319927,1.6245171826730531,mixed,mixed,true
always_mixed,Soil-Foundation-Structure Systems Beyond Conventional Seismic Failure Thresholds: Application to New or Existing Structures and Monuments,S2011SQF1-17-HS-3,157,3.6055512754639856,1.0,12.999999999999973,13.027756377319927,3.294320089365934,mixed,mixed,true
always_mixed,Soil-Foundation-Structure Systems Beyond Conventional Seismic Failure Thresholds: Application to New or Existing Structures and Monuments,S2011SQF1-17-HS-4,158,3.6055512754639856,1.0,12.999999999999973,13.027756377319927,5.120784198977725,mixed,mixed,true
spectral_slope_only,Soil-Foundation-Structure Systems Beyond Conventional Seismic Failure Thresholds: Application to New or Existing Structures and Monuments,S2011SQF1-1-LS-2,111,6.557438524301982,1.0,42.99999999999975,27.787192621509906,20.16379559030238,both_detrimental,mixed,false
spectral_slope_only,Soil-Foundation-Structure Systems Beyond Conventional Seismic Failure Thresholds: Application to New or Existing Structures and Monuments,S2011SQF1-1-LS-3,112,6.557438524301982,1.0,42.99999999999975,27.787192621509906,5.5830031595907075,both_detrimental,mixed,false
spectral_slope_only,Soil-Foundation-Structure Systems Beyond Conventional Seismic Failure Thresholds: Application to New or Existing Structures and Monuments,S2011SQF1-1-LS-4,113,6.557438524301982,1.0,42.99999999999975,27.787192621509906,27.536913892642286,both_detrimental,mixed,false
spectral_slope_only,Soil-Foundation-Structure Systems Beyond Conventional Seismic Failure Thresholds: Application to New or Existing Structures and Monuments,S2011SQF1-1-LS-5,114,6.557438524301982,1.0,42.99999999999975,27.787192621509906,149.9455368671808,both_detrimental,mixed,false
spectral_slope_only,Soil-Foundation-Structure Systems Beyond Conventional Seismic Failure Thresholds: Application to New or Existing Structures and Monuments,S2011SQF1-1-LS-6,115,6.557438524301982,1.0,42.99999999999975,27.787192621509906,21.75836791625689,both_detrimental,mixed,false
spectral_slope_only,Soil-Foundation-Structure Systems Beyond Conventional Seismic Failure Thresholds: Application to New or Existing Structures and Monuments,S2011SQF1-2-LS-1,116,6.557438524301982,1.0,42.99999999999975,27.787192621509906,17.4077697529235,both_beneficial,mixed,false
spectral_slope_only,Soil-Foundation-Structure Systems Beyond Conventional Seismic Failure Thresholds: Application to New or Existing Structures and Monuments,S2011SQF1-2-LS-2,117,6.557438524301982,1.0,42.99999999999975,27.787192621509906,12.727594729358687,both_detrimental,mixed,false
spectral_slope_only,Soil-Foundation-Structure Systems Beyond Conventional Seismic Failure Thresholds: Application to New or Existing Structures and Monuments,S2011SQF1-2-LS-3,118,6.557438524301982,1.0,42.99999999999975,27.787192621509906,20.516389059754097,both_detrimental,mixed,false
spectral_slope_only,Soil-Foundation-Structure Systems Beyond Conventional Seismic Failure Thresholds: Application to New or Existing Structures and Monuments,S2011SQF1-2-LS-4,119,6.557438524301982,1.0,42.99999999999975,27.787192621509906,46.26731899591749,both_detrimental,mixed,false
spectral_slope_only,Soil-Foundation-Structure Systems Beyond Conventional Seismic Failure Thresholds: Application to New or Existing Structures and Monuments,S2011SQF1-2-LS-5,120,6.557438524301982,1.0,42.99999999999975,27.787192621509906,195.8502950870896,both_detrimental,mixed,false
spectral_slope_only,Soil-Foundation-Structure Systems Beyond Conventional Seismic Failure Thresholds: Application to New or Existing Structures and Monuments,S2011SQF1-3-LS-1,121,4.494441010848845,1.0,20.199999999999985,17.47220505424422,3.973130798000487,mixed,mixed,true
spectral_slope_only,Soil-Foundation-Structure Systems Beyond Conventional Seismic Failure Thresholds: Application to New or Existing Structures and Monuments,S2011SQF1-4-LS-1,122,4.494441010848845,1.0,20.199999999999985,17.47220505424422,13.810293616085788,mixed,mixed,true
spectral_slope_only,Soil-Foundation-Structure Systems Beyond Conventional Seismic Failure Thresholds: Application to New or Existing Structures and Monuments,S2011SQF1-4-LS-2,123,4.494441010848845,1.0,20.199999999999985,17.47220505424422,9.668306669307709,mixed,mixed,true
spectral_slope_only,Soil-Foundation-Structure Systems Beyond Conventional Seismic Failure Thresholds: Application to New or Existing Structures and Monuments,S2011SQF1-5-LS-1,124,5.779273310719977,1.0,33.40000000000024,23.896366553599883,5.067844766170348,mixed,mixed,true
spectral_slope_only,Soil-Foundation-Structure Systems Beyond Conventional Seismic Failure Thresholds: Application to New or Existing Structures and Monuments,S2011SQF1-5-LS-2,125,5.779273310719977,1.0,33.40000000000024,23.896366553599883,20.117765980082453,both_detrimental,mixed,false
spectral_slope_only,Soil-Foundation-Structure Systems Beyond Conventional Seismic Failure Thresholds: Application to New or Existing Structures and Monuments,S2011SQF1-5-LS-3,126,5.779273310719977,1.0,33.40000000000024,23.896366553599883,5.139970097088133,both_detrimental,mixed,false
spectral_slope_only,Soil-Foundation-Structure Systems Beyond Conventional Seismic Failure Thresholds: Application to New or Existing Structures and Monuments,S2011SQF1-5-LS-4,127,5.779273310719977,1.0,33.40000000000024,23.896366553599883,24.24260672014262,both_detrimental,mixed,false
spectral_slope_only,Soil-Foundation-Structure Systems Beyond Conventional Seismic Failure Thresholds: Application to New or Existing Structures and Monuments,S2011SQF1-5-LS-5,128,5.779273310719977,1.0,33.40000000000024,23.896366553599883,147.1460777642413,both_detrimental,mixed,false
spectral_slope_only,Soil-Foundation-Structure Systems Beyond Conventional Seismic Failure Thresholds: Application to New or Existing Structures and Monuments,S2011SQF1-5-LS-6,129,5.779273310719977,1.0,33.40000000000024,23.896366553599883,18.366530581468087,both_detrimental,mixed,false
spectral_slope_only,Soil-Foundation-Structure Systems Beyond Conventional Seismic Failure Thresholds: Application to New or Existing Structures and Monuments,S2011SQF1-6-LS-1,130,5.779273310719977,1.0,33.40000000000024,23.896366553599883,17.438957215097528,mixed,mixed,true
spectral_slope_only,Soil-Foundation-Structure Systems Beyond Conventional Seismic Failure Thresholds: Application to New or Existing Structures and Monuments,S2011SQF1-6-LS-2,131,5.779273310719977,1.0,33.40000000000024,23.896366553599883,11.990836265081809,both_detrimental,mixed,false
spectral_slope_only,Soil-Foundation-Structure Systems Beyond Conventional Seismic Failure Thresholds: Application to New or Existing Structures and Monuments,S2011SQF1-6-LS-3,132,5.779273310719977,1.0,33.40000000000024,23.896366553599883,24.22821632959893,both_detrimental,mixed,false
spectral_slope_only,Soil-Foundation-Structure Systems Beyond Conventional Seismic Failure Thresholds: Application to New or Existing Structures and Monuments,S2011SQF1-6-LS-4,133,5.779273310719977,1.0,33.40000000000024,23.896366553599883,45.08757866091296,both_detrimental,mixed,false
spectral_slope_only,Soil-Foundation-Structure Systems Beyond Conventional Seismic Failure Thresholds: Application to New or Existing Structures and Monuments,S2011SQF1-6-LS-5,134,5.779273310719977,1.0,33.40000000000024,23.896366553599883,184.08187583491755,both_detrimental,mixed,false
spectral_slope_only,Soil-Foundation-Structure Systems Beyond Conventional Seismic Failure Thresholds: Application to New or Existing Structures and Monuments,S2011SQF1-8-LS-1,135,5.118593556827876,1.0,26.199999999999847,20.59296778413938,4.450617097661838,mixed,mixed,true
spectral_slope_only,Soil-Foundation-Structure Systems Beyond Conventional Seismic Failure Thresholds: Application to New or Existing Structures and Monuments,S2011SQF1-8-LS-2,136,5.118593556827876,1.0,26.199999999999847,20.59296778413938,21.908706513805814,both_detrimental,mixed,false
spectral_slope_only,Soil-Foundation-Structure Systems Beyond Conventional Seismic Failure Thresholds: Application to New or Existing Structures and Monuments,S2011SQF1-8-LS-3,137,5.118593556827876,1.0,26.199999999999847,20.59296778413938,4.372916847469191,mixed,mixed,true
spectral_slope_only,Soil-Foundation-Structure Systems Beyond Conventional Seismic Failure Thresholds: Application to New or Existing Structures and Monuments,S2011SQF1-9-LS-1,138,5.118593556827876,1.0,26.199999999999847,20.59296778413938,15.430716880155588,mixed,mixed,true
spectral_slope_only,Soil-Foundation-Structure Systems Beyond Conventional Seismic Failure Thresholds: Application to New or Existing Structures and Monuments,S2011SQF1-9-LS-2,139,5.118593556827876,1.0,26.199999999999847,20.59296778413938,11.559626944997802,mixed,mixed,true
spectral_slope_only,Soil-Foundation-Structure Systems Beyond Conventional Seismic Failure Thresholds: Application to New or Existing Structures and Monuments,S2011SQF1-9-LS-3,140,5.118593556827876,1.0,26.199999999999847,20.59296778413938,25.044664042331977,mixed,mixed,true
spectral_slope_only,Soil-Foundation-Structure Systems Beyond Conventional Seismic Failure Thresholds: Application to New or Existing Structures and Monuments,S2011SQF1-14-HS-1,141,4.494441010848845,1.0,20.199999999999985,17.47220505424422,0.4150166829417823,both_beneficial,mixed,false
spectral_slope_only,Soil-Foundation-Structure Systems Beyond Conventional Seismic Failure Thresholds: Application to New or Existing Structures and Monuments,S2011SQF1-14-HS-2,142,4.494441010848845,1.0,20.199999999999985,17.47220505424422,2.051487599401955,mixed,mixed,true
spectral_slope_only,Soil-Foundation-Structure Systems Beyond Conventional Seismic Failure Thresholds: Application to New or Existing Structures and Monuments,S2011SQF1-14-HS-3,143,4.494441010848845,1.0,20.199999999999985,17.47220505424422,4.163110819529067,mixed,mixed,true
spectral_slope_only,Soil-Foundation-Structure Systems Beyond Conventional Seismic Failure Thresholds: Application to New or Existing Structures and Monuments,S2011SQF1-14-HS-4,144,4.494441010848845,1.0,20.199999999999985,17.47220505424422,6.456489234134907,mixed,mixed,true
spectral_slope_only,Soil-Foundation-Structure Systems Beyond Conventional Seismic Failure Thresholds: Application to New or Existing Structures and Monuments,S2011SQF1-14-HS-5,145,4.494441010848845,1.0,20.199999999999985,17.47220505424422,9.074815733825117,mixed,mixed,true
spectral_slope_only,Soil-Foundation-Structure Systems Beyond Conventional Seismic Failure Thresholds: Application to New or Existing Structures and Monuments,S2011SQF1-14-HS-6,146,4.494441010848845,1.0,20.199999999999985,17.47220505424422,11.82433496662201,mixed,mixed,true
spectral_slope_only,Soil-Foundation-Structure Systems Beyond Conventional Seismic Failure Thresholds: Application to New or Existing Structures and Monuments,S2011SQF1-15-HS-1,147,3.2557641192199402,1.0,10.599999999999993,11.2788205960997,0.3210183421550861,both_beneficial,mixed,false
spectral_slope_only,Soil-Foundation-Structure Systems Beyond Conventional Seismic Failure Thresholds: Application to New or Existing Structures and Monuments,S2011SQF1-15-HS-2,148,3.2557641192199402,1.0,10.599999999999993,11.2788205960997,1.5094048033115564,mixed,mixed,true
spectral_slope_only,Soil-Foundation-Structure Systems Beyond Conventional Seismic Failure Thresholds: Application to New or Existing Structures and Monuments,S2011SQF1-16-HS-1,149,4.0743097574926725,1.0,16.6,15.371548787463363,0.3696213811997353,both_beneficial,mixed,false
spectral_slope_only,Soil-Foundation-Structure Systems Beyond Conventional Seismic Failure Thresholds: Application to New or Existing Structures and Monuments,S2011SQF1-16-HS-2,150,4.0743097574926725,1.0,16.6,15.371548787463363,1.849329198925924,mixed,mixed,true
spectral_slope_only,Soil-Foundation-Structure Systems Beyond Conventional Seismic Failure Thresholds: Application to New or Existing Structures and Monuments,S2011SQF1-16-HS-3,151,4.0743097574926725,1.0,16.6,15.371548787463363,3.737934743914077,mixed,mixed,true
spectral_slope_only,Soil-Foundation-Structure Systems Beyond Conventional Seismic Failure Thresholds: Application to New or Existing Structures and Monuments,S2011SQF1-16-HS-4,152,4.0743097574926725,1.0,16.6,15.371548787463363,5.658482877400973,mixed,mixed,true
spectral_slope_only,Soil-Foundation-Structure Systems Beyond Conventional Seismic Failure Thresholds: Application to New or Existing Structures and Monuments,S2011SQF1-16-HS-5,153,4.0743097574926725,1.0,16.6,15.371548787463363,8.037064913825194,mixed,mixed,true
spectral_slope_only,Soil-Foundation-Structure Systems Beyond Conventional Seismic Failure Thresholds: Application to New or Existing Structures and Monuments,S2011SQF1-16-HS-6,154,4.0743097574926725,1.0,16.6,15.371548787463363,10.741102813677932,mixed,mixed,true
spectral_slope_only,Soil-Foundation-Structure Systems Beyond Conventional Seismic Failure Thresholds: Application to New or Existing Structures and Monuments,S2011SQF1-17-HS-1,155,3.6055512754639856,1.0,12.999999999999973,13.027756377319927,0.3121686294296719,both_beneficial,mixed,false
spectral_slope_only,Soil-Foundation-Structure Systems Beyond Conventional Seismic Failure Thresholds: Application to New or Existing Structures and Monuments,S2011SQF1-17-HS-2,156,3.6055512754639856,1.0,12.999999999999973,13.027756377319927,1.6245171826730531,mixed,mixed,true
spectral_slope_only,Soil-Foundation-Structure Systems Beyond Conventional Seismic Failure Thresholds: Application to New or Existing Structures and Monuments,S2011SQF1-17-HS-3,157,3.6055512754639856,1.0,12.999999999999973,13.027756377319927,3.294320089365934,mixed,mixed,true
spectral_slope_only,Soil-Foundation-Structure Systems Beyond Conventional Seismic Failure Thresholds: Application to New or Existing Structures and Monuments,S2011SQF1-17-HS-4,158,3.6055512754639856,1.0,12.999999999999973,13.027756377319927,5.120784198977725,mixed,mixed,true
flexibility_only,Soil-Foundation-Structure Systems Beyond Conventional Seismic Failure Thresholds: Application to New or Existing Structures and Monuments,S2011SQF1-1-LS-2,111,6.557438524301982,1.0,42.99999999999975,27.787192621509906,20.16379559030238,both_detrimental,mixed,false
flexibility_only,Soil-Foundation-Structure Systems Beyond Conventional Seismic Failure Thresholds: Application to New or Existing Structures and Monuments,S2011SQF1-1-LS-3,112,6.557438524301982,1.0,42.99999999999975,27.787192621509906,5.5830031595907075,both_detrimental,mixed,false
flexibility_only,Soil-Foundation-Structure Systems Beyond Conventional Seismic Failure Thresholds: Application to New or Existing Structures and Monuments,S2011SQF1-1-LS-4,113,6.557438524301982,1.0,42.99999999999975,27.787192621509906,27.536913892642286,both_detrimental,mixed,false
flexibility_only,Soil-Foundation-Structure Systems Beyond Conventional Seismic Failure Thresholds: Application to New or Existing Structures and Monuments,S2011SQF1-1-LS-5,114,6.557438524301982,1.0,42.99999999999975,27.787192621509906,149.9455368671808,both_detrimental,mixed,false
flexibility_only,Soil-Foundation-Structure Systems Beyond Conventional Seismic Failure Thresholds: Application to New or Existing Structures and Monuments,S2011SQF1-1-LS-6,115,6.557438524301982,1.0,42.99999999999975,27.787192621509906,21.75836791625689,both_detrimental,mixed,false
flexibility_only,Soil-Foundation-Structure Systems Beyond Conventional Seismic Failure Thresholds: Application to New or Existing Structures and Monuments,S2011SQF1-2-LS-1,116,6.557438524301982,1.0,42.99999999999975,27.787192621509906,17.4077697529235,both_beneficial,mixed,false
flexibility_only,Soil-Foundation-Structure Systems Beyond Conventional Seismic Failure Thresholds: Application to New or Existing Structures and Monuments,S2011SQF1-2-LS-2,117,6.557438524301982,1.0,42.99999999999975,27.787192621509906,12.727594729358687,both_detrimental,mixed,false
flexibility_only,Soil-Foundation-Structure Systems Beyond Conventional Seismic Failure Thresholds: Application to New or Existing Structures and Monuments,S2011SQF1-2-LS-3,118,6.557438524301982,1.0,42.99999999999975,27.787192621509906,20.516389059754097,both_detrimental,mixed,false
flexibility_only,Soil-Foundation-Structure Systems Beyond Conventional Seismic Failure Thresholds: Application to New or Existing Structures and Monuments,S2011SQF1-2-LS-4,119,6.557438524301982,1.0,42.99999999999975,27.787192621509906,46.26731899591749,both_detrimental,mixed,false
flexibility_only,Soil-Foundation-Structure Systems Beyond Conventional Seismic Failure Thresholds: Application to New or Existing Structures and Monuments,S2011SQF1-2-LS-5,120,6.557438524301982,1.0,42.99999999999975,27.787192621509906,195.8502950870896,both_detrimental,mixed,false
flexibility_only,Soil-Foundation-Structure Systems Beyond Conventional Seismic Failure Thresholds: Application to New or Existing Structures and Monuments,S2011SQF1-3-LS-1,121,4.494441010848845,1.0,20.199999999999985,17.47220505424422,3.973130798000487,mixed,mixed,true
flexibility_only,Soil-Foundation-Structure Systems Beyond Conventional Seismic Failure Thresholds: Application to New or Existing Structures and Monuments,S2011SQF1-4-LS-1,122,4.494441010848845,1.0,20.199999999999985,17.47220505424422,13.810293616085788,mixed,mixed,true
flexibility_only,Soil-Foundation-Structure Systems Beyond Conventional Seismic Failure Thresholds: Application to New or Existing Structures and Monuments,S2011SQF1-4-LS-2,123,4.494441010848845,1.0,20.199999999999985,17.47220505424422,9.668306669307709,mixed,mixed,true
flexibility_only,Soil-Foundation-Structure Systems Beyond Conventional Seismic Failure Thresholds: Application to New or Existing Structures and Monuments,S2011SQF1-5-LS-1,124,5.779273310719977,1.0,33.40000000000024,23.896366553599883,5.067844766170348,mixed,mixed,true
flexibility_only,Soil-Foundation-Structure Systems Beyond Conventional Seismic Failure Thresholds: Application to New or Existing Structures and Monuments,S2011SQF1-5-LS-2,125,5.779273310719977,1.0,33.40000000000024,23.896366553599883,20.117765980082453,both_detrimental,mixed,false
flexibility_only,Soil-Foundation-Structure Systems Beyond Conventional Seismic Failure Thresholds: Application to New or Existing Structures and Monuments,S2011SQF1-5-LS-3,126,5.779273310719977,1.0,33.40000000000024,23.896366553599883,5.139970097088133,both_detrimental,mixed,false
flexibility_only,Soil-Foundation-Structure Systems Beyond Conventional Seismic Failure Thresholds: Application to New or Existing Structures and Monuments,S2011SQF1-5-LS-4,127,5.779273310719977,1.0,33.40000000000024,23.896366553599883,24.24260672014262,both_detrimental,mixed,false
flexibility_only,Soil-Foundation-Structure Systems Beyond Conventional Seismic Failure Thresholds: Application to New or Existing Structures and Monuments,S2011SQF1-5-LS-5,128,5.779273310719977,1.0,33.40000000000024,23.896366553599883,147.1460777642413,both_detrimental,mixed,false
flexibility_only,Soil-Foundation-Structure Systems Beyond Conventional Seismic Failure Thresholds: Application to New or Existing Structures and Monuments,S2011SQF1-5-LS-6,129,5.779273310719977,1.0,33.40000000000024,23.896366553599883,18.366530581468087,both_detrimental,mixed,false
flexibility_only,Soil-Foundation-Structure Systems Beyond Conventional Seismic Failure Thresholds: Application to New or Existing Structures and Monuments,S2011SQF1-6-LS-1,130,5.779273310719977,1.0,33.40000000000024,23.896366553599883,17.438957215097528,mixed,mixed,true
flexibility_only,Soil-Foundation-Structure Systems Beyond Conventional Seismic Failure Thresholds: Application to New or Existing Structures and Monuments,S2011SQF1-6-LS-2,131,5.779273310719977,1.0,33.40000000000024,23.896366553599883,11.990836265081809,both_detrimental,mixed,false
flexibility_only,Soil-Foundation-Structure Systems Beyond Conventional Seismic Failure Thresholds: Application to New or Existing Structures and Monuments,S2011SQF1-6-LS-3,132,5.779273310719977,1.0,33.40000000000024,23.896366553599883,24.22821632959893,both_detrimental,mixed,false
flexibility_only,Soil-Foundation-Structure Systems Beyond Conventional Seismic Failure Thresholds: Application to New or Existing Structures and Monuments,S2011SQF1-6-LS-4,133,5.779273310719977,1.0,33.40000000000024,23.896366553599883,45.08757866091296,both_detrimental,mixed,false
flexibility_only,Soil-Foundation-Structure Systems Beyond Conventional Seismic Failure Thresholds: Application to New or Existing Structures and Monuments,S2011SQF1-6-LS-5,134,5.779273310719977,1.0,33.40000000000024,23.896366553599883,184.08187583491755,both_detrimental,mixed,false
flexibility_only,Soil-Foundation-Structure Systems Beyond Conventional Seismic Failure Thresholds: Application to New or Existing Structures and Monuments,S2011SQF1-8-LS-1,135,5.118593556827876,1.0,26.199999999999847,20.59296778413938,4.450617097661838,mixed,mixed,true
flexibility_only,Soil-Foundation-Structure Systems Beyond Conventional Seismic Failure Thresholds: Application to New or Existing Structures and Monuments,S2011SQF1-8-LS-2,136,5.118593556827876,1.0,26.199999999999847,20.59296778413938,21.908706513805814,both_detrimental,mixed,false
flexibility_only,Soil-Foundation-Structure Systems Beyond Conventional Seismic Failure Thresholds: Application to New or Existing Structures and Monuments,S2011SQF1-8-LS-3,137,5.118593556827876,1.0,26.199999999999847,20.59296778413938,4.372916847469191,mixed,mixed,true
flexibility_only,Soil-Foundation-Structure Systems Beyond Conventional Seismic Failure Thresholds: Application to New or Existing Structures and Monuments,S2011SQF1-9-LS-1,138,5.118593556827876,1.0,26.199999999999847,20.59296778413938,15.430716880155588,mixed,mixed,true
flexibility_only,Soil-Foundation-Structure Systems Beyond Conventional Seismic Failure Thresholds: Application to New or Existing Structures and Monuments,S2011SQF1-9-LS-2,139,5.118593556827876,1.0,26.199999999999847,20.59296778413938,11.559626944997802,mixed,mixed,true
flexibility_only,Soil-Foundation-Structure Systems Beyond Conventional Seismic Failure Thresholds: Application to New or Existing Structures and Monuments,S2011SQF1-9-LS-3,140,5.118593556827876,1.0,26.199999999999847,20.59296778413938,25.044664042331977,mixed,mixed,true
flexibility_only,Soil-Foundation-Structure Systems Beyond Conventional Seismic Failure Thresholds: Application to New or Existing Structures and Monuments,S2011SQF1-14-HS-1,141,4.494441010848845,1.0,20.199999999999985,17.47220505424422,0.4150166829417823,both_beneficial,mixed,false
flexibility_only,Soil-Foundation-Structure Systems Beyond Conventional Seismic Failure Thresholds: Application to New or Existing Structures and Monuments,S2011SQF1-14-HS-2,142,4.494441010848845,1.0,20.199999999999985,17.47220505424422,2.051487599401955,mixed,mixed,true
flexibility_only,Soil-Foundation-Structure Systems Beyond Conventional Seismic Failure Thresholds: Application to New or Existing Structures and Monuments,S2011SQF1-14-HS-3,143,4.494441010848845,1.0,20.199999999999985,17.47220505424422,4.163110819529067,mixed,mixed,true
flexibility_only,Soil-Foundation-Structure Systems Beyond Conventional Seismic Failure Thresholds: Application to New or Existing Structures and Monuments,S2011SQF1-14-HS-4,144,4.494441010848845,1.0,20.199999999999985,17.47220505424422,6.456489234134907,mixed,mixed,true
flexibility_only,Soil-Foundation-Structure Systems Beyond Conventional Seismic Failure Thresholds: Application to New or Existing Structures and Monuments,S2011SQF1-14-HS-5,145,4.494441010848845,1.0,20.199999999999985,17.47220505424422,9.074815733825117,mixed,mixed,true
flexibility_only,Soil-Foundation-Structure Systems Beyond Conventional Seismic Failure Thresholds: Application to New or Existing Structures and Monuments,S2011SQF1-14-HS-6,146,4.494441010848845,1.0,20.199999999999985,17.47220505424422,11.82433496662201,mixed,mixed,true
flexibility_only,Soil-Foundation-Structure Systems Beyond Conventional Seismic Failure Thresholds: Application to New or Existing Structures and Monuments,S2011SQF1-15-HS-1,147,3.2557641192199402,1.0,10.599999999999993,11.2788205960997,0.3210183421550861,both_beneficial,both_beneficial,true
flexibility_only,Soil-Foundation-Structure Systems Beyond Conventional Seismic Failure Thresholds: Application to New or Existing Structures and Monuments,S2011SQF1-15-HS-2,148,3.2557641192199402,1.0,10.599999999999993,11.2788205960997,1.5094048033115564,mixed,both_beneficial,false
flexibility_only,Soil-Foundation-Structure Systems Beyond Conventional Seismic Failure Thresholds: Application to New or Existing Structures and Monuments,S2011SQF1-16-HS-1,149,4.0743097574926725,1.0,16.6,15.371548787463363,0.3696213811997353,both_beneficial,both_beneficial,true
flexibility_only,Soil-Foundation-Structure Systems Beyond Conventional Seismic Failure Thresholds: Application to New or Existing Structures and Monuments,S2011SQF1-16-HS-2,150,4.0743097574926725,1.0,16.6,15.371548787463363,1.849329198925924,mixed,both_beneficial,false
flexibility_only,Soil-Foundation-Structure Systems Beyond Conventional Seismic Failure Thresholds: Application to New or Existing Structures and Monuments,S2011SQF1-16-HS-3,151,4.0743097574926725,1.0,16.6,15.371548787463363,3.737934743914077,mixed,both_beneficial,false
flexibility_only,Soil-Foundation-Structure Systems Beyond Conventional Seismic Failure Thresholds: Application to New or Existing Structures and Monuments,S2011SQF1-16-HS-4,152,4.0743097574926725,1.0,16.6,15.371548787463363,5.658482877400973,mixed,both_beneficial,false
flexibility_only,Soil-Foundation-Structure Systems Beyond Conventional Seismic Failure Thresholds: Application to New or Existing Structures and Monuments,S2011SQF1-16-HS-5,153,4.0743097574926725,1.0,16.6,15.371548787463363,8.037064913825194,mixed,both_beneficial,false
flexibility_only,Soil-Foundation-Structure Systems Beyond Conventional Seismic Failure Thresholds: Application to New or Existing Structures and Monuments,S2011SQF1-16-HS-6,154,4.0743097574926725,1.0,16.6,15.371548787463363,10.741102813677932,mixed,both_beneficial,false
flexibility_only,Soil-Foundation-Structure Systems Beyond Conventional Seismic Failure Thresholds: Application to New or Existing Structures and Monuments,S2011SQF1-17-HS-1,155,3.6055512754639856,1.0,12.999999999999973,13.027756377319927,0.3121686294296719,both_beneficial,both_beneficial,true
flexibility_only,Soil-Foundation-Structure Systems Beyond Conventional Seismic Failure Thresholds: Application to New or Existing Structures and Monuments,S2011SQF1-17-HS-2,156,3.6055512754639856,1.0,12.999999999999973,13.027756377319927,1.6245171826730531,mixed,both_beneficial,false
flexibility_only,Soil-Foundation-Structure Systems Beyond Conventional Seismic Failure Thresholds: Application to New or Existing Structures and Monuments,S2011SQF1-17-HS-3,157,3.6055512754639856,1.0,12.999999999999973,13.027756377319927,3.294320089365934,mixed,both_beneficial,false
flexibility_only,Soil-Foundation-Structure Systems Beyond Conventional Seismic Failure Thresholds: Application to New or Existing Structures and Monuments,S2011SQF1-17-HS-4,158,3.6055512754639856,1.0,12.999999999999973,13.027756377319927,5.120784198977725,mixed,both_beneficial,false
solver_backed_conservative,nan,PWRI_S-1-P-2,12,6.684410780480779,1.0,44.68134748220766,11.368821560961559,70.58737784187703,mixed,mixed,true
solver_backed_conservative,nan,PWRI_S-2-P-1,13,8.0,1.0,64.0,14.0,406.692,mixed,mixed,true
solver_backed_conservative,nan,PWRI_S-4-P-2,15,7.003533553173612,1.0,49.049482230428595,12.007067106347224,225.08586451209143,mixed,mixed,true
solver_raw_class,nan,PWRI_S-1-P-2,12,6.684410780480779,1.0,44.68134748220766,11.368821560961559,70.58737784187703,mixed,both_detrimental,false
solver_raw_class,nan,PWRI_S-2-P-1,13,8.0,1.0,64.0,14.0,406.692,mixed,both_detrimental,false
solver_raw_class,nan,PWRI_S-4-P-2,15,7.003533553173612,1.0,49.049482230428595,12.007067106347224,225.08586451209143,mixed,both_detrimental,false
majority_class,nan,PWRI_S-1-P-2,12,6.684410780480779,1.0,44.68134748220766,11.368821560961559,70.58737784187703,mixed,mixed,true
majority_class,nan,PWRI_S-2-P-1,13,8.0,1.0,64.0,14.0,406.692,mixed,mixed,true
majority_class,nan,PWRI_S-4-P-2,15,7.003533553173612,1.0,49.049482230428595,12.007067106347224,225.08586451209143,mixed,mixed,true
always_mixed,nan,PWRI_S-1-P-2,12,6.684410780480779,1.0,44.68134748220766,11.368821560961559,70.58737784187703,mixed,mixed,true
always_mixed,nan,PWRI_S-2-P-1,13,8.0,1.0,64.0,14.0,406.692,mixed,mixed,true
always_mixed,nan,PWRI_S-4-P-2,15,7.003533553173612,1.0,49.049482230428595,12.007067106347224,225.08586451209143,mixed,mixed,true
spectral_slope_only,nan,PWRI_S-1-P-2,12,6.684410780480779,1.0,44.68134748220766,11.368821560961559,70.58737784187703,mixed,mixed,true
spectral_slope_only,nan,PWRI_S-2-P-1,13,8.0,1.0,64.0,14.0,406.692,mixed,mixed,true
spectral_slope_only,nan,PWRI_S-4-P-2,15,7.003533553173612,1.0,49.049482230428595,12.007067106347224,225.08586451209143,mixed,mixed,true
flexibility_only,nan,PWRI_S-1-P-2,12,6.684410780480779,1.0,44.68134748220766,11.368821560961559,70.58737784187703,mixed,mixed,true
flexibility_only,nan,PWRI_S-2-P-1,13,8.0,1.0,64.0,14.0,406.692,mixed,mixed,true
flexibility_only,nan,PWRI_S-4-P-2,15,7.003533553173612,1.0,49.049482230428595,12.007067106347224,225.08586451209143,mixed,mixed,true
